cell_id,source_id,kept_input_dataset,kept_source_record_id,kept_retrieved_at,dropped_input_dataset,dropped_source_record_id,dropped_retrieved_at,value_lexeme,unit,values_identical
006b74a9427c6ec82727,bps_webapi,h3_release_reconciliation,domain=0000;var=1172;vervar=1700;turvar=0;th=123;turth=0,2026-09-08T23:38:59.693316+00:00,h3_province_webapi,domain=0000;var=1172;vervar=1700;turvar=0;th=123;turth=0,2026-09-08T14:04:19.191282+00:00,17410,rupiah_per_hour,yes
0108d6e368fd614e6a15,bps_webapi,h3_release_reconciliation,domain=0000;var=1172;vervar=3100;turvar=0;th=122;turth=0,2026-09-08T23:38:59.693316+00:00,h3_province_webapi,domain=0000;var=1172;vervar=3100;turvar=0;th=122;turth=0,2026-09-08T14:04:19.191282+00:00,32685,rupiah_per_hour,yes
01e7cb5cad1c1e78b948,bps_webapi,h3_release_reconciliation,domain=0000;var=1273;vervar=3100;turvar=0;th=122;turth=0,2026-09-08T23:38:59.693316+00:00,h3_province_webapi,domain=0000;var=1273;vervar=3100;turvar=0;th=122;turth=0,2026-09-08T14:04:19.191282+00:00,79.13,percent,yes
0396dfbb59fd8646b329,bps_webapi,h3_release_reconciliation,domain=0000;var=1172;vervar=7500;turvar=0;th=123;turth=0,2026-09-08T23:38:59.693316+00:00,h3_province_webapi,domain=0000;var=1172;vervar=7500;turvar=0;th=123;turth=0,2026-09-08T14:04:19.191282+00:00,15138,rupiah_per_hour,yes
0398ccd469fe6352b634,bps_webapi,h3_release_reconciliation,domain=0000;var=2153;vervar=7200;turvar=0;th=123;turth=0,2026-09-08T23:38:59.693316+00:00,h3_province_webapi,domain=0000;var=2153;vervar=7200;turvar=0;th=123;turth=0,2026-09-08T14:04:19.191282+00:00,66.1,percent,yes
0409b371c6b6ff2793e2,bps_webapi,h3_release_reconciliation,domain=0000;var=1161;vervar=6500;turvar=0;th=120;turth=0,2026-09-08T23:38:59.693316+00:00,h3_province_webapi,domain=0000;var=1161;vervar=6500;turvar=0;th=120;turth=0,2026-09-08T14:04:19.191282+00:00,-4.2,percent,yes
043ef315ac010ed12204,bps_webapi,h3_release_reconciliation,domain=0000;var=1186;vervar=6400;turvar=0;th=120;turth=0,2026-09-08T23:38:59.693316+00:00,h3_province_webapi,domain=0000;var=1186;vervar=6400;turvar=0;th=120;turth=0,2026-09-08T14:04:19.191282+00:00,24.25,percent,yes
04c4e4d20951139934b4,bps_webapi,h3_release_reconciliation,domain=0000;var=1186;vervar=3400;turvar=0;th=121;turth=0,2026-09-08T23:38:59.693316+00:00,h3_province_webapi,domain=0000;var=1186;vervar=3400;turvar=0;th=121;turth=0,2026-09-08T14:04:19.191282+00:00,9.89,percent,yes
04f0c4200effe9a1234d,bps_webapi,h3_release_reconciliation,domain=0000;var=1161;vervar=6500;turvar=0;th=121;turth=0,2026-09-08T23:38:59.693316+00:00,h3_province_webapi,domain=0000;var=1161;vervar=6500;turvar=0;th=121;turth=0,2026-09-08T14:04:19.191282+00:00,1.61,percent,yes
052b255fae00f80b5350,bps_webapi,h3_release_reconciliation,domain=0000;var=1186;vervar=8100;turvar=0;th=122;turth=0,2026-09-08T23:38:59.693316+00:00,h3_province_webapi,domain=0000;var=1186;vervar=8100;turvar=0;th=122;turth=0,2026-09-08T14:04:19.191282+00:00,30.89,percent,yes
053e15f2fca325776e03,bps_webapi,h3_release_reconciliation,domain=0000;var=1186;vervar=3500;turvar=0;th=121;turth=0,2026-09-08T23:38:59.693316+00:00,h3_province_webapi,domain=0000;var=1186;vervar=3500;turvar=0;th=121;turth=0,2026-09-08T14:04:19.191282+00:00,20.77,percent,yes
056aa788e732e2c88b3e,bps_webapi,h3_release_reconciliation,domain=0000;var=1273;vervar=1800;turvar=0;th=123;turth=0,2026-09-08T23:38:59.693316+00:00,h3_province_webapi,domain=0000;var=1273;vervar=1800;turvar=0;th=123;turth=0,2026-09-08T14:04:19.191282+00:00,79.39,percent,yes
0692f436d51f47b1cfab,bps_webapi,h3_release_reconciliation,domain=0000;var=1186;vervar=3100;turvar=0;th=122;turth=0,2026-09-08T23:38:59.693316+00:00,h3_province_webapi,domain=0000;var=1186;vervar=3100;turvar=0;th=122;turth=0,2026-09-08T14:04:19.191282+00:00,17.19,percent,yes
06e8bf15eea25b336dcd,bps_webapi,h3_release_reconciliation,domain=0000;var=2153;vervar=7200;turvar=0;th=120;turth=0,2026-09-08T23:38:59.693316+00:00,h3_province_webapi,domain=0000;var=2153;vervar=7200;turvar=0;th=120;turth=0,2026-09-08T14:04:19.191282+00:00,67.37,percent,yes
072a5c5bf8927a785d25,bps_webapi,h3_release_reconciliation,domain=0000;var=1172;vervar=7100;turvar=0;th=121;turth=0,2026-09-08T23:38:59.693316+00:00,h3_province_webapi,domain=0000;var=1172;vervar=7100;turvar=0;th=121;turth=0,2026-09-08T14:04:19.191282+00:00,20963,rupiah_per_hour,yes
073547f27bef6eac5ce0,bps_webapi,h3_release_reconciliation,domain=0000;var=1273;vervar=6200;turvar=0;th=123;turth=0,2026-09-08T23:38:59.693316+00:00,h3_province_webapi,domain=0000;var=1273;vervar=6200;turvar=0;th=123;turth=0,2026-09-08T14:04:19.191282+00:00,75.67,percent,yes
0741587b5e2e9046ca38,bps_webapi,h3_release_reconciliation,domain=0000;var=1161;vervar=1100;turvar=0;th=122;turth=0,2026-09-08T23:38:59.693316+00:00,h3_province_webapi,domain=0000;var=1161;vervar=1100;turvar=0;th=122;turth=0,2026-09-08T14:04:19.191282+00:00,2.75,percent,yes
076a35990b1dd4909311,bps_webapi,h3_release_reconciliation,domain=0000;var=2153;vervar=6500;turvar=0;th=120;turth=0,2026-09-08T23:38:59.693316+00:00,h3_province_webapi,domain=0000;var=2153;vervar=6500;turvar=0;th=120;turth=0,2026-09-08T14:04:19.191282+00:00,50.93,percent,yes
07976c2ae74f718dce61,bps_webapi,h3_release_reconciliation,domain=0000;var=1186;vervar=3500;turvar=0;th=123;turth=0,2026-09-08T23:38:59.693316+00:00,h3_province_webapi,domain=0000;var=1186;vervar=3500;turvar=0;th=123;turth=0,2026-09-08T14:04:19.191282+00:00,19.53,percent,yes
0851834d32bde326332d,bps_webapi,h3_release_reconciliation,domain=0000;var=1186;vervar=1700;turvar=0;th=120;turth=0,2026-09-08T23:38:59.693316+00:00,h3_province_webapi,domain=0000;var=1186;vervar=1700;turvar=0;th=120;turth=0,2026-09-08T14:04:19.191282+00:00,20.63,percent,yes
0a27aa24283ad149e86f,bps_webapi,h3_release_reconciliation,domain=0000;var=1172;vervar=3500;turvar=0;th=123;turth=0,2026-09-08T23:38:59.693316+00:00,h3_province_webapi,domain=0000;var=1172;vervar=3500;turvar=0;th=123;turth=0,2026-09-08T14:04:19.191282+00:00,15155,rupiah_per_hour,yes
0a7abc31a58028027e43,bps_tpb_2024,h3_release_reconciliation,page=86;figure=Gambar 8.3;series=total;year=2023,2026-09-08T14:05:34.154058+00:00,h3_province_publication,pub=936a26d5d2b168b9971d3b02;page=274;column=13;year=2023,2026-09-08T14:05:34.154058+00:00,1.63,percent,yes
0a7abc31a58028027e43,bps_webapi,h3_release_reconciliation,domain=0000;var=1161;vervar=9999;turvar=0;th=123;turth=0,2026-09-08T23:38:59.693316+00:00,h3_province_webapi,domain=0000;var=1161;vervar=9999;turvar=0;th=123;turth=0,2026-09-08T14:04:19.191282+00:00,1.63,percent,yes
0abd6c181e634d0a9cd6,bps_webapi,h3_release_reconciliation,domain=0000;var=1161;vervar=3600;turvar=0;th=123;turth=0,2026-09-08T23:38:59.693316+00:00,h3_province_webapi,domain=0000;var=1161;vervar=3600;turvar=0;th=123;turth=0,2026-09-08T14:04:19.191282+00:00,12.87,percent,yes
0ac9940d994baeae88e0,bps_webapi,h3_release_reconciliation,domain=0000;var=1273;vervar=1800;turvar=0;th=121;turth=0,2026-09-08T23:38:59.693316+00:00,h3_province_webapi,domain=0000;var=1273;vervar=1800;turvar=0;th=121;turth=0,2026-09-08T14:04:19.191282+00:00,80.69,percent,yes
0addbdce80810830563f,bps_webapi,h3_release_reconciliation,domain=0000;var=1273;vervar=3400;turvar=0;th=123;turth=0,2026-09-08T23:38:59.693316+00:00,h3_province_webapi,domain=0000;var=1273;vervar=3400;turvar=0;th=123;turth=0,2026-09-08T14:04:19.191282+00:00,84.29,percent,yes
0ae24b8f4611112ad44b,bps_webapi,h3_release_reconciliation,domain=0000;var=1273;vervar=3100;turvar=0;th=121;turth=0,2026-09-08T23:38:59.693316+00:00,h3_province_webapi,domain=0000;var=1273;vervar=3100;turvar=0;th=121;turth=0,2026-09-08T14:04:19.191282+00:00,79.52,percent,yes
0ae59425579dcf8c7ee7,bps_webapi,h3_release_reconciliation,domain=0000;var=2153;vervar=8100;turvar=0;th=122;turth=0,2026-09-08T23:38:59.693316+00:00,h3_province_webapi,domain=0000;var=2153;vervar=8100;turvar=0;th=122;turth=0,2026-09-08T14:04:19.191282+00:00,63.3,percent,yes
0b77f3a225e6451839ac,bps_webapi,h3_release_reconciliation,domain=0000;var=1172;vervar=1800;turvar=0;th=123;turth=0,2026-09-08T23:38:59.693316+00:00,h3_province_webapi,domain=0000;var=1172;vervar=1800;turvar=0;th=123;turth=0,2026-09-08T14:04:19.191282+00:00,13958,rupiah_per_hour,yes
0c11ea7d6dc1923d9334,bps_webapi,h3_release_reconciliation,domain=0000;var=1172;vervar=7400;turvar=0;th=120;turth=0,2026-09-08T23:38:59.693316+00:00,h3_province_webapi,domain=0000;var=1172;vervar=7400;turvar=0;th=120;turth=0,2026-09-08T14:04:19.191282+00:00,20449,rupiah_per_hour,yes
0c211d6c4070331ac5f4,bps_webapi,h3_release_reconciliation,domain=0000;var=1161;vervar=6300;turvar=0;th=122;turth=0,2026-09-08T23:38:59.693316+00:00,h3_province_webapi,domain=0000;var=1161;vervar=6300;turvar=0;th=122;turth=0,2026-09-08T14:04:19.191282+00:00,5.97,percent,yes
0cacbfd36c1bbdcd44b4,bps_webapi,h3_release_reconciliation,domain=0000;var=1186;vervar=1400;turvar=0;th=122;turth=0,2026-09-08T23:38:59.693316+00:00,h3_province_webapi,domain=0000;var=1186;vervar=1400;turvar=0;th=122;turth=0,2026-09-08T14:04:19.191282+00:00,24.33,percent,yes
0d3712c98d79cb0354dd,bps_webapi,h3_release_reconciliation,domain=0000;var=1172;vervar=9400;turvar=0;th=122;turth=0,2026-09-08T23:38:59.693316+00:00,h3_province_webapi,domain=0000;var=1172;vervar=9400;turvar=0;th=122;turth=0,2026-09-08T14:04:19.191282+00:00,24097,rupiah_per_hour,yes
0d929dfe0da9bcad36a9,bps_webapi,h3_release_reconciliation,domain=0000;var=2153;vervar=1700;turvar=0;th=121;turth=0,2026-09-08T23:38:59.693316+00:00,h3_province_webapi,domain=0000;var=2153;vervar=1700;turvar=0;th=121;turth=0,2026-09-08T14:04:19.191282+00:00,68.16,percent,yes
0eb601ad99070358d11f,bps_webapi,h3_release_reconciliation,domain=0000;var=1161;vervar=7400;turvar=0;th=122;turth=0,2026-09-08T23:38:59.693316+00:00,h3_province_webapi,domain=0000;var=1161;vervar=7400;turvar=0;th=122;turth=0,2026-09-08T14:04:19.191282+00:00,4.83,percent,yes
0ec89457cbc70507745a,bps_webapi,h3_release_reconciliation,domain=0000;var=1172;vervar=1900;turvar=0;th=123;turth=0,2026-09-08T23:38:59.693316+00:00,h3_province_webapi,domain=0000;var=1172;vervar=1900;turvar=0;th=123;turth=0,2026-09-08T14:04:19.191282+00:00,20141,rupiah_per_hour,yes
0f2929fc9a986a1191b7,bps_webapi,h3_release_reconciliation,domain=0000;var=2153;vervar=3200;turvar=0;th=123;turth=0,2026-09-08T23:38:59.693316+00:00,h3_province_webapi,domain=0000;var=2153;vervar=3200;turvar=0;th=123;turth=0,2026-09-08T14:04:19.191282+00:00,55.15,percent,yes
0fc0363ec0e6b2efee01,bps_webapi,h3_release_reconciliation,domain=0000;var=2153;vervar=3600;turvar=0;th=120;turth=0,2026-09-08T23:38:59.693316+00:00,h3_province_webapi,domain=0000;var=2153;vervar=3600;turvar=0;th=120;turth=0,2026-09-08T14:04:19.191282+00:00,49.17,percent,yes
0fd01d0c0e0aee13e144,bps_webapi,h3_release_reconciliation,domain=0000;var=1186;vervar=6200;turvar=0;th=122;turth=0,2026-09-08T23:38:59.693316+00:00,h3_province_webapi,domain=0000;var=1186;vervar=6200;turvar=0;th=122;turth=0,2026-09-08T14:04:19.191282+00:00,26.54,percent,yes
1006dc0bbd51a96423c6,bps_webapi,h3_release_reconciliation,domain=0000;var=2153;vervar=3600;turvar=0;th=121;turth=0,2026-09-08T23:38:59.693316+00:00,h3_province_webapi,domain=0000;var=2153;vervar=3600;turvar=0;th=121;turth=0,2026-09-08T14:04:19.191282+00:00,48.87,percent,yes
10815541e818322bb6af,bps_webapi,h3_release_reconciliation,domain=0000;var=1161;vervar=3200;turvar=0;th=122;turth=0,2026-09-08T23:38:59.693316+00:00,h3_province_webapi,domain=0000;var=1161;vervar=3200;turvar=0;th=122;turth=0,2026-09-08T14:04:19.191282+00:00,0.33,percent,yes
10f4fa6fe634ef94556f,bps_webapi,h3_release_reconciliation,domain=0000;var=1273;vervar=5100;turvar=0;th=122;turth=0,2026-09-08T23:38:59.693316+00:00,h3_province_webapi,domain=0000;var=1273;vervar=5100;turvar=0;th=122;turth=0,2026-09-08T14:04:19.191282+00:00,90.43,percent,yes
1162384bf25cc512bca8,bps_webapi,h3_release_reconciliation,domain=0000;var=2153;vervar=3100;turvar=0;th=123;turth=0,2026-09-08T23:38:59.693316+00:00,h3_province_webapi,domain=0000;var=2153;vervar=3100;turvar=0;th=123;turth=0,2026-09-08T14:04:19.191282+00:00,36.23,percent,yes
117402d0041e54366fc2,bps_webapi,h3_release_reconciliation,domain=0000;var=1186;vervar=1800;turvar=0;th=121;turth=0,2026-09-08T23:38:59.693316+00:00,h3_province_webapi,domain=0000;var=1186;vervar=1800;turvar=0;th=121;turth=0,2026-09-08T14:04:19.191282+00:00,22.09,percent,yes
11ce063f0f6fed25c0c6,bps_webapi,h3_release_reconciliation,domain=0000;var=1161;vervar=2100;turvar=0;th=121;turth=0,2026-09-08T23:38:59.693316+00:00,h3_province_webapi,domain=0000;var=1161;vervar=2100;turvar=0;th=121;turth=0,2026-09-08T14:04:19.191282+00:00,-3.31,percent,yes
11f197e9ad2e4364f13e,bps_webapi,h3_release_reconciliation,domain=0000;var=1273;vervar=6400;turvar=0;th=123;turth=0,2026-09-08T23:38:59.693316+00:00,h3_province_webapi,domain=0000;var=1273;vervar=6400;turvar=0;th=123;turth=0,2026-09-08T14:04:19.191282+00:00,78.87,percent,yes
11fc138ab31bdd8c7a0b,bps_webapi,h3_release_reconciliation,domain=0000;var=1161;vervar=3200;turvar=0;th=120;turth=0,2026-09-08T23:38:59.693316+00:00,h3_province_webapi,domain=0000;var=1161;vervar=3200;turvar=0;th=120;turth=0,2026-09-08T14:04:19.191282+00:00,-0.77,percent,yes
1245f6db115ee141023d,bps_webapi,h3_release_reconciliation,domain=0000;var=1172;vervar=7500;turvar=0;th=122;turth=0,2026-09-08T23:38:59.693316+00:00,h3_province_webapi,domain=0000;var=1172;vervar=7500;turvar=0;th=122;turth=0,2026-09-08T14:04:19.191282+00:00,14289,rupiah_per_hour,yes
1301384d4369d2730a32,bps_webapi,h3_release_reconciliation,domain=0000;var=1172;vervar=7100;turvar=0;th=122;turth=0,2026-09-08T23:38:59.693316+00:00,h3_province_webapi,domain=0000;var=1172;vervar=7100;turvar=0;th=122;turth=0,2026-09-08T14:04:19.191282+00:00,18335,rupiah_per_hour,yes
132b6c4cd2c19eb47a72,bps_webapi,h3_release_reconciliation,domain=0000;var=1186;vervar=8200;turvar=0;th=123;turth=0,2026-09-08T23:38:59.693316+00:00,h3_province_webapi,domain=0000;var=1186;vervar=8200;turvar=0;th=123;turth=0,2026-09-08T14:04:19.191282+00:00,29.71,percent,yes
139b33ddb750df109508,bps_webapi,h3_release_reconciliation,domain=0000;var=2153;vervar=6200;turvar=0;th=121;turth=0,2026-09-08T23:38:59.693316+00:00,h3_province_webapi,domain=0000;var=2153;vervar=6200;turvar=0;th=121;turth=0,2026-09-08T14:04:19.191282+00:00,55.5,percent,yes
13d1c52c312c92166afe,bps_webapi,h3_release_reconciliation,domain=0000;var=2153;vervar=7500;turvar=0;th=122;turth=0,2026-09-08T23:38:59.693316+00:00,h3_province_webapi,domain=0000;var=2153;vervar=7500;turvar=0;th=122;turth=0,2026-09-08T14:04:19.191282+00:00,64.97,percent,yes
1413ce1a35cea961aac2,bps_webapi,h3_release_reconciliation,domain=0000;var=1161;vervar=5200;turvar=0;th=122;turth=0,2026-09-08T23:38:59.693316+00:00,h3_province_webapi,domain=0000;var=1161;vervar=5200;turvar=0;th=122;turth=0,2026-09-08T14:04:19.191282+00:00,4.55,percent,yes
143f458ceff05e4653b8,bps_webapi,h3_release_reconciliation,domain=0000;var=1186;vervar=8100;turvar=0;th=123;turth=0,2026-09-08T23:38:59.693316+00:00,h3_province_webapi,domain=0000;var=1186;vervar=8100;turvar=0;th=123;turth=0,2026-09-08T14:04:19.191282+00:00,35.38,percent,yes
148f025970f303b7c1ba,bps_webapi,h3_release_reconciliation,domain=0000;var=2153;vervar=5300;turvar=0;th=123;turth=0,2026-09-08T23:38:59.693316+00:00,h3_province_webapi,domain=0000;var=2153;vervar=5300;turvar=0;th=123;turth=0,2026-09-08T14:04:19.191282+00:00,74.51,percent,yes
14a19ba4c44182dbd54d,bps_webapi,h3_release_reconciliation,domain=0000;var=2153;vervar=8200;turvar=0;th=121;turth=0,2026-09-08T23:38:59.693316+00:00,h3_province_webapi,domain=0000;var=2153;vervar=8200;turvar=0;th=121;turth=0,2026-09-08T14:04:19.191282+00:00,63.56,percent,yes
14ac565afae7af50e2b6,bps_webapi,h3_release_reconciliation,domain=0000;var=2153;vervar=8200;turvar=0;th=120;turth=0,2026-09-08T23:38:59.693316+00:00,h3_province_webapi,domain=0000;var=2153;vervar=8200;turvar=0;th=120;turth=0,2026-09-08T14:04:19.191282+00:00,66.13,percent,yes
16c8658f578298c98984,bps_webapi,h3_release_reconciliation,domain=0000;var=1186;vervar=1200;turvar=0;th=122;turth=0,2026-09-08T23:38:59.693316+00:00,h3_province_webapi,domain=0000;var=1186;vervar=1200;turvar=0;th=122;turth=0,2026-09-08T14:04:19.191282+00:00,20.71,percent,yes
1722b87f28a7d2f489dd,bps_webapi,h3_release_reconciliation,domain=0000;var=2153;vervar=1100;turvar=0;th=120;turth=0,2026-09-08T23:38:59.693316+00:00,h3_province_webapi,domain=0000;var=2153;vervar=1100;turvar=0;th=120;turth=0,2026-09-08T14:04:19.191282+00:00,61.88,percent,yes
1723f0d570d109765f08,bps_webapi,h3_release_reconciliation,domain=0000;var=2153;vervar=6400;turvar=0;th=121;turth=0,2026-09-08T23:38:59.693316+00:00,h3_province_webapi,domain=0000;var=2153;vervar=6400;turvar=0;th=121;turth=0,2026-09-08T14:04:19.191282+00:00,46.49,percent,yes
176a1c1dbf15badb57a2,bps_webapi,h3_release_reconciliation,domain=0000;var=2153;vervar=3400;turvar=0;th=123;turth=0,2026-09-08T23:38:59.693316+00:00,h3_province_webapi,domain=0000;var=2153;vervar=3400;turvar=0;th=123;turth=0,2026-09-08T14:04:19.191282+00:00,53.78,percent,yes
17b677c4a3598275cd0a,bps_webapi,h3_release_reconciliation,domain=0000;var=2153;vervar=6500;turvar=0;th=121;turth=0,2026-09-08T23:38:59.693316+00:00,h3_province_webapi,domain=0000;var=2153;vervar=6500;turvar=0;th=121;turth=0,2026-09-08T14:04:19.191282+00:00,50.74,percent,yes
188bf6c7192a05c958b9,bps_webapi,h3_release_reconciliation,domain=0000;var=1161;vervar=7400;turvar=0;th=123;turth=0,2026-09-08T23:38:59.693316+00:00,h3_province_webapi,domain=0000;var=1161;vervar=7400;turvar=0;th=123;turth=0,2026-09-08T14:04:19.191282+00:00,4.13,percent,yes
18b3d34bc7a24d2a1bb0,bps_webapi,h3_release_reconciliation,domain=0000;var=1186;vervar=3500;turvar=0;th=122;turth=0,2026-09-08T23:38:59.693316+00:00,h3_province_webapi,domain=0000;var=1186;vervar=3500;turvar=0;th=122;turth=0,2026-09-08T14:04:19.191282+00:00,22.07,percent,yes
18ec0a7d57ca1271d58b,bps_webapi,h3_release_reconciliation,domain=0000;var=1186;vervar=1100;turvar=0;th=122;turth=0,2026-09-08T23:38:59.693316+00:00,h3_province_webapi,domain=0000;var=1186;vervar=1100;turvar=0;th=122;turth=0,2026-09-08T14:04:19.191282+00:00,28.99,percent,yes
190e736f459bae1bab85,bps_webapi,h3_release_reconciliation,domain=0000;var=2153;vervar=1100;turvar=0;th=121;turth=0,2026-09-08T23:38:59.693316+00:00,h3_province_webapi,domain=0000;var=2153;vervar=1100;turvar=0;th=121;turth=0,2026-09-08T14:04:19.191282+00:00,60.69,percent,yes
191fff9439155d6564d0,bps_webapi,h3_release_reconciliation,domain=0000;var=1172;vervar=8200;turvar=0;th=121;turth=0,2026-09-08T23:38:59.693316+00:00,h3_province_webapi,domain=0000;var=1172;vervar=8200;turvar=0;th=121;turth=0,2026-09-08T14:04:19.191282+00:00,21131,rupiah_per_hour,yes
195b8d07773f08515aa2,bps_webapi,h3_release_reconciliation,domain=0000;var=1273;vervar=1400;turvar=0;th=122;turth=0,2026-09-08T23:38:59.693316+00:00,h3_province_webapi,domain=0000;var=1273;vervar=1400;turvar=0;th=122;turth=0,2026-09-08T14:04:19.191282+00:00,73.03,percent,yes
195ca2744ee84340823c,bps_webapi,h3_release_reconciliation,domain=0000;var=2153;vervar=1400;turvar=0;th=123;turth=0,2026-09-08T23:38:59.693316+00:00,h3_province_webapi,domain=0000;var=2153;vervar=1400;turvar=0;th=123;turth=0,2026-09-08T14:04:19.191282+00:00,52.13,percent,yes
19eefc407115ee565da5,bps_webapi,h3_release_reconciliation,domain=0000;var=1172;vervar=6500;turvar=0;th=121;turth=0,2026-09-08T23:38:59.693316+00:00,h3_province_webapi,domain=0000;var=1172;vervar=6500;turvar=0;th=121;turth=0,2026-09-08T14:04:19.191282+00:00,22972,rupiah_per_hour,yes
1a356b43f6b7c07993fa,bps_webapi,h3_release_reconciliation,domain=0000;var=1186;vervar=5200;turvar=0;th=120;turth=0,2026-09-08T23:38:59.693316+00:00,h3_province_webapi,domain=0000;var=1186;vervar=5200;turvar=0;th=120;turth=0,2026-09-08T14:04:19.191282+00:00,22.24,percent,yes
1b0c9d645a33b2b57171,bps_webapi,h3_release_reconciliation,domain=0000;var=1172;vervar=1500;turvar=0;th=120;turth=0,2026-09-08T23:38:59.693316+00:00,h3_province_webapi,domain=0000;var=1172;vervar=1500;turvar=0;th=120;turth=0,2026-09-08T14:04:19.191282+00:00,15840,rupiah_per_hour,yes
1bace738e94771d4a792,bps_webapi,h3_release_reconciliation,domain=0000;var=2153;vervar=2100;turvar=0;th=123;turth=0,2026-09-08T23:38:59.693316+00:00,h3_province_webapi,domain=0000;var=2153;vervar=2100;turvar=0;th=123;turth=0,2026-09-08T14:04:19.191282+00:00,33.67,percent,yes
1beb9d1add4eb1275cab,bps_webapi,h3_release_reconciliation,domain=0000;var=2153;vervar=3500;turvar=0;th=123;turth=0,2026-09-08T23:38:59.693316+00:00,h3_province_webapi,domain=0000;var=2153;vervar=3500;turvar=0;th=123;turth=0,2026-09-08T14:04:19.191282+00:00,63.11,percent,yes
1beea5a2555109c9c019,bps_webapi,h3_release_reconciliation,domain=0000;var=1161;vervar=8100;turvar=0;th=120;turth=0,2026-09-08T23:38:59.693316+00:00,h3_province_webapi,domain=0000;var=1161;vervar=8100;turvar=0;th=120;turth=0,2026-09-08T14:04:19.191282+00:00,-3.14,percent,yes
1c03a76cb6a98f53235d,bps_webapi,h3_release_reconciliation,domain=0000;var=1161;vervar=2100;turvar=0;th=122;turth=0,2026-09-08T23:38:59.693316+00:00,h3_province_webapi,domain=0000;var=1161;vervar=2100;turvar=0;th=122;turth=0,2026-09-08T14:04:19.191282+00:00,-1.17,percent,yes
1c22d5874c95acfb8a2f,bps_webapi,h3_release_reconciliation,domain=0000;var=1186;vervar=9100;turvar=0;th=121;turth=0,2026-09-08T23:38:59.693316+00:00,h3_province_webapi,domain=0000;var=1186;vervar=9100;turvar=0;th=121;turth=0,2026-09-08T14:04:19.191282+00:00,21.97,percent,yes
1c9314930284418336b2,bps_webapi,h3_release_reconciliation,domain=0000;var=1273;vervar=6100;turvar=0;th=122;turth=0,2026-09-08T23:38:59.693316+00:00,h3_province_webapi,domain=0000;var=1273;vervar=6100;turvar=0;th=122;turth=0,2026-09-08T14:04:19.191282+00:00,74.77,percent,yes
1caaa6ee54d64aadcbb5,bps_webapi,h3_release_reconciliation,domain=0000;var=2153;vervar=1200;turvar=0;th=122;turth=0,2026-09-08T23:38:59.693316+00:00,h3_province_webapi,domain=0000;var=2153;vervar=1200;turvar=0;th=122;turth=0,2026-09-08T14:04:19.191282+00:00,59.07,percent,yes
1d3606f4743d81f83318,bps_webapi,h3_release_reconciliation,domain=0000;var=2153;vervar=1300;turvar=0;th=121;turth=0,2026-09-08T23:38:59.693316+00:00,h3_province_webapi,domain=0000;var=2153;vervar=1300;turvar=0;th=121;turth=0,2026-09-08T14:04:19.191282+00:00,64.77,percent,yes
1d424b28e3084ded4101,bps_webapi,h3_release_reconciliation,domain=0000;var=2153;vervar=1800;turvar=0;th=122;turth=0,2026-09-08T23:38:59.693316+00:00,h3_province_webapi,domain=0000;var=2153;vervar=1800;turvar=0;th=122;turth=0,2026-09-08T14:04:19.191282+00:00,71.51,percent,yes
1d5913e0979966b83018,bps_webapi,h3_release_reconciliation,domain=0000;var=1172;vervar=1200;turvar=0;th=122;turth=0,2026-09-08T23:38:59.693316+00:00,h3_province_webapi,domain=0000;var=1172;vervar=1200;turvar=0;th=122;turth=0,2026-09-08T14:04:19.191282+00:00,15131,rupiah_per_hour,yes
1d9a9751f3f4de0d3dae,bps_webapi,h3_release_reconciliation,domain=0000;var=1161;vervar=1200;turvar=0;th=123;turth=0,2026-09-08T23:38:59.693316+00:00,h3_province_webapi,domain=0000;var=1161;vervar=1200;turvar=0;th=123;turth=0,2026-09-08T14:04:19.191282+00:00,0.11,percent,yes
1dc007b6edc6dfc26957,bps_webapi,h3_release_reconciliation,domain=0000;var=1273;vervar=1400;turvar=0;th=123;turth=0,2026-09-08T23:38:59.693316+00:00,h3_province_webapi,domain=0000;var=1273;vervar=1400;turvar=0;th=123;turth=0,2026-09-08T14:04:19.191282+00:00,72.29,percent,yes
1df2aa28ba79df1593ac,bps_webapi,h3_release_reconciliation,domain=0000;var=2153;vervar=3100;turvar=0;th=121;turth=0,2026-09-08T23:38:59.693316+00:00,h3_province_webapi,domain=0000;var=2153;vervar=3100;turvar=0;th=121;turth=0,2026-09-08T14:04:19.191282+00:00,38.26,percent,yes
1e1a119464d52d2658d0,bps_webapi,h3_release_reconciliation,domain=0000;var=1186;vervar=3100;turvar=0;th=120;turth=0,2026-09-08T23:38:59.693316+00:00,h3_province_webapi,domain=0000;var=1186;vervar=3100;turvar=0;th=120;turth=0,2026-09-08T14:04:19.191282+00:00,20.13,percent,yes
1e376be6d681d73ceaf5,bps_webapi,h3_release_reconciliation,domain=0000;var=1186;vervar=8100;turvar=0;th=120;turth=0,2026-09-08T23:38:59.693316+00:00,h3_province_webapi,domain=0000;var=1186;vervar=8100;turvar=0;th=120;turth=0,2026-09-08T14:04:19.191282+00:00,27.46,percent,yes
1f6ccd24b501cac24eac,bps_webapi,h3_release_reconciliation,domain=0000;var=1186;vervar=1500;turvar=0;th=120;turth=0,2026-09-08T23:38:59.693316+00:00,h3_province_webapi,domain=0000;var=1186;vervar=1500;turvar=0;th=120;turth=0,2026-09-08T14:04:19.191282+00:00,22.66,percent,yes
1fc4da6dd46a4cc6aec9,bps_webapi,h3_release_reconciliation,domain=0000;var=1186;vervar=7300;turvar=0;th=120;turth=0,2026-09-08T23:38:59.693316+00:00,h3_province_webapi,domain=0000;var=1186;vervar=7300;turvar=0;th=120;turth=0,2026-09-08T14:04:19.191282+00:00,25.48,percent,yes
1febafd317639e9499e8,bps_webapi,h3_release_reconciliation,domain=0000;var=1172;vervar=5300;turvar=0;th=122;turth=0,2026-09-08T23:38:59.693316+00:00,h3_province_webapi,domain=0000;var=1172;vervar=5300;turvar=0;th=122;turth=0,2026-09-08T14:04:19.191282+00:00,13012,rupiah_per_hour,yes
202dd9d9b198fd053dae,bps_webapi,h3_release_reconciliation,domain=0000;var=1161;vervar=7500;turvar=0;th=122;turth=0,2026-09-08T23:38:59.693316+00:00,h3_province_webapi,domain=0000;var=1161;vervar=7500;turvar=0;th=122;turth=0,2026-09-08T14:04:19.191282+00:00,-1.93,percent,yes
20f2cdfa23e18752dc69,bps_webapi,h3_release_reconciliation,domain=0000;var=1172;vervar=3400;turvar=0;th=123;turth=0,2026-09-08T23:38:59.693316+00:00,h3_province_webapi,domain=0000;var=1172;vervar=3400;turvar=0;th=123;turth=0,2026-09-08T14:04:19.191282+00:00,16478,rupiah_per_hour,yes
2107c261a36f22f29607,bps_webapi,h3_release_reconciliation,domain=0000;var=1273;vervar=5100;turvar=0;th=121;turth=0,2026-09-08T23:38:59.693316+00:00,h3_province_webapi,domain=0000;var=1273;vervar=5100;turvar=0;th=121;turth=0,2026-09-08T14:04:19.191282+00:00,91.3,percent,yes
21f9c7f482b050f94d0f,bps_webapi,h3_release_reconciliation,domain=0000;var=2153;vervar=9400;turvar=0;th=121;turth=0,2026-09-08T23:38:59.693316+00:00,h3_province_webapi,domain=0000;var=2153;vervar=9400;turvar=0;th=121;turth=0,2026-09-08T14:04:19.191282+00:00,80.47,percent,yes
226173667af22e2501e4,bps_webapi,h3_release_reconciliation,domain=0000;var=2153;vervar=7200;turvar=0;th=121;turth=0,2026-09-08T23:38:59.693316+00:00,h3_province_webapi,domain=0000;var=2153;vervar=7200;turvar=0;th=121;turth=0,2026-09-08T14:04:19.191282+00:00,67.32,percent,yes
228076eea312369a0325,bps_webapi,h3_release_reconciliation,domain=0000;var=2153;vervar=6200;turvar=0;th=122;turth=0,2026-09-08T23:38:59.693316+00:00,h3_province_webapi,domain=0000;var=2153;vervar=6200;turvar=0;th=122;turth=0,2026-09-08T14:04:19.191282+00:00,51.5,percent,yes
22962906681b1d2bfd18,bps_webapi,h3_release_reconciliation,domain=0000;var=1186;vervar=1200;turvar=0;th=123;turth=0,2026-09-08T23:38:59.693316+00:00,h3_province_webapi,domain=0000;var=1186;vervar=1200;turvar=0;th=123;turth=0,2026-09-08T14:04:19.191282+00:00,20.08,percent,yes
22c2d3370fc257ddd187,bps_webapi,h3_release_reconciliation,domain=0000;var=1172;vervar=8200;turvar=0;th=123;turth=0,2026-09-08T23:38:59.693316+00:00,h3_province_webapi,domain=0000;var=1172;vervar=8200;turvar=0;th=123;turth=0,2026-09-08T14:04:19.191282+00:00,27078,rupiah_per_hour,yes
230226d47e76e42bec55,bps_webapi,h3_release_reconciliation,domain=0000;var=1273;vervar=1200;turvar=0;th=123;turth=0,2026-09-08T23:38:59.693316+00:00,h3_province_webapi,domain=0000;var=1273;vervar=1200;turvar=0;th=123;turth=0,2026-09-08T14:04:19.191282+00:00,73.92,percent,yes
2349c0a6466317d98d03,bps_webapi,h3_release_reconciliation,domain=0000;var=1172;vervar=5300;turvar=0;th=123;turth=0,2026-09-08T23:38:59.693316+00:00,h3_province_webapi,domain=0000;var=1172;vervar=5300;turvar=0;th=123;turth=0,2026-09-08T14:04:19.191282+00:00,14770,rupiah_per_hour,yes
24501bb35a71780c4934,bps_webapi,h3_release_reconciliation,domain=0000;var=1161;vervar=5200;turvar=0;th=123;turth=0,2026-09-08T23:38:59.693316+00:00,h3_province_webapi,domain=0000;var=1161;vervar=5200;turvar=0;th=123;turth=0,2026-09-08T14:04:19.191282+00:00,-4.35,percent,yes
247287ccff85b8517745,bps_tpb_2024,h3_release_reconciliation,page=90;figure=Gambar 8.11;series=total;year=2023,2026-09-08T14:05:34.154058+00:00,h3_province_publication,pub=936a26d5d2b168b9971d3b02;page=276;column=33;year=2023,2026-09-08T14:05:34.154058+00:00,22.25,percent,yes
247287ccff85b8517745,bps_webapi,h3_release_reconciliation,domain=0000;var=1186;vervar=9999;turvar=0;th=123;turth=0,2026-09-08T23:38:59.693316+00:00,h3_province_webapi,domain=0000;var=1186;vervar=9999;turvar=0;th=123;turth=0,2026-09-08T14:04:19.191282+00:00,22.25,percent,yes
2564dbecffa309ad4cd2,bps_webapi,h3_release_reconciliation,domain=0000;var=1172;vervar=5200;turvar=0;th=121;turth=0,2026-09-08T23:38:59.693316+00:00,h3_province_webapi,domain=0000;var=1172;vervar=5200;turvar=0;th=121;turth=0,2026-09-08T14:04:19.191282+00:00,12992,rupiah_per_hour,yes
25d029975010f3abf6d0,bps_webapi,h3_release_reconciliation,domain=0000;var=2153;vervar=1100;turvar=0;th=122;turth=0,2026-09-08T23:38:59.693316+00:00,h3_province_webapi,domain=0000;var=2153;vervar=1100;turvar=0;th=122;turth=0,2026-09-08T14:04:19.191282+00:00,61.45,percent,yes
26fc6d044c022c80bc36,bps_webapi,h3_release_reconciliation,domain=0000;var=1273;vervar=6300;turvar=0;th=122;turth=0,2026-09-08T23:38:59.693316+00:00,h3_province_webapi,domain=0000;var=1273;vervar=6300;turvar=0;th=122;turth=0,2026-09-08T14:04:19.191282+00:00,86.37,percent,yes
273c55a2e45e78b25d10,bps_webapi,h3_release_reconciliation,domain=0000;var=1161;vervar=3100;turvar=0;th=120;turth=0,2026-09-08T23:38:59.693316+00:00,h3_province_webapi,domain=0000;var=1161;vervar=3100;turvar=0;th=120;turth=0,2026-09-08T14:04:19.191282+00:00,1.66,percent,yes
288b74fb11655b51349b,bps_webapi,h3_release_reconciliation,domain=0000;var=1172;vervar=2100;turvar=0;th=123;turth=0,2026-09-08T23:38:59.693316+00:00,h3_province_webapi,domain=0000;var=1172;vervar=2100;turvar=0;th=123;turth=0,2026-09-08T14:04:19.191282+00:00,27640,rupiah_per_hour,yes
288e9db32de6c0c24f69,bps_webapi,h3_release_reconciliation,domain=0000;var=1161;vervar=3300;turvar=0;th=122;turth=0,2026-09-08T23:38:59.693316+00:00,h3_province_webapi,domain=0000;var=1161;vervar=3300;turvar=0;th=122;turth=0,2026-09-08T14:04:19.191282+00:00,2.13,percent,yes
29def54758f8331f9dd7,bps_webapi,h3_release_reconciliation,domain=0000;var=1172;vervar=3100;turvar=0;th=120;turth=0,2026-09-08T23:38:59.693316+00:00,h3_province_webapi,domain=0000;var=1172;vervar=3100;turvar=0;th=120;turth=0,2026-09-08T14:04:19.191282+00:00,28420,rupiah_per_hour,yes
29e2a06de90bca7c49f6,bps_webapi,h3_release_reconciliation,domain=0000;var=1161;vervar=1700;turvar=0;th=120;turth=0,2026-09-08T23:38:59.693316+00:00,h3_province_webapi,domain=0000;var=1161;vervar=1700;turvar=0;th=120;turth=0,2026-09-08T14:04:19.191282+00:00,-2.89,percent,yes
2a274706de2a690c9e60,bps_webapi,h3_release_reconciliation,domain=0000;var=1161;vervar=8100;turvar=0;th=122;turth=0,2026-09-08T23:38:59.693316+00:00,h3_province_webapi,domain=0000;var=1161;vervar=8100;turvar=0;th=122;turth=0,2026-09-08T14:04:19.191282+00:00,4.26,percent,yes
2a75b343131ea5e091db,bps_webapi,h3_release_reconciliation,domain=0000;var=2153;vervar=3600;turvar=0;th=123;turth=0,2026-09-08T23:38:59.693316+00:00,h3_province_webapi,domain=0000;var=2153;vervar=3600;turvar=0;th=123;turth=0,2026-09-08T14:04:19.191282+00:00,46.31,percent,yes
2ae00e239b70983fdb49,bps_webapi,h3_release_reconciliation,domain=0000;var=1161;vervar=1600;turvar=0;th=120;turth=0,2026-09-08T23:38:59.693316+00:00,h3_province_webapi,domain=0000;var=1161;vervar=1600;turvar=0;th=120;turth=0,2026-09-08T14:04:19.191282+00:00,-2.03,percent,yes
2b0adf9a6167f67c0c4e,bps_webapi,h3_release_reconciliation,domain=0000;var=1172;vervar=1400;turvar=0;th=121;turth=0,2026-09-08T23:38:59.693316+00:00,h3_province_webapi,domain=0000;var=1172;vervar=1400;turvar=0;th=121;turth=0,2026-09-08T14:04:19.191282+00:00,19144,rupiah_per_hour,yes
2b883b4571408c32d5fa,bps_webapi,h3_release_reconciliation,domain=0000;var=1273;vervar=3300;turvar=0;th=123;turth=0,2026-09-08T23:38:59.693316+00:00,h3_province_webapi,domain=0000;var=1273;vervar=3300;turvar=0;th=123;turth=0,2026-09-08T14:04:19.191282+00:00,86.15,percent,yes
2be32ae220775b47b065,bps_webapi,h3_release_reconciliation,domain=0000;var=1161;vervar=9400;turvar=0;th=122;turth=0,2026-09-08T23:38:59.693316+00:00,h3_province_webapi,domain=0000;var=1161;vervar=9400;turvar=0;th=122;turth=0,2026-09-08T14:04:19.191282+00:00,6.32,percent,yes
2c32a19cd7bb7f6dc1f3,bps_webapi,h3_release_reconciliation,domain=0000;var=1273;vervar=1100;turvar=0;th=123;turth=0,2026-09-08T23:38:59.693316+00:00,h3_province_webapi,domain=0000;var=1273;vervar=1100;turvar=0;th=123;turth=0,2026-09-08T14:04:19.191282+00:00,72.59,percent,yes
2cffc68d9889c8fa092b,bps_tpb_2024,h3_release_reconciliation,page=87;figure=Gambar 8.4;series=total;year=2022,2026-09-08T14:05:34.154058+00:00,h3_province_publication,pub=936a26d5d2b168b9971d3b02;page=274;column=16;year=2022,2026-09-08T14:05:34.154058+00:00,59.31,percent,yes
2cffc68d9889c8fa092b,bps_webapi,h3_release_reconciliation,domain=0000;var=2153;vervar=9999;turvar=0;th=122;turth=0,2026-09-08T23:38:59.693316+00:00,h3_province_webapi,domain=0000;var=2153;vervar=9999;turvar=0;th=122;turth=0,2026-09-08T14:04:19.191282+00:00,59.31,percent,yes
2d18a03cf263f1bdc9dd,bps_webapi,h3_release_reconciliation,domain=0000;var=1273;vervar=3200;turvar=0;th=122;turth=0,2026-09-08T23:38:59.693316+00:00,h3_province_webapi,domain=0000;var=1273;vervar=3200;turvar=0;th=122;turth=0,2026-09-08T14:04:19.191282+00:00,78.86,percent,yes
2e3505394ccc08a19fcb,bps_webapi,h3_release_reconciliation,domain=0000;var=1273;vervar=3600;turvar=0;th=123;turth=0,2026-09-08T23:38:59.693316+00:00,h3_province_webapi,domain=0000;var=1273;vervar=3600;turvar=0;th=123;turth=0,2026-09-08T14:04:19.191282+00:00,82.79,percent,yes
2e352ef4e655d6adca5b,bps_webapi,h3_release_reconciliation,domain=0000;var=1186;vervar=2100;turvar=0;th=122;turth=0,2026-09-08T23:38:59.693316+00:00,h3_province_webapi,domain=0000;var=1186;vervar=2100;turvar=0;th=122;turth=0,2026-09-08T14:04:19.191282+00:00,18.74,percent,yes
2e3764328e8dba7b2a07,bps_webapi,h3_release_reconciliation,domain=0000;var=2153;vervar=6200;turvar=0;th=120;turth=0,2026-09-08T23:38:59.693316+00:00,h3_province_webapi,domain=0000;var=2153;vervar=6200;turvar=0;th=120;turth=0,2026-09-08T14:04:19.191282+00:00,55.8,percent,yes
2ea241cae4d917c15ac0,bps_webapi,h3_release_reconciliation,domain=0000;var=1273;vervar=2100;turvar=0;th=123;turth=0,2026-09-08T23:38:59.693316+00:00,h3_province_webapi,domain=0000;var=1273;vervar=2100;turvar=0;th=123;turth=0,2026-09-08T14:04:19.191282+00:00,85.97,percent,yes
2f0b9e88b8d68d696507,bps_webapi,h3_release_reconciliation,domain=0000;var=1186;vervar=1300;turvar=0;th=123;turth=0,2026-09-08T23:38:59.693316+00:00,h3_province_webapi,domain=0000;var=1186;vervar=1300;turvar=0;th=123;turth=0,2026-09-08T14:04:19.191282+00:00,23,percent,yes
2f304e4371b9761c513a,bps_webapi,h3_release_reconciliation,domain=0000;var=1172;vervar=1300;turvar=0;th=123;turth=0,2026-09-08T23:38:59.693316+00:00,h3_province_webapi,domain=0000;var=1172;vervar=1300;turvar=0;th=123;turth=0,2026-09-08T14:04:19.191282+00:00,16694,rupiah_per_hour,yes
2f3779077572c1dca71d,bps_webapi,h3_release_reconciliation,domain=0000;var=1273;vervar=1900;turvar=0;th=121;turth=0,2026-09-08T23:38:59.693316+00:00,h3_province_webapi,domain=0000;var=1273;vervar=1900;turvar=0;th=121;turth=0,2026-09-08T14:04:19.191282+00:00,89.44,percent,yes
2fc24c3dbaf2feb3e833,bps_webapi,h3_release_reconciliation,domain=0000;var=1273;vervar=1500;turvar=0;th=122;turth=0,2026-09-08T23:38:59.693316+00:00,h3_province_webapi,domain=0000;var=1273;vervar=1500;turvar=0;th=122;turth=0,2026-09-08T14:04:19.191282+00:00,74.73,percent,yes
30532ab399612db52813,bps_webapi,h3_release_reconciliation,domain=0000;var=1273;vervar=7200;turvar=0;th=123;turth=0,2026-09-08T23:38:59.693316+00:00,h3_province_webapi,domain=0000;var=1273;vervar=7200;turvar=0;th=123;turth=0,2026-09-08T14:04:19.191282+00:00,78.81,percent,yes
3087bf08970908c509ca,bps_webapi,h3_release_reconciliation,domain=0000;var=1161;vervar=6500;turvar=0;th=123;turth=0,2026-09-08T23:38:59.693316+00:00,h3_province_webapi,domain=0000;var=1161;vervar=6500;turvar=0;th=123;turth=0,2026-09-08T14:04:19.191282+00:00,-0.19,percent,yes
30f76715fa4da3a3ebd9,bps_webapi,h3_release_reconciliation,domain=0000;var=1161;vervar=6400;turvar=0;th=121;turth=0,2026-09-08T23:38:59.693316+00:00,h3_province_webapi,domain=0000;var=1161;vervar=6400;turvar=0;th=121;turth=0,2026-09-08T14:04:19.191282+00:00,0.91,percent,yes
312b350bacf06a54b1bb,bps_webapi,h3_release_reconciliation,domain=0000;var=1172;vervar=7200;turvar=0;th=123;turth=0,2026-09-08T23:38:59.693316+00:00,h3_province_webapi,domain=0000;var=1172;vervar=7200;turvar=0;th=123;turth=0,2026-09-08T14:04:19.191282+00:00,16392,rupiah_per_hour,yes
31b128df02b780795e6d,bps_webapi,h3_release_reconciliation,domain=0000;var=1172;vervar=9400;turvar=0;th=123;turth=0,2026-09-08T23:38:59.693316+00:00,h3_province_webapi,domain=0000;var=1172;vervar=9400;turvar=0;th=123;turth=0,2026-09-08T14:04:19.191282+00:00,28570,rupiah_per_hour,yes
320c3fe45ff638fd894e,bps_webapi,h3_release_reconciliation,domain=0000;var=1273;vervar=7100;turvar=0;th=123;turth=0,2026-09-08T23:38:59.693316+00:00,h3_province_webapi,domain=0000;var=1273;vervar=7100;turvar=0;th=123;turth=0,2026-09-08T14:04:19.191282+00:00,86.48,percent,yes
321a7482a9b860175d35,bps_webapi,h3_release_reconciliation,domain=0000;var=1273;vervar=5300;turvar=0;th=123;turth=0,2026-09-08T23:38:59.693316+00:00,h3_province_webapi,domain=0000;var=1273;vervar=5300;turvar=0;th=123;turth=0,2026-09-08T14:04:19.191282+00:00,43.5,percent,yes
334bce7c04c7cbc4b186,bps_webapi,h3_release_reconciliation,domain=0000;var=2153;vervar=7200;turvar=0;th=122;turth=0,2026-09-08T23:38:59.693316+00:00,h3_province_webapi,domain=0000;var=2153;vervar=7200;turvar=0;th=122;turth=0,2026-09-08T14:04:19.191282+00:00,67.87,percent,yes
34557c7283de509443c9,bps_webapi,h3_release_reconciliation,domain=0000;var=1273;vervar=5300;turvar=0;th=121;turth=0,2026-09-08T23:38:59.693316+00:00,h3_province_webapi,domain=0000;var=1273;vervar=5300;turvar=0;th=121;turth=0,2026-09-08T14:04:19.191282+00:00,56.33,percent,yes
34949f5284025d512603,bps_webapi,h3_release_reconciliation,domain=0000;var=1172;vervar=5100;turvar=0;th=121;turth=0,2026-09-08T23:38:59.693316+00:00,h3_province_webapi,domain=0000;var=1172;vervar=5100;turvar=0;th=121;turth=0,2026-09-08T14:04:19.191282+00:00,17662,rupiah_per_hour,yes
34ccd5dbfe694b680497,bps_webapi,h3_release_reconciliation,domain=0000;var=2153;vervar=3200;turvar=0;th=120;turth=0,2026-09-08T23:38:59.693316+00:00,h3_province_webapi,domain=0000;var=2153;vervar=3200;turvar=0;th=120;turth=0,2026-09-08T14:04:19.191282+00:00,55.59,percent,yes
34eed99002779c977876,bps_webapi,h3_release_reconciliation,domain=0000;var=1161;vervar=6100;turvar=0;th=120;turth=0,2026-09-08T23:38:59.693316+00:00,h3_province_webapi,domain=0000;var=1161;vervar=6100;turvar=0;th=120;turth=0,2026-09-08T14:04:19.191282+00:00,-2.35,percent,yes
3534214a811b9b6e8013,bps_webapi,h3_release_reconciliation,domain=0000;var=2153;vervar=7100;turvar=0;th=123;turth=0,2026-09-08T23:38:59.693316+00:00,h3_province_webapi,domain=0000;var=2153;vervar=7100;turvar=0;th=123;turth=0,2026-09-08T14:04:19.191282+00:00,58.14,percent,yes
35d0ae0fa8b0117093dd,bps_webapi,h3_release_reconciliation,domain=0000;var=1161;vervar=6100;turvar=0;th=122;turth=0,2026-09-08T23:38:59.693316+00:00,h3_province_webapi,domain=0000;var=1161;vervar=6100;turvar=0;th=122;turth=0,2026-09-08T14:04:19.191282+00:00,1.98,percent,yes
35dd995c6a3eff579fa7,bps_webapi,h3_release_reconciliation,domain=0000;var=1161;vervar=1500;turvar=0;th=122;turth=0,2026-09-08T23:38:59.693316+00:00,h3_province_webapi,domain=0000;var=1161;vervar=1500;turvar=0;th=122;turth=0,2026-09-08T14:04:19.191282+00:00,2.14,percent,yes
35f15dbab7eca58c72eb,bps_webapi,h3_release_reconciliation,domain=0000;var=1161;vervar=3100;turvar=0;th=122;turth=0,2026-09-08T23:38:59.693316+00:00,h3_province_webapi,domain=0000;var=1161;vervar=3100;turvar=0;th=122;turth=0,2026-09-08T14:04:19.191282+00:00,2.28,percent,yes
36dd92e99e4851a4e5cc,bps_webapi,h3_release_reconciliation,domain=0000;var=1172;vervar=7600;turvar=0;th=120;turth=0,2026-09-08T23:38:59.693316+00:00,h3_province_webapi,domain=0000;var=1172;vervar=7600;turvar=0;th=120;turth=0,2026-09-08T14:04:19.191282+00:00,18136,rupiah_per_hour,yes
36f1a1769145e7f20ef1,bps_webapi,h3_release_reconciliation,domain=0000;var=1161;vervar=3600;turvar=0;th=121;turth=0,2026-09-08T23:38:59.693316+00:00,h3_province_webapi,domain=0000;var=1161;vervar=3600;turvar=0;th=121;turth=0,2026-09-08T14:04:19.191282+00:00,1.81,percent,yes
373329106655e7bcdacf,bps_webapi,h3_release_reconciliation,domain=0000;var=1172;vervar=6200;turvar=0;th=121;turth=0,2026-09-08T23:38:59.693316+00:00,h3_province_webapi,domain=0000;var=1172;vervar=6200;turvar=0;th=121;turth=0,2026-09-08T14:04:19.191282+00:00,21040,rupiah_per_hour,yes
3743305ad0734a0c8900,bps_webapi,h3_release_reconciliation,domain=0000;var=1273;vervar=6200;turvar=0;th=122;turth=0,2026-09-08T23:38:59.693316+00:00,h3_province_webapi,domain=0000;var=1273;vervar=6200;turvar=0;th=122;turth=0,2026-09-08T14:04:19.191282+00:00,79.93,percent,yes
37cb7a91a6f5c261a2d4,bps_webapi,h3_release_reconciliation,domain=0000;var=2153;vervar=1700;turvar=0;th=123;turth=0,2026-09-08T23:38:59.693316+00:00,h3_province_webapi,domain=0000;var=2153;vervar=1700;turvar=0;th=123;turth=0,2026-09-08T14:04:19.191282+00:00,67.77,percent,yes
381c2b20c31a7b8f7e6d,bps_webapi,h3_release_reconciliation,domain=0000;var=1186;vervar=5300;turvar=0;th=123;turth=0,2026-09-08T23:38:59.693316+00:00,h3_province_webapi,domain=0000;var=1186;vervar=5300;turvar=0;th=123;turth=0,2026-09-08T14:04:19.191282+00:00,18.13,percent,yes
38d238786ca6f1044024,bps_webapi,h3_release_reconciliation,domain=0000;var=2153;vervar=7400;turvar=0;th=122;turth=0,2026-09-08T23:38:59.693316+00:00,h3_province_webapi,domain=0000;var=2153;vervar=7400;turvar=0;th=122;turth=0,2026-09-08T14:04:19.191282+00:00,62.39,percent,yes
38f1fc0c3fc55989f7e2,bps_webapi,h3_release_reconciliation,domain=0000;var=2153;vervar=7300;turvar=0;th=123;turth=0,2026-09-08T23:38:59.693316+00:00,h3_province_webapi,domain=0000;var=2153;vervar=7300;turvar=0;th=123;turth=0,2026-09-08T14:04:19.191282+00:00,62.77,percent,yes
397a1668dce861d7bfc0,bps_webapi,h3_release_reconciliation,domain=0000;var=1161;vervar=9100;turvar=0;th=120;turth=0,2026-09-08T23:38:59.693316+00:00,h3_province_webapi,domain=0000;var=1161;vervar=9100;turvar=0;th=120;turth=0,2026-09-08T14:04:19.191282+00:00,-5.65,percent,yes
3a228e9c1d4c2c02385e,bps_webapi,h3_release_reconciliation,domain=0000;var=1161;vervar=9400;turvar=0;th=120;turth=0,2026-09-08T23:38:59.693316+00:00,h3_province_webapi,domain=0000;var=1161;vervar=9400;turvar=0;th=120;turth=0,2026-09-08T14:04:19.191282+00:00,8.47,percent,yes
3a661ff411d8ebcfd3a4,bps_webapi,h3_release_reconciliation,domain=0000;var=2153;vervar=7500;turvar=0;th=120;turth=0,2026-09-08T23:38:59.693316+00:00,h3_province_webapi,domain=0000;var=2153;vervar=7500;turvar=0;th=120;turth=0,2026-09-08T14:04:19.191282+00:00,62.12,percent,yes
3a841b245629e25bab9a,bps_webapi,h3_release_reconciliation,domain=0000;var=1186;vervar=2100;turvar=0;th=120;turth=0,2026-09-08T23:38:59.693316+00:00,h3_province_webapi,domain=0000;var=1186;vervar=2100;turvar=0;th=120;turth=0,2026-09-08T14:04:19.191282+00:00,20.71,percent,yes
3a8b08794c8caabfd66d,bps_webapi,h3_release_reconciliation,domain=0000;var=1161;vervar=3400;turvar=0;th=122;turth=0,2026-09-08T23:38:59.693316+00:00,h3_province_webapi,domain=0000;var=1161;vervar=3400;turvar=0;th=122;turth=0,2026-09-08T14:04:19.191282+00:00,4.56,percent,yes
3aab48a87775d3a7a206,bps_webapi,h3_release_reconciliation,domain=0000;var=1161;vervar=1500;turvar=0;th=123;turth=0,2026-09-08T23:38:59.693316+00:00,h3_province_webapi,domain=0000;var=1161;vervar=1500;turvar=0;th=123;turth=0,2026-09-08T14:04:19.191282+00:00,4.4,percent,yes
3ab63956e024ad4bc82a,bps_webapi,h3_release_reconciliation,domain=0000;var=1273;vervar=1900;turvar=0;th=122;turth=0,2026-09-08T23:38:59.693316+00:00,h3_province_webapi,domain=0000;var=1273;vervar=1900;turvar=0;th=122;turth=0,2026-09-08T14:04:19.191282+00:00,90.82,percent,yes
3af41c028812dd82d2df,bps_webapi,h3_release_reconciliation,domain=0000;var=1273;vervar=1700;turvar=0;th=123;turth=0,2026-09-08T23:38:59.693316+00:00,h3_province_webapi,domain=0000;var=1273;vervar=1700;turvar=0;th=123;turth=0,2026-09-08T14:04:19.191282+00:00,81.41,percent,yes
3b03eece6819aa31b5b1,bps_webapi,h3_release_reconciliation,domain=0000;var=1172;vervar=6100;turvar=0;th=121;turth=0,2026-09-08T23:38:59.693316+00:00,h3_province_webapi,domain=0000;var=1172;vervar=6100;turvar=0;th=121;turth=0,2026-09-08T14:04:19.191282+00:00,16127,rupiah_per_hour,yes
3b36142c04b4f880484b,bps_webapi,h3_release_reconciliation,domain=0000;var=2153;vervar=7100;turvar=0;th=121;turth=0,2026-09-08T23:38:59.693316+00:00,h3_province_webapi,domain=0000;var=2153;vervar=7100;turvar=0;th=121;turth=0,2026-09-08T14:04:19.191282+00:00,60.7,percent,yes
3b42b7fc97ac35e0386f,bps_webapi,h3_release_reconciliation,domain=0000;var=1186;vervar=8200;turvar=0;th=120;turth=0,2026-09-08T23:38:59.693316+00:00,h3_province_webapi,domain=0000;var=1186;vervar=8200;turvar=0;th=120;turth=0,2026-09-08T14:04:19.191282+00:00,26.37,percent,yes
3bb15829c76f8acb1054,bps_webapi,h3_release_reconciliation,domain=0000;var=2153;vervar=9100;turvar=0;th=122;turth=0,2026-09-08T23:38:59.693316+00:00,h3_province_webapi,domain=0000;var=2153;vervar=9100;turvar=0;th=122;turth=0,2026-09-08T14:04:19.191282+00:00,60.28,percent,yes
3be866507805e8f56337,bps_webapi,h3_release_reconciliation,domain=0000;var=1161;vervar=5300;turvar=0;th=120;turth=0,2026-09-08T23:38:59.693316+00:00,h3_province_webapi,domain=0000;var=1161;vervar=5300;turvar=0;th=120;turth=0,2026-09-08T14:04:19.191282+00:00,-4.87,percent,yes
3bed5011bdd4d503587e,bps_webapi,h3_release_reconciliation,domain=0000;var=1186;vervar=7400;turvar=0;th=120;turth=0,2026-09-08T23:38:59.693316+00:00,h3_province_webapi,domain=0000;var=1186;vervar=7400;turvar=0;th=120;turth=0,2026-09-08T14:04:19.191282+00:00,23,percent,yes
3bef70f30ecec6a66117,bps_webapi,h3_release_reconciliation,domain=0000;var=1172;vervar=1400;turvar=0;th=120;turth=0,2026-09-08T23:38:59.693316+00:00,h3_province_webapi,domain=0000;var=1172;vervar=1400;turvar=0;th=120;turth=0,2026-09-08T14:04:19.191282+00:00,18411,rupiah_per_hour,yes
3c54c28380390b08d151,bps_webapi,h3_release_reconciliation,domain=0000;var=2153;vervar=3100;turvar=0;th=122;turth=0,2026-09-08T23:38:59.693316+00:00,h3_province_webapi,domain=0000;var=2153;vervar=3100;turvar=0;th=122;turth=0,2026-09-08T14:04:19.191282+00:00,36.88,percent,yes
3cd72aeff9ab99f012a5,bps_webapi,h3_release_reconciliation,domain=0000;var=1186;vervar=7500;turvar=0;th=121;turth=0,2026-09-08T23:38:59.693316+00:00,h3_province_webapi,domain=0000;var=1186;vervar=7500;turvar=0;th=121;turth=0,2026-09-08T14:04:19.191282+00:00,25.79,percent,yes
3d5e9ac060409d589cd5,bps_webapi,h3_release_reconciliation,domain=0000;var=1186;vervar=6100;turvar=0;th=121;turth=0,2026-09-08T23:38:59.693316+00:00,h3_province_webapi,domain=0000;var=1186;vervar=6100;turvar=0;th=121;turth=0,2026-09-08T14:04:19.191282+00:00,24.74,percent,yes
3e177985c3d94576720a,bps_webapi,h3_release_reconciliation,domain=0000;var=2153;vervar=1800;turvar=0;th=120;turth=0,2026-09-08T23:38:59.693316+00:00,h3_province_webapi,domain=0000;var=2153;vervar=1800;turvar=0;th=120;turth=0,2026-09-08T14:04:19.191282+00:00,72.26,percent,yes
3ea9ca7d5c68a48fc7e1,bps_webapi,h3_release_reconciliation,domain=0000;var=1161;vervar=7600;turvar=0;th=121;turth=0,2026-09-08T23:38:59.693316+00:00,h3_province_webapi,domain=0000;var=1161;vervar=7600;turvar=0;th=121;turth=0,2026-09-08T14:04:19.191282+00:00,0.54,percent,yes
3ea9d95a6ec5047b84f9,bps_webapi,h3_release_reconciliation,domain=0000;var=1273;vervar=8100;turvar=0;th=121;turth=0,2026-09-08T23:38:59.693316+00:00,h3_province_webapi,domain=0000;var=1273;vervar=8100;turvar=0;th=121;turth=0,2026-09-08T14:04:19.191282+00:00,79.84,percent,yes
3f48abed286d161727e8,bps_webapi,h3_release_reconciliation,domain=0000;var=1161;vervar=3400;turvar=0;th=120;turth=0,2026-09-08T23:38:59.693316+00:00,h3_province_webapi,domain=0000;var=1161;vervar=3400;turvar=0;th=120;turth=0,2026-09-08T14:04:19.191282+00:00,-0.45,percent,yes
3f927323a7c61ecf3bd2,bps_webapi,h3_release_reconciliation,domain=0000;var=1186;vervar=7600;turvar=0;th=121;turth=0,2026-09-08T23:38:59.693316+00:00,h3_province_webapi,domain=0000;var=1186;vervar=7600;turvar=0;th=121;turth=0,2026-09-08T14:04:19.191282+00:00,22.85,percent,yes
3fc885f6de351cc753c7,bps_webapi,h3_release_reconciliation,domain=0000;var=1172;vervar=7300;turvar=0;th=121;turth=0,2026-09-08T23:38:59.693316+00:00,h3_province_webapi,domain=0000;var=1172;vervar=7300;turvar=0;th=121;turth=0,2026-09-08T14:04:19.191282+00:00,19217,rupiah_per_hour,yes
3ffd23d4b7f037a16573,bps_webapi,h3_release_reconciliation,domain=0000;var=1186;vervar=7300;turvar=0;th=121;turth=0,2026-09-08T23:38:59.693316+00:00,h3_province_webapi,domain=0000;var=1186;vervar=7300;turvar=0;th=121;turth=0,2026-09-08T14:04:19.191282+00:00,23.78,percent,yes
4011dac58946c255a704,bps_webapi,h3_release_reconciliation,domain=0000;var=1273;vervar=7400;turvar=0;th=121;turth=0,2026-09-08T23:38:59.693316+00:00,h3_province_webapi,domain=0000;var=1273;vervar=7400;turvar=0;th=121;turth=0,2026-09-08T14:04:19.191282+00:00,85.69,percent,yes
408a297f0321503272dd,bps_webapi,h3_release_reconciliation,domain=0000;var=1172;vervar=1300;turvar=0;th=121;turth=0,2026-09-08T23:38:59.693316+00:00,h3_province_webapi,domain=0000;var=1172;vervar=1300;turvar=0;th=121;turth=0,2026-09-08T14:04:19.191282+00:00,16630,rupiah_per_hour,yes
41485e2e85080def4b87,bps_webapi,h3_release_reconciliation,domain=0000;var=1186;vervar=6500;turvar=0;th=120;turth=0,2026-09-08T23:38:59.693316+00:00,h3_province_webapi,domain=0000;var=1186;vervar=6500;turvar=0;th=120;turth=0,2026-09-08T14:04:19.191282+00:00,22.59,percent,yes
419d8bcd527833bde866,bps_webapi,h3_release_reconciliation,domain=0000;var=2153;vervar=8100;turvar=0;th=120;turth=0,2026-09-08T23:38:59.693316+00:00,h3_province_webapi,domain=0000;var=2153;vervar=8100;turvar=0;th=120;turth=0,2026-09-08T14:04:19.191282+00:00,66.56,percent,yes
4241a6e45ef2a2e16ec5,bps_webapi,h3_release_reconciliation,domain=0000;var=1161;vervar=6200;turvar=0;th=122;turth=0,2026-09-08T23:38:59.693316+00:00,h3_province_webapi,domain=0000;var=1161;vervar=6200;turvar=0;th=122;turth=0,2026-09-08T14:04:19.191282+00:00,6.61,percent,yes
425bfdd5ca02ab3e3cc1,bps_webapi,h3_release_reconciliation,domain=0000;var=1161;vervar=8200;turvar=0;th=123;turth=0,2026-09-08T23:38:59.693316+00:00,h3_province_webapi,domain=0000;var=1161;vervar=8200;turvar=0;th=123;turth=0,2026-09-08T14:04:19.191282+00:00,12.04,percent,yes
4302c71b7a9174f224fb,bps_webapi,h3_release_reconciliation,domain=0000;var=1161;vervar=7200;turvar=0;th=121;turth=0,2026-09-08T23:38:59.693316+00:00,h3_province_webapi,domain=0000;var=1161;vervar=7200;turvar=0;th=121;turth=0,2026-09-08T14:04:19.191282+00:00,11.09,percent,yes
430f4b537ba424d778b3,bps_webapi,h3_release_reconciliation,domain=0000;var=1161;vervar=6200;turvar=0;th=123;turth=0,2026-09-08T23:38:59.693316+00:00,h3_province_webapi,domain=0000;var=1161;vervar=6200;turvar=0;th=123;turth=0,2026-09-08T14:04:19.191282+00:00,3.72,percent,yes
4320d5428a7b9d037594,bps_webapi,h3_release_reconciliation,domain=0000;var=1186;vervar=3300;turvar=0;th=122;turth=0,2026-09-08T23:38:59.693316+00:00,h3_province_webapi,domain=0000;var=1186;vervar=3300;turvar=0;th=122;turth=0,2026-09-08T14:04:19.191282+00:00,20.44,percent,yes
43307f9b272b3b32841b,bps_webapi,h3_release_reconciliation,domain=0000;var=2153;vervar=7300;turvar=0;th=120;turth=0,2026-09-08T23:38:59.693316+00:00,h3_province_webapi,domain=0000;var=2153;vervar=7300;turvar=0;th=120;turth=0,2026-09-08T14:04:19.191282+00:00,64.22,percent,yes
43689fb65968d4d840b6,bps_webapi,h3_release_reconciliation,domain=0000;var=1161;vervar=9400;turvar=0;th=123;turth=0,2026-09-08T23:38:59.693316+00:00,h3_province_webapi,domain=0000;var=1161;vervar=9400;turvar=0;th=123;turth=0,2026-09-08T14:04:19.191282+00:00,-16.88,percent,yes
443527b29d01467418e4,bps_webapi,h3_release_reconciliation,domain=0000;var=1161;vervar=7200;turvar=0;th=123;turth=0,2026-09-08T23:38:59.693316+00:00,h3_province_webapi,domain=0000;var=1161;vervar=7200;turvar=0;th=123;turth=0,2026-09-08T14:04:19.191282+00:00,14.74,percent,yes
4493e08e91291ce17a30,bps_webapi,h3_release_reconciliation,domain=0000;var=1186;vervar=1300;turvar=0;th=121;turth=0,2026-09-08T23:38:59.693316+00:00,h3_province_webapi,domain=0000;var=1186;vervar=1300;turvar=0;th=121;turth=0,2026-09-08T14:04:19.191282+00:00,18.78,percent,yes
4537dedbc4e54b7adadb,bps_webapi,h3_release_reconciliation,domain=0000;var=1172;vervar=9100;turvar=0;th=120;turth=0,2026-09-08T23:38:59.693316+00:00,h3_province_webapi,domain=0000;var=1172;vervar=9100;turvar=0;th=120;turth=0,2026-09-08T14:04:19.191282+00:00,27904,rupiah_per_hour,yes
461e8380b437f5034d3c,bps_webapi,h3_release_reconciliation,domain=0000;var=1172;vervar=6100;turvar=0;th=120;turth=0,2026-09-08T23:38:59.693316+00:00,h3_province_webapi,domain=0000;var=1172;vervar=6100;turvar=0;th=120;turth=0,2026-09-08T14:04:19.191282+00:00,16098,rupiah_per_hour,yes
46da43d273b5b8f28247,bps_webapi,h3_release_reconciliation,domain=0000;var=1273;vervar=7100;turvar=0;th=122;turth=0,2026-09-08T23:38:59.693316+00:00,h3_province_webapi,domain=0000;var=1273;vervar=7100;turvar=0;th=122;turth=0,2026-09-08T14:04:19.191282+00:00,85.95,percent,yes
47273c8ada86cc735b5f,bps_webapi,h3_release_reconciliation,domain=0000;var=1186;vervar=1100;turvar=0;th=123;turth=0,2026-09-08T23:38:59.693316+00:00,h3_province_webapi,domain=0000;var=1186;vervar=1100;turvar=0;th=123;turth=0,2026-09-08T14:04:19.191282+00:00,29.02,percent,yes
473c18bfa596bef738ff,bps_webapi,h3_release_reconciliation,domain=0000;var=1161;vervar=1400;turvar=0;th=121;turth=0,2026-09-08T23:38:59.693316+00:00,h3_province_webapi,domain=0000;var=1161;vervar=1400;turvar=0;th=121;turth=0,2026-09-08T14:04:19.191282+00:00,-0.77,percent,yes
47eec78ceb77c0b44e51,bps_webapi,h3_release_reconciliation,domain=0000;var=1172;vervar=1400;turvar=0;th=122;turth=0,2026-09-08T23:38:59.693316+00:00,h3_province_webapi,domain=0000;var=1172;vervar=1400;turvar=0;th=122;turth=0,2026-09-08T14:04:19.191282+00:00,18626,rupiah_per_hour,yes
4860d228e881752ba88e,bps_webapi,h3_release_reconciliation,domain=0000;var=2153;vervar=1300;turvar=0;th=122;turth=0,2026-09-08T23:38:59.693316+00:00,h3_province_webapi,domain=0000;var=2153;vervar=1300;turvar=0;th=122;turth=0,2026-09-08T14:04:19.191282+00:00,65.26,percent,yes
48b6216c381e3ac272d6,bps_webapi,h3_release_reconciliation,domain=0000;var=1172;vervar=3600;turvar=0;th=122;turth=0,2026-09-08T23:38:59.693316+00:00,h3_province_webapi,domain=0000;var=1172;vervar=3600;turvar=0;th=122;turth=0,2026-09-08T14:04:19.191282+00:00,23880,rupiah_per_hour,yes
48e287651b455a4897e3,bps_webapi,h3_release_reconciliation,domain=0000;var=1186;vervar=3400;turvar=0;th=120;turth=0,2026-09-08T23:38:59.693316+00:00,h3_province_webapi,domain=0000;var=1186;vervar=3400;turvar=0;th=120;turth=0,2026-09-08T14:04:19.191282+00:00,12.71,percent,yes
493a16af5763fdff4f26,bps_webapi,h3_release_reconciliation,domain=0000;var=1186;vervar=1700;turvar=0;th=123;turth=0,2026-09-08T23:38:59.693316+00:00,h3_province_webapi,domain=0000;var=1186;vervar=1700;turvar=0;th=123;turth=0,2026-09-08T14:04:19.191282+00:00,21.77,percent,yes
49bf595ebf6878435aa9,bps_webapi,h3_release_reconciliation,domain=0000;var=1186;vervar=1600;turvar=0;th=120;turth=0,2026-09-08T23:38:59.693316+00:00,h3_province_webapi,domain=0000;var=1186;vervar=1600;turvar=0;th=120;turth=0,2026-09-08T14:04:19.191282+00:00,25.55,percent,yes
4a75e4408177e90f6d99,bps_webapi,h3_release_reconciliation,domain=0000;var=1273;vervar=7300;turvar=0;th=121;turth=0,2026-09-08T23:38:59.693316+00:00,h3_province_webapi,domain=0000;var=1273;vervar=7300;turvar=0;th=121;turth=0,2026-09-08T14:04:19.191282+00:00,89.08,percent,yes
4aab4307f4906503d2a4,bps_webapi,h3_release_reconciliation,domain=0000;var=1161;vervar=7600;turvar=0;th=122;turth=0,2026-09-08T23:38:59.693316+00:00,h3_province_webapi,domain=0000;var=1161;vervar=7600;turvar=0;th=122;turth=0,2026-09-08T14:04:19.191282+00:00,-4.07,percent,yes
4abce5586eb56ad49a60,bps_webapi,h3_release_reconciliation,domain=0000;var=1161;vervar=6300;turvar=0;th=123;turth=0,2026-09-08T23:38:59.693316+00:00,h3_province_webapi,domain=0000;var=1161;vervar=6300;turvar=0;th=123;turth=0,2026-09-08T14:04:19.191282+00:00,5.47,percent,yes
4bae282534354e9f7568,bps_webapi,h3_release_reconciliation,domain=0000;var=1172;vervar=1900;turvar=0;th=120;turth=0,2026-09-08T23:38:59.693316+00:00,h3_province_webapi,domain=0000;var=1172;vervar=1900;turvar=0;th=120;turth=0,2026-09-08T14:04:19.191282+00:00,15763,rupiah_per_hour,yes
4c5f92c66e5b076aa080,bps_webapi,h3_release_reconciliation,domain=0000;var=1161;vervar=9100;turvar=0;th=121;turth=0,2026-09-08T23:38:59.693316+00:00,h3_province_webapi,domain=0000;var=1161;vervar=9100;turvar=0;th=121;turth=0,2026-09-08T14:04:19.191282+00:00,-5.52,percent,yes
4c72d9a1be06bd66a089,bps_webapi,h3_release_reconciliation,domain=0000;var=2153;vervar=5300;turvar=0;th=121;turth=0,2026-09-08T23:38:59.693316+00:00,h3_province_webapi,domain=0000;var=2153;vervar=5300;turvar=0;th=121;turth=0,2026-09-08T14:04:19.191282+00:00,75.97,percent,yes
4cdd5d0d41ed760bdd2a,bps_webapi,h3_release_reconciliation,domain=0000;var=1186;vervar=1400;turvar=0;th=120;turth=0,2026-09-08T23:38:59.693316+00:00,h3_province_webapi,domain=0000;var=1186;vervar=1400;turvar=0;th=120;turth=0,2026-09-08T14:04:19.191282+00:00,23.62,percent,yes
4ceddf056f8f1b740de0,bps_webapi,h3_release_reconciliation,domain=0000;var=1172;vervar=1200;turvar=0;th=121;turth=0,2026-09-08T23:38:59.693316+00:00,h3_province_webapi,domain=0000;var=1172;vervar=1200;turvar=0;th=121;turth=0,2026-09-08T14:04:19.191282+00:00,15486,rupiah_per_hour,yes
4d0110d326b0f9495340,bps_webapi,h3_release_reconciliation,domain=0000;var=2153;vervar=7100;turvar=0;th=122;turth=0,2026-09-08T23:38:59.693316+00:00,h3_province_webapi,domain=0000;var=2153;vervar=7100;turvar=0;th=122;turth=0,2026-09-08T14:04:19.191282+00:00,59.15,percent,yes
4d03f4673fc951a7a336,bps_webapi,h3_release_reconciliation,domain=0000;var=1172;vervar=8200;turvar=0;th=120;turth=0,2026-09-08T23:38:59.693316+00:00,h3_province_webapi,domain=0000;var=1172;vervar=8200;turvar=0;th=120;turth=0,2026-09-08T14:04:19.191282+00:00,23338,rupiah_per_hour,yes
4d73d10f65497f19fd11,bps_webapi,h3_release_reconciliation,domain=0000;var=1186;vervar=1500;turvar=0;th=121;turth=0,2026-09-08T23:38:59.693316+00:00,h3_province_webapi,domain=0000;var=1186;vervar=1500;turvar=0;th=121;turth=0,2026-09-08T14:04:19.191282+00:00,21.76,percent,yes
4d8209539651978541fa,bps_webapi,h3_release_reconciliation,domain=0000;var=1186;vervar=6300;turvar=0;th=122;turth=0,2026-09-08T23:38:59.693316+00:00,h3_province_webapi,domain=0000;var=1186;vervar=6300;turvar=0;th=122;turth=0,2026-09-08T14:04:19.191282+00:00,23.57,percent,yes
4dd1c20f798a57046eb1,bps_webapi,h3_release_reconciliation,domain=0000;var=1273;vervar=1300;turvar=0;th=121;turth=0,2026-09-08T23:38:59.693316+00:00,h3_province_webapi,domain=0000;var=1273;vervar=1300;turvar=0;th=121;turth=0,2026-09-08T14:04:19.191282+00:00,82.09,percent,yes
4ded1114dcbd697cd706,bps_webapi,h3_release_reconciliation,domain=0000;var=2153;vervar=7100;turvar=0;th=120;turth=0,2026-09-08T23:38:59.693316+00:00,h3_province_webapi,domain=0000;var=2153;vervar=7100;turvar=0;th=120;turth=0,2026-09-08T14:04:19.191282+00:00,60.46,percent,yes
4e406834ff0141846db3,bps_tpb_2024,h3_release_reconciliation,page=88;figure=Gambar 8.8;series=total;year=2023,2026-09-08T14:05:34.154058+00:00,h3_province_publication,pub=936a26d5d2b168b9971d3b02;page=275;column=21;year=2023,2026-09-08T14:05:34.154058+00:00,19027,rupiah_per_hour,yes
4e406834ff0141846db3,bps_webapi,h3_release_reconciliation,domain=0000;var=1172;vervar=9999;turvar=0;th=123;turth=0,2026-09-08T23:38:59.693316+00:00,h3_province_webapi,domain=0000;var=1172;vervar=9999;turvar=0;th=123;turth=0,2026-09-08T14:04:19.191282+00:00,19027,rupiah_per_hour,yes
4e9486990297d393a041,bps_webapi,h3_release_reconciliation,domain=0000;var=1172;vervar=3100;turvar=0;th=121;turth=0,2026-09-08T23:38:59.693316+00:00,h3_province_webapi,domain=0000;var=1172;vervar=3100;turvar=0;th=121;turth=0,2026-09-08T14:04:19.191282+00:00,30662,rupiah_per_hour,yes
4ea966be16dbb4460056,bps_webapi,h3_release_reconciliation,domain=0000;var=1161;vervar=5300;turvar=0;th=121;turth=0,2026-09-08T23:38:59.693316+00:00,h3_province_webapi,domain=0000;var=1161;vervar=5300;turvar=0;th=121;turth=0,2026-09-08T14:04:19.191282+00:00,-0.5,percent,yes
4f231a2ef6f4356b22ba,bps_webapi,h3_release_reconciliation,domain=0000;var=1273;vervar=7600;turvar=0;th=123;turth=0,2026-09-08T23:38:59.693316+00:00,h3_province_webapi,domain=0000;var=1273;vervar=7600;turvar=0;th=123;turth=0,2026-09-08T14:04:19.191282+00:00,77.18,percent,yes
4f8432fe4dc0468ed812,bps_webapi,h3_release_reconciliation,domain=0000;var=1172;vervar=6400;turvar=0;th=121;turth=0,2026-09-08T23:38:59.693316+00:00,h3_province_webapi,domain=0000;var=1172;vervar=6400;turvar=0;th=121;turth=0,2026-09-08T14:04:19.191282+00:00,23943,rupiah_per_hour,yes
4f99f185ba5ad748bc3f,bps_webapi,h3_release_reconciliation,domain=0000;var=1172;vervar=3600;turvar=0;th=121;turth=0,2026-09-08T23:38:59.693316+00:00,h3_province_webapi,domain=0000;var=1172;vervar=3600;turvar=0;th=121;turth=0,2026-09-08T14:04:19.191282+00:00,24839,rupiah_per_hour,yes
50288b52b0ce39bf7df5,bps_webapi,h3_release_reconciliation,domain=0000;var=1161;vervar=7100;turvar=0;th=120;turth=0,2026-09-08T23:38:59.693316+00:00,h3_province_webapi,domain=0000;var=1161;vervar=7100;turvar=0;th=120;turth=0,2026-09-08T14:04:19.191282+00:00,0.25,percent,yes
50f6100922fe012a45b0,bps_webapi,h3_release_reconciliation,domain=0000;var=1186;vervar=8100;turvar=0;th=121;turth=0,2026-09-08T23:38:59.693316+00:00,h3_province_webapi,domain=0000;var=1186;vervar=8100;turvar=0;th=121;turth=0,2026-09-08T14:04:19.191282+00:00,28.64,percent,yes
515c639bf63802cf9f2d,bps_webapi,h3_release_reconciliation,domain=0000;var=1161;vervar=6100;turvar=0;th=123;turth=0,2026-09-08T23:38:59.693316+00:00,h3_province_webapi,domain=0000;var=1161;vervar=6100;turvar=0;th=123;turth=0,2026-09-08T14:04:19.191282+00:00,-3.74,percent,yes
517ecae83227a869c269,bps_webapi,h3_release_reconciliation,domain=0000;var=2153;vervar=3400;turvar=0;th=121;turth=0,2026-09-08T23:38:59.693316+00:00,h3_province_webapi,domain=0000;var=2153;vervar=3400;turvar=0;th=121;turth=0,2026-09-08T14:04:19.191282+00:00,55.36,percent,yes
51b919c24ed6e3fdb198,bps_webapi,h3_release_reconciliation,domain=0000;var=1186;vervar=5100;turvar=0;th=123;turth=0,2026-09-08T23:38:59.693316+00:00,h3_province_webapi,domain=0000;var=1186;vervar=5100;turvar=0;th=123;turth=0,2026-09-08T14:04:19.191282+00:00,10.03,percent,yes
51def6ad5079add52f55,bps_webapi,h3_release_reconciliation,domain=0000;var=2153;vervar=5200;turvar=0;th=120;turth=0,2026-09-08T23:38:59.693316+00:00,h3_province_webapi,domain=0000;var=2153;vervar=5200;turvar=0;th=120;turth=0,2026-09-08T14:04:19.191282+00:00,73.47,percent,yes
52c771bbca32098da030,bps_tpb_2024,h3_release_reconciliation,page=70;figure=Gambar 6.2;series=total;year=2021,2026-09-08T14:05:34.154058+00:00,h3_province_publication,pub=936a26d5d2b168b9971d3b02;page=269;column=5;year=2021,2026-09-08T14:05:34.154058+00:00,79.59,percent,yes
52c771bbca32098da030,bps_webapi,h3_release_reconciliation,domain=0000;var=1273;vervar=9999;turvar=0;th=121;turth=0,2026-09-08T23:38:59.693316+00:00,h3_province_webapi,domain=0000;var=1273;vervar=9999;turvar=0;th=121;turth=0,2026-09-08T14:04:19.191282+00:00,79.59,percent,yes
52e5489790f8fcee327c,bps_webapi,h3_release_reconciliation,domain=0000;var=1186;vervar=6500;turvar=0;th=123;turth=0,2026-09-08T23:38:59.693316+00:00,h3_province_webapi,domain=0000;var=1186;vervar=6500;turvar=0;th=123;turth=0,2026-09-08T14:04:19.191282+00:00,18.16,percent,yes
53206278ce6aa88e2ae6,bps_webapi,h3_release_reconciliation,domain=0000;var=2153;vervar=7500;turvar=0;th=121;turth=0,2026-09-08T23:38:59.693316+00:00,h3_province_webapi,domain=0000;var=2153;vervar=7500;turvar=0;th=121;turth=0,2026-09-08T14:04:19.191282+00:00,62.39,percent,yes
53356d50bbde31035e69,bps_webapi,h3_release_reconciliation,domain=0000;var=1186;vervar=6100;turvar=0;th=122;turth=0,2026-09-08T23:38:59.693316+00:00,h3_province_webapi,domain=0000;var=1186;vervar=6100;turvar=0;th=122;turth=0,2026-09-08T14:04:19.191282+00:00,24.35,percent,yes
53c4ab453bbf60739df1,bps_webapi,h3_release_reconciliation,domain=0000;var=1186;vervar=1300;turvar=0;th=122;turth=0,2026-09-08T23:38:59.693316+00:00,h3_province_webapi,domain=0000;var=1186;vervar=1300;turvar=0;th=122;turth=0,2026-09-08T14:04:19.191282+00:00,20.23,percent,yes
53de4b5bdf6165273f0e,bps_webapi,h3_release_reconciliation,domain=0000;var=1161;vervar=1800;turvar=0;th=121;turth=0,2026-09-08T23:38:59.693316+00:00,h3_province_webapi,domain=0000;var=1161;vervar=1800;turvar=0;th=121;turth=0,2026-09-08T14:04:19.191282+00:00,2.66,percent,yes
540c127d46e81e4fd555,bps_webapi,h3_release_reconciliation,domain=0000;var=2153;vervar=1400;turvar=0;th=120;turth=0,2026-09-08T23:38:59.693316+00:00,h3_province_webapi,domain=0000;var=2153;vervar=1400;turvar=0;th=120;turth=0,2026-09-08T14:04:19.191282+00:00,55.97,percent,yes
5423a2d3050172fc0a2a,bps_webapi,h3_release_reconciliation,domain=0000;var=1172;vervar=3100;turvar=0;th=123;turth=0,2026-09-08T23:38:59.693316+00:00,h3_province_webapi,domain=0000;var=1172;vervar=3100;turvar=0;th=123;turth=0,2026-09-08T14:04:19.191282+00:00,42354,rupiah_per_hour,yes
542587595e3d6111876e,bps_webapi,h3_release_reconciliation,domain=0000;var=1186;vervar=6300;turvar=0;th=123;turth=0,2026-09-08T23:38:59.693316+00:00,h3_province_webapi,domain=0000;var=1186;vervar=6300;turvar=0;th=123;turth=0,2026-09-08T14:04:19.191282+00:00,21.17,percent,yes
543b5d4db5e820498bcb,bps_webapi,h3_release_reconciliation,domain=0000;var=1161;vervar=7300;turvar=0;th=121;turth=0,2026-09-08T23:38:59.693316+00:00,h3_province_webapi,domain=0000;var=1161;vervar=7300;turvar=0;th=121;turth=0,2026-09-08T14:04:19.191282+00:00,0.78,percent,yes
54d1872d6cb0d7fe1ef3,bps_webapi,h3_release_reconciliation,domain=0000;var=1186;vervar=6300;turvar=0;th=120;turth=0,2026-09-08T23:38:59.693316+00:00,h3_province_webapi,domain=0000;var=1186;vervar=6300;turvar=0;th=120;turth=0,2026-09-08T14:04:19.191282+00:00,21.16,percent,yes
55da46639fd99ab38bb9,bps_webapi,h3_release_reconciliation,domain=0000;var=1172;vervar=6500;turvar=0;th=120;turth=0,2026-09-08T23:38:59.693316+00:00,h3_province_webapi,domain=0000;var=1172;vervar=6500;turvar=0;th=120;turth=0,2026-09-08T14:04:19.191282+00:00,26002,rupiah_per_hour,yes
55f31241537c394ab901,bps_webapi,h3_release_reconciliation,domain=0000;var=1273;vervar=1600;turvar=0;th=121;turth=0,2026-09-08T23:38:59.693316+00:00,h3_province_webapi,domain=0000;var=1273;vervar=1600;turvar=0;th=121;turth=0,2026-09-08T14:04:19.191282+00:00,75.28,percent,yes
5782f95247e0d3221c62,bps_webapi,h3_release_reconciliation,domain=0000;var=1273;vervar=1300;turvar=0;th=122;turth=0,2026-09-08T23:38:59.693316+00:00,h3_province_webapi,domain=0000;var=1273;vervar=1300;turvar=0;th=122;turth=0,2026-09-08T14:04:19.191282+00:00,81.33,percent,yes
57b5036396a9316b5ba9,bps_webapi,h3_release_reconciliation,domain=0000;var=1172;vervar=3500;turvar=0;th=120;turth=0,2026-09-08T23:38:59.693316+00:00,h3_province_webapi,domain=0000;var=1172;vervar=3500;turvar=0;th=120;turth=0,2026-09-08T14:04:19.191282+00:00,14389,rupiah_per_hour,yes
58584a462481f4fb3a6e,bps_webapi,h3_release_reconciliation,domain=0000;var=1273;vervar=7500;turvar=0;th=122;turth=0,2026-09-08T23:38:59.693316+00:00,h3_province_webapi,domain=0000;var=1273;vervar=7500;turvar=0;th=122;turth=0,2026-09-08T14:04:19.191282+00:00,85.34,percent,yes
58649a93db5d9b65cb59,bps_webapi,h3_release_reconciliation,domain=0000;var=1161;vervar=1900;turvar=0;th=122;turth=0,2026-09-08T23:38:59.693316+00:00,h3_province_webapi,domain=0000;var=1161;vervar=1900;turvar=0;th=122;turth=0,2026-09-08T14:04:19.191282+00:00,0.18,percent,yes
587c7aeb29a10e537579,bps_webapi,h3_release_reconciliation,domain=0000;var=1172;vervar=9400;turvar=0;th=121;turth=0,2026-09-08T23:38:59.693316+00:00,h3_province_webapi,domain=0000;var=1172;vervar=9400;turvar=0;th=121;turth=0,2026-09-08T14:04:19.191282+00:00,30382,rupiah_per_hour,yes
587ebf00dcf99c56875a,bps_webapi,h3_release_reconciliation,domain=0000;var=2153;vervar=3400;turvar=0;th=120;turth=0,2026-09-08T23:38:59.693316+00:00,h3_province_webapi,domain=0000;var=2153;vervar=3400;turvar=0;th=120;turth=0,2026-09-08T14:04:19.191282+00:00,57.41,percent,yes
58f7b596b7bae4bcf9bd,bps_webapi,h3_release_reconciliation,domain=0000;var=1273;vervar=6300;turvar=0;th=123;turth=0,2026-09-08T23:38:59.693316+00:00,h3_province_webapi,domain=0000;var=1273;vervar=6300;turvar=0;th=123;turth=0,2026-09-08T14:04:19.191282+00:00,83.31,percent,yes
59a1fe7c0d31137fed93,bps_webapi,h3_release_reconciliation,domain=0000;var=2153;vervar=1200;turvar=0;th=120;turth=0,2026-09-08T23:38:59.693316+00:00,h3_province_webapi,domain=0000;var=2153;vervar=1200;turvar=0;th=120;turth=0,2026-09-08T14:04:19.191282+00:00,59.62,percent,yes
59f2b23bd7742b30eaa0,bps_webapi,h3_release_reconciliation,domain=0000;var=1273;vervar=6500;turvar=0;th=121;turth=0,2026-09-08T23:38:59.693316+00:00,h3_province_webapi,domain=0000;var=1273;vervar=6500;turvar=0;th=121;turth=0,2026-09-08T14:04:19.191282+00:00,87.73,percent,yes
5a51398adffdcb393b64,bps_webapi,h3_release_reconciliation,domain=0000;var=1186;vervar=5100;turvar=0;th=122;turth=0,2026-09-08T23:38:59.693316+00:00,h3_province_webapi,domain=0000;var=1186;vervar=5100;turvar=0;th=122;turth=0,2026-09-08T14:04:19.191282+00:00,11.32,percent,yes
5ace90659bbcfb3b9723,bps_webapi,h3_release_reconciliation,domain=0000;var=1186;vervar=8200;turvar=0;th=122;turth=0,2026-09-08T23:38:59.693316+00:00,h3_province_webapi,domain=0000;var=1186;vervar=8200;turvar=0;th=122;turth=0,2026-09-08T14:04:19.191282+00:00,29.52,percent,yes
5ad7ef18d4a2d7a1f99d,bps_webapi,h3_release_reconciliation,domain=0000;var=1172;vervar=1200;turvar=0;th=123;turth=0,2026-09-08T23:38:59.693316+00:00,h3_province_webapi,domain=0000;var=1172;vervar=1200;turvar=0;th=123;turth=0,2026-09-08T14:04:19.191282+00:00,17609,rupiah_per_hour,yes
5b19f68453dddba27d6c,bps_webapi,h3_release_reconciliation,domain=0000;var=1172;vervar=1700;turvar=0;th=122;turth=0,2026-09-08T23:38:59.693316+00:00,h3_province_webapi,domain=0000;var=1172;vervar=1700;turvar=0;th=122;turth=0,2026-09-08T14:04:19.191282+00:00,16501,rupiah_per_hour,yes
5b58381fc71191313c77,bps_webapi,h3_release_reconciliation,domain=0000;var=1172;vervar=5200;turvar=0;th=123;turth=0,2026-09-08T23:38:59.693316+00:00,h3_province_webapi,domain=0000;var=1172;vervar=5200;turvar=0;th=123;turth=0,2026-09-08T14:04:19.191282+00:00,12933,rupiah_per_hour,yes
5b87881917940e2973cb,bps_webapi,h3_release_reconciliation,domain=0000;var=2153;vervar=3300;turvar=0;th=123;turth=0,2026-09-08T23:38:59.693316+00:00,h3_province_webapi,domain=0000;var=2153;vervar=3300;turvar=0;th=123;turth=0,2026-09-08T14:04:19.191282+00:00,60.39,percent,yes
5c3c5913969904faba55,bps_webapi,h3_release_reconciliation,domain=0000;var=1186;vervar=3600;turvar=0;th=122;turth=0,2026-09-08T23:38:59.693316+00:00,h3_province_webapi,domain=0000;var=1186;vervar=3600;turvar=0;th=122;turth=0,2026-09-08T14:04:19.191282+00:00,27.29,percent,yes
5c76c51b9b5535f50380,bps_tpb_2024,h3_release_reconciliation,page=86;figure=Gambar 8.3;series=total;year=2021,2026-09-08T14:05:34.154058+00:00,h3_province_publication,pub=936a26d5d2b168b9971d3b02;page=274;column=11;year=2021,2026-09-08T14:05:34.154058+00:00,1.65,percent,yes
5c76c51b9b5535f50380,bps_webapi,h3_release_reconciliation,domain=0000;var=1161;vervar=9999;turvar=0;th=121;turth=0,2026-09-08T23:38:59.693316+00:00,h3_province_webapi,domain=0000;var=1161;vervar=9999;turvar=0;th=121;turth=0,2026-09-08T14:04:19.191282+00:00,1.65,percent,yes
5c99d5b81587757ee9fc,bps_webapi,h3_release_reconciliation,domain=0000;var=1161;vervar=3100;turvar=0;th=121;turth=0,2026-09-08T23:38:59.693316+00:00,h3_province_webapi,domain=0000;var=1161;vervar=3100;turvar=0;th=121;turth=0,2026-09-08T14:04:19.191282+00:00,1.85,percent,yes
5d97fa09fce14a36bc8d,bps_webapi,h3_release_reconciliation,domain=0000;var=1161;vervar=8200;turvar=0;th=122;turth=0,2026-09-08T23:38:59.693316+00:00,h3_province_webapi,domain=0000;var=1161;vervar=8200;turvar=0;th=122;turth=0,2026-09-08T14:04:19.191282+00:00,19.52,percent,yes
5e3de66c8e90437ded8f,bps_webapi,h3_release_reconciliation,domain=0000;var=1161;vervar=7200;turvar=0;th=122;turth=0,2026-09-08T23:38:59.693316+00:00,h3_province_webapi,domain=0000;var=1161;vervar=7200;turvar=0;th=122;turth=0,2026-09-08T14:04:19.191282+00:00,10.75,percent,yes
5e9e11ef2ebe38c90b1f,bps_webapi,h3_release_reconciliation,domain=0000;var=1161;vervar=6400;turvar=0;th=123;turth=0,2026-09-08T23:38:59.693316+00:00,h3_province_webapi,domain=0000;var=1161;vervar=6400;turvar=0;th=123;turth=0,2026-09-08T14:04:19.191282+00:00,0.45,percent,yes
5eb0c01f797e6e10e171,bps_webapi,h3_release_reconciliation,domain=0000;var=1186;vervar=1500;turvar=0;th=122;turth=0,2026-09-08T23:38:59.693316+00:00,h3_province_webapi,domain=0000;var=1186;vervar=1500;turvar=0;th=122;turth=0,2026-09-08T14:04:19.191282+00:00,23.86,percent,yes
5ecefe923d1e2d2e3d73,bps_webapi,h3_release_reconciliation,domain=0000;var=1186;vervar=6400;turvar=0;th=123;turth=0,2026-09-08T23:38:59.693316+00:00,h3_province_webapi,domain=0000;var=1186;vervar=6400;turvar=0;th=123;turth=0,2026-09-08T14:04:19.191282+00:00,18.66,percent,yes
5f726171562e16058d79,bps_webapi,h3_release_reconciliation,domain=0000;var=1172;vervar=6400;turvar=0;th=122;turth=0,2026-09-08T23:38:59.693316+00:00,h3_province_webapi,domain=0000;var=1172;vervar=6400;turvar=0;th=122;turth=0,2026-09-08T14:04:19.191282+00:00,22281,rupiah_per_hour,yes
5f7c56483d9f72ed8319,bps_webapi,h3_release_reconciliation,domain=0000;var=1161;vervar=1500;turvar=0;th=120;turth=0,2026-09-08T23:38:59.693316+00:00,h3_province_webapi,domain=0000;var=1161;vervar=1500;turvar=0;th=120;turth=0,2026-09-08T14:04:19.191282+00:00,-3.68,percent,yes
5f8718a3e486bd127010,bps_webapi,h3_release_reconciliation,domain=0000;var=2153;vervar=1900;turvar=0;th=122;turth=0,2026-09-08T23:38:59.693316+00:00,h3_province_webapi,domain=0000;var=2153;vervar=1900;turvar=0;th=122;turth=0,2026-09-08T14:04:19.191282+00:00,49.63,percent,yes
5fde566c3ccc36d3e886,bps_webapi,h3_release_reconciliation,domain=0000;var=1161;vervar=3500;turvar=0;th=123;turth=0,2026-09-08T23:38:59.693316+00:00,h3_province_webapi,domain=0000;var=1161;vervar=3500;turvar=0;th=123;turth=0,2026-09-08T14:04:19.191282+00:00,-0.09,percent,yes
60a4481dbb89a3ac6f8a,bps_webapi,h3_release_reconciliation,domain=0000;var=1161;vervar=3500;turvar=0;th=120;turth=0,2026-09-08T23:38:59.693316+00:00,h3_province_webapi,domain=0000;var=1161;vervar=3500;turvar=0;th=120;turth=0,2026-09-08T14:04:19.191282+00:00,-2.01,percent,yes
60e140c83bba80de57f7,bps_webapi,h3_release_reconciliation,domain=0000;var=2153;vervar=6100;turvar=0;th=123;turth=0,2026-09-08T23:38:59.693316+00:00,h3_province_webapi,domain=0000;var=2153;vervar=6100;turvar=0;th=123;turth=0,2026-09-08T14:04:19.191282+00:00,59.69,percent,yes
60f33fbee446081cd7fc,bps_webapi,h3_release_reconciliation,domain=0000;var=2153;vervar=5200;turvar=0;th=122;turth=0,2026-09-08T23:38:59.693316+00:00,h3_province_webapi,domain=0000;var=2153;vervar=5200;turvar=0;th=122;turth=0,2026-09-08T14:04:19.191282+00:00,75.36,percent,yes
616a95fa920b7ef78ead,bps_webapi,h3_release_reconciliation,domain=0000;var=1273;vervar=8200;turvar=0;th=121;turth=0,2026-09-08T23:38:59.693316+00:00,h3_province_webapi,domain=0000;var=1273;vervar=8200;turvar=0;th=121;turth=0,2026-09-08T14:04:19.191282+00:00,81.21,percent,yes
61a58f1dacf1a7849ec8,bps_webapi,h3_release_reconciliation,domain=0000;var=1172;vervar=1100;turvar=0;th=121;turth=0,2026-09-08T23:38:59.693316+00:00,h3_province_webapi,domain=0000;var=1172;vervar=1100;turvar=0;th=121;turth=0,2026-09-08T14:04:19.191282+00:00,17037,rupiah_per_hour,yes
6209c5960f01c6f6dfbb,bps_webapi,h3_release_reconciliation,domain=0000;var=1172;vervar=7300;turvar=0;th=120;turth=0,2026-09-08T23:38:59.693316+00:00,h3_province_webapi,domain=0000;var=1172;vervar=7300;turvar=0;th=120;turth=0,2026-09-08T14:04:19.191282+00:00,19172,rupiah_per_hour,yes
62a6faa3e9e69315b35a,bps_webapi,h3_release_reconciliation,domain=0000;var=1172;vervar=7300;turvar=0;th=122;turth=0,2026-09-08T23:38:59.693316+00:00,h3_province_webapi,domain=0000;var=1172;vervar=7300;turvar=0;th=122;turth=0,2026-09-08T14:04:19.191282+00:00,17257,rupiah_per_hour,yes
62adc2586ab7df53795c,bps_webapi,h3_release_reconciliation,domain=0000;var=2153;vervar=1600;turvar=0;th=122;turth=0,2026-09-08T23:38:59.693316+00:00,h3_province_webapi,domain=0000;var=2153;vervar=1600;turvar=0;th=122;turth=0,2026-09-08T14:04:19.191282+00:00,63.28,percent,yes
62fdd40ed2c0fd2cfea6,bps_webapi,h3_release_reconciliation,domain=0000;var=1273;vervar=6500;turvar=0;th=122;turth=0,2026-09-08T23:38:59.693316+00:00,h3_province_webapi,domain=0000;var=1273;vervar=6500;turvar=0;th=122;turth=0,2026-09-08T14:04:19.191282+00:00,88.33,percent,yes
634be85fe5d1982c0f20,bps_webapi,h3_release_reconciliation,domain=0000;var=1172;vervar=5300;turvar=0;th=121;turth=0,2026-09-08T23:38:59.693316+00:00,h3_province_webapi,domain=0000;var=1172;vervar=5300;turvar=0;th=121;turth=0,2026-09-08T14:04:19.191282+00:00,16386,rupiah_per_hour,yes
63e5a660b477979016c5,bps_webapi,h3_release_reconciliation,domain=0000;var=1186;vervar=7500;turvar=0;th=122;turth=0,2026-09-08T23:38:59.693316+00:00,h3_province_webapi,domain=0000;var=1186;vervar=7500;turvar=0;th=122;turth=0,2026-09-08T14:04:19.191282+00:00,28.03,percent,yes
64143136059d15fcf268,bps_webapi,h3_release_reconciliation,domain=0000;var=1161;vervar=7100;turvar=0;th=122;turth=0,2026-09-08T23:38:59.693316+00:00,h3_province_webapi,domain=0000;var=1161;vervar=7100;turvar=0;th=122;turth=0,2026-09-08T14:04:19.191282+00:00,2.41,percent,yes
64753f59587de88f8155,bps_webapi,h3_release_reconciliation,domain=0000;var=1273;vervar=5200;turvar=0;th=121;turth=0,2026-09-08T23:38:59.693316+00:00,h3_province_webapi,domain=0000;var=1273;vervar=5200;turvar=0;th=121;turth=0,2026-09-08T14:04:19.191282+00:00,75.1,percent,yes
649bda4c8af407cee1b4,bps_webapi,h3_release_reconciliation,domain=0000;var=2153;vervar=6300;turvar=0;th=121;turth=0,2026-09-08T23:38:59.693316+00:00,h3_province_webapi,domain=0000;var=2153;vervar=6300;turvar=0;th=121;turth=0,2026-09-08T14:04:19.191282+00:00,59.63,percent,yes
651eef0f205a7b293f14,bps_webapi,h3_release_reconciliation,domain=0000;var=1273;vervar=3200;turvar=0;th=123;turth=0,2026-09-08T23:38:59.693316+00:00,h3_province_webapi,domain=0000;var=1273;vervar=3200;turvar=0;th=123;turth=0,2026-09-08T14:04:19.191282+00:00,82.03,percent,yes
65371277a9a0f4dc4379,bps_webapi,h3_release_reconciliation,domain=0000;var=1273;vervar=3300;turvar=0;th=121;turth=0,2026-09-08T23:38:59.693316+00:00,h3_province_webapi,domain=0000;var=1273;vervar=3300;turvar=0;th=121;turth=0,2026-09-08T14:04:19.191282+00:00,85.81,percent,yes
6545ef08fbd919c554e3,bps_webapi,h3_release_reconciliation,domain=0000;var=1172;vervar=6100;turvar=0;th=123;turth=0,2026-09-08T23:38:59.693316+00:00,h3_province_webapi,domain=0000;var=1172;vervar=6100;turvar=0;th=123;turth=0,2026-09-08T14:04:19.191282+00:00,19303,rupiah_per_hour,yes
6629951cec17609d6b23,bps_webapi,h3_release_reconciliation,domain=0000;var=1186;vervar=3600;turvar=0;th=123;turth=0,2026-09-08T23:38:59.693316+00:00,h3_province_webapi,domain=0000;var=1186;vervar=3600;turvar=0;th=123;turth=0,2026-09-08T14:04:19.191282+00:00,28.8,percent,yes
66b7945b02fa9fe24df8,bps_webapi,h3_release_reconciliation,domain=0000;var=1161;vervar=3400;turvar=0;th=123;turth=0,2026-09-08T23:38:59.693316+00:00,h3_province_webapi,domain=0000;var=1161;vervar=3400;turvar=0;th=123;turth=0,2026-09-08T14:04:19.191282+00:00,10.05,percent,yes
6734bcce1ed674523d32,bps_webapi,h3_release_reconciliation,domain=0000;var=1161;vervar=1300;turvar=0;th=122;turth=0,2026-09-08T23:38:59.693316+00:00,h3_province_webapi,domain=0000;var=1161;vervar=1300;turvar=0;th=122;turth=0,2026-09-08T14:04:19.191282+00:00,0.22,percent,yes
67ad11f9143a2df1d42c,bps_webapi,h3_release_reconciliation,domain=0000;var=1172;vervar=1600;turvar=0;th=122;turth=0,2026-09-08T23:38:59.693316+00:00,h3_province_webapi,domain=0000;var=1172;vervar=1600;turvar=0;th=122;turth=0,2026-09-08T14:04:19.191282+00:00,15978,rupiah_per_hour,yes
68665aa24383b5055362,bps_webapi,h3_release_reconciliation,domain=0000;var=1161;vervar=1300;turvar=0;th=123;turth=0,2026-09-08T23:38:59.693316+00:00,h3_province_webapi,domain=0000;var=1161;vervar=1300;turvar=0;th=123;turth=0,2026-09-08T14:04:19.191282+00:00,-1.14,percent,yes
687456dab391a2c1c82b,bps_webapi,h3_release_reconciliation,domain=0000;var=1161;vervar=6300;turvar=0;th=121;turth=0,2026-09-08T23:38:59.693316+00:00,h3_province_webapi,domain=0000;var=1161;vervar=6300;turvar=0;th=121;turth=0,2026-09-08T14:04:19.191282+00:00,2.2,percent,yes
68869e15438d6e01233c,bps_webapi,h3_release_reconciliation,domain=0000;var=2153;vervar=9100;turvar=0;th=121;turth=0,2026-09-08T23:38:59.693316+00:00,h3_province_webapi,domain=0000;var=2153;vervar=9100;turvar=0;th=121;turth=0,2026-09-08T14:04:19.191282+00:00,57.92,percent,yes
690f38e858ab8852b2ee,bps_webapi,h3_release_reconciliation,domain=0000;var=1186;vervar=3600;turvar=0;th=120;turth=0,2026-09-08T23:38:59.693316+00:00,h3_province_webapi,domain=0000;var=1186;vervar=3600;turvar=0;th=120;turth=0,2026-09-08T14:04:19.191282+00:00,27.5,percent,yes
6989934cf54f82254142,bps_webapi,h3_release_reconciliation,domain=0000;var=1273;vervar=1500;turvar=0;th=121;turth=0,2026-09-08T23:38:59.693316+00:00,h3_province_webapi,domain=0000;var=1273;vervar=1500;turvar=0;th=121;turth=0,2026-09-08T14:04:19.191282+00:00,73.41,percent,yes
699a45880badf3c1d71e,bps_webapi,h3_release_reconciliation,domain=0000;var=1172;vervar=3500;turvar=0;th=121;turth=0,2026-09-08T23:38:59.693316+00:00,h3_province_webapi,domain=0000;var=1172;vervar=3500;turvar=0;th=121;turth=0,2026-09-08T14:04:19.191282+00:00,14789,rupiah_per_hour,yes
69be84875f78c8462fe5,bps_webapi,h3_release_reconciliation,domain=0000;var=1186;vervar=7400;turvar=0;th=121;turth=0,2026-09-08T23:38:59.693316+00:00,h3_province_webapi,domain=0000;var=1186;vervar=7400;turvar=0;th=121;turth=0,2026-09-08T14:04:19.191282+00:00,19.87,percent,yes
6b546be3d91be7349030,bps_webapi,h3_release_reconciliation,domain=0000;var=1186;vervar=5200;turvar=0;th=123;turth=0,2026-09-08T23:38:59.693316+00:00,h3_province_webapi,domain=0000;var=1186;vervar=5200;turvar=0;th=123;turth=0,2026-09-08T14:04:19.191282+00:00,20.45,percent,yes
6b71e3970ad7208d5966,bps_webapi,h3_release_reconciliation,domain=0000;var=1273;vervar=1600;turvar=0;th=122;turth=0,2026-09-08T23:38:59.693316+00:00,h3_province_webapi,domain=0000;var=1273;vervar=1600;turvar=0;th=122;turth=0,2026-09-08T14:04:19.191282+00:00,73.99,percent,yes
6bb19ae03f79a3148097,bps_webapi,h3_release_reconciliation,domain=0000;var=2153;vervar=1500;turvar=0;th=120;turth=0,2026-09-08T23:38:59.693316+00:00,h3_province_webapi,domain=0000;var=2153;vervar=1500;turvar=0;th=120;turth=0,2026-09-08T14:04:19.191282+00:00,62.74,percent,yes
6bf23f618f322d75c888,bps_webapi,h3_release_reconciliation,domain=0000;var=1273;vervar=8100;turvar=0;th=123;turth=0,2026-09-08T23:38:59.693316+00:00,h3_province_webapi,domain=0000;var=1273;vervar=8100;turvar=0;th=123;turth=0,2026-09-08T14:04:19.191282+00:00,74.11,percent,yes
6c02dbf0b9bf24729714,bps_webapi,h3_release_reconciliation,domain=0000;var=2153;vervar=9400;turvar=0;th=122;turth=0,2026-09-08T23:38:59.693316+00:00,h3_province_webapi,domain=0000;var=2153;vervar=9400;turvar=0;th=122;turth=0,2026-09-08T14:04:19.191282+00:00,84.11,percent,yes
6c365e4a32dc2fa619ef,bps_webapi,h3_release_reconciliation,domain=0000;var=2153;vervar=1700;turvar=0;th=122;turth=0,2026-09-08T23:38:59.693316+00:00,h3_province_webapi,domain=0000;var=2153;vervar=1700;turvar=0;th=122;turth=0,2026-09-08T14:04:19.191282+00:00,67.54,percent,yes
6c4859555ac6c2c83573,bps_tpb_2024,h3_release_reconciliation,page=90;figure=Gambar 8.11;series=total;year=2020,2026-09-08T14:05:34.154058+00:00,h3_province_publication,pub=936a26d5d2b168b9971d3b02;page=276;column=30;year=2020,2026-09-08T14:05:34.154058+00:00,24.28,percent,yes
6c4859555ac6c2c83573,bps_webapi,h3_release_reconciliation,domain=0000;var=1186;vervar=9999;turvar=0;th=120;turth=0,2026-09-08T23:38:59.693316+00:00,h3_province_webapi,domain=0000;var=1186;vervar=9999;turvar=0;th=120;turth=0,2026-09-08T14:04:19.191282+00:00,24.28,percent,yes
6d0afead3b13f6fbb52d,bps_webapi,h3_release_reconciliation,domain=0000;var=1273;vervar=7500;turvar=0;th=121;turth=0,2026-09-08T23:38:59.693316+00:00,h3_province_webapi,domain=0000;var=1273;vervar=7500;turvar=0;th=121;turth=0,2026-09-08T14:04:19.191282+00:00,86.87,percent,yes
6df684ac904051a6b888,bps_webapi,h3_release_reconciliation,domain=0000;var=1186;vervar=7200;turvar=0;th=120;turth=0,2026-09-08T23:38:59.693316+00:00,h3_province_webapi,domain=0000;var=1186;vervar=7200;turvar=0;th=120;turth=0,2026-09-08T14:04:19.191282+00:00,22.23,percent,yes
6dfb83d349dd9913c7b7,bps_webapi,h3_release_reconciliation,domain=0000;var=1273;vervar=1400;turvar=0;th=121;turth=0,2026-09-08T23:38:59.693316+00:00,h3_province_webapi,domain=0000;var=1273;vervar=1400;turvar=0;th=121;turth=0,2026-09-08T14:04:19.191282+00:00,74.93,percent,yes
6e86d2028d9796b9edb7,bps_webapi,h3_release_reconciliation,domain=0000;var=1172;vervar=9100;turvar=0;th=121;turth=0,2026-09-08T23:38:59.693316+00:00,h3_province_webapi,domain=0000;var=1172;vervar=9100;turvar=0;th=121;turth=0,2026-09-08T14:04:19.191282+00:00,29600,rupiah_per_hour,yes
6eda57baea6b7ccd1ac3,bps_webapi,h3_release_reconciliation,domain=0000;var=1273;vervar=6300;turvar=0;th=121;turth=0,2026-09-08T23:38:59.693316+00:00,h3_province_webapi,domain=0000;var=1273;vervar=6300;turvar=0;th=121;turth=0,2026-09-08T14:04:19.191282+00:00,87.16,percent,yes
6edd167a9668320517ea,bps_webapi,h3_release_reconciliation,domain=0000;var=1161;vervar=1100;turvar=0;th=120;turth=0,2026-09-08T23:38:59.693316+00:00,h3_province_webapi,domain=0000;var=1161;vervar=1100;turvar=0;th=120;turth=0,2026-09-08T14:04:19.191282+00:00,-4.73,percent,yes
6ee035361435fc34384d,bps_webapi,h3_release_reconciliation,domain=0000;var=1161;vervar=6500;turvar=0;th=122;turth=0,2026-09-08T23:38:59.693316+00:00,h3_province_webapi,domain=0000;var=1161;vervar=6500;turvar=0;th=122;turth=0,2026-09-08T14:04:19.191282+00:00,0.61,percent,yes
70a0b5c8384f9d0714b5,bps_webapi,h3_release_reconciliation,domain=0000;var=1172;vervar=1500;turvar=0;th=123;turth=0,2026-09-08T23:38:59.693316+00:00,h3_province_webapi,domain=0000;var=1172;vervar=1500;turvar=0;th=123;turth=0,2026-09-08T14:04:19.191282+00:00,17596,rupiah_per_hour,yes
70e97b2b0f6bd98c5686,bps_webapi,h3_release_reconciliation,domain=0000;var=1186;vervar=1200;turvar=0;th=121;turth=0,2026-09-08T23:38:59.693316+00:00,h3_province_webapi,domain=0000;var=1186;vervar=1200;turvar=0;th=121;turth=0,2026-09-08T14:04:19.191282+00:00,20.29,percent,yes
71a013b45f47a8aefa7d,bps_webapi,h3_release_reconciliation,domain=0000;var=1161;vervar=2100;turvar=0;th=123;turth=0,2026-09-08T23:38:59.693316+00:00,h3_province_webapi,domain=0000;var=1161;vervar=2100;turvar=0;th=123;turth=0,2026-09-08T14:04:19.191282+00:00,19.25,percent,yes
71d00b60dac052d58211,bps_webapi,h3_release_reconciliation,domain=0000;var=1161;vervar=1800;turvar=0;th=120;turth=0,2026-09-08T23:38:59.693316+00:00,h3_province_webapi,domain=0000;var=1161;vervar=1800;turvar=0;th=120;turth=0,2026-09-08T14:04:19.191282+00:00,-3.82,percent,yes
722806c88a850b189534,bps_webapi,h3_release_reconciliation,domain=0000;var=1161;vervar=1400;turvar=0;th=122;turth=0,2026-09-08T23:38:59.693316+00:00,h3_province_webapi,domain=0000;var=1161;vervar=1400;turvar=0;th=122;turth=0,2026-09-08T14:04:19.191282+00:00,3.89,percent,yes
7274021d70251590d344,bps_webapi,h3_release_reconciliation,domain=0000;var=2153;vervar=9100;turvar=0;th=123;turth=0,2026-09-08T23:38:59.693316+00:00,h3_province_webapi,domain=0000;var=2153;vervar=9100;turvar=0;th=123;turth=0,2026-09-08T14:04:19.191282+00:00,58.55,percent,yes
72a99fa28dd7674675b8,bps_webapi,h3_release_reconciliation,domain=0000;var=1273;vervar=9100;turvar=0;th=123;turth=0,2026-09-08T23:38:59.693316+00:00,h3_province_webapi,domain=0000;var=1273;vervar=9100;turvar=0;th=123;turth=0,2026-09-08T14:04:19.191282+00:00,65.38,percent,yes
72b05ba9e626aa9ff3d4,bps_webapi,h3_release_reconciliation,domain=0000;var=1186;vervar=1100;turvar=0;th=121;turth=0,2026-09-08T23:38:59.693316+00:00,h3_province_webapi,domain=0000;var=1186;vervar=1100;turvar=0;th=121;turth=0,2026-09-08T14:04:19.191282+00:00,24.38,percent,yes
72d9e54a5b8cd2831fd1,bps_webapi,h3_release_reconciliation,domain=0000;var=1273;vervar=3400;turvar=0;th=122;turth=0,2026-09-08T23:38:59.693316+00:00,h3_province_webapi,domain=0000;var=1273;vervar=3400;turvar=0;th=122;turth=0,2026-09-08T14:04:19.191282+00:00,86.08,percent,yes
732d49a40e51674132b0,bps_webapi,h3_release_reconciliation,domain=0000;var=1186;vervar=3100;turvar=0;th=121;turth=0,2026-09-08T23:38:59.693316+00:00,h3_province_webapi,domain=0000;var=1186;vervar=3100;turvar=0;th=121;turth=0,2026-09-08T14:04:19.191282+00:00,20.47,percent,yes
73db516d706e1bc82a3e,bps_webapi,h3_release_reconciliation,domain=0000;var=1172;vervar=1900;turvar=0;th=122;turth=0,2026-09-08T23:38:59.693316+00:00,h3_province_webapi,domain=0000;var=1172;vervar=1900;turvar=0;th=122;turth=0,2026-09-08T14:04:19.191282+00:00,18132,rupiah_per_hour,yes
742291876df85e87fc87,bps_webapi,h3_release_reconciliation,domain=0000;var=1172;vervar=1700;turvar=0;th=121;turth=0,2026-09-08T23:38:59.693316+00:00,h3_province_webapi,domain=0000;var=1172;vervar=1700;turvar=0;th=121;turth=0,2026-09-08T14:04:19.191282+00:00,18271,rupiah_per_hour,yes
742898b2036db5353e71,bps_tpb_2024,h3_release_reconciliation,page=88;figure=Gambar 8.8;series=total;year=2022,2026-09-08T14:05:34.154058+00:00,h3_province_publication,pub=936a26d5d2b168b9971d3b02;page=275;column=20;year=2022,2026-09-08T14:05:34.154058+00:00,17542,rupiah_per_hour,yes
742898b2036db5353e71,bps_webapi,h3_release_reconciliation,domain=0000;var=1172;vervar=9999;turvar=0;th=122;turth=0,2026-09-08T23:38:59.693316+00:00,h3_province_webapi,domain=0000;var=1172;vervar=9999;turvar=0;th=122;turth=0,2026-09-08T14:04:19.191282+00:00,17542,rupiah_per_hour,yes
744639979df7182c553b,bps_webapi,h3_release_reconciliation,domain=0000;var=2153;vervar=7400;turvar=0;th=121;turth=0,2026-09-08T23:38:59.693316+00:00,h3_province_webapi,domain=0000;var=2153;vervar=7400;turvar=0;th=121;turth=0,2026-09-08T14:04:19.191282+00:00,62.81,percent,yes
74483c70430db4d7bbea,bps_webapi,h3_release_reconciliation,domain=0000;var=2153;vervar=6400;turvar=0;th=120;turth=0,2026-09-08T23:38:59.693316+00:00,h3_province_webapi,domain=0000;var=2153;vervar=6400;turvar=0;th=120;turth=0,2026-09-08T14:04:19.191282+00:00,47.14,percent,yes
75083027157e53f31894,bps_webapi,h3_release_reconciliation,domain=0000;var=1172;vervar=6200;turvar=0;th=122;turth=0,2026-09-08T23:38:59.693316+00:00,h3_province_webapi,domain=0000;var=1172;vervar=6200;turvar=0;th=122;turth=0,2026-09-08T14:04:19.191282+00:00,19795,rupiah_per_hour,yes
7576d78acd9033910592,bps_webapi,h3_release_reconciliation,domain=0000;var=1172;vervar=5200;turvar=0;th=122;turth=0,2026-09-08T23:38:59.693316+00:00,h3_province_webapi,domain=0000;var=1172;vervar=5200;turvar=0;th=122;turth=0,2026-09-08T14:04:19.191282+00:00,11734,rupiah_per_hour,yes
7582d851475bb16040de,bps_webapi,h3_release_reconciliation,domain=0000;var=1186;vervar=7100;turvar=0;th=120;turth=0,2026-09-08T23:38:59.693316+00:00,h3_province_webapi,domain=0000;var=1186;vervar=7100;turvar=0;th=120;turth=0,2026-09-08T14:04:19.191282+00:00,29.94,percent,yes
772500f060865315e2ea,bps_webapi,h3_release_reconciliation,domain=0000;var=1161;vervar=5200;turvar=0;th=120;turth=0,2026-09-08T23:38:59.693316+00:00,h3_province_webapi,domain=0000;var=1161;vervar=5200;turvar=0;th=120;turth=0,2026-09-08T14:04:19.191282+00:00,-2.7,percent,yes
77513a79cc1f9ec26470,bps_webapi,h3_release_reconciliation,domain=0000;var=1273;vervar=8200;turvar=0;th=123;turth=0,2026-09-08T23:38:59.693316+00:00,h3_province_webapi,domain=0000;var=1273;vervar=8200;turvar=0;th=123;turth=0,2026-09-08T14:04:19.191282+00:00,83.62,percent,yes
778a13d8d9e01945daeb,bps_webapi,h3_release_reconciliation,domain=0000;var=1172;vervar=6100;turvar=0;th=122;turth=0,2026-09-08T23:38:59.693316+00:00,h3_province_webapi,domain=0000;var=1172;vervar=6100;turvar=0;th=122;turth=0,2026-09-08T14:04:19.191282+00:00,16337,rupiah_per_hour,yes
77c906689623b6d37f33,bps_webapi,h3_release_reconciliation,domain=0000;var=1273;vervar=1200;turvar=0;th=122;turth=0,2026-09-08T23:38:59.693316+00:00,h3_province_webapi,domain=0000;var=1273;vervar=1200;turvar=0;th=122;turth=0,2026-09-08T14:04:19.191282+00:00,69.5,percent,yes
7857b5d952b4696f5c2b,bps_webapi,h3_release_reconciliation,domain=0000;var=1273;vervar=7300;turvar=0;th=122;turth=0,2026-09-08T23:38:59.693316+00:00,h3_province_webapi,domain=0000;var=1273;vervar=7300;turvar=0;th=122;turth=0,2026-09-08T14:04:19.191282+00:00,87.22,percent,yes
78c511e107cbb6f250b6,bps_webapi,h3_release_reconciliation,domain=0000;var=1172;vervar=7400;turvar=0;th=123;turth=0,2026-09-08T23:38:59.693316+00:00,h3_province_webapi,domain=0000;var=1172;vervar=7400;turvar=0;th=123;turth=0,2026-09-08T14:04:19.191282+00:00,18884,rupiah_per_hour,yes
7907d78be967085a7f2d,bps_webapi,h3_release_reconciliation,domain=0000;var=2153;vervar=1600;turvar=0;th=120;turth=0,2026-09-08T23:38:59.693316+00:00,h3_province_webapi,domain=0000;var=2153;vervar=1600;turvar=0;th=120;turth=0,2026-09-08T14:04:19.191282+00:00,65.26,percent,yes
79893b70c2bfb0784f55,bps_webapi,h3_release_reconciliation,domain=0000;var=2153;vervar=6300;turvar=0;th=120;turth=0,2026-09-08T23:38:59.693316+00:00,h3_province_webapi,domain=0000;var=2153;vervar=6300;turvar=0;th=120;turth=0,2026-09-08T14:04:19.191282+00:00,60.82,percent,yes
79a3bd960ce15677e025,bps_webapi,h3_release_reconciliation,domain=0000;var=1186;vervar=7200;turvar=0;th=121;turth=0,2026-09-08T23:38:59.693316+00:00,h3_province_webapi,domain=0000;var=1186;vervar=7200;turvar=0;th=121;turth=0,2026-09-08T14:04:19.191282+00:00,22.31,percent,yes
79e8a1441838694ac8cd,bps_webapi,h3_release_reconciliation,domain=0000;var=1186;vervar=3300;turvar=0;th=123;turth=0,2026-09-08T23:38:59.693316+00:00,h3_province_webapi,domain=0000;var=1186;vervar=3300;turvar=0;th=123;turth=0,2026-09-08T14:04:19.191282+00:00,20.99,percent,yes
7b7d1e2a7f9e49603bbe,bps_webapi,h3_release_reconciliation,domain=0000;var=1172;vervar=8100;turvar=0;th=121;turth=0,2026-09-08T23:38:59.693316+00:00,h3_province_webapi,domain=0000;var=1172;vervar=8100;turvar=0;th=121;turth=0,2026-09-08T14:04:19.191282+00:00,21156,rupiah_per_hour,yes
7c1c5248808f73b2f3a6,bps_webapi,h3_release_reconciliation,domain=0000;var=1161;vervar=9100;turvar=0;th=122;turth=0,2026-09-08T23:38:59.693316+00:00,h3_province_webapi,domain=0000;var=1161;vervar=9100;turvar=0;th=122;turth=0,2026-09-08T14:04:19.191282+00:00,1.18,percent,yes
7c38e1df915f8448f5a4,bps_webapi,h3_release_reconciliation,domain=0000;var=1273;vervar=1800;turvar=0;th=122;turth=0,2026-09-08T23:38:59.693316+00:00,h3_province_webapi,domain=0000;var=1273;vervar=1800;turvar=0;th=122;turth=0,2026-09-08T14:04:19.191282+00:00,79.3,percent,yes
7c537432caee1ea17bf1,bps_webapi,h3_release_reconciliation,domain=0000;var=1172;vervar=1100;turvar=0;th=122;turth=0,2026-09-08T23:38:59.693316+00:00,h3_province_webapi,domain=0000;var=1172;vervar=1100;turvar=0;th=122;turth=0,2026-09-08T14:04:19.191282+00:00,16772,rupiah_per_hour,yes
7c5bae4e9581ff26f23f,bps_webapi,h3_release_reconciliation,domain=0000;var=2153;vervar=6100;turvar=0;th=120;turth=0,2026-09-08T23:38:59.693316+00:00,h3_province_webapi,domain=0000;var=2153;vervar=6100;turvar=0;th=120;turth=0,2026-09-08T14:04:19.191282+00:00,63.01,percent,yes
7d4732d4736a585876dd,bps_webapi,h3_release_reconciliation,domain=0000;var=1172;vervar=6500;turvar=0;th=122;turth=0,2026-09-08T23:38:59.693316+00:00,h3_province_webapi,domain=0000;var=1172;vervar=6500;turvar=0;th=122;turth=0,2026-09-08T14:04:19.191282+00:00,20320,rupiah_per_hour,yes
7d86f4f36840f7a07b57,bps_webapi,h3_release_reconciliation,domain=0000;var=1186;vervar=1400;turvar=0;th=121;turth=0,2026-09-08T23:38:59.693316+00:00,h3_province_webapi,domain=0000;var=1186;vervar=1400;turvar=0;th=121;turth=0,2026-09-08T14:04:19.191282+00:00,21.11,percent,yes
7e0f2b5cc04781b6e116,bps_webapi,h3_release_reconciliation,domain=0000;var=1273;vervar=7300;turvar=0;th=123;turth=0,2026-09-08T23:38:59.693316+00:00,h3_province_webapi,domain=0000;var=1273;vervar=7300;turvar=0;th=123;turth=0,2026-09-08T14:04:19.191282+00:00,85.52,percent,yes
7e3533204dfad50bce5e,bps_webapi,h3_release_reconciliation,domain=0000;var=1273;vervar=6200;turvar=0;th=121;turth=0,2026-09-08T23:38:59.693316+00:00,h3_province_webapi,domain=0000;var=1273;vervar=6200;turvar=0;th=121;turth=0,2026-09-08T14:04:19.191282+00:00,79.63,percent,yes
7e80bd608fa01d89c092,bps_webapi,h3_release_reconciliation,domain=0000;var=1172;vervar=3600;turvar=0;th=123;turth=0,2026-09-08T23:38:59.693316+00:00,h3_province_webapi,domain=0000;var=1172;vervar=3600;turvar=0;th=123;turth=0,2026-09-08T14:04:19.191282+00:00,24685,rupiah_per_hour,yes
7ea6bcc78386d6f97740,bps_webapi,h3_release_reconciliation,domain=0000;var=1273;vervar=8100;turvar=0;th=122;turth=0,2026-09-08T23:38:59.693316+00:00,h3_province_webapi,domain=0000;var=1273;vervar=8100;turvar=0;th=122;turth=0,2026-09-08T14:04:19.191282+00:00,82.58,percent,yes
7f18651ea6d3fa97ae1a,bps_webapi,h3_release_reconciliation,domain=0000;var=1161;vervar=9400;turvar=0;th=121;turth=0,2026-09-08T23:38:59.693316+00:00,h3_province_webapi,domain=0000;var=1161;vervar=9400;turvar=0;th=121;turth=0,2026-09-08T14:04:19.191282+00:00,3.2,percent,yes
7f1892cd10c88114b349,bps_webapi,h3_release_reconciliation,domain=0000;var=2153;vervar=8200;turvar=0;th=123;turth=0,2026-09-08T23:38:59.693316+00:00,h3_province_webapi,domain=0000;var=2153;vervar=8200;turvar=0;th=123;turth=0,2026-09-08T14:04:19.191282+00:00,66.08,percent,yes
7f6a437d30674bc3e0fe,bps_webapi,h3_release_reconciliation,domain=0000;var=1186;vervar=3400;turvar=0;th=122;turth=0,2026-09-08T23:38:59.693316+00:00,h3_province_webapi,domain=0000;var=1186;vervar=3400;turvar=0;th=122;turth=0,2026-09-08T14:04:19.191282+00:00,10.7,percent,yes
7fb00a963ea298dcabd8,bps_webapi,h3_release_reconciliation,domain=0000;var=1172;vervar=3600;turvar=0;th=120;turth=0,2026-09-08T23:38:59.693316+00:00,h3_province_webapi,domain=0000;var=1172;vervar=3600;turvar=0;th=120;turth=0,2026-09-08T14:04:19.191282+00:00,23035,rupiah_per_hour,yes
806173ef0cb3b8b507de,bps_webapi,h3_release_reconciliation,domain=0000;var=2153;vervar=5100;turvar=0;th=122;turth=0,2026-09-08T23:38:59.693316+00:00,h3_province_webapi,domain=0000;var=2153;vervar=5100;turvar=0;th=122;turth=0,2026-09-08T14:04:19.191282+00:00,53.43,percent,yes
8097f62ee76e44f0503c,bps_tpb_2024,h3_release_reconciliation,page=87;figure=Gambar 8.4;series=total;year=2023,2026-09-08T14:05:34.154058+00:00,h3_province_publication,pub=936a26d5d2b168b9971d3b02;page=274;column=17;year=2023,2026-09-08T14:05:34.154058+00:00,59.11,percent,yes
8097f62ee76e44f0503c,bps_webapi,h3_release_reconciliation,domain=0000;var=2153;vervar=9999;turvar=0;th=123;turth=0,2026-09-08T23:38:59.693316+00:00,h3_province_webapi,domain=0000;var=2153;vervar=9999;turvar=0;th=123;turth=0,2026-09-08T14:04:19.191282+00:00,59.11,percent,yes
812fa6a18514aff61e52,bps_webapi,h3_release_reconciliation,domain=0000;var=1273;vervar=3600;turvar=0;th=122;turth=0,2026-09-08T23:38:59.693316+00:00,h3_province_webapi,domain=0000;var=1273;vervar=3600;turvar=0;th=122;turth=0,2026-09-08T14:04:19.191282+00:00,80.54,percent,yes
81a191b2b66707285b90,bps_webapi,h3_release_reconciliation,domain=0000;var=1172;vervar=7100;turvar=0;th=123;turth=0,2026-09-08T23:38:59.693316+00:00,h3_province_webapi,domain=0000;var=1172;vervar=7100;turvar=0;th=123;turth=0,2026-09-08T14:04:19.191282+00:00,19270,rupiah_per_hour,yes
81d1cba32a99d9d12fd9,bps_webapi,h3_release_reconciliation,domain=0000;var=1273;vervar=1600;turvar=0;th=123;turth=0,2026-09-08T23:38:59.693316+00:00,h3_province_webapi,domain=0000;var=1273;vervar=1600;turvar=0;th=123;turth=0,2026-09-08T14:04:19.191282+00:00,75.24,percent,yes
829267c385ba98b898e8,bps_webapi,h3_release_reconciliation,domain=0000;var=1161;vervar=3600;turvar=0;th=120;turth=0,2026-09-08T23:38:59.693316+00:00,h3_province_webapi,domain=0000;var=1161;vervar=3600;turvar=0;th=120;turth=0,2026-09-08T14:04:19.191282+00:00,-3.38,percent,yes
83012fcf05128d2ed210,bps_webapi,h3_release_reconciliation,domain=0000;var=1161;vervar=7300;turvar=0;th=123;turth=0,2026-09-08T23:38:59.693316+00:00,h3_province_webapi,domain=0000;var=1161;vervar=7300;turvar=0;th=123;turth=0,2026-09-08T14:04:19.191282+00:00,1.32,percent,yes
8306bfb9653c71a20b9a,bps_webapi,h3_release_reconciliation,domain=0000;var=1161;vervar=1700;turvar=0;th=121;turth=0,2026-09-08T23:38:59.693316+00:00,h3_province_webapi,domain=0000;var=1161;vervar=1700;turvar=0;th=121;turth=0,2026-09-08T14:04:19.191282+00:00,4.29,percent,yes
8315746da5f2b7878e04,bps_webapi,h3_release_reconciliation,domain=0000;var=2153;vervar=1800;turvar=0;th=123;turth=0,2026-09-08T23:38:59.693316+00:00,h3_province_webapi,domain=0000;var=2153;vervar=1800;turvar=0;th=123;turth=0,2026-09-08T14:04:19.191282+00:00,70.67,percent,yes
839f8797be44233b7a54,bps_webapi,h3_release_reconciliation,domain=0000;var=1273;vervar=6100;turvar=0;th=123;turth=0,2026-09-08T23:38:59.693316+00:00,h3_province_webapi,domain=0000;var=1273;vervar=6100;turvar=0;th=123;turth=0,2026-09-08T14:04:19.191282+00:00,77.59,percent,yes
83b438bf35efbdfb18b7,bps_webapi,h3_release_reconciliation,domain=0000;var=2153;vervar=6500;turvar=0;th=122;turth=0,2026-09-08T23:38:59.693316+00:00,h3_province_webapi,domain=0000;var=2153;vervar=6500;turvar=0;th=122;turth=0,2026-09-08T14:04:19.191282+00:00,49,percent,yes
83e642eda35045b4b54e,bps_tpb_2024,h3_release_reconciliation,page=70;figure=Gambar 6.2;series=total;year=2022,2026-09-08T14:05:34.154058+00:00,h3_province_publication,pub=936a26d5d2b168b9971d3b02;page=269;column=6;year=2022,2026-09-08T14:05:34.154058+00:00,79.33,percent,yes
83e642eda35045b4b54e,bps_webapi,h3_release_reconciliation,domain=0000;var=1273;vervar=9999;turvar=0;th=122;turth=0,2026-09-08T23:38:59.693316+00:00,h3_province_webapi,domain=0000;var=1273;vervar=9999;turvar=0;th=122;turth=0,2026-09-08T14:04:19.191282+00:00,79.33,percent,yes
859ca3e64af4fdba551d,bps_webapi,h3_release_reconciliation,domain=0000;var=2153;vervar=7500;turvar=0;th=123;turth=0,2026-09-08T23:38:59.693316+00:00,h3_province_webapi,domain=0000;var=2153;vervar=7500;turvar=0;th=123;turth=0,2026-09-08T14:04:19.191282+00:00,63.73,percent,yes
85d96813a5d54232639b,bps_webapi,h3_release_reconciliation,domain=0000;var=1161;vervar=9100;turvar=0;th=123;turth=0,2026-09-08T23:38:59.693316+00:00,h3_province_webapi,domain=0000;var=1161;vervar=9100;turvar=0;th=123;turth=0,2026-09-08T14:04:19.191282+00:00,-9.66,percent,yes
862f15441649ba83bfd2,bps_webapi,h3_release_reconciliation,domain=0000;var=1172;vervar=3300;turvar=0;th=122;turth=0,2026-09-08T23:38:59.693316+00:00,h3_province_webapi,domain=0000;var=1172;vervar=3300;turvar=0;th=122;turth=0,2026-09-08T14:04:19.191282+00:00,12604,rupiah_per_hour,yes
86c3a49343e9032a160d,bps_webapi,h3_release_reconciliation,domain=0000;var=1186;vervar=6200;turvar=0;th=121;turth=0,2026-09-08T23:38:59.693316+00:00,h3_province_webapi,domain=0000;var=1186;vervar=6200;turvar=0;th=121;turth=0,2026-09-08T14:04:19.191282+00:00,23.92,percent,yes
86cff709e335818e90e4,bps_webapi,h3_release_reconciliation,domain=0000;var=1186;vervar=9400;turvar=0;th=121;turth=0,2026-09-08T23:38:59.693316+00:00,h3_province_webapi,domain=0000;var=1186;vervar=9400;turvar=0;th=121;turth=0,2026-09-08T14:04:19.191282+00:00,18.51,percent,yes
86ef3d11578101141302,bps_webapi,h3_release_reconciliation,domain=0000;var=2153;vervar=3500;turvar=0;th=121;turth=0,2026-09-08T23:38:59.693316+00:00,h3_province_webapi,domain=0000;var=2153;vervar=3500;turvar=0;th=121;turth=0,2026-09-08T14:04:19.191282+00:00,62.64,percent,yes
87296c4d9d9e8a2f8af0,bps_webapi,h3_release_reconciliation,domain=0000;var=2153;vervar=6300;turvar=0;th=122;turth=0,2026-09-08T23:38:59.693316+00:00,h3_province_webapi,domain=0000;var=2153;vervar=6300;turvar=0;th=122;turth=0,2026-09-08T14:04:19.191282+00:00,57.3,percent,yes
872fd7c8b4fe5fdc0054,bps_webapi,h3_release_reconciliation,domain=0000;var=2153;vervar=1200;turvar=0;th=123;turth=0,2026-09-08T23:38:59.693316+00:00,h3_province_webapi,domain=0000;var=2153;vervar=1200;turvar=0;th=123;turth=0,2026-09-08T14:04:19.191282+00:00,58.52,percent,yes
88ae4f91b94aa17e85ce,bps_webapi,h3_release_reconciliation,domain=0000;var=2153;vervar=9100;turvar=0;th=120;turth=0,2026-09-08T23:38:59.693316+00:00,h3_province_webapi,domain=0000;var=2153;vervar=9100;turvar=0;th=120;turth=0,2026-09-08T14:04:19.191282+00:00,57.98,percent,yes
893dc80723356e6dcb73,bps_webapi,h3_release_reconciliation,domain=0000;var=1186;vervar=7400;turvar=0;th=122;turth=0,2026-09-08T23:38:59.693316+00:00,h3_province_webapi,domain=0000;var=1186;vervar=7400;turvar=0;th=122;turth=0,2026-09-08T14:04:19.191282+00:00,21.61,percent,yes
894209c5721641a97d51,bps_webapi,h3_release_reconciliation,domain=0000;var=1172;vervar=6500;turvar=0;th=123;turth=0,2026-09-08T23:38:59.693316+00:00,h3_province_webapi,domain=0000;var=1172;vervar=6500;turvar=0;th=123;turth=0,2026-09-08T14:04:19.191282+00:00,22366,rupiah_per_hour,yes
89460dd895075560805b,bps_webapi,h3_release_reconciliation,domain=0000;var=2153;vervar=7300;turvar=0;th=121;turth=0,2026-09-08T23:38:59.693316+00:00,h3_province_webapi,domain=0000;var=2153;vervar=7300;turvar=0;th=121;turth=0,2026-09-08T14:04:19.191282+00:00,63.24,percent,yes
894846c5dbf8434b7dd8,bps_webapi,h3_release_reconciliation,domain=0000;var=2153;vervar=3400;turvar=0;th=122;turth=0,2026-09-08T23:38:59.693316+00:00,h3_province_webapi,domain=0000;var=2153;vervar=3400;turvar=0;th=122;turth=0,2026-09-08T14:04:19.191282+00:00,53.38,percent,yes
89720f8edbfcb7222d01,bps_webapi,h3_release_reconciliation,domain=0000;var=2153;vervar=7600;turvar=0;th=120;turth=0,2026-09-08T23:38:59.693316+00:00,h3_province_webapi,domain=0000;var=2153;vervar=7600;turvar=0;th=120;turth=0,2026-09-08T14:04:19.191282+00:00,72.63,percent,yes
8a6e5137c363c0b0b2b8,bps_webapi,h3_release_reconciliation,domain=0000;var=2153;vervar=2100;turvar=0;th=120;turth=0,2026-09-08T23:38:59.693316+00:00,h3_province_webapi,domain=0000;var=2153;vervar=2100;turvar=0;th=120;turth=0,2026-09-08T14:04:19.191282+00:00,35.41,percent,yes
8bc2379dec7adebfd20c,bps_webapi,h3_release_reconciliation,domain=0000;var=1161;vervar=1200;turvar=0;th=121;turth=0,2026-09-08T23:38:59.693316+00:00,h3_province_webapi,domain=0000;var=1161;vervar=1200;turvar=0;th=121;turth=0,2026-09-08T14:04:19.191282+00:00,-0.22,percent,yes
8cbbc688090e70eafb72,bps_webapi,h3_release_reconciliation,domain=0000;var=2153;vervar=7300;turvar=0;th=122;turth=0,2026-09-08T23:38:59.693316+00:00,h3_province_webapi,domain=0000;var=2153;vervar=7300;turvar=0;th=122;turth=0,2026-09-08T14:04:19.191282+00:00,63.55,percent,yes
8da5725c230fde2736e3,bps_webapi,h3_release_reconciliation,domain=0000;var=1172;vervar=7500;turvar=0;th=120;turth=0,2026-09-08T23:38:59.693316+00:00,h3_province_webapi,domain=0000;var=1172;vervar=7500;turvar=0;th=120;turth=0,2026-09-08T14:04:19.191282+00:00,15128,rupiah_per_hour,yes
8f4fe238ce37f0dec388,bps_webapi,h3_release_reconciliation,domain=0000;var=1186;vervar=9400;turvar=0;th=123;turth=0,2026-09-08T23:38:59.693316+00:00,h3_province_webapi,domain=0000;var=1186;vervar=9400;turvar=0;th=123;turth=0,2026-09-08T14:04:19.191282+00:00,25.06,percent,yes
8ff12d5ac4c43ac1927c,bps_webapi,h3_release_reconciliation,domain=0000;var=1186;vervar=5100;turvar=0;th=121;turth=0,2026-09-08T23:38:59.693316+00:00,h3_province_webapi,domain=0000;var=1186;vervar=5100;turvar=0;th=121;turth=0,2026-09-08T14:04:19.191282+00:00,14.52,percent,yes
904193bc3fbd00a53b90,bps_webapi,h3_release_reconciliation,domain=0000;var=1161;vervar=5100;turvar=0;th=122;turth=0,2026-09-08T23:38:59.693316+00:00,h3_province_webapi,domain=0000;var=1161;vervar=5100;turvar=0;th=122;turth=0,2026-09-08T14:04:19.191282+00:00,-1.81,percent,yes
915a1a94c3ef207a3645,bps_webapi,h3_release_reconciliation,domain=0000;var=1186;vervar=3100;turvar=0;th=123;turth=0,2026-09-08T23:38:59.693316+00:00,h3_province_webapi,domain=0000;var=1186;vervar=3100;turvar=0;th=123;turth=0,2026-09-08T14:04:19.191282+00:00,15.49,percent,yes
91c29324b161e34e467b,bps_webapi,h3_release_reconciliation,domain=0000;var=1186;vervar=7500;turvar=0;th=123;turth=0,2026-09-08T23:38:59.693316+00:00,h3_province_webapi,domain=0000;var=1186;vervar=7500;turvar=0;th=123;turth=0,2026-09-08T14:04:19.191282+00:00,24.87,percent,yes
91d1a8fe6e270e8e6a94,bps_webapi,h3_release_reconciliation,domain=0000;var=1161;vervar=6100;turvar=0;th=121;turth=0,2026-09-08T23:38:59.693316+00:00,h3_province_webapi,domain=0000;var=1161;vervar=6100;turvar=0;th=121;turth=0,2026-09-08T14:04:19.191282+00:00,3.78,percent,yes
920af18d2ccfc8aa4658,bps_webapi,h3_release_reconciliation,domain=0000;var=1172;vervar=5100;turvar=0;th=123;turth=0,2026-09-08T23:38:59.693316+00:00,h3_province_webapi,domain=0000;var=1172;vervar=5100;turvar=0;th=123;turth=0,2026-09-08T14:04:19.191282+00:00,18521,rupiah_per_hour,yes
9386a1c6a9d6c407f337,bps_webapi,h3_release_reconciliation,domain=0000;var=1186;vervar=1900;turvar=0;th=121;turth=0,2026-09-08T23:38:59.693316+00:00,h3_province_webapi,domain=0000;var=1186;vervar=1900;turvar=0;th=121;turth=0,2026-09-08T14:04:19.191282+00:00,24.38,percent,yes
939185f20540be78f115,bps_webapi,h3_release_reconciliation,domain=0000;var=1186;vervar=2100;turvar=0;th=123;turth=0,2026-09-08T23:38:59.693316+00:00,h3_province_webapi,domain=0000;var=1186;vervar=2100;turvar=0;th=123;turth=0,2026-09-08T14:04:19.191282+00:00,15.04,percent,yes
939228a9534f0183fbec,bps_webapi,h3_release_reconciliation,domain=0000;var=2153;vervar=1600;turvar=0;th=123;turth=0,2026-09-08T23:38:59.693316+00:00,h3_province_webapi,domain=0000;var=2153;vervar=1600;turvar=0;th=123;turth=0,2026-09-08T14:04:19.191282+00:00,62.97,percent,yes
944151e4cea22ffa6a72,bps_tpb_2024,h3_release_reconciliation,page=90;figure=Gambar 8.11;series=total;year=2021,2026-09-08T14:05:34.154058+00:00,h3_province_publication,pub=936a26d5d2b168b9971d3b02;page=276;column=31;year=2021,2026-09-08T14:05:34.154058+00:00,22.40,percent,yes
944151e4cea22ffa6a72,bps_webapi,h3_release_reconciliation,domain=0000;var=1186;vervar=9999;turvar=0;th=121;turth=0,2026-09-08T23:38:59.693316+00:00,h3_province_webapi,domain=0000;var=1186;vervar=9999;turvar=0;th=121;turth=0,2026-09-08T14:04:19.191282+00:00,22.4,percent,yes
94651a48df17d3b56a1b,bps_webapi,h3_release_reconciliation,domain=0000;var=1161;vervar=1700;turvar=0;th=123;turth=0,2026-09-08T23:38:59.693316+00:00,h3_province_webapi,domain=0000;var=1161;vervar=1700;turvar=0;th=123;turth=0,2026-09-08T14:04:19.191282+00:00,1.15,percent,yes
94dd99190afa77fa612c,bps_webapi,h3_release_reconciliation,domain=0000;var=1186;vervar=5300;turvar=0;th=120;turth=0,2026-09-08T23:38:59.693316+00:00,h3_province_webapi,domain=0000;var=1186;vervar=5300;turvar=0;th=120;turth=0,2026-09-08T14:04:19.191282+00:00,19.17,percent,yes
95bf591ae97b3957aa5e,bps_webapi,h3_release_reconciliation,domain=0000;var=1161;vervar=6200;turvar=0;th=121;turth=0,2026-09-08T23:38:59.693316+00:00,h3_province_webapi,domain=0000;var=1161;vervar=6200;turvar=0;th=121;turth=0,2026-09-08T14:04:19.191282+00:00,1.41,percent,yes
9694d3b1d099b3499fb7,bps_webapi,h3_release_reconciliation,domain=0000;var=1172;vervar=1600;turvar=0;th=121;turth=0,2026-09-08T23:38:59.693316+00:00,h3_province_webapi,domain=0000;var=1172;vervar=1600;turvar=0;th=121;turth=0,2026-09-08T14:04:19.191282+00:00,15873,rupiah_per_hour,yes
96a9db67ef7ee03dc4e1,bps_webapi,h3_release_reconciliation,domain=0000;var=2153;vervar=1900;turvar=0;th=121;turth=0,2026-09-08T23:38:59.693316+00:00,h3_province_webapi,domain=0000;var=2153;vervar=1900;turvar=0;th=121;turth=0,2026-09-08T14:04:19.191282+00:00,50.93,percent,yes
96e17adf2ded8702b8c9,bps_webapi,h3_release_reconciliation,domain=0000;var=1172;vervar=1200;turvar=0;th=120;turth=0,2026-09-08T23:38:59.693316+00:00,h3_province_webapi,domain=0000;var=1172;vervar=1200;turvar=0;th=120;turth=0,2026-09-08T14:04:19.191282+00:00,15949,rupiah_per_hour,yes
979ab912bee229934c04,bps_webapi,h3_release_reconciliation,domain=0000;var=2153;vervar=2100;turvar=0;th=122;turth=0,2026-09-08T23:38:59.693316+00:00,h3_province_webapi,domain=0000;var=2153;vervar=2100;turvar=0;th=122;turth=0,2026-09-08T14:04:19.191282+00:00,36.32,percent,yes
97d48a48f2a79dc5b0c7,bps_webapi,h3_release_reconciliation,domain=0000;var=1172;vervar=3300;turvar=0;th=121;turth=0,2026-09-08T23:38:59.693316+00:00,h3_province_webapi,domain=0000;var=1172;vervar=3300;turvar=0;th=121;turth=0,2026-09-08T14:04:19.191282+00:00,13072,rupiah_per_hour,yes
98377c3a0270812cd286,bps_webapi,h3_release_reconciliation,domain=0000;var=1172;vervar=5200;turvar=0;th=120;turth=0,2026-09-08T23:38:59.693316+00:00,h3_province_webapi,domain=0000;var=1172;vervar=5200;turvar=0;th=120;turth=0,2026-09-08T14:04:19.191282+00:00,13627,rupiah_per_hour,yes
9850b7976e4c702cdfe8,bps_webapi,h3_release_reconciliation,domain=0000;var=1186;vervar=6100;turvar=0;th=120;turth=0,2026-09-08T23:38:59.693316+00:00,h3_province_webapi,domain=0000;var=1186;vervar=6100;turvar=0;th=120;turth=0,2026-09-08T14:04:19.191282+00:00,25.43,percent,yes
99dbe64914b199de9832,bps_webapi,h3_release_reconciliation,domain=0000;var=2153;vervar=8100;turvar=0;th=123;turth=0,2026-09-08T23:38:59.693316+00:00,h3_province_webapi,domain=0000;var=2153;vervar=8100;turvar=0;th=123;turth=0,2026-09-08T14:04:19.191282+00:00,65.42,percent,yes
99fd2b6af33a5a3e6fb6,bps_webapi,h3_release_reconciliation,domain=0000;var=1172;vervar=6300;turvar=0;th=122;turth=0,2026-09-08T23:38:59.693316+00:00,h3_province_webapi,domain=0000;var=1172;vervar=6300;turvar=0;th=122;turth=0,2026-09-08T14:04:19.191282+00:00,18661,rupiah_per_hour,yes
9a6792ea9410cf004455,bps_webapi,h3_release_reconciliation,domain=0000;var=1273;vervar=6400;turvar=0;th=121;turth=0,2026-09-08T23:38:59.693316+00:00,h3_province_webapi,domain=0000;var=1273;vervar=6400;turvar=0;th=121;turth=0,2026-09-08T14:04:19.191282+00:00,78.03,percent,yes
9a77c861d6636794db4a,bps_webapi,h3_release_reconciliation,domain=0000;var=1161;vervar=8200;turvar=0;th=121;turth=0,2026-09-08T23:38:59.693316+00:00,h3_province_webapi,domain=0000;var=1161;vervar=8200;turvar=0;th=121;turth=0,2026-09-08T14:04:19.191282+00:00,13.47,percent,yes
9b5404445e90e8e0dce8,bps_webapi,h3_release_reconciliation,domain=0000;var=1273;vervar=6100;turvar=0;th=121;turth=0,2026-09-08T23:38:59.693316+00:00,h3_province_webapi,domain=0000;var=1273;vervar=6100;turvar=0;th=121;turth=0,2026-09-08T14:04:19.191282+00:00,74.94,percent,yes
9b6da800f60a66336c98,bps_webapi,h3_release_reconciliation,domain=0000;var=1186;vervar=7600;turvar=0;th=123;turth=0,2026-09-08T23:38:59.693316+00:00,h3_province_webapi,domain=0000;var=1186;vervar=7600;turvar=0;th=123;turth=0,2026-09-08T14:04:19.191282+00:00,21.81,percent,yes
9bf3f08a61d844712a2b,bps_webapi,h3_release_reconciliation,domain=0000;var=2153;vervar=1300;turvar=0;th=123;turth=0,2026-09-08T23:38:59.693316+00:00,h3_province_webapi,domain=0000;var=2153;vervar=1300;turvar=0;th=123;turth=0,2026-09-08T14:04:19.191282+00:00,64.19,percent,yes
9c3374db2c0b3fde419b,bps_webapi,h3_release_reconciliation,domain=0000;var=1172;vervar=3300;turvar=0;th=120;turth=0,2026-09-08T23:38:59.693316+00:00,h3_province_webapi,domain=0000;var=1172;vervar=3300;turvar=0;th=120;turth=0,2026-09-08T14:04:19.191282+00:00,12707,rupiah_per_hour,yes
9c9e431a966dec0ecc18,bps_webapi,h3_release_reconciliation,domain=0000;var=1186;vervar=1800;turvar=0;th=123;turth=0,2026-09-08T23:38:59.693316+00:00,h3_province_webapi,domain=0000;var=1186;vervar=1800;turvar=0;th=123;turth=0,2026-09-08T14:04:19.191282+00:00,22.32,percent,yes
9cbb04491b7d7b83e9ea,bps_webapi,h3_release_reconciliation,domain=0000;var=1172;vervar=6300;turvar=0;th=120;turth=0,2026-09-08T23:38:59.693316+00:00,h3_province_webapi,domain=0000;var=1172;vervar=6300;turvar=0;th=120;turth=0,2026-09-08T14:04:19.191282+00:00,18863,rupiah_per_hour,yes
9cc696ef502e34acade8,bps_webapi,h3_release_reconciliation,domain=0000;var=2153;vervar=3500;turvar=0;th=120;turth=0,2026-09-08T23:38:59.693316+00:00,h3_province_webapi,domain=0000;var=2153;vervar=3500;turvar=0;th=120;turth=0,2026-09-08T14:04:19.191282+00:00,63.64,percent,yes
9cd625dc7b837d539809,bps_webapi,h3_release_reconciliation,domain=0000;var=1161;vervar=1100;turvar=0;th=123;turth=0,2026-09-08T23:38:59.693316+00:00,h3_province_webapi,domain=0000;var=1161;vervar=1100;turvar=0;th=123;turth=0,2026-09-08T14:04:19.191282+00:00,2,percent,yes
9cf905d2c8c7e4d2aea1,bps_webapi,h3_release_reconciliation,domain=0000;var=1273;vervar=7100;turvar=0;th=121;turth=0,2026-09-08T23:38:59.693316+00:00,h3_province_webapi,domain=0000;var=1273;vervar=7100;turvar=0;th=121;turth=0,2026-09-08T14:04:19.191282+00:00,84.58,percent,yes
9d01144c9b994a9d0ddb,bps_webapi,h3_release_reconciliation,domain=0000;var=1161;vervar=7500;turvar=0;th=121;turth=0,2026-09-08T23:38:59.693316+00:00,h3_province_webapi,domain=0000;var=1161;vervar=7500;turvar=0;th=121;turth=0,2026-09-08T14:04:19.191282+00:00,0.56,percent,yes
9dbd42e2592be387b69e,bps_webapi,h3_release_reconciliation,domain=0000;var=1273;vervar=1500;turvar=0;th=123;turth=0,2026-09-08T23:38:59.693316+00:00,h3_province_webapi,domain=0000;var=1273;vervar=1500;turvar=0;th=123;turth=0,2026-09-08T14:04:19.191282+00:00,73.41,percent,yes
9e489abcac33db6fddb1,bps_webapi,h3_release_reconciliation,domain=0000;var=1161;vervar=8100;turvar=0;th=121;turth=0,2026-09-08T23:38:59.693316+00:00,h3_province_webapi,domain=0000;var=1161;vervar=8100;turvar=0;th=121;turth=0,2026-09-08T14:04:19.191282+00:00,-0.18,percent,yes
9ef9e23a7c6cbece344b,bps_webapi,h3_release_reconciliation,domain=0000;var=1186;vervar=6500;turvar=0;th=121;turth=0,2026-09-08T23:38:59.693316+00:00,h3_province_webapi,domain=0000;var=1186;vervar=6500;turvar=0;th=121;turth=0,2026-09-08T14:04:19.191282+00:00,19.8,percent,yes
9fb31b5bdca43dc76da7,bps_webapi,h3_release_reconciliation,domain=0000;var=1186;vervar=7600;turvar=0;th=120;turth=0,2026-09-08T23:38:59.693316+00:00,h3_province_webapi,domain=0000;var=1186;vervar=7600;turvar=0;th=120;turth=0,2026-09-08T14:04:19.191282+00:00,24.15,percent,yes
9fb8ec2ecbefabbe3dba,bps_webapi,h3_release_reconciliation,domain=0000;var=1161;vervar=7500;turvar=0;th=123;turth=0,2026-09-08T23:38:59.693316+00:00,h3_province_webapi,domain=0000;var=1161;vervar=7500;turvar=0;th=123;turth=0,2026-09-08T14:04:19.191282+00:00,1.64,percent,yes
9fbf48d3c3f489f4252f,bps_webapi,h3_release_reconciliation,domain=0000;var=1186;vervar=7100;turvar=0;th=123;turth=0,2026-09-08T23:38:59.693316+00:00,h3_province_webapi,domain=0000;var=1186;vervar=7100;turvar=0;th=123;turth=0,2026-09-08T14:04:19.191282+00:00,30.73,percent,yes
9fd320a81eaac1dca25b,bps_webapi,h3_release_reconciliation,domain=0000;var=1186;vervar=9100;turvar=0;th=122;turth=0,2026-09-08T23:38:59.693316+00:00,h3_province_webapi,domain=0000;var=1186;vervar=9100;turvar=0;th=122;turth=0,2026-09-08T14:04:19.191282+00:00,26.29,percent,yes
a020ed56eb29c7a41072,bps_webapi,h3_release_reconciliation,domain=0000;var=1172;vervar=6300;turvar=0;th=121;turth=0,2026-09-08T23:38:59.693316+00:00,h3_province_webapi,domain=0000;var=1172;vervar=6300;turvar=0;th=121;turth=0,2026-09-08T14:04:19.191282+00:00,18874,rupiah_per_hour,yes
a02b609d77610f92424c,bps_webapi,h3_release_reconciliation,domain=0000;var=1186;vervar=1900;turvar=0;th=122;turth=0,2026-09-08T23:38:59.693316+00:00,h3_province_webapi,domain=0000;var=1186;vervar=1900;turvar=0;th=122;turth=0,2026-09-08T14:04:19.191282+00:00,21.87,percent,yes
a0b134e894b0a62867ae,bps_webapi,h3_release_reconciliation,domain=0000;var=2153;vervar=6100;turvar=0;th=122;turth=0,2026-09-08T23:38:59.693316+00:00,h3_province_webapi,domain=0000;var=2153;vervar=6100;turvar=0;th=122;turth=0,2026-09-08T14:04:19.191282+00:00,58.77,percent,yes
a11b3144311e2c7151c6,bps_webapi,h3_release_reconciliation,domain=0000;var=1186;vervar=7300;turvar=0;th=123;turth=0,2026-09-08T23:38:59.693316+00:00,h3_province_webapi,domain=0000;var=1186;vervar=7300;turvar=0;th=123;turth=0,2026-09-08T14:04:19.191282+00:00,22.24,percent,yes
a158de8bbf1b0344849c,bps_webapi,h3_release_reconciliation,domain=0000;var=1273;vervar=2100;turvar=0;th=121;turth=0,2026-09-08T23:38:59.693316+00:00,h3_province_webapi,domain=0000;var=1273;vervar=2100;turvar=0;th=121;turth=0,2026-09-08T14:04:19.191282+00:00,83.77,percent,yes
a1ceaed426893011c281,bps_webapi,h3_release_reconciliation,domain=0000;var=1186;vervar=7400;turvar=0;th=123;turth=0,2026-09-08T23:38:59.693316+00:00,h3_province_webapi,domain=0000;var=1186;vervar=7400;turvar=0;th=123;turth=0,2026-09-08T14:04:19.191282+00:00,21.97,percent,yes
a26b2546c5b78cee3c6c,bps_webapi,h3_release_reconciliation,domain=0000;var=1186;vervar=1900;turvar=0;th=120;turth=0,2026-09-08T23:38:59.693316+00:00,h3_province_webapi,domain=0000;var=1186;vervar=1900;turvar=0;th=120;turth=0,2026-09-08T14:04:19.191282+00:00,27.34,percent,yes
a280d66ffac0b2a7b6a3,bps_webapi,h3_release_reconciliation,domain=0000;var=1161;vervar=3500;turvar=0;th=121;turth=0,2026-09-08T23:38:59.693316+00:00,h3_province_webapi,domain=0000;var=1161;vervar=3500;turvar=0;th=121;turth=0,2026-09-08T14:04:19.191282+00:00,3.19,percent,yes
a3230322e3c9349e9b3d,bps_webapi,h3_release_reconciliation,domain=0000;var=1172;vervar=7100;turvar=0;th=120;turth=0,2026-09-08T23:38:59.693316+00:00,h3_province_webapi,domain=0000;var=1172;vervar=7100;turvar=0;th=120;turth=0,2026-09-08T14:04:19.191282+00:00,21390,rupiah_per_hour,yes
a35b8b562c0a38c2907b,bps_webapi,h3_release_reconciliation,domain=0000;var=1186;vervar=5300;turvar=0;th=121;turth=0,2026-09-08T23:38:59.693316+00:00,h3_province_webapi,domain=0000;var=1186;vervar=5300;turvar=0;th=121;turth=0,2026-09-08T14:04:19.191282+00:00,18.97,percent,yes
a4911e5da0733bbab032,bps_webapi,h3_release_reconciliation,domain=0000;var=1186;vervar=6300;turvar=0;th=121;turth=0,2026-09-08T23:38:59.693316+00:00,h3_province_webapi,domain=0000;var=1186;vervar=6300;turvar=0;th=121;turth=0,2026-09-08T14:04:19.191282+00:00,20.54,percent,yes
a4d3f06bd779b622bcff,bps_webapi,h3_release_reconciliation,domain=0000;var=1186;vervar=1800;turvar=0;th=120;turth=0,2026-09-08T23:38:59.693316+00:00,h3_province_webapi,domain=0000;var=1186;vervar=1800;turvar=0;th=120;turth=0,2026-09-08T14:04:19.191282+00:00,23.35,percent,yes
a58c7ef9c1e3f8abf79a,bps_webapi,h3_release_reconciliation,domain=0000;var=2153;vervar=8100;turvar=0;th=121;turth=0,2026-09-08T23:38:59.693316+00:00,h3_province_webapi,domain=0000;var=2153;vervar=8100;turvar=0;th=121;turth=0,2026-09-08T14:04:19.191282+00:00,64.41,percent,yes
a5e92a596fc464ec0a65,bps_webapi,h3_release_reconciliation,domain=0000;var=1161;vervar=3200;turvar=0;th=121;turth=0,2026-09-08T23:38:59.693316+00:00,h3_province_webapi,domain=0000;var=1161;vervar=3200;turvar=0;th=121;turth=0,2026-09-08T14:04:19.191282+00:00,0.77,percent,yes
a60f7c994d8fcc907208,bps_tpb_2024,h3_release_reconciliation,page=88;figure=Gambar 8.8;series=total;year=2021,2026-09-08T14:05:34.154058+00:00,h3_province_publication,pub=936a26d5d2b168b9971d3b02;page=275;column=19;year=2021,2026-09-08T14:05:34.154058+00:00,18089,rupiah_per_hour,yes
a60f7c994d8fcc907208,bps_webapi,h3_release_reconciliation,domain=0000;var=1172;vervar=9999;turvar=0;th=121;turth=0,2026-09-08T23:38:59.693316+00:00,h3_province_webapi,domain=0000;var=1172;vervar=9999;turvar=0;th=121;turth=0,2026-09-08T14:04:19.191282+00:00,18089,rupiah_per_hour,yes
a77de5473f7147813a27,bps_webapi,h3_release_reconciliation,domain=0000;var=1161;vervar=1800;turvar=0;th=122;turth=0,2026-09-08T23:38:59.693316+00:00,h3_province_webapi,domain=0000;var=1161;vervar=1800;turvar=0;th=122;turth=0,2026-09-08T14:04:19.191282+00:00,1.82,percent,yes
a8bf177c86ee57fd70d4,bps_webapi,h3_release_reconciliation,domain=0000;var=1172;vervar=9100;turvar=0;th=122;turth=0,2026-09-08T23:38:59.693316+00:00,h3_province_webapi,domain=0000;var=1172;vervar=9100;turvar=0;th=122;turth=0,2026-09-08T14:04:19.191282+00:00,24128,rupiah_per_hour,yes
a9056efc453e7f88ce63,bps_webapi,h3_release_reconciliation,domain=0000;var=1161;vervar=1400;turvar=0;th=123;turth=0,2026-09-08T23:38:59.693316+00:00,h3_province_webapi,domain=0000;var=1161;vervar=1400;turvar=0;th=123;turth=0,2026-09-08T14:04:19.191282+00:00,9.99,percent,yes
a9c1b36b568d965fe4ca,bps_webapi,h3_release_reconciliation,domain=0000;var=1161;vervar=7300;turvar=0;th=120;turth=0,2026-09-08T23:38:59.693316+00:00,h3_province_webapi,domain=0000;var=1161;vervar=7300;turvar=0;th=120;turth=0,2026-09-08T14:04:19.191282+00:00,0.58,percent,yes
aa67d96e8e9e39b436c7,bps_webapi,h3_release_reconciliation,domain=0000;var=1186;vervar=2100;turvar=0;th=121;turth=0,2026-09-08T23:38:59.693316+00:00,h3_province_webapi,domain=0000;var=1186;vervar=2100;turvar=0;th=121;turth=0,2026-09-08T14:04:19.191282+00:00,16.42,percent,yes
aa8025d6b448cd053364,bps_webapi,h3_release_reconciliation,domain=0000;var=1161;vervar=5100;turvar=0;th=121;turth=0,2026-09-08T23:38:59.693316+00:00,h3_province_webapi,domain=0000;var=1161;vervar=5100;turvar=0;th=121;turth=0,2026-09-08T14:04:19.191282+00:00,-3.2,percent,yes
aaf4f3b57a3675a613a9,bps_webapi,h3_release_reconciliation,domain=0000;var=2153;vervar=3200;turvar=0;th=122;turth=0,2026-09-08T23:38:59.693316+00:00,h3_province_webapi,domain=0000;var=2153;vervar=3200;turvar=0;th=122;turth=0,2026-09-08T14:04:19.191282+00:00,54.61,percent,yes
ab07d530fe4fbca63c1b,bps_webapi,h3_release_reconciliation,domain=0000;var=1172;vervar=3200;turvar=0;th=121;turth=0,2026-09-08T23:38:59.693316+00:00,h3_province_webapi,domain=0000;var=1172;vervar=3200;turvar=0;th=121;turth=0,2026-09-08T14:04:19.191282+00:00,19716,rupiah_per_hour,yes
acefa2afc5b8ccb467bc,bps_webapi,h3_release_reconciliation,domain=0000;var=1186;vervar=5100;turvar=0;th=120;turth=0,2026-09-08T23:38:59.693316+00:00,h3_province_webapi,domain=0000;var=1186;vervar=5100;turvar=0;th=120;turth=0,2026-09-08T14:04:19.191282+00:00,14.9,percent,yes
ad0e6f765130691f009a,bps_webapi,h3_release_reconciliation,domain=0000;var=1172;vervar=6300;turvar=0;th=123;turth=0,2026-09-08T23:38:59.693316+00:00,h3_province_webapi,domain=0000;var=1172;vervar=6300;turvar=0;th=123;turth=0,2026-09-08T14:04:19.191282+00:00,18938,rupiah_per_hour,yes
ad260d271cb9a7ced6e0,bps_webapi,h3_release_reconciliation,domain=0000;var=1186;vervar=1400;turvar=0;th=123;turth=0,2026-09-08T23:38:59.693316+00:00,h3_province_webapi,domain=0000;var=1186;vervar=1400;turvar=0;th=123;turth=0,2026-09-08T14:04:19.191282+00:00,23.26,percent,yes
add767e625b023dc59fa,bps_webapi,h3_release_reconciliation,domain=0000;var=2153;vervar=7400;turvar=0;th=120;turth=0,2026-09-08T23:38:59.693316+00:00,h3_province_webapi,domain=0000;var=2153;vervar=7400;turvar=0;th=120;turth=0,2026-09-08T14:04:19.191282+00:00,64.59,percent,yes
adead6e3b1df0ecd33b5,bps_webapi,h3_release_reconciliation,domain=0000;var=1273;vervar=1300;turvar=0;th=123;turth=0,2026-09-08T23:38:59.693316+00:00,h3_province_webapi,domain=0000;var=1273;vervar=1300;turvar=0;th=123;turth=0,2026-09-08T14:04:19.191282+00:00,88.77,percent,yes
ae02f7a77eced046ee71,bps_webapi,h3_release_reconciliation,domain=0000;var=1161;vervar=1200;turvar=0;th=120;turth=0,2026-09-08T23:38:59.693316+00:00,h3_province_webapi,domain=0000;var=1161;vervar=1200;turvar=0;th=120;turth=0,2026-09-08T14:04:19.191282+00:00,1.39,percent,yes
ae077628fa3b2a096527,bps_webapi,h3_release_reconciliation,domain=0000;var=1186;vervar=1200;turvar=0;th=120;turth=0,2026-09-08T23:38:59.693316+00:00,h3_province_webapi,domain=0000;var=1186;vervar=1200;turvar=0;th=120;turth=0,2026-09-08T14:04:19.191282+00:00,22.87,percent,yes
ae0a665f4f3f52d7a256,bps_webapi,h3_release_reconciliation,domain=0000;var=1172;vervar=3500;turvar=0;th=122;turth=0,2026-09-08T23:38:59.693316+00:00,h3_province_webapi,domain=0000;var=1172;vervar=3500;turvar=0;th=122;turth=0,2026-09-08T14:04:19.191282+00:00,15119,rupiah_per_hour,yes
ae54f34d6e7fb00f870d,bps_webapi,h3_release_reconciliation,domain=0000;var=2153;vervar=3100;turvar=0;th=120;turth=0,2026-09-08T23:38:59.693316+00:00,h3_province_webapi,domain=0000;var=2153;vervar=3100;turvar=0;th=120;turth=0,2026-09-08T14:04:19.191282+00:00,38.22,percent,yes
aeb5b811cd62fbbe94cb,bps_tpb_2024,h3_release_reconciliation,page=87;figure=Gambar 8.4;series=total;year=2021,2026-09-08T14:05:34.154058+00:00,h3_province_publication,pub=936a26d5d2b168b9971d3b02;page=274;column=15;year=2021,2026-09-08T14:05:34.154058+00:00,59.45,percent,yes
aeb5b811cd62fbbe94cb,bps_webapi,h3_release_reconciliation,domain=0000;var=2153;vervar=9999;turvar=0;th=121;turth=0,2026-09-08T23:38:59.693316+00:00,h3_province_webapi,domain=0000;var=2153;vervar=9999;turvar=0;th=121;turth=0,2026-09-08T14:04:19.191282+00:00,59.45,percent,yes
aeb9748d2ab4a8e9f765,bps_webapi,h3_release_reconciliation,domain=0000;var=1172;vervar=1700;turvar=0;th=120;turth=0,2026-09-08T23:38:59.693316+00:00,h3_province_webapi,domain=0000;var=1172;vervar=1700;turvar=0;th=120;turth=0,2026-09-08T14:04:19.191282+00:00,17407,rupiah_per_hour,yes
aeb975e98897d16a61e9,bps_webapi,h3_release_reconciliation,domain=0000;var=1186;vervar=1900;turvar=0;th=123;turth=0,2026-09-08T23:38:59.693316+00:00,h3_province_webapi,domain=0000;var=1186;vervar=1900;turvar=0;th=123;turth=0,2026-09-08T14:04:19.191282+00:00,21.3,percent,yes
af0cb49168f40adf623c,bps_webapi,h3_release_reconciliation,domain=0000;var=1172;vervar=1300;turvar=0;th=120;turth=0,2026-09-08T23:38:59.693316+00:00,h3_province_webapi,domain=0000;var=1172;vervar=1300;turvar=0;th=120;turth=0,2026-09-08T14:04:19.191282+00:00,17571,rupiah_per_hour,yes
af12d1ae8c1555d899be,bps_webapi,h3_release_reconciliation,domain=0000;var=1161;vervar=5300;turvar=0;th=122;turth=0,2026-09-08T23:38:59.693316+00:00,h3_province_webapi,domain=0000;var=1161;vervar=5300;turvar=0;th=122;turth=0,2026-09-08T14:04:19.191282+00:00,-0.69,percent,yes
af1e23fb02308f8f1f35,bps_webapi,h3_release_reconciliation,domain=0000;var=1273;vervar=9400;turvar=0;th=121;turth=0,2026-09-08T23:38:59.693316+00:00,h3_province_webapi,domain=0000;var=1273;vervar=9400;turvar=0;th=121;turth=0,2026-09-08T14:04:19.191282+00:00,36.97,percent,yes
af26c16d0040c6b8c52f,bps_webapi,h3_release_reconciliation,domain=0000;var=1172;vervar=1100;turvar=0;th=123;turth=0,2026-09-08T23:38:59.693316+00:00,h3_province_webapi,domain=0000;var=1172;vervar=1100;turvar=0;th=123;turth=0,2026-09-08T14:04:19.191282+00:00,17585,rupiah_per_hour,yes
afbab449dfde1000d9f0,bps_webapi,h3_release_reconciliation,domain=0000;var=1273;vervar=7600;turvar=0;th=122;turth=0,2026-09-08T23:38:59.693316+00:00,h3_province_webapi,domain=0000;var=1273;vervar=7600;turvar=0;th=122;turth=0,2026-09-08T14:04:19.191282+00:00,77.32,percent,yes
b009999b9b7d557df262,bps_webapi,h3_release_reconciliation,domain=0000;var=1161;vervar=1900;turvar=0;th=120;turth=0,2026-09-08T23:38:59.693316+00:00,h3_province_webapi,domain=0000;var=1161;vervar=1900;turvar=0;th=120;turth=0,2026-09-08T14:04:19.191282+00:00,-2,percent,yes
b00afb06f2d083ba35bb,bps_webapi,h3_release_reconciliation,domain=0000;var=1186;vervar=8200;turvar=0;th=121;turth=0,2026-09-08T23:38:59.693316+00:00,h3_province_webapi,domain=0000;var=1186;vervar=8200;turvar=0;th=121;turth=0,2026-09-08T14:04:19.191282+00:00,27.59,percent,yes
b159ee256f2230bebf47,bps_webapi,h3_release_reconciliation,domain=0000;var=1161;vervar=3300;turvar=0;th=123;turth=0,2026-09-08T23:38:59.693316+00:00,h3_province_webapi,domain=0000;var=1161;vervar=3300;turvar=0;th=123;turth=0,2026-09-08T14:04:19.191282+00:00,-3.43,percent,yes
b1980d65aa0f97855a90,bps_webapi,h3_release_reconciliation,domain=0000;var=1172;vervar=6200;turvar=0;th=120;turth=0,2026-09-08T23:38:59.693316+00:00,h3_province_webapi,domain=0000;var=1172;vervar=6200;turvar=0;th=120;turth=0,2026-09-08T14:04:19.191282+00:00,20677,rupiah_per_hour,yes
b1a9897facb20ad26089,bps_webapi,h3_release_reconciliation,domain=0000;var=1186;vervar=3200;turvar=0;th=123;turth=0,2026-09-08T23:38:59.693316+00:00,h3_province_webapi,domain=0000;var=1186;vervar=3200;turvar=0;th=123;turth=0,2026-09-08T14:04:19.191282+00:00,25.71,percent,yes
b1d94149f971023ec273,bps_webapi,h3_release_reconciliation,domain=0000;var=1172;vervar=2100;turvar=0;th=121;turth=0,2026-09-08T23:38:59.693316+00:00,h3_province_webapi,domain=0000;var=1172;vervar=2100;turvar=0;th=121;turth=0,2026-09-08T14:04:19.191282+00:00,25736,rupiah_per_hour,yes
b22c5a544c695c57f3b8,bps_webapi,h3_release_reconciliation,domain=0000;var=1273;vervar=7500;turvar=0;th=123;turth=0,2026-09-08T23:38:59.693316+00:00,h3_province_webapi,domain=0000;var=1273;vervar=7500;turvar=0;th=123;turth=0,2026-09-08T14:04:19.191282+00:00,82.44,percent,yes
b3138a287d2fbf39b9d1,bps_webapi,h3_release_reconciliation,domain=0000;var=1186;vervar=1500;turvar=0;th=123;turth=0,2026-09-08T23:38:59.693316+00:00,h3_province_webapi,domain=0000;var=1186;vervar=1500;turvar=0;th=123;turth=0,2026-09-08T14:04:19.191282+00:00,22.26,percent,yes
b3bc8ad6372afee11dbf,bps_webapi,h3_release_reconciliation,domain=0000;var=1172;vervar=7400;turvar=0;th=122;turth=0,2026-09-08T23:38:59.693316+00:00,h3_province_webapi,domain=0000;var=1172;vervar=7400;turvar=0;th=122;turth=0,2026-09-08T14:04:19.191282+00:00,17542,rupiah_per_hour,yes
b42269f0fa54dd770bdf,bps_webapi,h3_release_reconciliation,domain=0000;var=1186;vervar=7200;turvar=0;th=122;turth=0,2026-09-08T23:38:59.693316+00:00,h3_province_webapi,domain=0000;var=1186;vervar=7200;turvar=0;th=122;turth=0,2026-09-08T14:04:19.191282+00:00,23.99,percent,yes
b4283201907beea08cf9,bps_webapi,h3_release_reconciliation,domain=0000;var=2153;vervar=7600;turvar=0;th=122;turth=0,2026-09-08T23:38:59.693316+00:00,h3_province_webapi,domain=0000;var=2153;vervar=7600;turvar=0;th=122;turth=0,2026-09-08T14:04:19.191282+00:00,77.25,percent,yes
b4303c307c7ad05952b1,bps_webapi,h3_release_reconciliation,domain=0000;var=1186;vervar=5300;turvar=0;th=122;turth=0,2026-09-08T23:38:59.693316+00:00,h3_province_webapi,domain=0000;var=1186;vervar=5300;turvar=0;th=122;turth=0,2026-09-08T14:04:19.191282+00:00,18.84,percent,yes
b4cf79a9b0f15cc34b54,bps_webapi,h3_release_reconciliation,domain=0000;var=2153;vervar=1600;turvar=0;th=121;turth=0,2026-09-08T23:38:59.693316+00:00,h3_province_webapi,domain=0000;var=2153;vervar=1600;turvar=0;th=121;turth=0,2026-09-08T14:04:19.191282+00:00,64.16,percent,yes
b54234ab41c7ab5a0110,bps_webapi,h3_release_reconciliation,domain=0000;var=2153;vervar=3500;turvar=0;th=122;turth=0,2026-09-08T23:38:59.693316+00:00,h3_province_webapi,domain=0000;var=2153;vervar=3500;turvar=0;th=122;turth=0,2026-09-08T14:04:19.191282+00:00,63.86,percent,yes
b5b96140d05ec462d22c,bps_webapi,h3_release_reconciliation,domain=0000;var=1161;vervar=8200;turvar=0;th=120;turth=0,2026-09-08T23:38:59.693316+00:00,h3_province_webapi,domain=0000;var=1161;vervar=8200;turvar=0;th=120;turth=0,2026-09-08T14:04:19.191282+00:00,5.25,percent,yes
b69c9e014283899123d3,bps_webapi,h3_release_reconciliation,domain=0000;var=1186;vervar=3600;turvar=0;th=121;turth=0,2026-09-08T23:38:59.693316+00:00,h3_province_webapi,domain=0000;var=1186;vervar=3600;turvar=0;th=121;turth=0,2026-09-08T14:04:19.191282+00:00,26.52,percent,yes
b6dcc441a1f39dded7cd,bps_webapi,h3_release_reconciliation,domain=0000;var=1186;vervar=1700;turvar=0;th=122;turth=0,2026-09-08T23:38:59.693316+00:00,h3_province_webapi,domain=0000;var=1186;vervar=1700;turvar=0;th=122;turth=0,2026-09-08T14:04:19.191282+00:00,22.49,percent,yes
b73a14086a70bdd6c71e,bps_webapi,h3_release_reconciliation,domain=0000;var=1186;vervar=3200;turvar=0;th=120;turth=0,2026-09-08T23:38:59.693316+00:00,h3_province_webapi,domain=0000;var=1186;vervar=3200;turvar=0;th=120;turth=0,2026-09-08T14:04:19.191282+00:00,29.33,percent,yes
b77e6071724a6c06ee06,bps_webapi,h3_release_reconciliation,domain=0000;var=2153;vervar=7600;turvar=0;th=121;turth=0,2026-09-08T23:38:59.693316+00:00,h3_province_webapi,domain=0000;var=2153;vervar=7600;turvar=0;th=121;turth=0,2026-09-08T14:04:19.191282+00:00,72.8,percent,yes
b8b6a5bb6de0e0471e50,bps_webapi,h3_release_reconciliation,domain=0000;var=1161;vervar=1300;turvar=0;th=120;turth=0,2026-09-08T23:38:59.693316+00:00,h3_province_webapi,domain=0000;var=1161;vervar=1300;turvar=0;th=120;turth=0,2026-09-08T14:04:19.191282+00:00,-3.19,percent,yes
b9d1d2c6d924a5af2c95,bps_webapi,h3_release_reconciliation,domain=0000;var=2153;vervar=1800;turvar=0;th=121;turth=0,2026-09-08T23:38:59.693316+00:00,h3_province_webapi,domain=0000;var=2153;vervar=1800;turvar=0;th=121;turth=0,2026-09-08T14:04:19.191282+00:00,71.31,percent,yes
bb294028008d50437ccd,bps_webapi,h3_release_reconciliation,domain=0000;var=1186;vervar=1300;turvar=0;th=120;turth=0,2026-09-08T23:38:59.693316+00:00,h3_province_webapi,domain=0000;var=1186;vervar=1300;turvar=0;th=120;turth=0,2026-09-08T14:04:19.191282+00:00,20.46,percent,yes
bb5b1d6e5947122f3528,bps_webapi,h3_release_reconciliation,domain=0000;var=2153;vervar=6400;turvar=0;th=122;turth=0,2026-09-08T23:38:59.693316+00:00,h3_province_webapi,domain=0000;var=2153;vervar=6400;turvar=0;th=122;turth=0,2026-09-08T14:04:19.191282+00:00,44.26,percent,yes
bbeb7baa9cde1c515d9a,bps_webapi,h3_release_reconciliation,domain=0000;var=2153;vervar=7600;turvar=0;th=123;turth=0,2026-09-08T23:38:59.693316+00:00,h3_province_webapi,domain=0000;var=2153;vervar=7600;turvar=0;th=123;turth=0,2026-09-08T14:04:19.191282+00:00,73.35,percent,yes
bc4321f056bb20f42752,bps_webapi,h3_release_reconciliation,domain=0000;var=1172;vervar=3400;turvar=0;th=120;turth=0,2026-09-08T23:38:59.693316+00:00,h3_province_webapi,domain=0000;var=1172;vervar=3400;turvar=0;th=120;turth=0,2026-09-08T14:04:19.191282+00:00,15771,rupiah_per_hour,yes
bc92fb6bd8e0174a3861,bps_webapi,h3_release_reconciliation,domain=0000;var=1161;vervar=5100;turvar=0;th=120;turth=0,2026-09-08T23:38:59.693316+00:00,h3_province_webapi,domain=0000;var=1161;vervar=5100;turvar=0;th=120;turth=0,2026-09-08T14:04:19.191282+00:00,-7.63,percent,yes
bcbb7190167b9533b8c7,bps_webapi,h3_release_reconciliation,domain=0000;var=1172;vervar=1500;turvar=0;th=122;turth=0,2026-09-08T23:38:59.693316+00:00,h3_province_webapi,domain=0000;var=1172;vervar=1500;turvar=0;th=122;turth=0,2026-09-08T14:04:19.191282+00:00,16042,rupiah_per_hour,yes
bcdd524db87a0e36330c,bps_webapi,h3_release_reconciliation,domain=0000;var=1273;vervar=7600;turvar=0;th=121;turth=0,2026-09-08T23:38:59.693316+00:00,h3_province_webapi,domain=0000;var=1273;vervar=7600;turvar=0;th=121;turth=0,2026-09-08T14:04:19.191282+00:00,76.25,percent,yes
bd1486cd0df976e9c169,bps_webapi,h3_release_reconciliation,domain=0000;var=1273;vervar=3100;turvar=0;th=123;turth=0,2026-09-08T23:38:59.693316+00:00,h3_province_webapi,domain=0000;var=1273;vervar=3100;turvar=0;th=123;turth=0,2026-09-08T14:04:19.191282+00:00,76.83,percent,yes
bd28d37a813872988637,bps_webapi,h3_release_reconciliation,domain=0000;var=1273;vervar=3600;turvar=0;th=121;turth=0,2026-09-08T23:38:59.693316+00:00,h3_province_webapi,domain=0000;var=1273;vervar=3600;turvar=0;th=121;turth=0,2026-09-08T14:04:19.191282+00:00,80.27,percent,yes
bd550895ea79ff64e030,bps_webapi,h3_release_reconciliation,domain=0000;var=1161;vervar=3500;turvar=0;th=122;turth=0,2026-09-08T23:38:59.693316+00:00,h3_province_webapi,domain=0000;var=1161;vervar=3500;turvar=0;th=122;turth=0,2026-09-08T14:04:19.191282+00:00,2.54,percent,yes
bd9e464513554ab547f8,bps_webapi,h3_release_reconciliation,domain=0000;var=2153;vervar=1300;turvar=0;th=120;turth=0,2026-09-08T23:38:59.693316+00:00,h3_province_webapi,domain=0000;var=2153;vervar=1300;turvar=0;th=120;turth=0,2026-09-08T14:04:19.191282+00:00,66.28,percent,yes
be57e3effdf6faedeca0,bps_webapi,h3_release_reconciliation,domain=0000;var=1172;vervar=6200;turvar=0;th=123;turth=0,2026-09-08T23:38:59.693316+00:00,h3_province_webapi,domain=0000;var=1172;vervar=6200;turvar=0;th=123;turth=0,2026-09-08T14:04:19.191282+00:00,20257,rupiah_per_hour,yes
be8a0393cc1a6289c9b5,bps_webapi,h3_release_reconciliation,domain=0000;var=2153;vervar=6500;turvar=0;th=123;turth=0,2026-09-08T23:38:59.693316+00:00,h3_province_webapi,domain=0000;var=2153;vervar=6500;turvar=0;th=123;turth=0,2026-09-08T14:04:19.191282+00:00,51.38,percent,yes
bf441c946221096fdda9,bps_webapi,h3_release_reconciliation,domain=0000;var=1172;vervar=5100;turvar=0;th=122;turth=0,2026-09-08T23:38:59.693316+00:00,h3_province_webapi,domain=0000;var=1172;vervar=5100;turvar=0;th=122;turth=0,2026-09-08T14:04:19.191282+00:00,16857,rupiah_per_hour,yes
bfb089947e2be766ebd5,bps_webapi,h3_release_reconciliation,domain=0000;var=1186;vervar=9400;turvar=0;th=122;turth=0,2026-09-08T23:38:59.693316+00:00,h3_province_webapi,domain=0000;var=1186;vervar=9400;turvar=0;th=122;turth=0,2026-09-08T14:04:19.191282+00:00,20.07,percent,yes
c04c73c341f3ebbf66f8,bps_webapi,h3_release_reconciliation,domain=0000;var=1273;vervar=7400;turvar=0;th=122;turth=0,2026-09-08T23:38:59.693316+00:00,h3_province_webapi,domain=0000;var=1273;vervar=7400;turvar=0;th=122;turth=0,2026-09-08T14:04:19.191282+00:00,86.07,percent,yes
c07bd522b3114757e3d4,bps_webapi,h3_release_reconciliation,domain=0000;var=1186;vervar=5200;turvar=0;th=121;turth=0,2026-09-08T23:38:59.693316+00:00,h3_province_webapi,domain=0000;var=1186;vervar=5200;turvar=0;th=121;turth=0,2026-09-08T14:04:19.191282+00:00,20.78,percent,yes
c0e1fe26c33ac3f99199,bps_webapi,h3_release_reconciliation,domain=0000;var=1186;vervar=1600;turvar=0;th=122;turth=0,2026-09-08T23:38:59.693316+00:00,h3_province_webapi,domain=0000;var=1186;vervar=1600;turvar=0;th=122;turth=0,2026-09-08T14:04:19.191282+00:00,25.32,percent,yes
c15a093f95c58b1efea3,bps_webapi,h3_release_reconciliation,domain=0000;var=2153;vervar=5100;turvar=0;th=120;turth=0,2026-09-08T23:38:59.693316+00:00,h3_province_webapi,domain=0000;var=2153;vervar=5100;turvar=0;th=120;turth=0,2026-09-08T14:04:19.191282+00:00,56.69,percent,yes
c19a80e1e59fc68208be,bps_webapi,h3_release_reconciliation,domain=0000;var=2153;vervar=1400;turvar=0;th=122;turth=0,2026-09-08T23:38:59.693316+00:00,h3_province_webapi,domain=0000;var=2153;vervar=1400;turvar=0;th=122;turth=0,2026-09-08T14:04:19.191282+00:00,54.02,percent,yes
c1cd58b9cd0142494a74,bps_webapi,h3_release_reconciliation,domain=0000;var=1161;vervar=1300;turvar=0;th=121;turth=0,2026-09-08T23:38:59.693316+00:00,h3_province_webapi,domain=0000;var=1161;vervar=1300;turvar=0;th=121;turth=0,2026-09-08T14:04:19.191282+00:00,3.29,percent,yes
c2053d02f755683ee4eb,bps_webapi,h3_release_reconciliation,domain=0000;var=1172;vervar=6400;turvar=0;th=120;turth=0,2026-09-08T23:38:59.693316+00:00,h3_province_webapi,domain=0000;var=1172;vervar=6400;turvar=0;th=120;turth=0,2026-09-08T14:04:19.191282+00:00,24097,rupiah_per_hour,yes
c213ef854f89f6d66394,bps_webapi,h3_release_reconciliation,domain=0000;var=1186;vervar=6100;turvar=0;th=123;turth=0,2026-09-08T23:38:59.693316+00:00,h3_province_webapi,domain=0000;var=1186;vervar=6100;turvar=0;th=123;turth=0,2026-09-08T14:04:19.191282+00:00,23.55,percent,yes
c29ab21b2be48b7c99e1,bps_webapi,h3_release_reconciliation,domain=0000;var=1273;vervar=9400;turvar=0;th=123;turth=0,2026-09-08T23:38:59.693316+00:00,h3_province_webapi,domain=0000;var=1273;vervar=9400;turvar=0;th=123;turth=0,2026-09-08T14:04:19.191282+00:00,31.78,percent,yes
c2f6233e3fd7d6a08480,bps_webapi,h3_release_reconciliation,domain=0000;var=2153;vervar=1400;turvar=0;th=121;turth=0,2026-09-08T23:38:59.693316+00:00,h3_province_webapi,domain=0000;var=2153;vervar=1400;turvar=0;th=121;turth=0,2026-09-08T14:04:19.191282+00:00,54.57,percent,yes
c2f7e05e5a3a1054f6ae,bps_webapi,h3_release_reconciliation,domain=0000;var=1186;vervar=9100;turvar=0;th=123;turth=0,2026-09-08T23:38:59.693316+00:00,h3_province_webapi,domain=0000;var=1186;vervar=9100;turvar=0;th=123;turth=0,2026-09-08T14:04:19.191282+00:00,27.98,percent,yes
c4560f37939b4abe7981,bps_webapi,h3_release_reconciliation,domain=0000;var=1186;vervar=6400;turvar=0;th=121;turth=0,2026-09-08T23:38:59.693316+00:00,h3_province_webapi,domain=0000;var=1186;vervar=6400;turvar=0;th=121;turth=0,2026-09-08T14:04:19.191282+00:00,21.56,percent,yes
c48c44659e9734b89684,bps_webapi,h3_release_reconciliation,domain=0000;var=2153;vervar=1200;turvar=0;th=121;turth=0,2026-09-08T23:38:59.693316+00:00,h3_province_webapi,domain=0000;var=2153;vervar=1200;turvar=0;th=121;turth=0,2026-09-08T14:04:19.191282+00:00,59.33,percent,yes
c4cdfc8b6cfba6fce604,bps_webapi,h3_release_reconciliation,domain=0000;var=1273;vervar=1100;turvar=0;th=121;turth=0,2026-09-08T23:38:59.693316+00:00,h3_province_webapi,domain=0000;var=1273;vervar=1100;turvar=0;th=121;turth=0,2026-09-08T14:04:19.191282+00:00,69.31,percent,yes
c56ebcdfc1f5207e1150,bps_webapi,h3_release_reconciliation,domain=0000;var=1186;vervar=6400;turvar=0;th=122;turth=0,2026-09-08T23:38:59.693316+00:00,h3_province_webapi,domain=0000;var=1186;vervar=6400;turvar=0;th=122;turth=0,2026-09-08T14:04:19.191282+00:00,20.08,percent,yes
c5c78a0c7942e0c19dbe,bps_webapi,h3_release_reconciliation,domain=0000;var=1273;vervar=5200;turvar=0;th=122;turth=0,2026-09-08T23:38:59.693316+00:00,h3_province_webapi,domain=0000;var=1273;vervar=5200;turvar=0;th=122;turth=0,2026-09-08T14:04:19.191282+00:00,74.25,percent,yes
c721bd8662ed1fa00f9d,bps_webapi,h3_release_reconciliation,domain=0000;var=1172;vervar=1800;turvar=0;th=122;turth=0,2026-09-08T23:38:59.693316+00:00,h3_province_webapi,domain=0000;var=1172;vervar=1800;turvar=0;th=122;turth=0,2026-09-08T14:04:19.191282+00:00,13218,rupiah_per_hour,yes
c725d478adc0aa5f7b87,bps_webapi,h3_release_reconciliation,domain=0000;var=1161;vervar=7600;turvar=0;th=120;turth=0,2026-09-08T23:38:59.693316+00:00,h3_province_webapi,domain=0000;var=1161;vervar=7600;turvar=0;th=120;turth=0,2026-09-08T14:04:19.191282+00:00,-4.16,percent,yes
c728561c33c6703473b2,bps_webapi,h3_release_reconciliation,domain=0000;var=2153;vervar=5300;turvar=0;th=122;turth=0,2026-09-08T23:38:59.693316+00:00,h3_province_webapi,domain=0000;var=2153;vervar=5300;turvar=0;th=122;turth=0,2026-09-08T14:04:19.191282+00:00,75.24,percent,yes
c82d8e41148eb808077b,bps_webapi,h3_release_reconciliation,domain=0000;var=1273;vervar=3500;turvar=0;th=123;turth=0,2026-09-08T23:38:59.693316+00:00,h3_province_webapi,domain=0000;var=1273;vervar=3500;turvar=0;th=123;turth=0,2026-09-08T14:04:19.191282+00:00,83.37,percent,yes
c83e5f48aecf5e7a1eb7,bps_webapi,h3_release_reconciliation,domain=0000;var=1172;vervar=3200;turvar=0;th=122;turth=0,2026-09-08T23:38:59.693316+00:00,h3_province_webapi,domain=0000;var=1172;vervar=3200;turvar=0;th=122;turth=0,2026-09-08T14:04:19.191282+00:00,19038,rupiah_per_hour,yes
c8912e520e396d6e0dff,bps_webapi,h3_release_reconciliation,domain=0000;var=1172;vervar=7200;turvar=0;th=121;turth=0,2026-09-08T23:38:59.693316+00:00,h3_province_webapi,domain=0000;var=1172;vervar=7200;turvar=0;th=121;turth=0,2026-09-08T14:04:19.191282+00:00,20637,rupiah_per_hour,yes
c8c0b41dcafbbddba4ed,bps_webapi,h3_release_reconciliation,domain=0000;var=1172;vervar=2100;turvar=0;th=122;turth=0,2026-09-08T23:38:59.693316+00:00,h3_province_webapi,domain=0000;var=1172;vervar=2100;turvar=0;th=122;turth=0,2026-09-08T14:04:19.191282+00:00,23528,rupiah_per_hour,yes
c8de5c0b391e8c965154,bps_tpb_2024,h3_release_reconciliation,page=88;figure=Gambar 8.8;series=total;year=2020,2026-09-08T14:05:34.154058+00:00,h3_province_publication,pub=936a26d5d2b168b9971d3b02;page=275;column=18;year=2020,2026-09-08T14:05:34.154058+00:00,17696,rupiah_per_hour,yes
c8de5c0b391e8c965154,bps_webapi,h3_release_reconciliation,domain=0000;var=1172;vervar=9999;turvar=0;th=120;turth=0,2026-09-08T23:38:59.693316+00:00,h3_province_webapi,domain=0000;var=1172;vervar=9999;turvar=0;th=120;turth=0,2026-09-08T14:04:19.191282+00:00,17696,rupiah_per_hour,yes
c9b6737fb9d4c645b010,bps_webapi,h3_release_reconciliation,domain=0000;var=1186;vervar=1800;turvar=0;th=122;turth=0,2026-09-08T23:38:59.693316+00:00,h3_province_webapi,domain=0000;var=1186;vervar=1800;turvar=0;th=122;turth=0,2026-09-08T14:04:19.191282+00:00,22.63,percent,yes
ca1cc85e5f15b73f745d,bps_webapi,h3_release_reconciliation,domain=0000;var=1273;vervar=6400;turvar=0;th=122;turth=0,2026-09-08T23:38:59.693316+00:00,h3_province_webapi,domain=0000;var=1273;vervar=6400;turvar=0;th=122;turth=0,2026-09-08T14:04:19.191282+00:00,80.07,percent,yes
cac235c5ab5082cf5653,bps_webapi,h3_release_reconciliation,domain=0000;var=1172;vervar=1300;turvar=0;th=122;turth=0,2026-09-08T23:38:59.693316+00:00,h3_province_webapi,domain=0000;var=1172;vervar=1300;turvar=0;th=122;turth=0,2026-09-08T14:04:19.191282+00:00,15887,rupiah_per_hour,yes
cadd4aafd43ae1301f57,bps_webapi,h3_release_reconciliation,domain=0000;var=2153;vervar=5300;turvar=0;th=120;turth=0,2026-09-08T23:38:59.693316+00:00,h3_province_webapi,domain=0000;var=2153;vervar=5300;turvar=0;th=120;turth=0,2026-09-08T14:04:19.191282+00:00,76.1,percent,yes
cb068050d9b453210308,bps_webapi,h3_release_reconciliation,domain=0000;var=2153;vervar=5200;turvar=0;th=121;turth=0,2026-09-08T23:38:59.693316+00:00,h3_province_webapi,domain=0000;var=2153;vervar=5200;turvar=0;th=121;turth=0,2026-09-08T14:04:19.191282+00:00,73.89,percent,yes
cb3a99aab001366f685c,bps_webapi,h3_release_reconciliation,domain=0000;var=1172;vervar=8100;turvar=0;th=120;turth=0,2026-09-08T23:38:59.693316+00:00,h3_province_webapi,domain=0000;var=1172;vervar=8100;turvar=0;th=120;turth=0,2026-09-08T14:04:19.191282+00:00,26198,rupiah_per_hour,yes
cb4ebf81137cdfd9d549,bps_webapi,h3_release_reconciliation,domain=0000;var=2153;vervar=1500;turvar=0;th=121;turth=0,2026-09-08T23:38:59.693316+00:00,h3_province_webapi,domain=0000;var=2153;vervar=1500;turvar=0;th=121;turth=0,2026-09-08T14:04:19.191282+00:00,62.01,percent,yes
cbbc7ad9face1fff17ae,bps_webapi,h3_release_reconciliation,domain=0000;var=1172;vervar=1800;turvar=0;th=120;turth=0,2026-09-08T23:38:59.693316+00:00,h3_province_webapi,domain=0000;var=1172;vervar=1800;turvar=0;th=120;turth=0,2026-09-08T14:04:19.191282+00:00,14912,rupiah_per_hour,yes
cbfa06d1fd05946ed19b,bps_webapi,h3_release_reconciliation,domain=0000;var=1273;vervar=9100;turvar=0;th=121;turth=0,2026-09-08T23:38:59.693316+00:00,h3_province_webapi,domain=0000;var=1273;vervar=9100;turvar=0;th=121;turth=0,2026-09-08T14:04:19.191282+00:00,73.71,percent,yes
cbfc1431c315ce60c002,bps_webapi,h3_release_reconciliation,domain=0000;var=1161;vervar=7300;turvar=0;th=122;turth=0,2026-09-08T23:38:59.693316+00:00,h3_province_webapi,domain=0000;var=1161;vervar=7300;turvar=0;th=122;turth=0,2026-09-08T14:04:19.191282+00:00,0.44,percent,yes
cc2b60ed331c6f61993d,bps_webapi,h3_release_reconciliation,domain=0000;var=1273;vervar=7200;turvar=0;th=122;turth=0,2026-09-08T23:38:59.693316+00:00,h3_province_webapi,domain=0000;var=1273;vervar=7200;turvar=0;th=122;turth=0,2026-09-08T14:04:19.191282+00:00,81.67,percent,yes
cc5c2af55b790c51c808,bps_webapi,h3_release_reconciliation,domain=0000;var=1161;vervar=5100;turvar=0;th=123;turth=0,2026-09-08T23:38:59.693316+00:00,h3_province_webapi,domain=0000;var=1161;vervar=5100;turvar=0;th=123;turth=0,2026-09-08T14:04:19.191282+00:00,5.29,percent,yes
cd2da81932881f434ad9,bps_webapi,h3_release_reconciliation,domain=0000;var=1172;vervar=3300;turvar=0;th=123;turth=0,2026-09-08T23:38:59.693316+00:00,h3_province_webapi,domain=0000;var=1172;vervar=3300;turvar=0;th=123;turth=0,2026-09-08T14:04:19.191282+00:00,13381,rupiah_per_hour,yes
cd3a116e80c43767e805,bps_webapi,h3_release_reconciliation,domain=0000;var=1172;vervar=1800;turvar=0;th=121;turth=0,2026-09-08T23:38:59.693316+00:00,h3_province_webapi,domain=0000;var=1172;vervar=1800;turvar=0;th=121;turth=0,2026-09-08T14:04:19.191282+00:00,15224,rupiah_per_hour,yes
cd580d21d05376831efa,bps_webapi,h3_release_reconciliation,domain=0000;var=1161;vervar=8100;turvar=0;th=123;turth=0,2026-09-08T23:38:59.693316+00:00,h3_province_webapi,domain=0000;var=1161;vervar=8100;turvar=0;th=123;turth=0,2026-09-08T14:04:19.191282+00:00,-0.27,percent,yes
cd83a1c5db25df7c0e65,bps_webapi,h3_release_reconciliation,domain=0000;var=1273;vervar=5200;turvar=0;th=123;turth=0,2026-09-08T23:38:59.693316+00:00,h3_province_webapi,domain=0000;var=1273;vervar=5200;turvar=0;th=123;turth=0,2026-09-08T14:04:19.191282+00:00,75.48,percent,yes
ce3b017a0114350a5cc8,bps_webapi,h3_release_reconciliation,domain=0000;var=1161;vervar=7100;turvar=0;th=123;turth=0,2026-09-08T23:38:59.693316+00:00,h3_province_webapi,domain=0000;var=1161;vervar=7100;turvar=0;th=123;turth=0,2026-09-08T14:04:19.191282+00:00,-2.19,percent,yes
cee9aa59981ed58f5552,bps_webapi,h3_release_reconciliation,domain=0000;var=1161;vervar=6400;turvar=0;th=120;turth=0,2026-09-08T23:38:59.693316+00:00,h3_province_webapi,domain=0000;var=1161;vervar=6400;turvar=0;th=120;turth=0,2026-09-08T14:04:19.191282+00:00,-2.86,percent,yes
cf6f3e47f724acc30f9f,bps_webapi,h3_release_reconciliation,domain=0000;var=1273;vervar=3400;turvar=0;th=121;turth=0,2026-09-08T23:38:59.693316+00:00,h3_province_webapi,domain=0000;var=1273;vervar=3400;turvar=0;th=121;turth=0,2026-09-08T14:04:19.191282+00:00,87.54,percent,yes
cf88c4704c06864253b6,bps_webapi,h3_release_reconciliation,domain=0000;var=1172;vervar=8100;turvar=0;th=123;turth=0,2026-09-08T23:38:59.693316+00:00,h3_province_webapi,domain=0000;var=1172;vervar=8100;turvar=0;th=123;turth=0,2026-09-08T14:04:19.191282+00:00,17156,rupiah_per_hour,yes
cfa560cb18424e1ff12c,bps_webapi,h3_release_reconciliation,domain=0000;var=1161;vervar=3200;turvar=0;th=123;turth=0,2026-09-08T23:38:59.693316+00:00,h3_province_webapi,domain=0000;var=1161;vervar=3200;turvar=0;th=123;turth=0,2026-09-08T14:04:19.191282+00:00,4.77,percent,yes
d001e97f73da4f8a7f8c,bps_webapi,h3_release_reconciliation,domain=0000;var=1161;vervar=6200;turvar=0;th=120;turth=0,2026-09-08T23:38:59.693316+00:00,h3_province_webapi,domain=0000;var=1161;vervar=6200;turvar=0;th=120;turth=0,2026-09-08T14:04:19.191282+00:00,-1.35,percent,yes
d05ed1d9e7e4f6741a12,bps_webapi,h3_release_reconciliation,domain=0000;var=1186;vervar=1700;turvar=0;th=121;turth=0,2026-09-08T23:38:59.693316+00:00,h3_province_webapi,domain=0000;var=1186;vervar=1700;turvar=0;th=121;turth=0,2026-09-08T14:04:19.191282+00:00,22.75,percent,yes
d0732ba19cd13a974b51,bps_webapi,h3_release_reconciliation,domain=0000;var=1161;vervar=7500;turvar=0;th=120;turth=0,2026-09-08T23:38:59.693316+00:00,h3_province_webapi,domain=0000;var=1161;vervar=7500;turvar=0;th=120;turth=0,2026-09-08T14:04:19.191282+00:00,0.74,percent,yes
d07d282f8465e305d17f,bps_webapi,h3_release_reconciliation,domain=0000;var=2153;vervar=3600;turvar=0;th=122;turth=0,2026-09-08T23:38:59.693316+00:00,h3_province_webapi,domain=0000;var=2153;vervar=3600;turvar=0;th=122;turth=0,2026-09-08T14:04:19.191282+00:00,47.96,percent,yes
d099e855915b5fdc2443,bps_tpb_2024,h3_release_reconciliation,page=86;figure=Gambar 8.3;series=total;year=2020,2026-09-08T14:05:34.154058+00:00,h3_province_publication,pub=936a26d5d2b168b9971d3b02;page=274;column=10;year=2020,2026-09-08T14:05:34.154058+00:00,-1.84,percent,yes
d099e855915b5fdc2443,bps_webapi,h3_release_reconciliation,domain=0000;var=1161;vervar=9999;turvar=0;th=120;turth=0,2026-09-08T23:38:59.693316+00:00,h3_province_webapi,domain=0000;var=1161;vervar=9999;turvar=0;th=120;turth=0,2026-09-08T14:04:19.191282+00:00,-1.84,percent,yes
d1329808015e32aa05ba,bps_webapi,h3_release_reconciliation,domain=0000;var=1273;vervar=7200;turvar=0;th=121;turth=0,2026-09-08T23:38:59.693316+00:00,h3_province_webapi,domain=0000;var=1273;vervar=7200;turvar=0;th=121;turth=0,2026-09-08T14:04:19.191282+00:00,82.23,percent,yes
d19cd3fb573e38ed2f03,bps_webapi,h3_release_reconciliation,domain=0000;var=1186;vervar=1100;turvar=0;th=120;turth=0,2026-09-08T23:38:59.693316+00:00,h3_province_webapi,domain=0000;var=1186;vervar=1100;turvar=0;th=120;turth=0,2026-09-08T14:04:19.191282+00:00,23.6,percent,yes
d19cd6847bfb65404b0e,bps_webapi,h3_release_reconciliation,domain=0000;var=1273;vervar=3500;turvar=0;th=121;turth=0,2026-09-08T23:38:59.693316+00:00,h3_province_webapi,domain=0000;var=1273;vervar=3500;turvar=0;th=121;turth=0,2026-09-08T14:04:19.191282+00:00,81.88,percent,yes
d1a24fa9cbc01c1c5ad1,bps_webapi,h3_release_reconciliation,domain=0000;var=1161;vervar=1900;turvar=0;th=123;turth=0,2026-09-08T23:38:59.693316+00:00,h3_province_webapi,domain=0000;var=1161;vervar=1900;turvar=0;th=123;turth=0,2026-09-08T14:04:19.191282+00:00,1.76,percent,yes
d2597f7e19aef5abde27,bps_webapi,h3_release_reconciliation,domain=0000;var=1161;vervar=1900;turvar=0;th=121;turth=0,2026-09-08T23:38:59.693316+00:00,h3_province_webapi,domain=0000;var=1161;vervar=1900;turvar=0;th=121;turth=0,2026-09-08T14:04:19.191282+00:00,4.82,percent,yes
d3152ed8921a497e8b18,bps_webapi,h3_release_reconciliation,domain=0000;var=1172;vervar=1500;turvar=0;th=121;turth=0,2026-09-08T23:38:59.693316+00:00,h3_province_webapi,domain=0000;var=1172;vervar=1500;turvar=0;th=121;turth=0,2026-09-08T14:04:19.191282+00:00,16043,rupiah_per_hour,yes
d3876545939fd26cbeee,bps_webapi,h3_release_reconciliation,domain=0000;var=1273;vervar=3300;turvar=0;th=122;turth=0,2026-09-08T23:38:59.693316+00:00,h3_province_webapi,domain=0000;var=1273;vervar=3300;turvar=0;th=122;turth=0,2026-09-08T14:04:19.191282+00:00,86.65,percent,yes
d42662a68f6bc94af710,bps_webapi,h3_release_reconciliation,domain=0000;var=1273;vervar=1100;turvar=0;th=122;turth=0,2026-09-08T23:38:59.693316+00:00,h3_province_webapi,domain=0000;var=1273;vervar=1100;turvar=0;th=122;turth=0,2026-09-08T14:04:19.191282+00:00,68.04,percent,yes
d439870e6d27dc5915d0,bps_webapi,h3_release_reconciliation,domain=0000;var=1161;vervar=1700;turvar=0;th=122;turth=0,2026-09-08T23:38:59.693316+00:00,h3_province_webapi,domain=0000;var=1161;vervar=1700;turvar=0;th=122;turth=0,2026-09-08T14:04:19.191282+00:00,2.73,percent,yes
d445fa9b4bd9012b4fac,bps_webapi,h3_release_reconciliation,domain=0000;var=1273;vervar=1700;turvar=0;th=121;turth=0,2026-09-08T23:38:59.693316+00:00,h3_province_webapi,domain=0000;var=1273;vervar=1700;turvar=0;th=121;turth=0,2026-09-08T14:04:19.191282+00:00,78.83,percent,yes
d4ce97e452ef476e761e,bps_webapi,h3_release_reconciliation,domain=0000;var=1161;vervar=1200;turvar=0;th=122;turth=0,2026-09-08T23:38:59.693316+00:00,h3_province_webapi,domain=0000;var=1161;vervar=1200;turvar=0;th=122;turth=0,2026-09-08T14:04:19.191282+00:00,2.37,percent,yes
d59b86c60c15def1225d,bps_webapi,h3_release_reconciliation,domain=0000;var=2153;vervar=9400;turvar=0;th=123;turth=0,2026-09-08T23:38:59.693316+00:00,h3_province_webapi,domain=0000;var=2153;vervar=9400;turvar=0;th=123;turth=0,2026-09-08T14:04:19.191282+00:00,84.43,percent,yes
d64a6d162e4909d5e475,bps_webapi,h3_release_reconciliation,domain=0000;var=2153;vervar=1700;turvar=0;th=120;turth=0,2026-09-08T23:38:59.693316+00:00,h3_province_webapi,domain=0000;var=2153;vervar=1700;turvar=0;th=120;turth=0,2026-09-08T14:04:19.191282+00:00,69.23,percent,yes
d6879fa335515bb73803,bps_webapi,h3_release_reconciliation,domain=0000;var=1273;vervar=5100;turvar=0;th=123;turth=0,2026-09-08T23:38:59.693316+00:00,h3_province_webapi,domain=0000;var=1273;vervar=5100;turvar=0;th=123;turth=0,2026-09-08T14:04:19.191282+00:00,90.54,percent,yes
d7270beba001c806aed1,bps_webapi,h3_release_reconciliation,domain=0000;var=1186;vervar=6500;turvar=0;th=122;turth=0,2026-09-08T23:38:59.693316+00:00,h3_province_webapi,domain=0000;var=1186;vervar=6500;turvar=0;th=122;turth=0,2026-09-08T14:04:19.191282+00:00,20.3,percent,yes
d7dc962b10dacaf5b8a8,bps_webapi,h3_release_reconciliation,domain=0000;var=1186;vervar=3200;turvar=0;th=121;turth=0,2026-09-08T23:38:59.693316+00:00,h3_province_webapi,domain=0000;var=1186;vervar=3200;turvar=0;th=121;turth=0,2026-09-08T14:04:19.191282+00:00,26.44,percent,yes
d7dec5c3c32e17abe538,bps_webapi,h3_release_reconciliation,domain=0000;var=1172;vervar=1600;turvar=0;th=123;turth=0,2026-09-08T23:38:59.693316+00:00,h3_province_webapi,domain=0000;var=1172;vervar=1600;turvar=0;th=123;turth=0,2026-09-08T14:04:19.191282+00:00,16273,rupiah_per_hour,yes
d88b3a5ba100a7e3d98e,bps_webapi,h3_release_reconciliation,domain=0000;var=1186;vervar=3300;turvar=0;th=120;turth=0,2026-09-08T23:38:59.693316+00:00,h3_province_webapi,domain=0000;var=1186;vervar=3300;turvar=0;th=120;turth=0,2026-09-08T14:04:19.191282+00:00,24.01,percent,yes
d8e8b222a4a84ea30176,bps_webapi,h3_release_reconciliation,domain=0000;var=1161;vervar=7200;turvar=0;th=120;turth=0,2026-09-08T23:38:59.693316+00:00,h3_province_webapi,domain=0000;var=1161;vervar=7200;turvar=0;th=120;turth=0,2026-09-08T14:04:19.191282+00:00,1.38,percent,yes
d9947b0e07928059cf9b,bps_webapi,h3_release_reconciliation,domain=0000;var=1172;vervar=7200;turvar=0;th=122;turth=0,2026-09-08T23:38:59.693316+00:00,h3_province_webapi,domain=0000;var=1172;vervar=7200;turvar=0;th=122;turth=0,2026-09-08T14:04:19.191282+00:00,15890,rupiah_per_hour,yes
d9c6a303ab9bff8ee8f8,bps_webapi,h3_release_reconciliation,domain=0000;var=2153;vervar=6100;turvar=0;th=121;turth=0,2026-09-08T23:38:59.693316+00:00,h3_province_webapi,domain=0000;var=2153;vervar=6100;turvar=0;th=121;turth=0,2026-09-08T14:04:19.191282+00:00,60.87,percent,yes
da621f3c87c0d5183469,bps_webapi,h3_release_reconciliation,domain=0000;var=1273;vervar=3500;turvar=0;th=122;turth=0,2026-09-08T23:38:59.693316+00:00,h3_province_webapi,domain=0000;var=1273;vervar=3500;turvar=0;th=122;turth=0,2026-09-08T14:04:19.191282+00:00,81.17,percent,yes
da779110e5ab1be005dd,bps_tpb_2024,h3_release_reconciliation,page=86;figure=Gambar 8.3;series=total;year=2022,2026-09-08T14:05:34.154058+00:00,h3_province_publication,pub=936a26d5d2b168b9971d3b02;page=274;column=12;year=2022,2026-09-08T14:05:34.154058+00:00,2.00,percent,yes
da779110e5ab1be005dd,bps_webapi,h3_release_reconciliation,domain=0000;var=1161;vervar=9999;turvar=0;th=122;turth=0,2026-09-08T23:38:59.693316+00:00,h3_province_webapi,domain=0000;var=1161;vervar=9999;turvar=0;th=122;turth=0,2026-09-08T14:04:19.191282+00:00,2,percent,yes
dad1633d949fa40ba6f4,bps_webapi,h3_release_reconciliation,domain=0000;var=1161;vervar=6300;turvar=0;th=120;turth=0,2026-09-08T23:38:59.693316+00:00,h3_province_webapi,domain=0000;var=1161;vervar=6300;turvar=0;th=120;turth=0,2026-09-08T14:04:19.191282+00:00,-3.58,percent,yes
dd2ade81e2b4ae5d147b,bps_tpb_2024,h3_release_reconciliation,page=90;figure=Gambar 8.11;series=total;year=2022,2026-09-08T14:05:34.154058+00:00,h3_province_publication,pub=936a26d5d2b168b9971d3b02;page=276;column=32;year=2022,2026-09-08T14:05:34.154058+00:00,23.22,percent,yes
dd2ade81e2b4ae5d147b,bps_webapi,h3_release_reconciliation,domain=0000;var=1186;vervar=9999;turvar=0;th=122;turth=0,2026-09-08T23:38:59.693316+00:00,h3_province_webapi,domain=0000;var=1186;vervar=9999;turvar=0;th=122;turth=0,2026-09-08T14:04:19.191282+00:00,23.22,percent,yes
ddd4dacc71ab37566e83,bps_webapi,h3_release_reconciliation,domain=0000;var=2153;vervar=5100;turvar=0;th=121;turth=0,2026-09-08T23:38:59.693316+00:00,h3_province_webapi,domain=0000;var=2153;vervar=5100;turvar=0;th=121;turth=0,2026-09-08T14:04:19.191282+00:00,57.1,percent,yes
ddf2a8ccb3169713aa98,bps_webapi,h3_release_reconciliation,domain=0000;var=2153;vervar=6400;turvar=0;th=123;turth=0,2026-09-08T23:38:59.693316+00:00,h3_province_webapi,domain=0000;var=2153;vervar=6400;turvar=0;th=123;turth=0,2026-09-08T14:04:19.191282+00:00,44.67,percent,yes
de93cf3d1968fdbdb6db,bps_webapi,h3_release_reconciliation,domain=0000;var=1172;vervar=7600;turvar=0;th=122;turth=0,2026-09-08T23:38:59.693316+00:00,h3_province_webapi,domain=0000;var=1172;vervar=7600;turvar=0;th=122;turth=0,2026-09-08T14:04:19.191282+00:00,14774,rupiah_per_hour,yes
df64e54928f2fcd7d0fb,bps_webapi,h3_release_reconciliation,domain=0000;var=1161;vervar=3600;turvar=0;th=122;turth=0,2026-09-08T23:38:59.693316+00:00,h3_province_webapi,domain=0000;var=1161;vervar=3600;turvar=0;th=122;turth=0,2026-09-08T14:04:19.191282+00:00,0.74,percent,yes
dfc00b4417989fb2680b,bps_webapi,h3_release_reconciliation,domain=0000;var=1273;vervar=1900;turvar=0;th=123;turth=0,2026-09-08T23:38:59.693316+00:00,h3_province_webapi,domain=0000;var=1273;vervar=1900;turvar=0;th=123;turth=0,2026-09-08T14:04:19.191282+00:00,88.17,percent,yes
e012d237070cceaf28ab,bps_webapi,h3_release_reconciliation,domain=0000;var=1186;vervar=3400;turvar=0;th=123;turth=0,2026-09-08T23:38:59.693316+00:00,h3_province_webapi,domain=0000;var=1186;vervar=3400;turvar=0;th=123;turth=0,2026-09-08T14:04:19.191282+00:00,10.89,percent,yes
e0e3770b41d71cf884de,bps_webapi,h3_release_reconciliation,domain=0000;var=2153;vervar=5100;turvar=0;th=123;turth=0,2026-09-08T23:38:59.693316+00:00,h3_province_webapi,domain=0000;var=2153;vervar=5100;turvar=0;th=123;turth=0,2026-09-08T14:04:19.191282+00:00,52.35,percent,yes
e0f0c92f1478dd9d07a6,bps_webapi,h3_release_reconciliation,domain=0000;var=1172;vervar=7600;turvar=0;th=123;turth=0,2026-09-08T23:38:59.693316+00:00,h3_province_webapi,domain=0000;var=1172;vervar=7600;turvar=0;th=123;turth=0,2026-09-08T14:04:19.191282+00:00,16387,rupiah_per_hour,yes
e12e5cf77414f176fcb7,bps_webapi,h3_release_reconciliation,domain=0000;var=1186;vervar=9400;turvar=0;th=120;turth=0,2026-09-08T23:38:59.693316+00:00,h3_province_webapi,domain=0000;var=1186;vervar=9400;turvar=0;th=120;turth=0,2026-09-08T14:04:19.191282+00:00,20.92,percent,yes
e131e154b9fd6f7bcede,bps_webapi,h3_release_reconciliation,domain=0000;var=1161;vervar=1600;turvar=0;th=122;turth=0,2026-09-08T23:38:59.693316+00:00,h3_province_webapi,domain=0000;var=1161;vervar=1600;turvar=0;th=122;turth=0,2026-09-08T14:04:19.191282+00:00,2.54,percent,yes
e1683341076c8f3fb410,bps_webapi,h3_release_reconciliation,domain=0000;var=1273;vervar=9100;turvar=0;th=122;turth=0,2026-09-08T23:38:59.693316+00:00,h3_province_webapi,domain=0000;var=1273;vervar=9100;turvar=0;th=122;turth=0,2026-09-08T14:04:19.191282+00:00,76.03,percent,yes
e17f1d0067b6df23717d,bps_webapi,h3_release_reconciliation,domain=0000;var=1172;vervar=5100;turvar=0;th=120;turth=0,2026-09-08T23:38:59.693316+00:00,h3_province_webapi,domain=0000;var=1172;vervar=5100;turvar=0;th=120;turth=0,2026-09-08T14:04:19.191282+00:00,17775,rupiah_per_hour,yes
e1814bbff2be24545169,bps_webapi,h3_release_reconciliation,domain=0000;var=1172;vervar=1600;turvar=0;th=120;turth=0,2026-09-08T23:38:59.693316+00:00,h3_province_webapi,domain=0000;var=1172;vervar=1600;turvar=0;th=120;turth=0,2026-09-08T14:04:19.191282+00:00,15072,rupiah_per_hour,yes
e1a5b08da5fa7e69f2f3,bps_webapi,h3_release_reconciliation,domain=0000;var=1172;vervar=7400;turvar=0;th=121;turth=0,2026-09-08T23:38:59.693316+00:00,h3_province_webapi,domain=0000;var=1172;vervar=7400;turvar=0;th=121;turth=0,2026-09-08T14:04:19.191282+00:00,19302,rupiah_per_hour,yes
e1ce6ac8101d6fba88ef,bps_webapi,h3_release_reconciliation,domain=0000;var=2153;vervar=3300;turvar=0;th=122;turth=0,2026-09-08T23:38:59.693316+00:00,h3_province_webapi,domain=0000;var=2153;vervar=3300;turvar=0;th=122;turth=0,2026-09-08T14:04:19.191282+00:00,60.16,percent,yes
e210579bc5c3063e89b6,bps_webapi,h3_release_reconciliation,domain=0000;var=1161;vervar=1100;turvar=0;th=121;turth=0,2026-09-08T23:38:59.693316+00:00,h3_province_webapi,domain=0000;var=1161;vervar=1100;turvar=0;th=121;turth=0,2026-09-08T14:04:19.191282+00:00,2.73,percent,yes
e2b279e28421d0fd544f,bps_webapi,h3_release_reconciliation,domain=0000;var=1186;vervar=7200;turvar=0;th=123;turth=0,2026-09-08T23:38:59.693316+00:00,h3_province_webapi,domain=0000;var=1186;vervar=7200;turvar=0;th=123;turth=0,2026-09-08T14:04:19.191282+00:00,22.39,percent,yes
e2c0fc9f7fe0f61823bd,bps_webapi,h3_release_reconciliation,domain=0000;var=1273;vervar=6500;turvar=0;th=123;turth=0,2026-09-08T23:38:59.693316+00:00,h3_province_webapi,domain=0000;var=1273;vervar=6500;turvar=0;th=123;turth=0,2026-09-08T14:04:19.191282+00:00,76.24,percent,yes
e33e2f8351747300cba7,bps_webapi,h3_release_reconciliation,domain=0000;var=1161;vervar=7600;turvar=0;th=123;turth=0,2026-09-08T23:38:59.693316+00:00,h3_province_webapi,domain=0000;var=1161;vervar=7600;turvar=0;th=123;turth=0,2026-09-08T14:04:19.191282+00:00,3.66,percent,yes
e36fa4da2a6ba01c1e07,bps_webapi,h3_release_reconciliation,domain=0000;var=1186;vervar=6200;turvar=0;th=123;turth=0,2026-09-08T23:38:59.693316+00:00,h3_province_webapi,domain=0000;var=1186;vervar=6200;turvar=0;th=123;turth=0,2026-09-08T14:04:19.191282+00:00,23.68,percent,yes
e42e1b8217ab5c261936,bps_webapi,h3_release_reconciliation,domain=0000;var=1172;vervar=5300;turvar=0;th=120;turth=0,2026-09-08T23:38:59.693316+00:00,h3_province_webapi,domain=0000;var=1172;vervar=5300;turvar=0;th=120;turth=0,2026-09-08T14:04:19.191282+00:00,17696,rupiah_per_hour,yes
e4659adf4fa5c4c1cfd8,bps_webapi,h3_release_reconciliation,domain=0000;var=1161;vervar=7400;turvar=0;th=121;turth=0,2026-09-08T23:38:59.693316+00:00,h3_province_webapi,domain=0000;var=1161;vervar=7400;turvar=0;th=121;turth=0,2026-09-08T14:04:19.191282+00:00,1.13,percent,yes
e4982bb0d13ac08094aa,bps_webapi,h3_release_reconciliation,domain=0000;var=1161;vervar=5300;turvar=0;th=123;turth=0,2026-09-08T23:38:59.693316+00:00,h3_province_webapi,domain=0000;var=1161;vervar=5300;turvar=0;th=123;turth=0,2026-09-08T14:04:19.191282+00:00,4.14,percent,yes
e4c7927f176297054db4,bps_webapi,h3_release_reconciliation,domain=0000;var=1186;vervar=3200;turvar=0;th=122;turth=0,2026-09-08T23:38:59.693316+00:00,h3_province_webapi,domain=0000;var=1186;vervar=3200;turvar=0;th=122;turth=0,2026-09-08T14:04:19.191282+00:00,27.85,percent,yes
e4dc0bfc4e6a3d540d9c,bps_webapi,h3_release_reconciliation,domain=0000;var=1186;vervar=5200;turvar=0;th=122;turth=0,2026-09-08T23:38:59.693316+00:00,h3_province_webapi,domain=0000;var=1186;vervar=5200;turvar=0;th=122;turth=0,2026-09-08T14:04:19.191282+00:00,23.3,percent,yes
e503f821f72f2c092207,bps_webapi,h3_release_reconciliation,domain=0000;var=2153;vervar=6200;turvar=0;th=123;turth=0,2026-09-08T23:38:59.693316+00:00,h3_province_webapi,domain=0000;var=2153;vervar=6200;turvar=0;th=123;turth=0,2026-09-08T14:04:19.191282+00:00,51.86,percent,yes
e5109114ffe286794d60,bps_webapi,h3_release_reconciliation,domain=0000;var=2153;vervar=6300;turvar=0;th=123;turth=0,2026-09-08T23:38:59.693316+00:00,h3_province_webapi,domain=0000;var=2153;vervar=6300;turvar=0;th=123;turth=0,2026-09-08T14:04:19.191282+00:00,55.25,percent,yes
e58b47bddbe681a0db51,bps_webapi,h3_release_reconciliation,domain=0000;var=1161;vervar=1400;turvar=0;th=120;turth=0,2026-09-08T23:38:59.693316+00:00,h3_province_webapi,domain=0000;var=1161;vervar=1400;turvar=0;th=120;turth=0,2026-09-08T14:04:19.191282+00:00,-3.42,percent,yes
e59c72c7669e45cc19e2,bps_webapi,h3_release_reconciliation,domain=0000;var=1161;vervar=1500;turvar=0;th=121;turth=0,2026-09-08T23:38:59.693316+00:00,h3_province_webapi,domain=0000;var=1161;vervar=1500;turvar=0;th=121;turth=0,2026-09-08T14:04:19.191282+00:00,3.22,percent,yes
e5a09454886fda11c1f4,bps_webapi,h3_release_reconciliation,domain=0000;var=1172;vervar=3200;turvar=0;th=120;turth=0,2026-09-08T23:38:59.693316+00:00,h3_province_webapi,domain=0000;var=1172;vervar=3200;turvar=0;th=120;turth=0,2026-09-08T14:04:19.191282+00:00,19078,rupiah_per_hour,yes
e5e3838702b7a868e8f2,bps_webapi,h3_release_reconciliation,domain=0000;var=1161;vervar=3300;turvar=0;th=121;turth=0,2026-09-08T23:38:59.693316+00:00,h3_province_webapi,domain=0000;var=1161;vervar=3300;turvar=0;th=121;turth=0,2026-09-08T14:04:19.191282+00:00,1.6,percent,yes
e5e6d605b9bdeae674f9,bps_webapi,h3_release_reconciliation,domain=0000;var=1172;vervar=1400;turvar=0;th=123;turth=0,2026-09-08T23:38:59.693316+00:00,h3_province_webapi,domain=0000;var=1172;vervar=1400;turvar=0;th=123;turth=0,2026-09-08T14:04:19.191282+00:00,18413,rupiah_per_hour,yes
e5fd7244b96be79d04f6,bps_webapi,h3_release_reconciliation,domain=0000;var=1172;vervar=7200;turvar=0;th=120;turth=0,2026-09-08T23:38:59.693316+00:00,h3_province_webapi,domain=0000;var=1172;vervar=7200;turvar=0;th=120;turth=0,2026-09-08T14:04:19.191282+00:00,18140,rupiah_per_hour,yes
e6a04f9ae7a5589a89ab,bps_webapi,h3_release_reconciliation,domain=0000;var=2153;vervar=1900;turvar=0;th=120;turth=0,2026-09-08T23:38:59.693316+00:00,h3_province_webapi,domain=0000;var=2153;vervar=1900;turvar=0;th=120;turth=0,2026-09-08T14:04:19.191282+00:00,52.93,percent,yes
e6d513ea499789190bee,bps_webapi,h3_release_reconciliation,domain=0000;var=1273;vervar=5300;turvar=0;th=122;turth=0,2026-09-08T23:38:59.693316+00:00,h3_province_webapi,domain=0000;var=1273;vervar=5300;turvar=0;th=122;turth=0,2026-09-08T14:04:19.191282+00:00,56.67,percent,yes
e743e250403b4254c1b9,bps_webapi,h3_release_reconciliation,domain=0000;var=1273;vervar=9400;turvar=0;th=122;turth=0,2026-09-08T23:38:59.693316+00:00,h3_province_webapi,domain=0000;var=1273;vervar=9400;turvar=0;th=122;turth=0,2026-09-08T14:04:19.191282+00:00,40.91,percent,yes
e7ac7a8171ef3ad9845b,bps_webapi,h3_release_reconciliation,domain=0000;var=1273;vervar=1200;turvar=0;th=121;turth=0,2026-09-08T23:38:59.693316+00:00,h3_province_webapi,domain=0000;var=1273;vervar=1200;turvar=0;th=121;turth=0,2026-09-08T14:04:19.191282+00:00,68.22,percent,yes
e7af4a33ac0686c6d49d,bps_webapi,h3_release_reconciliation,domain=0000;var=1172;vervar=1900;turvar=0;th=121;turth=0,2026-09-08T23:38:59.693316+00:00,h3_province_webapi,domain=0000;var=1172;vervar=1900;turvar=0;th=121;turth=0,2026-09-08T14:04:19.191282+00:00,17692,rupiah_per_hour,yes
e836618b56e279ca903c,bps_webapi,h3_release_reconciliation,domain=0000;var=1161;vervar=1600;turvar=0;th=121;turth=0,2026-09-08T23:38:59.693316+00:00,h3_province_webapi,domain=0000;var=1161;vervar=1600;turvar=0;th=121;turth=0,2026-09-08T14:04:19.191282+00:00,1.39,percent,yes
e930a0e0599e76c8b709,bps_webapi,h3_release_reconciliation,domain=0000;var=1186;vervar=7300;turvar=0;th=122;turth=0,2026-09-08T23:38:59.693316+00:00,h3_province_webapi,domain=0000;var=1186;vervar=7300;turvar=0;th=122;turth=0,2026-09-08T14:04:19.191282+00:00,22.61,percent,yes
ea18e1c8a630ad8d3cc5,bps_webapi,h3_release_reconciliation,domain=0000;var=1161;vervar=7400;turvar=0;th=120;turth=0,2026-09-08T23:38:59.693316+00:00,h3_province_webapi,domain=0000;var=1161;vervar=7400;turvar=0;th=120;turth=0,2026-09-08T14:04:19.191282+00:00,-2.7,percent,yes
ea69281fa4c2571c74bd,bps_webapi,h3_release_reconciliation,domain=0000;var=1161;vervar=1600;turvar=0;th=123;turth=0,2026-09-08T23:38:59.693316+00:00,h3_province_webapi,domain=0000;var=1161;vervar=1600;turvar=0;th=123;turth=0,2026-09-08T14:04:19.191282+00:00,2.46,percent,yes
ea9b4c1fa037e6f0420c,bps_webapi,h3_release_reconciliation,domain=0000;var=1186;vervar=6200;turvar=0;th=120;turth=0,2026-09-08T23:38:59.693316+00:00,h3_province_webapi,domain=0000;var=1186;vervar=6200;turvar=0;th=120;turth=0,2026-09-08T14:04:19.191282+00:00,24.69,percent,yes
ec969a4915ca1d825c8a,bps_webapi,h3_release_reconciliation,domain=0000;var=1186;vervar=7500;turvar=0;th=120;turth=0,2026-09-08T23:38:59.693316+00:00,h3_province_webapi,domain=0000;var=1186;vervar=7500;turvar=0;th=120;turth=0,2026-09-08T14:04:19.191282+00:00,27.35,percent,yes
ecf8d8e28cd0c9473121,bps_webapi,h3_release_reconciliation,domain=0000;var=1161;vervar=3400;turvar=0;th=121;turth=0,2026-09-08T23:38:59.693316+00:00,h3_province_webapi,domain=0000;var=1161;vervar=3400;turvar=0;th=121;turth=0,2026-09-08T14:04:19.191282+00:00,0.74,percent,yes
ed5a1c9431e672ad27bf,bps_webapi,h3_release_reconciliation,domain=0000;var=1172;vervar=3400;turvar=0;th=121;turth=0,2026-09-08T23:38:59.693316+00:00,h3_province_webapi,domain=0000;var=1172;vervar=3400;turvar=0;th=121;turth=0,2026-09-08T14:04:19.191282+00:00,15098,rupiah_per_hour,yes
ed674610ece12eaae0e2,bps_webapi,h3_release_reconciliation,domain=0000;var=1172;vervar=6400;turvar=0;th=123;turth=0,2026-09-08T23:38:59.693316+00:00,h3_province_webapi,domain=0000;var=1172;vervar=6400;turvar=0;th=123;turth=0,2026-09-08T14:04:19.191282+00:00,22509,rupiah_per_hour,yes
ed81091cbbbcba841881,bps_webapi,h3_release_reconciliation,domain=0000;var=1161;vervar=2100;turvar=0;th=120;turth=0,2026-09-08T23:38:59.693316+00:00,h3_province_webapi,domain=0000;var=1161;vervar=2100;turvar=0;th=120;turth=0,2026-09-08T14:04:19.191282+00:00,-6.43,percent,yes
eeb4acd4affd6ca5cce5,bps_webapi,h3_release_reconciliation,domain=0000;var=1161;vervar=7100;turvar=0;th=121;turth=0,2026-09-08T23:38:59.693316+00:00,h3_province_webapi,domain=0000;var=1161;vervar=7100;turvar=0;th=121;turth=0,2026-09-08T14:04:19.191282+00:00,4.9,percent,yes
ef2ce840129abd78e030,bps_webapi,h3_release_reconciliation,domain=0000;var=1172;vervar=2100;turvar=0;th=120;turth=0,2026-09-08T23:38:59.693316+00:00,h3_province_webapi,domain=0000;var=1172;vervar=2100;turvar=0;th=120;turth=0,2026-09-08T14:04:19.191282+00:00,25032,rupiah_per_hour,yes
f02f53a4c7b3b7d5a267,bps_webapi,h3_release_reconciliation,domain=0000;var=2153;vervar=7400;turvar=0;th=123;turth=0,2026-09-08T23:38:59.693316+00:00,h3_province_webapi,domain=0000;var=2153;vervar=7400;turvar=0;th=123;turth=0,2026-09-08T14:04:19.191282+00:00,61.84,percent,yes
f08fafbc137778e8ed04,bps_webapi,h3_release_reconciliation,domain=0000;var=1172;vervar=7300;turvar=0;th=123;turth=0,2026-09-08T23:38:59.693316+00:00,h3_province_webapi,domain=0000;var=1172;vervar=7300;turvar=0;th=123;turth=0,2026-09-08T14:04:19.191282+00:00,17776,rupiah_per_hour,yes
f0cc0ad036cc691b1c1b,bps_webapi,h3_release_reconciliation,domain=0000;var=1186;vervar=9100;turvar=0;th=120;turth=0,2026-09-08T23:38:59.693316+00:00,h3_province_webapi,domain=0000;var=1186;vervar=9100;turvar=0;th=120;turth=0,2026-09-08T14:04:19.191282+00:00,24.01,percent,yes
f0df17dca778fe458bdd,bps_webapi,h3_release_reconciliation,domain=0000;var=1172;vervar=9100;turvar=0;th=123;turth=0,2026-09-08T23:38:59.693316+00:00,h3_province_webapi,domain=0000;var=1172;vervar=9100;turvar=0;th=123;turth=0,2026-09-08T14:04:19.191282+00:00,25695,rupiah_per_hour,yes
f0ebb2bb26ff7d528702,bps_webapi,h3_release_reconciliation,domain=0000;var=2153;vervar=2100;turvar=0;th=121;turth=0,2026-09-08T23:38:59.693316+00:00,h3_province_webapi,domain=0000;var=2153;vervar=2100;turvar=0;th=121;turth=0,2026-09-08T14:04:19.191282+00:00,35.2,percent,yes
f0fe8d9419dfc4bea938,bps_webapi,h3_release_reconciliation,domain=0000;var=2153;vervar=3200;turvar=0;th=121;turth=0,2026-09-08T23:38:59.693316+00:00,h3_province_webapi,domain=0000;var=2153;vervar=3200;turvar=0;th=121;turth=0,2026-09-08T14:04:19.191282+00:00,54.61,percent,yes
f1671352ea0460ce00e9,bps_tpb_2024,h3_release_reconciliation,page=70;figure=Gambar 6.2;series=total;year=2023,2026-09-08T14:05:34.154058+00:00,h3_province_publication,pub=936a26d5d2b168b9971d3b02;page=269;column=7;year=2023,2026-09-08T14:05:34.154058+00:00,80.15,percent,yes
f1671352ea0460ce00e9,bps_webapi,h3_release_reconciliation,domain=0000;var=1273;vervar=9999;turvar=0;th=123;turth=0,2026-09-08T23:38:59.693316+00:00,h3_province_webapi,domain=0000;var=1273;vervar=9999;turvar=0;th=123;turth=0,2026-09-08T14:04:19.191282+00:00,80.15,percent,yes
f25c594bc057e6952b52,bps_webapi,h3_release_reconciliation,domain=0000;var=1273;vervar=2100;turvar=0;th=122;turth=0,2026-09-08T23:38:59.693316+00:00,h3_province_webapi,domain=0000;var=1273;vervar=2100;turvar=0;th=122;turth=0,2026-09-08T14:04:19.191282+00:00,82.38,percent,yes
f295046bc00ab0cdc077,bps_webapi,h3_release_reconciliation,domain=0000;var=2153;vervar=9400;turvar=0;th=120;turth=0,2026-09-08T23:38:59.693316+00:00,h3_province_webapi,domain=0000;var=2153;vervar=9400;turvar=0;th=120;turth=0,2026-09-08T14:04:19.191282+00:00,79.92,percent,yes
f34a882b999f6a989e05,bps_webapi,h3_release_reconciliation,domain=0000;var=1172;vervar=7500;turvar=0;th=121;turth=0,2026-09-08T23:38:59.693316+00:00,h3_province_webapi,domain=0000;var=1172;vervar=7500;turvar=0;th=121;turth=0,2026-09-08T14:04:19.191282+00:00,14613,rupiah_per_hour,yes
f371f13e9a49d3d8c057,bps_webapi,h3_release_reconciliation,domain=0000;var=1161;vervar=3300;turvar=0;th=120;turth=0,2026-09-08T23:38:59.693316+00:00,h3_province_webapi,domain=0000;var=1161;vervar=3300;turvar=0;th=120;turth=0,2026-09-08T14:04:19.191282+00:00,-2.29,percent,yes
f3afae1fe373bb7aadd2,bps_webapi,h3_release_reconciliation,domain=0000;var=2153;vervar=5200;turvar=0;th=123;turth=0,2026-09-08T23:38:59.693316+00:00,h3_province_webapi,domain=0000;var=2153;vervar=5200;turvar=0;th=123;turth=0,2026-09-08T14:04:19.191282+00:00,72.3,percent,yes
f44faa07fa0684800b27,bps_webapi,h3_release_reconciliation,domain=0000;var=1161;vervar=3100;turvar=0;th=123;turth=0,2026-09-08T23:38:59.693316+00:00,h3_province_webapi,domain=0000;var=1161;vervar=3100;turvar=0;th=123;turth=0,2026-09-08T14:04:19.191282+00:00,0.88,percent,yes
f48d991cda599412d866,bps_webapi,h3_release_reconciliation,domain=0000;var=1172;vervar=3400;turvar=0;th=122;turth=0,2026-09-08T23:38:59.693316+00:00,h3_province_webapi,domain=0000;var=1172;vervar=3400;turvar=0;th=122;turth=0,2026-09-08T14:04:19.191282+00:00,14916,rupiah_per_hour,yes
f5a5b3628ee454f5b975,bps_webapi,h3_release_reconciliation,domain=0000;var=1172;vervar=3200;turvar=0;th=123;turth=0,2026-09-08T23:38:59.693316+00:00,h3_province_webapi,domain=0000;var=1172;vervar=3200;turvar=0;th=123;turth=0,2026-09-08T14:04:19.191282+00:00,21194,rupiah_per_hour,yes
f5a5ea07718cb09b7018,bps_webapi,h3_release_reconciliation,domain=0000;var=1172;vervar=1100;turvar=0;th=120;turth=0,2026-09-08T23:38:59.693316+00:00,h3_province_webapi,domain=0000;var=1172;vervar=1100;turvar=0;th=120;turth=0,2026-09-08T14:04:19.191282+00:00,18099,rupiah_per_hour,yes
f5ad44f5a90ac2a489c4,bps_webapi,h3_release_reconciliation,domain=0000;var=2153;vervar=1500;turvar=0;th=123;turth=0,2026-09-08T23:38:59.693316+00:00,h3_province_webapi,domain=0000;var=2153;vervar=1500;turvar=0;th=123;turth=0,2026-09-08T14:04:19.191282+00:00,59.73,percent,yes
f5c10e29ce8ecedc733f,bps_webapi,h3_release_reconciliation,domain=0000;var=1172;vervar=9400;turvar=0;th=120;turth=0,2026-09-08T23:38:59.693316+00:00,h3_province_webapi,domain=0000;var=1172;vervar=9400;turvar=0;th=120;turth=0,2026-09-08T14:04:19.191282+00:00,32138,rupiah_per_hour,yes
f5eb4a6a64dfc500e061,bps_webapi,h3_release_reconciliation,domain=0000;var=1186;vervar=1600;turvar=0;th=123;turth=0,2026-09-08T23:38:59.693316+00:00,h3_province_webapi,domain=0000;var=1186;vervar=1600;turvar=0;th=123;turth=0,2026-09-08T14:04:19.191282+00:00,23.37,percent,yes
f71c09c9a5ebad93acec,bps_webapi,h3_release_reconciliation,domain=0000;var=1172;vervar=7600;turvar=0;th=121;turth=0,2026-09-08T23:38:59.693316+00:00,h3_province_webapi,domain=0000;var=1172;vervar=7600;turvar=0;th=121;turth=0,2026-09-08T14:04:19.191282+00:00,18072,rupiah_per_hour,yes
f7d20576d4eaf6b443b4,bps_webapi,h3_release_reconciliation,domain=0000;var=1273;vervar=1700;turvar=0;th=122;turth=0,2026-09-08T23:38:59.693316+00:00,h3_province_webapi,domain=0000;var=1273;vervar=1700;turvar=0;th=122;turth=0,2026-09-08T14:04:19.191282+00:00,79.18,percent,yes
f87cef27a33606bbd62a,bps_webapi,h3_release_reconciliation,domain=0000;var=1161;vervar=6400;turvar=0;th=122;turth=0,2026-09-08T23:38:59.693316+00:00,h3_province_webapi,domain=0000;var=1161;vervar=6400;turvar=0;th=122;turth=0,2026-09-08T14:04:19.191282+00:00,2.89,percent,yes
f90a53c5de3803bcfdab,bps_webapi,h3_release_reconciliation,domain=0000;var=2153;vervar=1900;turvar=0;th=123;turth=0,2026-09-08T23:38:59.693316+00:00,h3_province_webapi,domain=0000;var=2153;vervar=1900;turvar=0;th=123;turth=0,2026-09-08T14:04:19.191282+00:00,51.07,percent,yes
f9283661e714cde25d0d,bps_webapi,h3_release_reconciliation,domain=0000;var=1186;vervar=7600;turvar=0;th=122;turth=0,2026-09-08T23:38:59.693316+00:00,h3_province_webapi,domain=0000;var=1186;vervar=7600;turvar=0;th=122;turth=0,2026-09-08T14:04:19.191282+00:00,22.51,percent,yes
f92fc494eaeb4fc68ed2,bps_webapi,h3_release_reconciliation,domain=0000;var=1186;vervar=7100;turvar=0;th=122;turth=0,2026-09-08T23:38:59.693316+00:00,h3_province_webapi,domain=0000;var=1186;vervar=7100;turvar=0;th=122;turth=0,2026-09-08T14:04:19.191282+00:00,33.54,percent,yes
f95a882c73d63732bfc1,bps_webapi,h3_release_reconciliation,domain=0000;var=1186;vervar=3300;turvar=0;th=121;turth=0,2026-09-08T23:38:59.693316+00:00,h3_province_webapi,domain=0000;var=1186;vervar=3300;turvar=0;th=121;turth=0,2026-09-08T14:04:19.191282+00:00,20.32,percent,yes
f98c742c6cd488948ceb,bps_webapi,h3_release_reconciliation,domain=0000;var=1172;vervar=8100;turvar=0;th=122;turth=0,2026-09-08T23:38:59.693316+00:00,h3_province_webapi,domain=0000;var=1172;vervar=8100;turvar=0;th=122;turth=0,2026-09-08T14:04:19.191282+00:00,17006,rupiah_per_hour,yes
fb1ff5086ba7de5b108b,bps_webapi,h3_release_reconciliation,domain=0000;var=2153;vervar=8200;turvar=0;th=122;turth=0,2026-09-08T23:38:59.693316+00:00,h3_province_webapi,domain=0000;var=2153;vervar=8200;turvar=0;th=122;turth=0,2026-09-08T14:04:19.191282+00:00,65.63,percent,yes
fb22c463590583ce6113,bps_webapi,h3_release_reconciliation,domain=0000;var=1273;vervar=7400;turvar=0;th=123;turth=0,2026-09-08T23:38:59.693316+00:00,h3_province_webapi,domain=0000;var=1273;vervar=7400;turvar=0;th=123;turth=0,2026-09-08T14:04:19.191282+00:00,84.74,percent,yes
fb57547455d42471180b,bps_webapi,h3_release_reconciliation,domain=0000;var=1186;vervar=7100;turvar=0;th=121;turth=0,2026-09-08T23:38:59.693316+00:00,h3_province_webapi,domain=0000;var=1186;vervar=7100;turvar=0;th=121;turth=0,2026-09-08T14:04:19.191282+00:00,29.43,percent,yes
fb7e939b365771ab3640,bps_webapi,h3_release_reconciliation,domain=0000;var=1186;vervar=3500;turvar=0;th=120;turth=0,2026-09-08T23:38:59.693316+00:00,h3_province_webapi,domain=0000;var=1186;vervar=3500;turvar=0;th=120;turth=0,2026-09-08T14:04:19.191282+00:00,22.41,percent,yes
fbe7b9f460125305eea1,bps_webapi,h3_release_reconciliation,domain=0000;var=2153;vervar=9999;turvar=0;th=120;turth=0,2026-09-08T23:38:59.693316+00:00,h3_province_webapi,domain=0000;var=2153;vervar=9999;turvar=0;th=120;turth=0,2026-09-08T14:04:19.191282+00:00,60.47,percent,yes
fce942d12de33c8b3367,bps_webapi,h3_release_reconciliation,domain=0000;var=2153;vervar=3300;turvar=0;th=121;turth=0,2026-09-08T23:38:59.693316+00:00,h3_province_webapi,domain=0000;var=2153;vervar=3300;turvar=0;th=121;turth=0,2026-09-08T14:04:19.191282+00:00,60.38,percent,yes
fcedc713a86cb9425bb5,bps_webapi,h3_release_reconciliation,domain=0000;var=1161;vervar=5200;turvar=0;th=121;turth=0,2026-09-08T23:38:59.693316+00:00,h3_province_webapi,domain=0000;var=1161;vervar=5200;turvar=0;th=121;turth=0,2026-09-08T14:04:19.191282+00:00,-0.83,percent,yes
fdae242a543afc0176da,bps_webapi,h3_release_reconciliation,domain=0000;var=1273;vervar=3200;turvar=0;th=121;turth=0,2026-09-08T23:38:59.693316+00:00,h3_province_webapi,domain=0000;var=1273;vervar=3200;turvar=0;th=121;turth=0,2026-09-08T14:04:19.191282+00:00,79.49,percent,yes
fdbd56818edc90d339f0,bps_webapi,h3_release_reconciliation,domain=0000;var=1186;vervar=1600;turvar=0;th=121;turth=0,2026-09-08T23:38:59.693316+00:00,h3_province_webapi,domain=0000;var=1186;vervar=1600;turvar=0;th=121;turth=0,2026-09-08T14:04:19.191282+00:00,25.38,percent,yes
fdca9a26f0b78022f097,bps_webapi,h3_release_reconciliation,domain=0000;var=2153;vervar=3300;turvar=0;th=120;turth=0,2026-09-08T23:38:59.693316+00:00,h3_province_webapi,domain=0000;var=2153;vervar=3300;turvar=0;th=120;turth=0,2026-09-08T14:04:19.191282+00:00,62.75,percent,yes
fe2e61aff7a022f9b04a,bps_webapi,h3_release_reconciliation,domain=0000;var=1172;vervar=8200;turvar=0;th=122;turth=0,2026-09-08T23:38:59.693316+00:00,h3_province_webapi,domain=0000;var=1172;vervar=8200;turvar=0;th=122;turth=0,2026-09-08T14:04:19.191282+00:00,18278,rupiah_per_hour,yes
fe834477b24ffb2c44f3,bps_webapi,h3_release_reconciliation,domain=0000;var=2153;vervar=1500;turvar=0;th=122;turth=0,2026-09-08T23:38:59.693316+00:00,h3_province_webapi,domain=0000;var=2153;vervar=1500;turvar=0;th=122;turth=0,2026-09-08T14:04:19.191282+00:00,59.98,percent,yes
feb17f23ca70abec3850,bps_webapi,h3_release_reconciliation,domain=0000;var=1273;vervar=8200;turvar=0;th=122;turth=0,2026-09-08T23:38:59.693316+00:00,h3_province_webapi,domain=0000;var=1273;vervar=8200;turvar=0;th=122;turth=0,2026-09-08T14:04:19.191282+00:00,81.55,percent,yes
feb2918a5af1bd1c0859,bps_webapi,h3_release_reconciliation,domain=0000;var=1161;vervar=1800;turvar=0;th=123;turth=0,2026-09-08T23:38:59.693316+00:00,h3_province_webapi,domain=0000;var=1161;vervar=1800;turvar=0;th=123;turth=0,2026-09-08T14:04:19.191282+00:00,-2.35,percent,yes
ff9ddedb50a229a63637,bps_webapi,h3_release_reconciliation,domain=0000;var=2153;vervar=1100;turvar=0;th=123;turth=0,2026-09-08T23:38:59.693316+00:00,h3_province_webapi,domain=0000;var=2153;vervar=1100;turvar=0;th=123;turth=0,2026-09-08T14:04:19.191282+00:00,59.86,percent,yes
