edge_id,observation_id,cell_id,vintage_id,source_id,arrival_order,relationship
edge:1b2379b87b6f910585ca,6f28ca1a1bc5b3db9ca7,00014019e161add6f88e,7ba29f3a45abe1301651,bps_webapi,4,observation_materializes_cell
edge:3b70124331b09b35b679,9c813231b3ad52ad4b9d,000df22887373aca2e5f,aa7252a58f41161c17c3,bps_tpb_2024,1,observation_materializes_cell
edge:ed29f862064d12e46ad0,c9a3a301242aaa09a5b1,000df22887373aca2e5f,b132d2fab33291e0733e,bps_webapi,3,observation_materializes_cell
edge:44254bf23f93f1ef1872,88d71cb0310f3a020355,002a9615e44a18c5f0e9,7ba29f3a45abe1301651,bps_webapi,4,observation_materializes_cell
edge:341b6d3e217db79b1e27,a6f28bf044823f2f8b91,002d1a85b13dbfe1a81d,aa7252a58f41161c17c3,bps_tpb_2024,1,observation_materializes_cell
edge:5a2151b68d59964086cb,113596a78dbeef66a684,002d1a85b13dbfe1a81d,b132d2fab33291e0733e,bps_webapi,3,observation_materializes_cell
edge:cd8abd6573429bb4c22d,6e9ee67a2f912314d5bc,003824bd49c049ad9743,7ba29f3a45abe1301651,bps_webapi,4,observation_materializes_cell
edge:d78a9c78c6b24d2e0153,138b6d9bbdc05228fb9c,004e3be5e7b3fba6db26,7ba29f3a45abe1301651,bps_webapi,4,observation_materializes_cell
edge:2df68e066f76215869f9,9959df0e12c7f5bbca86,004e6c9a2fc8cff47eee,7ba29f3a45abe1301651,bps_webapi,4,observation_materializes_cell
edge:11084f09bba0ade3fa6e,d501723d6ef46ca05009,0061a69bb60bfd443e4c,7ba29f3a45abe1301651,bps_webapi,4,observation_materializes_cell
edge:72714eaa171dc448613c,ca2d370038cd93b05af8,0069613b9b65b936a529,7ba29f3a45abe1301651,bps_webapi,4,observation_materializes_cell
edge:ba8b8dfd8982a2be6995,b9d2735e0d4deec616b8,006b40a59db6d579de9f,7ba29f3a45abe1301651,bps_webapi,4,observation_materializes_cell
edge:e802c8818d13f3a4fde3,f8781e6cb96595c5c34e,006b74a9427c6ec82727,7ba29f3a45abe1301651,bps_webapi,4,observation_materializes_cell
edge:90d6f6f17885dbdd5370,fab6cbae637636fa4027,006b74a9427c6ec82727,aa7252a58f41161c17c3,bps_tpb_2024,1,observation_materializes_cell
edge:1b54fe3e51a2fb45dacf,928ff2a541c6f54bd616,006d9847d757453e13df,7ba29f3a45abe1301651,bps_webapi,4,observation_materializes_cell
edge:986e4c27c2831dc7002d,538d2c8106b72f8a6b55,00a4309299831372d2fb,7ba29f3a45abe1301651,bps_webapi,4,observation_materializes_cell
edge:8ea2e52f0c04dbfccb9a,3d41d4f9f77b3dc61b5c,00a71268d75925a9c8fa,aa7252a58f41161c17c3,bps_tpb_2024,1,observation_materializes_cell
edge:17b1b9ccd927592fb516,1713367d65f69ea34894,00a71268d75925a9c8fa,b132d2fab33291e0733e,bps_webapi,3,observation_materializes_cell
edge:d1b289abdb7a925149e9,c020f8fbb38e4fee4d09,00b5f453c1cf297c7743,7ba29f3a45abe1301651,bps_webapi,4,observation_materializes_cell
edge:1544a756f5fa2bee29a1,8232d4f52f73c5009d33,00ccb40d1e487304f81e,7ba29f3a45abe1301651,bps_webapi,4,observation_materializes_cell
edge:b983964f98053a990e31,f3a4e70a4be36a84c791,00d62f77e02df6cb3168,7ba29f3a45abe1301651,bps_webapi,4,observation_materializes_cell
edge:34a74c040682e0d1d4ca,9aebf7a0c1f915ca4e03,00d6f4f2285154546140,7ba29f3a45abe1301651,bps_webapi,4,observation_materializes_cell
edge:fee7b163cdf1f9e6c341,9c24d4ade40236798cf8,00db261c3a961afaac9a,aa7252a58f41161c17c3,bps_tpb_2024,1,observation_materializes_cell
edge:afa341dc6d8b553eef67,dc2c44c45636f41e9f18,00db261c3a961afaac9a,b132d2fab33291e0733e,bps_webapi,3,observation_materializes_cell
edge:8054799fadfdd1b3bc38,2748485590a76d58dd64,00e3006c0050183f06fc,7ba29f3a45abe1301651,bps_webapi,4,observation_materializes_cell
edge:9e511cb5aff5a508674f,7f074abdf8f4209176ed,00fc6ad3d857a10111e2,7ba29f3a45abe1301651,bps_webapi,4,observation_materializes_cell
edge:7d90b800e8059891fb93,6c030b3cac43728d0499,0108d6e368fd614e6a15,7ba29f3a45abe1301651,bps_webapi,4,observation_materializes_cell
edge:a11a095eb527bf1a2ce2,92effca881b29181f9e1,0108d6e368fd614e6a15,aa7252a58f41161c17c3,bps_tpb_2024,1,observation_materializes_cell
edge:ba1559c8f0ce01c978ef,5a52f1dc310179a228c2,01212c457bf1eeb4a231,aa7252a58f41161c17c3,bps_tpb_2024,1,observation_materializes_cell
edge:153243928c4d82ebe113,7ec35d483cc872c37838,01212c457bf1eeb4a231,b132d2fab33291e0733e,bps_webapi,3,observation_materializes_cell
edge:147e494c0cd7714bb9dc,eb99ff64cc8a3b78c749,01423efe84202378c6b9,7ba29f3a45abe1301651,bps_webapi,4,observation_materializes_cell
edge:abb987c5d3936530e6bc,2b97e187eaeb11c59855,014ff63ed9d2e804b6de,aa7252a58f41161c17c3,bps_tpb_2024,1,observation_materializes_cell
edge:055207670f610ca10b78,e2e6ef50bce8b4e1efd2,014ff63ed9d2e804b6de,b132d2fab33291e0733e,bps_webapi,3,observation_materializes_cell
edge:256e8e390e7388179323,c7057147ba55f14fa011,015e542662ecd4178656,7ba29f3a45abe1301651,bps_webapi,4,observation_materializes_cell
edge:4e7e3e8527368e32fd91,e8497a31c38b87ad7160,017f47f96bbd1ec2659e,7ba29f3a45abe1301651,bps_webapi,4,observation_materializes_cell
edge:d469d5138765303eabb4,cc4ad4997b27cab89991,01b250d949f05354e754,7ba29f3a45abe1301651,bps_webapi,4,observation_materializes_cell
edge:eee6087214c63ff3c27a,357a307c91419635d0e6,01ba9e24b732499d4b72,7ba29f3a45abe1301651,bps_webapi,4,observation_materializes_cell
edge:9267fa9761572b786049,43733a534bc3260878e6,01cfc60f021ac8c7bfeb,aa7252a58f41161c17c3,bps_tpb_2024,1,observation_materializes_cell
edge:f7e9cf2f4be8f8457474,44fdfc91f2b379c548c2,01cfc60f021ac8c7bfeb,b132d2fab33291e0733e,bps_webapi,3,observation_materializes_cell
edge:b42b4c1c06e5d8c42c5b,49f0f59e8ca55a77e6dd,01d0df13a463a0f3a4c5,7ba29f3a45abe1301651,bps_webapi,4,observation_materializes_cell
edge:fdd60957d0aaffea08ac,c8d009e7bf49fd3e88db,01d2fdb90cbfa7c354ab,7ba29f3a45abe1301651,bps_webapi,4,observation_materializes_cell
edge:5b10c2f7bb57f95529f0,a90ce04e8bf45e04d0e4,01e7cb5cad1c1e78b948,7ba29f3a45abe1301651,bps_webapi,4,observation_materializes_cell
edge:41e01dea6ef9c6d5d859,6a8fb6be39b4a3c7d05a,01e7cb5cad1c1e78b948,aa7252a58f41161c17c3,bps_tpb_2024,1,observation_materializes_cell
edge:cd29700b3933fc6ef66e,c1dd3058d73f51221525,01f058a38a76b8f323a8,aa7252a58f41161c17c3,bps_tpb_2024,1,observation_materializes_cell
edge:30e413c5f26385a1aa7a,9c8530ba529e9f4b1b78,01f058a38a76b8f323a8,b132d2fab33291e0733e,bps_webapi,3,observation_materializes_cell
edge:2da0ad1ff6ef4170dc54,0fdd3a9b6af0a42bf74e,0221b4c7b4ad865cb4ce,aa7252a58f41161c17c3,bps_tpb_2024,1,observation_materializes_cell
edge:b79c73c3ced62f8030de,fb446b4104aaebbdf1ca,0221b4c7b4ad865cb4ce,b132d2fab33291e0733e,bps_webapi,3,observation_materializes_cell
edge:546747af3c76cc81c912,5c7e8bc53b4a79b0b850,02286cf8c235c64930af,7ba29f3a45abe1301651,bps_webapi,4,observation_materializes_cell
edge:16cdbf3c34fb4fc8288d,08377459d9dc6d709941,022bf0a69eeccb74058f,aa7252a58f41161c17c3,bps_tpb_2024,1,observation_materializes_cell
edge:79edc08a4bf5fd2fec3b,000493a9d2a5123a770d,022bf0a69eeccb74058f,b132d2fab33291e0733e,bps_webapi,3,observation_materializes_cell
edge:15c687dbe15e14a72205,1ef0fc031b9bbf41ef4e,02489cc614d9c1725fb5,aa7252a58f41161c17c3,bps_tpb_2024,1,observation_materializes_cell
edge:f2f6735458bcbb741cd1,6589ffa4f6fa1a1cb6cf,02489cc614d9c1725fb5,b132d2fab33291e0733e,bps_webapi,3,observation_materializes_cell
edge:ab10613a0af7a7ac73ff,1bbf4acd633451bf6f5a,024fb698bf2530b17d15,aa7252a58f41161c17c3,bps_tpb_2024,1,observation_materializes_cell
edge:08fa0d29badf18e6ce61,5b894d28949d7b800ab4,024fb698bf2530b17d15,b132d2fab33291e0733e,bps_webapi,3,observation_materializes_cell
edge:206babb251cbdc8cbb58,5e7d6cd5f917e1733baa,025963ffd8094ec196c5,aa7252a58f41161c17c3,bps_tpb_2024,1,observation_materializes_cell
edge:5d5ce4a5b439abb4f3fd,85ac41e8092708ee459b,025963ffd8094ec196c5,b132d2fab33291e0733e,bps_webapi,3,observation_materializes_cell
edge:247c20d0de6a1f641885,bb38cd05b74a95ea250c,0266aef1a862d2efa29c,7ba29f3a45abe1301651,bps_webapi,4,observation_materializes_cell
edge:70bf742413c07aa447ed,345fbaa88ac1b6a84054,02719f1c7213e632657c,7ba29f3a45abe1301651,bps_webapi,4,observation_materializes_cell
edge:97e2aba1eeb4884136cc,f44b43ddf9b25659043a,0277fd8dadc606c61350,7ba29f3a45abe1301651,bps_webapi,4,observation_materializes_cell
edge:dd94a23af428a2247289,194377f117b05fc5b10f,0283507a88aaac2252dd,7ba29f3a45abe1301651,bps_webapi,4,observation_materializes_cell
edge:d4f38b15a71a64023846,672134f210e39cfb218b,02b2246f21f3bcf44519,7ba29f3a45abe1301651,bps_webapi,4,observation_materializes_cell
edge:9d38529f0a6612842421,69476f10888c4e4b0f3e,02b5dc016b232ee817ec,7ba29f3a45abe1301651,bps_webapi,4,observation_materializes_cell
edge:bb5291e541d0884dfeaf,034a7b0c7aa10394ffe3,02b8f4eb0e74747c7a6f,aa7252a58f41161c17c3,bps_tpb_2024,1,observation_materializes_cell
edge:396f13329481da937415,2ecfdf726f9fedd07dd7,02b8f4eb0e74747c7a6f,b132d2fab33291e0733e,bps_webapi,3,observation_materializes_cell
edge:2dfa55930657a1b54faf,0167e0d0b13863a31b17,02cdbacb95882cd29d4f,7ba29f3a45abe1301651,bps_webapi,4,observation_materializes_cell
edge:2fcf51189d8b69c02839,455132bc3226935c9cc1,02e287581d37901ccf6c,7ba29f3a45abe1301651,bps_webapi,4,observation_materializes_cell
edge:29cb5e6db83d03de3375,6afb654c5b844da30c1e,02e7943b76d73e3cd77d,7ba29f3a45abe1301651,bps_webapi,4,observation_materializes_cell
edge:3b4c08cf58949f01979f,df011070c8f218b1d85d,02f50eaa007293a35941,7ba29f3a45abe1301651,bps_webapi,4,observation_materializes_cell
edge:1ac100c69049b8c3c848,6172120a6d3a5ac1114f,02f53860d519a82be4e4,7ba29f3a45abe1301651,bps_webapi,4,observation_materializes_cell
edge:afbd7470eaae62f7fff9,8545149535f0acdc158d,03077b3b93a8d1d269e4,7ba29f3a45abe1301651,bps_webapi,4,observation_materializes_cell
edge:bc412c1d7494d3ec31da,239f6dacbabba4c5fc98,030a1462023692e580db,7ba29f3a45abe1301651,bps_webapi,4,observation_materializes_cell
edge:8bdf3ffebd4b0163138f,95d2889a38f58e38c0ae,030b418ad75991d3142e,7ba29f3a45abe1301651,bps_webapi,4,observation_materializes_cell
edge:70f02f25407c7ffb53b9,2edafca9a26f87718bad,031182ec5890379b7a2f,7ba29f3a45abe1301651,bps_webapi,4,observation_materializes_cell
edge:bee79c7d282b4064ae61,c85d5fb8edbfcfc5196e,0326c9081ea0cd7d51b7,7ba29f3a45abe1301651,bps_webapi,4,observation_materializes_cell
edge:b80cf9dfbe45e53eca8a,32f65102df8e2d604e1e,032915c13b6ca5971ecc,7ba29f3a45abe1301651,bps_webapi,4,observation_materializes_cell
edge:0662591a736756409ec8,e2b55a8a44dd118084e5,032f395cca5388db2474,7ba29f3a45abe1301651,bps_webapi,4,observation_materializes_cell
edge:7cd7b1e9ef13231513fb,426e42939fcfc2005034,0342b964edac1398de83,aa7252a58f41161c17c3,bps_tpb_2024,1,observation_materializes_cell
edge:b304d76e79cd4ebe5ce5,5d5ed2f942b5c82e1d86,0342b964edac1398de83,b132d2fab33291e0733e,bps_webapi,3,observation_materializes_cell
edge:253adf785ce5b3726285,a389b8b56e2a627918eb,0360e18798069ca08625,7ba29f3a45abe1301651,bps_webapi,4,observation_materializes_cell
edge:810c5381020ce0354444,75dd4158f7a768a9b705,0360e18798069ca08625,aa7252a58f41161c17c3,bps_tpb_2024,1,observation_materializes_cell
edge:7ec55ea7e78b9137a738,44caac8190fa51d16d46,036d1c973ea85251e9a6,7ba29f3a45abe1301651,bps_webapi,4,observation_materializes_cell
edge:c9e201c6dc0d9a82080a,cca15ced2ae9246e9374,037016d66f1f751de1ce,7ba29f3a45abe1301651,bps_webapi,4,observation_materializes_cell
edge:5e08e2e0ef86d7606f2e,1dad76ce08b339f264f7,0372c8ec62860e76ed20,7ba29f3a45abe1301651,bps_webapi,4,observation_materializes_cell
edge:3191c8deb8fa5143c328,6fc3f4774d1ac69baa7e,037a33ff5845ee104643,7ba29f3a45abe1301651,bps_webapi,4,observation_materializes_cell
edge:d3efdf8f214b6628fc08,98a8e89bc35501481c62,0396dfbb59fd8646b329,7ba29f3a45abe1301651,bps_webapi,4,observation_materializes_cell
edge:2bdcf5adbe6141360038,3fbce40670c31edb3fc3,0396dfbb59fd8646b329,aa7252a58f41161c17c3,bps_tpb_2024,1,observation_materializes_cell
edge:b00a367735d848317a88,30b012f8c22878919b78,0398bdea95930c5bfbd4,7ba29f3a45abe1301651,bps_webapi,4,observation_materializes_cell
edge:693546f3d5d55a8799b6,3668a61c801037663c3a,0398ccd469fe6352b634,7ba29f3a45abe1301651,bps_webapi,4,observation_materializes_cell
edge:af58eeb104f070d1be9b,69abed7737284f2c8f77,0398ccd469fe6352b634,aa7252a58f41161c17c3,bps_tpb_2024,1,observation_materializes_cell
edge:9b2e063307326eff4722,a3786a12dd3613eb1a6b,03a46e4a0d2662ea732f,7ba29f3a45abe1301651,bps_webapi,4,observation_materializes_cell
edge:00006bcf8ceca5f072a3,86b4c95fb7771b8af8a4,03a46e4a0d2662ea732f,aa7252a58f41161c17c3,bps_tpb_2024,1,observation_materializes_cell
edge:a4c85d8305c57be97687,0120ecff751f24905341,03a752f24ccb92ae6c76,7ba29f3a45abe1301651,bps_webapi,4,observation_materializes_cell
edge:a7927b6a724cfa63b617,a8369ce041be3f6882f1,03ab35633fec2268b44f,7ba29f3a45abe1301651,bps_webapi,4,observation_materializes_cell
edge:94d164992e125b478d06,4da651ec5630f8370782,03ac67edac8e26deb5a6,7ba29f3a45abe1301651,bps_webapi,4,observation_materializes_cell
edge:eccd4cd90fa6befe1cf7,8ff3051445a63aa61a7e,03b9b1abac88068cf205,7ba29f3a45abe1301651,bps_webapi,4,observation_materializes_cell
edge:2c496a4bde0dfb89aa8e,86e370fe3e1d3520b9f3,03bdb98ecfee785aba03,aa7252a58f41161c17c3,bps_tpb_2024,1,observation_materializes_cell
edge:d32e039f5d1588426c3e,b8537542311b1c10e1e6,03bdb98ecfee785aba03,b132d2fab33291e0733e,bps_webapi,3,observation_materializes_cell
edge:ee11db632742c1b7db39,3578bb652414fadeb5f6,03df794d29bce62ee999,7ba29f3a45abe1301651,bps_webapi,4,observation_materializes_cell
edge:48ce12f06c7d210e79ab,7044cbd3747dc3323b0a,03f40c06471753e43912,7ba29f3a45abe1301651,bps_webapi,4,observation_materializes_cell
edge:dd84f99991ed726edda8,61424bfc4875e4113223,0402e97fd9267a8d2a72,7ba29f3a45abe1301651,bps_webapi,4,observation_materializes_cell
edge:52cb92b326c5b55d55a9,61b198cd646d44bf29a6,04057bf8d4b677cfad2c,7ba29f3a45abe1301651,bps_webapi,4,observation_materializes_cell
edge:4e842ec2a33a11ff7f64,db31d25b57c6a2b4542e,0409b371c6b6ff2793e2,7ba29f3a45abe1301651,bps_webapi,4,observation_materializes_cell
edge:1518db4f294fb735ecec,c4753a02a729e82a6be1,0409b371c6b6ff2793e2,aa7252a58f41161c17c3,bps_tpb_2024,1,observation_materializes_cell
edge:106f0a566760a77965c7,67295346063b2651e65a,040ebe6fd163f2b03e5e,7ba29f3a45abe1301651,bps_webapi,4,observation_materializes_cell
edge:647c0b32ab8495a11035,4dd0489d18fb9de8a405,0416091255a8a1a6f458,7ba29f3a45abe1301651,bps_webapi,4,observation_materializes_cell
edge:a5f2403372243497fd80,ccb07b3b62e18be2125c,041936b49dd0ce5ea6ed,7ba29f3a45abe1301651,bps_webapi,4,observation_materializes_cell
edge:2dec7c378694da711245,79b900476ff7e10be7f8,0422b810196f2566e157,7ba29f3a45abe1301651,bps_webapi,4,observation_materializes_cell
edge:270d86715292e649de8d,4d54c6c01db8357192fe,042fd0148d20a8caa19a,7ba29f3a45abe1301651,bps_webapi,4,observation_materializes_cell
edge:7738efbf67b105345441,f6147358f60e4adc9241,043ef315ac010ed12204,7ba29f3a45abe1301651,bps_webapi,4,observation_materializes_cell
edge:76c494be89b8f7590dc1,0f8889714f8f4873494d,043ef315ac010ed12204,aa7252a58f41161c17c3,bps_tpb_2024,1,observation_materializes_cell
edge:ce5d7dbaa36317ecd979,f96d29c8e4628de4d463,0455cc06c62150a6966e,7ba29f3a45abe1301651,bps_webapi,4,observation_materializes_cell
edge:92169644ef784f4a16b1,7dcbb309cfe048164403,045635df43af738a231c,7ba29f3a45abe1301651,bps_webapi,4,observation_materializes_cell
edge:4e031d6e2493dc61d8b4,e822f640ce5b6b8318cd,045a8165978d285d9549,7ba29f3a45abe1301651,bps_webapi,4,observation_materializes_cell
edge:e5c47fe301c70f783276,343f75e2e4eb03847986,04613082108617ad28dd,7ba29f3a45abe1301651,bps_webapi,4,observation_materializes_cell
edge:9659159e96dd64b36714,60cc41d5329a32264236,046335fa3a3a2a109ad5,7ba29f3a45abe1301651,bps_webapi,4,observation_materializes_cell
edge:ca531e2ac71a94da4b42,da209993a0156b9320d8,04696fea30fd32d52900,7ba29f3a45abe1301651,bps_webapi,4,observation_materializes_cell
edge:6893d4db76bfefb14958,651a1e3d321eb39768a2,047af5f5817ca02d2438,7ba29f3a45abe1301651,bps_webapi,4,observation_materializes_cell
edge:899a065148fb5554a3af,c0caff88a96faf9148a3,0489d64b8b4fcfc80768,7ba29f3a45abe1301651,bps_webapi,4,observation_materializes_cell
edge:fda7b3a121a2b9431db7,ed51ee7a5423694d2c24,04a04f399e60a6cc7cfc,7ba29f3a45abe1301651,bps_webapi,4,observation_materializes_cell
edge:601ed6c26ef130004dda,c57f4a567fd031d742da,04a11efca19689588a5e,7ba29f3a45abe1301651,bps_webapi,4,observation_materializes_cell
edge:b29fec2c77f20d832e61,c307d76ee354998e672b,04a3a2fd6f0fc509da24,7ba29f3a45abe1301651,bps_webapi,4,observation_materializes_cell
edge:f67e1a1a7b9fecffb797,d8919c51be0beca0a5ce,04a4d15a1aa83cd17280,7ba29f3a45abe1301651,bps_webapi,4,observation_materializes_cell
edge:8aff9bea5cf2dd1a739d,988a34796fdc3c445eaf,04a8768d2ea0d63a4da8,7ba29f3a45abe1301651,bps_webapi,4,observation_materializes_cell
edge:80e365216dc5a4f13dd2,44f67c260a02841c38b6,04bd8d3727262345e8c8,aa7252a58f41161c17c3,bps_tpb_2024,1,observation_materializes_cell
edge:05c0220c5ac36cd87cfe,bd8ff71418d4a17f5023,04bd8d3727262345e8c8,b132d2fab33291e0733e,bps_webapi,3,observation_materializes_cell
edge:fe9dce1e02cee7f36b9c,a343109efc46f10c50a9,04c4e4d20951139934b4,7ba29f3a45abe1301651,bps_webapi,4,observation_materializes_cell
edge:920e5d5839f3b94b318f,125471fd045acf1f970f,04c4e4d20951139934b4,aa7252a58f41161c17c3,bps_tpb_2024,1,observation_materializes_cell
edge:573f40e733d2bc98019a,2d01f7f6eccf3795050d,04ca037617be8eeffced,7ba29f3a45abe1301651,bps_webapi,4,observation_materializes_cell
edge:3846e64892df52840d86,a47b18680caa4f65adc5,04cfb2df4f52fe158697,7ba29f3a45abe1301651,bps_webapi,4,observation_materializes_cell
edge:ac1cdd339ead7c1d8fe9,4e4b97cc23f9a644f2d2,04ddf0839b830854ec8a,7ba29f3a45abe1301651,bps_webapi,4,observation_materializes_cell
edge:1d3b161d0b308f8caf84,5185e845b6e058a16abe,04e775f4b346b6b672dc,7ba29f3a45abe1301651,bps_webapi,4,observation_materializes_cell
edge:26c9e28646711728c352,eac276f07d702400a207,04f0c4200effe9a1234d,7ba29f3a45abe1301651,bps_webapi,4,observation_materializes_cell
edge:d7b949caa0d10f9aa9ff,1e4e1eb448e9cadf609d,04f0c4200effe9a1234d,aa7252a58f41161c17c3,bps_tpb_2024,1,observation_materializes_cell
edge:6459d3d86f82f93faac7,8526a15d25d31a2ea9c2,04f30adbe1ea31f28f42,7ba29f3a45abe1301651,bps_webapi,4,observation_materializes_cell
edge:2585dda42782d4fef41b,746d2ddd646cea737aa0,04f8643b4f55d6e3a99b,7ba29f3a45abe1301651,bps_webapi,4,observation_materializes_cell
edge:40f486e73d1c56c88890,71f257d142b3cfe810d9,04fcee9ef8ba67c27b33,7ba29f3a45abe1301651,bps_webapi,4,observation_materializes_cell
edge:51ded8e0748b939d7fb0,858ebdd31da89dabb02a,0508d8685d4fb5ce905c,7ba29f3a45abe1301651,bps_webapi,4,observation_materializes_cell
edge:4e247ddaf2187ffb435f,40a6e31e9d37318a7f1d,051bcf7748888139d5ef,7ba29f3a45abe1301651,bps_webapi,4,observation_materializes_cell
edge:50b8512bc1c7dfd19697,e31b3aa95917e2100a33,05200d4ca14fc0ec62e7,7ba29f3a45abe1301651,bps_webapi,4,observation_materializes_cell
edge:091a22f9a9f6f5b03dee,1bdd7ea82895337f5fb4,0520a88762f9ce4bbd4d,7ba29f3a45abe1301651,bps_webapi,4,observation_materializes_cell
edge:106495c0262325d9e4fd,9b71d6e7bc411284265f,05277387850de936b0b1,7ba29f3a45abe1301651,bps_webapi,4,observation_materializes_cell
edge:f8bb17d9d4dbe65e89a5,e617b267b81efbff7dba,052b255fae00f80b5350,7ba29f3a45abe1301651,bps_webapi,4,observation_materializes_cell
edge:cfd85a36280373f5ae13,78b499e5b7bfef1a80fd,052b255fae00f80b5350,aa7252a58f41161c17c3,bps_tpb_2024,1,observation_materializes_cell
edge:456d07034d38a5357e99,947c465e2a84f0e1ce8f,053e15f2fca325776e03,7ba29f3a45abe1301651,bps_webapi,4,observation_materializes_cell
edge:ccec9d2dafd2ab88d2c9,1a5cf20d9fa1b516fc5f,053e15f2fca325776e03,aa7252a58f41161c17c3,bps_tpb_2024,1,observation_materializes_cell
edge:62bef387b693f4c8e592,bd3c2f72958db7c985d5,05549bc934b629a57fe8,7ba29f3a45abe1301651,bps_webapi,4,observation_materializes_cell
edge:f8f7c300efb4049de50a,6513a9d682688308e301,0558db8b4eca31152436,7ba29f3a45abe1301651,bps_webapi,4,observation_materializes_cell
edge:0edf36ee1e97a41142fb,5b31db27e9f183cf8ea6,056aa788e732e2c88b3e,7ba29f3a45abe1301651,bps_webapi,4,observation_materializes_cell
edge:c2a3e63c8ed9e98af68f,ed24c6577c4f72f63087,056aa788e732e2c88b3e,aa7252a58f41161c17c3,bps_tpb_2024,1,observation_materializes_cell
edge:11836b42e83e9854e88e,457dd90b3cc240c35288,05748a2066f67bb7eac6,7ba29f3a45abe1301651,bps_webapi,4,observation_materializes_cell
edge:1f8b41af23fd437db8e9,9f034aad8d5e59cf18ca,0581c40868f2e88cecc9,7ba29f3a45abe1301651,bps_webapi,4,observation_materializes_cell
edge:4cb3e9c0a487423c7337,e982602d1ca40e53cc43,05893fb233b6d2a24d7a,7ba29f3a45abe1301651,bps_webapi,4,observation_materializes_cell
edge:93a2afe88daa3b9dacd2,b1bb5e00a3647e93ec4d,059fb231315f5a9586f2,7ba29f3a45abe1301651,bps_webapi,4,observation_materializes_cell
edge:c4c11ed0a34c00c18854,7d3776288b91d62306d2,05a0969263d1ed89360a,7ba29f3a45abe1301651,bps_webapi,4,observation_materializes_cell
edge:f0db887a0b64ffb3dbf7,ba5a4b908a090d76b35b,05a30eb057a5d44cd05c,aa7252a58f41161c17c3,bps_tpb_2024,1,observation_materializes_cell
edge:a99f87a7302211eb8682,1e35b492394594c62c65,05a30eb057a5d44cd05c,b132d2fab33291e0733e,bps_webapi,3,observation_materializes_cell
edge:8f7987b11b43af2bf9ef,f0fd4d9efb4cc12b402e,05a55a45bab364e4139b,7ba29f3a45abe1301651,bps_webapi,4,observation_materializes_cell
edge:873a17a26fc409dc57dd,1fc8f1d1582c1248350d,05ae4dff5d60b5021813,7ba29f3a45abe1301651,bps_webapi,4,observation_materializes_cell
edge:6850c65ba54d2d6298ae,ad8a7f5c7869af674e3a,05ae4dff5d60b5021813,9ab2011a3892edfac889,bps_tpb_2025,2,observation_materializes_cell
edge:cc77a66c956ab4f1ab7e,f831d08aa91c95864cd0,05ae4dff5d60b5021813,aa7252a58f41161c17c3,bps_tpb_2024,1,observation_materializes_cell
edge:2b2b30f9d278785c1f15,871f93afcb8adae3ece6,05c50c7b822295c901c1,aa7252a58f41161c17c3,bps_tpb_2024,1,observation_materializes_cell
edge:8b2aa050bb73bf96e931,fc5d0647c0276db0ff66,05c50c7b822295c901c1,b132d2fab33291e0733e,bps_webapi,3,observation_materializes_cell
edge:7db3c9f1d3687bb71805,d4cb9110e5ec3607b5ab,05e76984021334da94d2,7ba29f3a45abe1301651,bps_webapi,4,observation_materializes_cell
edge:4840213d8a73d74ff9a1,045dd38f866316c03837,05e76984021334da94d2,9ab2011a3892edfac889,bps_tpb_2025,2,observation_materializes_cell
edge:79073645e55c66fd807e,9b497e52c43a356fd5c8,05f0f39284dd10913935,7ba29f3a45abe1301651,bps_webapi,4,observation_materializes_cell
edge:8eca9d6a4911b999fc2a,d9d4b27bfbd361aa9a66,05f58a6bc87e24920e33,7ba29f3a45abe1301651,bps_webapi,4,observation_materializes_cell
edge:c35797591cfb87a35857,f42d2f6100c8c4aa0a4e,05f6c4cab094e609a382,aa7252a58f41161c17c3,bps_tpb_2024,1,observation_materializes_cell
edge:c5ea35190f5d96ffab55,61c9618127fed01af70e,05f6c4cab094e609a382,b132d2fab33291e0733e,bps_webapi,3,observation_materializes_cell
edge:d01af120b2b6dc66df33,4fac1d63ce27fb682277,05fc919b6edd9f99b5a1,aa7252a58f41161c17c3,bps_tpb_2024,1,observation_materializes_cell
edge:077752a03a4a1452bca7,c79576b978e822cb1cff,05fc919b6edd9f99b5a1,b132d2fab33291e0733e,bps_webapi,3,observation_materializes_cell
edge:cc33b69f7fccaf2afd48,2a757bd064b619e9a850,05fdfa4450d9c00f5e16,7ba29f3a45abe1301651,bps_webapi,4,observation_materializes_cell
edge:1ed12ee91e3a111e5291,e03229bb6cb537ef4064,06084541c3a61e5c4e96,7ba29f3a45abe1301651,bps_webapi,4,observation_materializes_cell
edge:cce833a135ebe9bf545f,e4ff68389f1620eed7dc,0608af6efbebfee06544,7ba29f3a45abe1301651,bps_webapi,4,observation_materializes_cell
edge:e4f21229402f1baa69c5,2f3bc4bd831f28e1acf2,06141457ae3990fd1dc3,7ba29f3a45abe1301651,bps_webapi,4,observation_materializes_cell
edge:1dc3ca49011d5e869f99,ae13c713bba2ad01e519,062628a518d8cbf93561,7ba29f3a45abe1301651,bps_webapi,4,observation_materializes_cell
edge:49b703443381712b5c78,14d7b40d5d837ab74f3d,06366064d1f63dc5e75e,aa7252a58f41161c17c3,bps_tpb_2024,1,observation_materializes_cell
edge:51d3824e8a46b241b5dd,7d37215d71c4324aad5e,06366064d1f63dc5e75e,b132d2fab33291e0733e,bps_webapi,3,observation_materializes_cell
edge:0a6b858494a0fc9dca19,812b0355dfe147ab1a85,064bf2036b92635a3277,7ba29f3a45abe1301651,bps_webapi,4,observation_materializes_cell
edge:493aeeb2f7580f2e658f,379276c6e7528a5e1422,06537483586f033e048c,7ba29f3a45abe1301651,bps_webapi,4,observation_materializes_cell
edge:a82c93c0335b3d52dfa1,f186bc56f29a21ad2cb7,0659685b566373e80370,7ba29f3a45abe1301651,bps_webapi,4,observation_materializes_cell
edge:22d3979e1e489e4da4f2,f2e8a78f4cca7112b50a,0659cad59f3e2b6b8dc5,7ba29f3a45abe1301651,bps_webapi,4,observation_materializes_cell
edge:12822b8d20f8713a9cd5,a1bd5f75f7b100799b0e,065f9b716933611cc6b2,7ba29f3a45abe1301651,bps_webapi,4,observation_materializes_cell
edge:3bd3f6168ae64d361a1e,233345721e61b5e020b6,06641384d7ca73a08d62,7ba29f3a45abe1301651,bps_webapi,4,observation_materializes_cell
edge:eea917092aa90711d55e,7640f17bd22ab99dcceb,0683cc4ed3cc7046d5af,7ba29f3a45abe1301651,bps_webapi,4,observation_materializes_cell
edge:b9459b47fab39f5d7839,e0cd5793ea0f75a3f433,0692f436d51f47b1cfab,7ba29f3a45abe1301651,bps_webapi,4,observation_materializes_cell
edge:6995e6d999481a8c1e1e,5dc810f8aac976f94a12,0692f436d51f47b1cfab,aa7252a58f41161c17c3,bps_tpb_2024,1,observation_materializes_cell
edge:03350ce41ce2856f3ad3,05d260fdddfa1a6e6520,069b52d9843d11d4fc79,7ba29f3a45abe1301651,bps_webapi,4,observation_materializes_cell
edge:904b08b45560afe8f661,793d47a79a8fb05c08ec,069f6f1dd95e0b4338dc,aa7252a58f41161c17c3,bps_tpb_2024,1,observation_materializes_cell
edge:8147e4d9e2972dbc23ae,a827266ef61a3bb7da63,069f6f1dd95e0b4338dc,b132d2fab33291e0733e,bps_webapi,3,observation_materializes_cell
edge:d8da781ebfd8a7810d77,d0e0223601f0bbc7d529,06a1660998bdaff09d76,7ba29f3a45abe1301651,bps_webapi,4,observation_materializes_cell
edge:e69851a697c921d3beb6,e97489ece5a2b810703d,06b7a7f86724df0eabec,7ba29f3a45abe1301651,bps_webapi,4,observation_materializes_cell
edge:38d709bcdf3d0cb65bfc,491163ed45f108062466,06c5d94ae2b53022cbd8,7ba29f3a45abe1301651,bps_webapi,4,observation_materializes_cell
edge:2a85253078baaa8c26cd,d135a99d925a7d9c988e,06d51d8232b084dc087b,7ba29f3a45abe1301651,bps_webapi,4,observation_materializes_cell
edge:8dff34a3880e08554529,444a10fba896028c2ea6,06d530fbe1feb41457ba,7ba29f3a45abe1301651,bps_webapi,4,observation_materializes_cell
edge:d38f2e8d9fc62d57096a,002b6a8171326dac839e,06e0b5139c6b2b0311b6,7ba29f3a45abe1301651,bps_webapi,4,observation_materializes_cell
edge:76fb250d665a37db251a,f9e5fc4d72cb63c3ae57,06e8bf15eea25b336dcd,7ba29f3a45abe1301651,bps_webapi,4,observation_materializes_cell
edge:08f649af2b418d55e0ec,a0db1ff555194d828b2a,06e8bf15eea25b336dcd,aa7252a58f41161c17c3,bps_tpb_2024,1,observation_materializes_cell
edge:bc40a515c6d0111b033c,592747de7a2995b29f1d,06f507cca8c03b1c7955,7ba29f3a45abe1301651,bps_webapi,4,observation_materializes_cell
edge:f290c18631ba3b4fcdb5,fe133b3f0b6843f3ff22,0702cd253f2221cfc989,7ba29f3a45abe1301651,bps_webapi,4,observation_materializes_cell
edge:a8121e8d0a2d3c1c83cc,60c337149233b5307f67,071c7a4f0bc643186a26,7ba29f3a45abe1301651,bps_webapi,4,observation_materializes_cell
edge:db5d7070b51ccfbe936e,386756b7b76b44962644,071ec329ef3209ce58fe,7ba29f3a45abe1301651,bps_webapi,4,observation_materializes_cell
edge:eba92612fee0ccfeb9e3,988bd1106a7d0060de54,0724d243d7d1cad2a0ce,7ba29f3a45abe1301651,bps_webapi,4,observation_materializes_cell
edge:2f3e01d6bc6df206830d,4fbc9c1fba83116f4ffa,072823f44fe5119c87e0,7ba29f3a45abe1301651,bps_webapi,4,observation_materializes_cell
edge:b4626d4fefc69de33b77,768a4ee0ac2fb1e54519,072a5c5bf8927a785d25,7ba29f3a45abe1301651,bps_webapi,4,observation_materializes_cell
edge:aebf55a30d287260941a,1166c4251e3b4a777efe,072a5c5bf8927a785d25,aa7252a58f41161c17c3,bps_tpb_2024,1,observation_materializes_cell
edge:a70782d44fd443a37597,20668acfffb8f459d3c9,072e2d05bf398dcc5f3d,7ba29f3a45abe1301651,bps_webapi,4,observation_materializes_cell
edge:7ddbc1cacca889fe5b0a,51e5e6c0be7897a8f03f,072f47e3565152d0b3bd,7ba29f3a45abe1301651,bps_webapi,4,observation_materializes_cell
edge:4ce168a4d3adea926663,7ec5929faa64ca935c6f,073547f27bef6eac5ce0,7ba29f3a45abe1301651,bps_webapi,4,observation_materializes_cell
edge:dbda200c2cb2cfcd3312,6d690107fd05da3914f7,073547f27bef6eac5ce0,aa7252a58f41161c17c3,bps_tpb_2024,1,observation_materializes_cell
edge:a1aa50518f647879c1f6,658d8f3c557c9738f16f,0741587b5e2e9046ca38,7ba29f3a45abe1301651,bps_webapi,4,observation_materializes_cell
edge:547e1fa16bf7e24c9fc2,4e2d7ef2349a5c8de491,0741587b5e2e9046ca38,aa7252a58f41161c17c3,bps_tpb_2024,1,observation_materializes_cell
edge:b8a3eed061043749cbca,12839c424dd4e6de2035,07559373d8f00f73d082,7ba29f3a45abe1301651,bps_webapi,4,observation_materializes_cell
edge:c6e0c5a0b81676772f13,75c70f6b68be16bf21ba,075d06f75f746a35028c,7ba29f3a45abe1301651,bps_webapi,4,observation_materializes_cell
edge:74bbef619dc1daaddcb4,7952fc8ca9c367549519,07638674894fba390842,7ba29f3a45abe1301651,bps_webapi,4,observation_materializes_cell
edge:fb0b2108bf13e4eef478,b565640207d977ef53ee,076a35990b1dd4909311,7ba29f3a45abe1301651,bps_webapi,4,observation_materializes_cell
edge:8e05dbb63708a397655d,84b6b4a92a3c17ab7777,076a35990b1dd4909311,aa7252a58f41161c17c3,bps_tpb_2024,1,observation_materializes_cell
edge:1556ed1fcfb9738f16ab,61c7f17df368d4f1bcc3,077a4e57b746b4fd0a56,7ba29f3a45abe1301651,bps_webapi,4,observation_materializes_cell
edge:acb8ebd75fec5c7d22b9,f8309305afd63f35bd86,078818f3b42c41f2c097,7ba29f3a45abe1301651,bps_webapi,4,observation_materializes_cell
edge:3f2c7da5e54ea37ec516,c4d89d509f7f66d14199,079035f8a7e69964dcb1,7ba29f3a45abe1301651,bps_webapi,4,observation_materializes_cell
edge:6eae569695e9257e0ac6,0dd06ff4ffb2b824e784,07976c2ae74f718dce61,7ba29f3a45abe1301651,bps_webapi,4,observation_materializes_cell
edge:5dc41f762f69a3ef2f4e,788508741afbe3bf975c,07976c2ae74f718dce61,aa7252a58f41161c17c3,bps_tpb_2024,1,observation_materializes_cell
edge:c92061d31b4059611359,7a1711f211af3f6b807c,0798a6f830fc24d49666,aa7252a58f41161c17c3,bps_tpb_2024,1,observation_materializes_cell
edge:cd49c12bd0cf96768233,bb5bc530d1e6e97f78d7,0798a6f830fc24d49666,b132d2fab33291e0733e,bps_webapi,3,observation_materializes_cell
edge:6bdd21f5774db2335a39,5acb71773a5c113e96bc,07c6e55a3fab50735ce5,7ba29f3a45abe1301651,bps_webapi,4,observation_materializes_cell
edge:81e148859fcce8f5aa39,63f58a055a7a2d68a605,07cec2e4c5251c9f4480,7ba29f3a45abe1301651,bps_webapi,4,observation_materializes_cell
edge:a7f460e47cd8d270fee9,0f6f47b59d23d446ca2a,0807091edfa1f45d48a9,7ba29f3a45abe1301651,bps_webapi,4,observation_materializes_cell
edge:70d453b9822f6b02e82c,62cff482a559b812b8ed,0811593395cd526767a3,7ba29f3a45abe1301651,bps_webapi,4,observation_materializes_cell
edge:b01bec93a3463d44006e,2c395fae382ca53fc0c1,082f29c76b5031c8ba12,7ba29f3a45abe1301651,bps_webapi,4,observation_materializes_cell
edge:3911bd861a3b5c4cb498,6750228031305238b4d5,082fcc716dc468273a12,7ba29f3a45abe1301651,bps_webapi,4,observation_materializes_cell
edge:5a5fd5517e2c6c42ee0f,61b976fd481624af88a4,0847d6c0e8470728478f,7ba29f3a45abe1301651,bps_webapi,4,observation_materializes_cell
edge:f8f6e3f8de6065b9f827,0c42e3a40625e58c7eae,0848e1076790c7e6a6e5,7ba29f3a45abe1301651,bps_webapi,4,observation_materializes_cell
edge:97f11099806c106babce,25e331b016d847d324c5,084a4b79e1e778c9c2c7,aa7252a58f41161c17c3,bps_tpb_2024,1,observation_materializes_cell
edge:5f72d77ad6e13094faaa,ee5ca58d34a1fd9bea3c,084a4b79e1e778c9c2c7,b132d2fab33291e0733e,bps_webapi,3,observation_materializes_cell
edge:3bd4d11d2322d07ea5bb,7998ee7aeb99d1bf7822,0851834d32bde326332d,7ba29f3a45abe1301651,bps_webapi,4,observation_materializes_cell
edge:2fb78a6ad748a4677911,22f71a36bf387355e33d,0851834d32bde326332d,aa7252a58f41161c17c3,bps_tpb_2024,1,observation_materializes_cell
edge:510bedb216938a7e1326,3975ddcc3dde7650070f,0857e411d10cee6b5981,7ba29f3a45abe1301651,bps_webapi,4,observation_materializes_cell
edge:190045adc083875883f2,751b89730ce469c70787,085fe587e9c8370aec7e,7ba29f3a45abe1301651,bps_webapi,4,observation_materializes_cell
edge:f8d654ec5aef817ce0ed,3d8df4a79b545bc395e4,0861db4113972bb7563c,7ba29f3a45abe1301651,bps_webapi,4,observation_materializes_cell
edge:05c9dc01b4026621d11a,09dae64ec2c3ce976621,0888306a86c8f28df59c,7ba29f3a45abe1301651,bps_webapi,4,observation_materializes_cell
edge:2b5e3f57959e8c616906,0d3b6151acc8ecabbb73,088b0f750bb0f48c59d1,aa7252a58f41161c17c3,bps_tpb_2024,1,observation_materializes_cell
edge:2e4f3dceab5eea278b5d,bfb5633365f07c2169ac,088b0f750bb0f48c59d1,b132d2fab33291e0733e,bps_webapi,3,observation_materializes_cell
edge:efb9a7966eadc687456b,21dc36d3e554e2c95e99,088ffd58f1a4bfa2cf1d,aa7252a58f41161c17c3,bps_tpb_2024,1,observation_materializes_cell
edge:cdf4fdf9fd3a4e25859e,5cab6add756b1e0435b1,088ffd58f1a4bfa2cf1d,b132d2fab33291e0733e,bps_webapi,3,observation_materializes_cell
edge:1a0490b56ae5568890c6,9a5ddb2043a207734895,08930291878d9084bd21,7ba29f3a45abe1301651,bps_webapi,4,observation_materializes_cell
edge:59b6a00402d2846ad545,2ae46ac6b6f5b00144fa,089dcea3de21d51e3ff9,aa7252a58f41161c17c3,bps_tpb_2024,1,observation_materializes_cell
edge:821f5df876023659d5c0,0a818231b42f8b5afd06,089dcea3de21d51e3ff9,b132d2fab33291e0733e,bps_webapi,3,observation_materializes_cell
edge:1d69ec36dc8a43d932c0,78bd9c18719b90c4f698,08ac98c98305a19a4e14,7ba29f3a45abe1301651,bps_webapi,4,observation_materializes_cell
edge:a3da44c3ded43f61deb7,05eac4074d31a6fef9c0,08ac98c98305a19a4e14,aa7252a58f41161c17c3,bps_tpb_2024,1,observation_materializes_cell
edge:8adc73354b121f996e3f,1fd02acb7724ded36b7b,08b17dd30c235c66f05b,7ba29f3a45abe1301651,bps_webapi,4,observation_materializes_cell
edge:c9c41aaf1f0e00295070,ce42d965d761a0ee03f7,08bc17f3f6d8760538f7,7ba29f3a45abe1301651,bps_webapi,4,observation_materializes_cell
edge:9020b3af23ade7c37876,2540e5a2ad6129b14f7b,08d787012cef0e660f19,7ba29f3a45abe1301651,bps_webapi,4,observation_materializes_cell
edge:af326492208ec0733a8a,619075de61d7949a33ea,08e48ce254f75e6e19e3,aa7252a58f41161c17c3,bps_tpb_2024,1,observation_materializes_cell
edge:e7bce438f639b29096cd,e27139b539a911f175ef,08e48ce254f75e6e19e3,b132d2fab33291e0733e,bps_webapi,3,observation_materializes_cell
edge:dff2d4da0e804a135c00,14a4a4741124062345e2,08e7152afd3f2e7faedb,7ba29f3a45abe1301651,bps_webapi,4,observation_materializes_cell
edge:4e7bc5de8155575df8bf,3aaca2ef460a1de72e8a,090b4f2f914fc52fc4d2,7ba29f3a45abe1301651,bps_webapi,4,observation_materializes_cell
edge:e17658c7c5cb09c9d7b0,9c960bc3cd5e9fd245a0,09244d20befee205ea70,7ba29f3a45abe1301651,bps_webapi,4,observation_materializes_cell
edge:a02d8919ecb3a8bc410d,5d920db357a5c1105f51,092ab9d002ec3c360b3e,aa7252a58f41161c17c3,bps_tpb_2024,1,observation_materializes_cell
edge:766642c3cfcf3a1bca9d,58f2be59a5042544d2c0,092ab9d002ec3c360b3e,b132d2fab33291e0733e,bps_webapi,3,observation_materializes_cell
edge:765f491c00065d41daed,bb525987621159bb4445,09368e1707e82e865ce6,aa7252a58f41161c17c3,bps_tpb_2024,1,observation_materializes_cell
edge:47630ae36c614960255f,616c321a667ce6f2f2e7,09368e1707e82e865ce6,b132d2fab33291e0733e,bps_webapi,3,observation_materializes_cell
edge:7d4d1f38d7d6d7f93a36,2c7e90ff1ce3f21c9a3e,0939ced35308215c103b,7ba29f3a45abe1301651,bps_webapi,4,observation_materializes_cell
edge:3055fb03ffca60e82e26,e67e959509cbdd6eb68c,093e1053910c93f95675,7ba29f3a45abe1301651,bps_webapi,4,observation_materializes_cell
edge:bb6fb1678f81b9852f48,87a365c695661d8d82ab,0953224f5a992f1fa52b,7ba29f3a45abe1301651,bps_webapi,4,observation_materializes_cell
edge:b5d833022ac834f23eeb,b37de1af706ea7f7dcb8,09a7dda265258ee2716a,aa7252a58f41161c17c3,bps_tpb_2024,1,observation_materializes_cell
edge:c2fcc36281d34f5ca304,28d3a393d2625f19cd5a,09a7dda265258ee2716a,b132d2fab33291e0733e,bps_webapi,3,observation_materializes_cell
edge:39d9e94dbe8da1ecca0b,4364755644396c56d63c,09bb34e693ebfc7d4a61,7ba29f3a45abe1301651,bps_webapi,4,observation_materializes_cell
edge:7aa083c104a8ab5c088a,57363060420569cc5f9e,09cb3c07eeaa7c9e4432,7ba29f3a45abe1301651,bps_webapi,4,observation_materializes_cell
edge:33b4106221b1c104f958,748c393480f142ec0bdd,09d72ff308ec3a5c5f9e,7ba29f3a45abe1301651,bps_webapi,4,observation_materializes_cell
edge:acefd9facde33aa104a3,57a817284f6925675b00,09db96aecd5473c68647,7ba29f3a45abe1301651,bps_webapi,4,observation_materializes_cell
edge:797edaa4973f87cc6c04,a69fee62680d015f60e7,09f3a1fb63f0475eea34,7ba29f3a45abe1301651,bps_webapi,4,observation_materializes_cell
edge:986180d3b3aef74fa147,e5e30389c889bc2c23c0,09f3a1fb63f0475eea34,aa7252a58f41161c17c3,bps_tpb_2024,1,observation_materializes_cell
edge:c97daa420fbcd504ea2f,aabcf41a224a1a91e771,09f6aa66f6363cc42ff1,7ba29f3a45abe1301651,bps_webapi,4,observation_materializes_cell
edge:bfa00146e32c01951f0d,77cbc3d895bbc48bd97b,09ffb7f2945cae2c9704,7ba29f3a45abe1301651,bps_webapi,4,observation_materializes_cell
edge:6c588ac4b124711b0632,3bf341600b24230c0618,0a0aa49affbb0a3bb1f9,7ba29f3a45abe1301651,bps_webapi,4,observation_materializes_cell
edge:ed1d338cb8618411616d,8c0f7b05f91c2e48d539,0a27aa24283ad149e86f,7ba29f3a45abe1301651,bps_webapi,4,observation_materializes_cell
edge:bebdf846856148591dc3,2352c50a70bb9d4ef232,0a27aa24283ad149e86f,aa7252a58f41161c17c3,bps_tpb_2024,1,observation_materializes_cell
edge:8a2a8c640f775dc41187,c1f76f75c306272e3f08,0a289bd931b67a2b948a,7ba29f3a45abe1301651,bps_webapi,4,observation_materializes_cell
edge:e74546ef5eca07637dd4,8e0fc43800c3aeaf98f8,0a70c6dd16e5112956b0,7ba29f3a45abe1301651,bps_webapi,4,observation_materializes_cell
edge:05220d47a7c09107bdea,b99b28e89cfc596d9ac1,0a74fe79c21b5b629196,7ba29f3a45abe1301651,bps_webapi,4,observation_materializes_cell
edge:5a3a1d875c35d7604414,75bbfdae149f851bd04c,0a7abc31a58028027e43,7ba29f3a45abe1301651,bps_webapi,4,observation_materializes_cell
edge:095498610445f40fcebb,3080c434c3ecf0365a86,0a7abc31a58028027e43,9ab2011a3892edfac889,bps_tpb_2025,2,observation_materializes_cell
edge:3839c4e614c5d17fe7d4,da796c0858d255bad404,0a7abc31a58028027e43,aa7252a58f41161c17c3,bps_tpb_2024,1,observation_materializes_cell
edge:210f7469583e9e92918b,409253cd5e8ebfeb5c34,0a95f622263790b06303,7ba29f3a45abe1301651,bps_webapi,4,observation_materializes_cell
edge:4390f809e6fbc5824b00,c9375839ce405b37af36,0a9deb55784eb3eac3b3,7ba29f3a45abe1301651,bps_webapi,4,observation_materializes_cell
edge:2896ddab4ed7a7cdd596,b6b352b70d1d65b119a0,0ab9a5d08a649d1d625b,aa7252a58f41161c17c3,bps_tpb_2024,1,observation_materializes_cell
edge:9b90ef31829ab514d354,777ee5c223cfeb7ab5cf,0ab9a5d08a649d1d625b,b132d2fab33291e0733e,bps_webapi,3,observation_materializes_cell
edge:4b2c10cbaf6863a4b674,7e959a5b8b6f2aeaf92f,0abd5cbbbef72489602a,7ba29f3a45abe1301651,bps_webapi,4,observation_materializes_cell
edge:1b6fdcde69704457d870,edcc3670a4c89658d9bb,0abd6c181e634d0a9cd6,7ba29f3a45abe1301651,bps_webapi,4,observation_materializes_cell
edge:06b17fc9c834e9b9928b,75f60d82a48b085a91c4,0abd6c181e634d0a9cd6,aa7252a58f41161c17c3,bps_tpb_2024,1,observation_materializes_cell
edge:1c09fc9555d980e5e7a8,66c778e8976afb0e9e71,0ac9940d994baeae88e0,7ba29f3a45abe1301651,bps_webapi,4,observation_materializes_cell
edge:ba2ad29f2a47f712760b,6f6db6c38fe65b0dc179,0ac9940d994baeae88e0,aa7252a58f41161c17c3,bps_tpb_2024,1,observation_materializes_cell
edge:a90b69c52b0572079819,57465634fa354a8630e9,0acb2f6aea56174d7a5f,7ba29f3a45abe1301651,bps_webapi,4,observation_materializes_cell
edge:cc535a7147fa80bc377a,693067732bcfb1352a4d,0ad1a1adec5cf2c9e7c5,aa7252a58f41161c17c3,bps_tpb_2024,1,observation_materializes_cell
edge:40beff7c7c8699d4a323,0e5b03dfcb8ac19c48c4,0ad1a1adec5cf2c9e7c5,b132d2fab33291e0733e,bps_webapi,3,observation_materializes_cell
edge:8b18b10522c15271fc8f,1691d2cb41d55780088d,0adca322aa1b317df31c,7ba29f3a45abe1301651,bps_webapi,4,observation_materializes_cell
edge:694896878f0e182b1dfb,cd144c583a9d8704fc53,0addbdce80810830563f,7ba29f3a45abe1301651,bps_webapi,4,observation_materializes_cell
edge:e9155e54c797d9d22f03,157198ec83f027709138,0addbdce80810830563f,aa7252a58f41161c17c3,bps_tpb_2024,1,observation_materializes_cell
edge:681741b9d0ef80e98c0a,d0c739bd68caaebd922a,0ae24b8f4611112ad44b,7ba29f3a45abe1301651,bps_webapi,4,observation_materializes_cell
edge:a543160dfa9a054edfac,7654ed93cad36938894a,0ae24b8f4611112ad44b,aa7252a58f41161c17c3,bps_tpb_2024,1,observation_materializes_cell
edge:76b51a27f81b08fe265b,41eab8b485ae95ef9afe,0ae29127951d13d8c872,7ba29f3a45abe1301651,bps_webapi,4,observation_materializes_cell
edge:b2eaeba1f44f0a8815d8,9186f0e76a0273d50443,0ae57641d349593eda52,aa7252a58f41161c17c3,bps_tpb_2024,1,observation_materializes_cell
edge:ec02668add2ce4fac5f8,8acaf995a39379e76273,0ae57641d349593eda52,b132d2fab33291e0733e,bps_webapi,3,observation_materializes_cell
edge:ecb5211336ed6834f2b9,eaf462fb9b53c898dc18,0ae59425579dcf8c7ee7,7ba29f3a45abe1301651,bps_webapi,4,observation_materializes_cell
edge:689000743183e9e472c1,e3a7708ceebc816d768e,0ae59425579dcf8c7ee7,aa7252a58f41161c17c3,bps_tpb_2024,1,observation_materializes_cell
edge:333ac1038ae28b4fae2f,27d02690b57e938e87f3,0b19d97d78f5a2a573dd,7ba29f3a45abe1301651,bps_webapi,4,observation_materializes_cell
edge:956246721f61c652413c,ed3ab81ae2f3c44da2ff,0b29cf8cbff95b0d10ca,7ba29f3a45abe1301651,bps_webapi,4,observation_materializes_cell
edge:90231f1557faf8cf5023,037294ad02dd80ebef54,0b3759e49c0a94077652,7ba29f3a45abe1301651,bps_webapi,4,observation_materializes_cell
edge:e434d622420858854f6c,9ec136b8005d6bb3e17a,0b4fb3d894e39825e670,7ba29f3a45abe1301651,bps_webapi,4,observation_materializes_cell
edge:d39786505fa54a2e79ff,eca79cac704988464fff,0b5c57cabd71e9406b3f,7ba29f3a45abe1301651,bps_webapi,4,observation_materializes_cell
edge:574139939578d1825972,f9c628ad567ea1cbcb9e,0b6745079649ef0f0066,7ba29f3a45abe1301651,bps_webapi,4,observation_materializes_cell
edge:477fbecf04161b843313,8bdb65c22a8e32d232b4,0b77f3a225e6451839ac,7ba29f3a45abe1301651,bps_webapi,4,observation_materializes_cell
edge:0dc119a66491dc21c142,12ae3195145ea65aaf71,0b77f3a225e6451839ac,aa7252a58f41161c17c3,bps_tpb_2024,1,observation_materializes_cell
edge:bdee7ab6fd43909a3bd3,79c25652fd77b3aab8c1,0b7bd85e008e5214c79f,aa7252a58f41161c17c3,bps_tpb_2024,1,observation_materializes_cell
edge:b6ba7fb2a0eb46fc3ab6,bb23d5eb90ff02d944b6,0b7bd85e008e5214c79f,b132d2fab33291e0733e,bps_webapi,3,observation_materializes_cell
edge:fd56d830f2b630ab7faf,b5acbdad4361d7456359,0b7fcb552aab6e3902da,7ba29f3a45abe1301651,bps_webapi,4,observation_materializes_cell
edge:480a9a028093c93c4289,b3586e490c30385b9bc6,0b8cbcfda7fe542d73a9,7ba29f3a45abe1301651,bps_webapi,4,observation_materializes_cell
edge:91b7ce8510039e55cadc,7705bcb8a97f413139cb,0b97cf38b173bbbfe9d8,7ba29f3a45abe1301651,bps_webapi,4,observation_materializes_cell
edge:411d157952dcba7dcf45,e22ea9023abc5d00758e,0ba2aa267342362d8d1a,7ba29f3a45abe1301651,bps_webapi,4,observation_materializes_cell
edge:2d2199609bc67b3c8338,477d511eeaacd96d7fcd,0bac74716c3a4eef1dc2,7ba29f3a45abe1301651,bps_webapi,4,observation_materializes_cell
edge:80db88e32e60c96b22cc,cb3ba9fbe608eaaa9d6d,0bb5da1740742b0a189b,aa7252a58f41161c17c3,bps_tpb_2024,1,observation_materializes_cell
edge:f6755741ce6f47864731,63a7c2f694a98e0b8ca3,0bb5da1740742b0a189b,b132d2fab33291e0733e,bps_webapi,3,observation_materializes_cell
edge:682e0838c5363ac504de,e2f080d4e690d9a8b1b1,0bbbe59dea54c872035d,7ba29f3a45abe1301651,bps_webapi,4,observation_materializes_cell
edge:c8a80cf0085b1c06c1c0,ab5973d5657a0666d9de,0bdb49904b0c62ce4a0e,7ba29f3a45abe1301651,bps_webapi,4,observation_materializes_cell
edge:ad5c83f7be6f39941c69,124ed9623744920697ac,0bdba4f86a9e30bea207,7ba29f3a45abe1301651,bps_webapi,4,observation_materializes_cell
edge:dce47987386c186a5d8a,13437722494f230837f5,0bdc5a2150696755dbee,7ba29f3a45abe1301651,bps_webapi,4,observation_materializes_cell
edge:4d388d8a5d7f0381ddba,ae0cca98e2cc95ea25e5,0beba9bddd1ab2e17504,7ba29f3a45abe1301651,bps_webapi,4,observation_materializes_cell
edge:09b63458beb74bd0e0a5,3620018fd29315b4a54b,0bedea3c6baf0e52a4c8,7ba29f3a45abe1301651,bps_webapi,4,observation_materializes_cell
edge:30ed2a02733ad876723b,db103412648c7b44e9f8,0bfb4c80ce60a0ad97cc,7ba29f3a45abe1301651,bps_webapi,4,observation_materializes_cell
edge:2c92ace1888234f79e83,539390e43f588578c31e,0c11ea7d6dc1923d9334,7ba29f3a45abe1301651,bps_webapi,4,observation_materializes_cell
edge:1756d978acde528f0bef,331c11f5d6e069c08e19,0c11ea7d6dc1923d9334,aa7252a58f41161c17c3,bps_tpb_2024,1,observation_materializes_cell
edge:247118d1ed002aaf52bf,5d8820479ac36300d729,0c2052fefd4d6f736f0b,7ba29f3a45abe1301651,bps_webapi,4,observation_materializes_cell
edge:3c5260848d206e854f72,8c707abc80222ab15ca6,0c211d6c4070331ac5f4,7ba29f3a45abe1301651,bps_webapi,4,observation_materializes_cell
edge:c4182d66eeca29e3798a,0fd47f663ede98485a29,0c211d6c4070331ac5f4,aa7252a58f41161c17c3,bps_tpb_2024,1,observation_materializes_cell
edge:3b98f277287ef7e74f70,2ce81c9621b24bfc7156,0c292f7f16426ace988b,7ba29f3a45abe1301651,bps_webapi,4,observation_materializes_cell
edge:4799c2a4b4bb1907b48f,607154422a4b14d76caf,0c2bac552905ac3ac133,7ba29f3a45abe1301651,bps_webapi,4,observation_materializes_cell
edge:e1cea89a9a76c175c2b6,55b1f9c17033b270f214,0c33b50c21198417ac80,aa7252a58f41161c17c3,bps_tpb_2024,1,observation_materializes_cell
edge:d839eeb289f434e6a60d,e8d6af524458edf26d00,0c33b50c21198417ac80,b132d2fab33291e0733e,bps_webapi,3,observation_materializes_cell
edge:1e6b4b0f09dcc4e14334,51cad18b0085ee103665,0c46cc1cdbf54be12bc0,7ba29f3a45abe1301651,bps_webapi,4,observation_materializes_cell
edge:45444196a5102a0bb975,c0cfab25358e836df2bc,0c4a0a6cd5ae1ba02ea4,7ba29f3a45abe1301651,bps_webapi,4,observation_materializes_cell
edge:b02d2ad0ffe1d27ee58c,af653823fceda710105e,0c5cd445f132cfe041f6,7ba29f3a45abe1301651,bps_webapi,4,observation_materializes_cell
edge:bf8a04458d3f5a3c2140,cbd5b7e302d4cb29d267,0c5e593931efe740978c,7ba29f3a45abe1301651,bps_webapi,4,observation_materializes_cell
edge:4367d7f6aa4534767080,f0d9009d172686cc70e6,0c60e149cd62d15fffcf,7ba29f3a45abe1301651,bps_webapi,4,observation_materializes_cell
edge:5efd164790010eac20a8,89805889d758569f4b25,0c717f3431b55a3c6fa8,aa7252a58f41161c17c3,bps_tpb_2024,1,observation_materializes_cell
edge:6d58a97b5c51093228ba,5b1ca3b881089a44da79,0c717f3431b55a3c6fa8,b132d2fab33291e0733e,bps_webapi,3,observation_materializes_cell
edge:971c9a275074deec033d,a1eda9d345941c97ead6,0c81bb755bf0cb65e462,7ba29f3a45abe1301651,bps_webapi,4,observation_materializes_cell
edge:1f646b60d61fac0b59c4,41e48e313d3cb754432e,0ca03884f0a54dcc3bdb,7ba29f3a45abe1301651,bps_webapi,4,observation_materializes_cell
edge:84d6a1800ddbad3e3567,37f2be265a48f589744e,0cacbfd36c1bbdcd44b4,7ba29f3a45abe1301651,bps_webapi,4,observation_materializes_cell
edge:976f9767cf5219fd8a92,3e4809626c63fae86d65,0cacbfd36c1bbdcd44b4,aa7252a58f41161c17c3,bps_tpb_2024,1,observation_materializes_cell
edge:159acc5ef3320a63df59,c776aa7793ebdab2b0a7,0cc33c9ca09407bbc950,7ba29f3a45abe1301651,bps_webapi,4,observation_materializes_cell
edge:53a19d11fa9c4646e683,7c75dc25048fa2f44424,0cc7f0340442764745b5,7ba29f3a45abe1301651,bps_webapi,4,observation_materializes_cell
edge:eaa7ab5e728a3d68ddf3,73a042c053783c828f3b,0ccace86fad20e45bc1c,aa7252a58f41161c17c3,bps_tpb_2024,1,observation_materializes_cell
edge:e9bf6cd969ededb51802,44befc0d20f04fa6591d,0ccace86fad20e45bc1c,b132d2fab33291e0733e,bps_webapi,3,observation_materializes_cell
edge:1e5da70ac74d4ba2f088,dc96e7c80fabcf653a28,0ccdca334b5dff7c85bb,7ba29f3a45abe1301651,bps_webapi,4,observation_materializes_cell
edge:dc4a61ddcdb46476ff38,570fc0a21e453ffe53df,0cd4e39c6df75313ff20,aa7252a58f41161c17c3,bps_tpb_2024,1,observation_materializes_cell
edge:170276f719320d5bf31b,73d9d2a637334dacead7,0cd4e39c6df75313ff20,b132d2fab33291e0733e,bps_webapi,3,observation_materializes_cell
edge:081799f875d987dc0a5d,39e4418e5f13bbba907d,0cd658be0a10c581c863,7ba29f3a45abe1301651,bps_webapi,4,observation_materializes_cell
edge:0aa3feb6e9ea3628f86a,6fb4f14e3bb27a5df5f7,0ce1b50479c65aacfb85,7ba29f3a45abe1301651,bps_webapi,4,observation_materializes_cell
edge:1ddf9e57fe6a2f905924,e6a46440cbfe3360f5fb,0cf5920c9982d9db8562,aa7252a58f41161c17c3,bps_tpb_2024,1,observation_materializes_cell
edge:c4d7f28d5fac1254c4c6,bccdc0616b0ee76486a7,0cf5920c9982d9db8562,b132d2fab33291e0733e,bps_webapi,3,observation_materializes_cell
edge:10172017d26d7d1a9165,db0481a5869e9780cc2c,0d0739437895e6e53a9d,7ba29f3a45abe1301651,bps_webapi,4,observation_materializes_cell
edge:4bd9a463e23ff609d4e5,8539c2f3e9d8a62d8420,0d0be8d3acae77b4236e,7ba29f3a45abe1301651,bps_webapi,4,observation_materializes_cell
edge:bfe1a1eff9436b53d47b,7c20185a58c97b614c38,0d10093b53c638f5f7d8,7ba29f3a45abe1301651,bps_webapi,4,observation_materializes_cell
edge:ddef40c903fc5f4203e4,51400993dc6c3f4530aa,0d162aefea1b8b517e53,7ba29f3a45abe1301651,bps_webapi,4,observation_materializes_cell
edge:d4a303a58c21c8c4287b,6e1a1310b6ac19904a57,0d286b14460549cdefc0,7ba29f3a45abe1301651,bps_webapi,4,observation_materializes_cell
edge:2dd1fbbc13a4387a971d,6922f955da626787c3fa,0d2dde0c289961b68d83,7ba29f3a45abe1301651,bps_webapi,4,observation_materializes_cell
edge:448532534b582ce78f7c,1e672d6436e0e38c601b,0d3712c98d79cb0354dd,7ba29f3a45abe1301651,bps_webapi,4,observation_materializes_cell
edge:734e13720cd057fa8875,81affc7f7c598fe3ea8c,0d3712c98d79cb0354dd,aa7252a58f41161c17c3,bps_tpb_2024,1,observation_materializes_cell
edge:168af05f15f72badf302,dd0ba010d73533889d25,0d469dea53ea209919c3,7ba29f3a45abe1301651,bps_webapi,4,observation_materializes_cell
edge:6e08268f6ac925b9f4fa,3e695bfa45e5b1ea3277,0d55b41d5a8937570bd3,7ba29f3a45abe1301651,bps_webapi,4,observation_materializes_cell
edge:8e95933acb71218b523f,443bef5588f637f68d69,0d5b7e255b50fb1f4a5f,7ba29f3a45abe1301651,bps_webapi,4,observation_materializes_cell
edge:7c5550f0322a6f76b188,1392afdad32f1aa482f0,0d71570941feb149a7fc,7ba29f3a45abe1301651,bps_webapi,4,observation_materializes_cell
edge:7e26a32a70222f11a862,557dc90b152333a23d38,0d75ede6fb5cc952a324,7ba29f3a45abe1301651,bps_webapi,4,observation_materializes_cell
edge:d7ac10aedf4f1175f935,a6ce32b05e9019aeeeb8,0d7d647ff779735d7c7e,7ba29f3a45abe1301651,bps_webapi,4,observation_materializes_cell
edge:41ce7517982e54676953,874a6233be0594dbac45,0d929dfe0da9bcad36a9,7ba29f3a45abe1301651,bps_webapi,4,observation_materializes_cell
edge:f95be8eb184ea4dd73f5,5709783a43f0883eefa6,0d929dfe0da9bcad36a9,aa7252a58f41161c17c3,bps_tpb_2024,1,observation_materializes_cell
edge:b368dd4a675739d92dd7,dcce1da25d12709a5a21,0d96fc2a1f427ec10c11,7ba29f3a45abe1301651,bps_webapi,4,observation_materializes_cell
edge:96f0568d11b8c8565d48,57df47305a36d6e27be8,0dfeed68b4d69fd0e31d,7ba29f3a45abe1301651,bps_webapi,4,observation_materializes_cell
edge:a09e87a5ad07db2e948b,9656db11b6e97b6dd7bd,0e0bed4faa9fa1a152b9,7ba29f3a45abe1301651,bps_webapi,4,observation_materializes_cell
edge:6ce78573765da69308c8,433fc321f7932b0bf670,0e14c1472af608ebdd7c,aa7252a58f41161c17c3,bps_tpb_2024,1,observation_materializes_cell
edge:e52078cec2a966d4b016,571ded849e2918fb217e,0e14c1472af608ebdd7c,b132d2fab33291e0733e,bps_webapi,3,observation_materializes_cell
edge:a2908265359679040716,a5fd3a282f49170afb74,0e1eb6f58aed662d2926,aa7252a58f41161c17c3,bps_tpb_2024,1,observation_materializes_cell
edge:0bfc5b0a1f1934f0c440,5ee20038b4b5b53b67ca,0e1eb6f58aed662d2926,b132d2fab33291e0733e,bps_webapi,3,observation_materializes_cell
edge:bf7354fa03d8cd6b8eb9,16bc802c20c5c2bb257f,0e21456faf21e484d7b5,7ba29f3a45abe1301651,bps_webapi,4,observation_materializes_cell
edge:086070383f86c6e81271,8a5b23e2e823d9f7f628,0e250ed66f898f415173,7ba29f3a45abe1301651,bps_webapi,4,observation_materializes_cell
edge:9f8650dbce173c701d76,6771213703652620417d,0e38044db1466b6afc1e,7ba29f3a45abe1301651,bps_webapi,4,observation_materializes_cell
edge:c48e996f12cc333913d6,9c73c8dd6c411236b9dd,0e6577c378b07950d031,7ba29f3a45abe1301651,bps_webapi,4,observation_materializes_cell
edge:da22547e90f2c8b7589c,560be7f311e2a824ba31,0e6577c378b07950d031,aa7252a58f41161c17c3,bps_tpb_2024,1,observation_materializes_cell
edge:4bfd906e75a53cd5e1d3,3f71b659334838256dc5,0e7ca49b48bf152c155a,7ba29f3a45abe1301651,bps_webapi,4,observation_materializes_cell
edge:e3404e16f5ae19f145f8,7aedd61aee04c00c395c,0e9d413c1338d86fc637,7ba29f3a45abe1301651,bps_webapi,4,observation_materializes_cell
edge:6c5a0d9c9c9a7df454f6,057ff516308356dec18f,0eb601ad99070358d11f,7ba29f3a45abe1301651,bps_webapi,4,observation_materializes_cell
edge:59e2d4dbf4fe2bf6ca9c,91b6bce2df13d15a7a0c,0eb601ad99070358d11f,aa7252a58f41161c17c3,bps_tpb_2024,1,observation_materializes_cell
edge:158ab9cd3cf6c661ef4d,21c12def63b2d8eaaddd,0ec89457cbc70507745a,7ba29f3a45abe1301651,bps_webapi,4,observation_materializes_cell
edge:a4e4d3063e8b7aa3cda7,4457fb3738e5ae9d607b,0ec89457cbc70507745a,aa7252a58f41161c17c3,bps_tpb_2024,1,observation_materializes_cell
edge:d731ce54a14b87be8a0d,047e3df74047932478d4,0ece0ab81edd7fdcb34b,7ba29f3a45abe1301651,bps_webapi,4,observation_materializes_cell
edge:4c055147b5ad392aaee7,2f69ece36c64d4e0068e,0eeaa81d128ad69b028a,7ba29f3a45abe1301651,bps_webapi,4,observation_materializes_cell
edge:ece791bcd99cb73dc9b4,87da317f27c96d3a1ecd,0ef9deded3c7d0e88170,7ba29f3a45abe1301651,bps_webapi,4,observation_materializes_cell
edge:3aef8e01c8bed34174cc,7361bbde455895322f46,0f0cc3c53329ad31ad93,aa7252a58f41161c17c3,bps_tpb_2024,1,observation_materializes_cell
edge:d25756dc1c7e64d0c1ab,4d60fbecbec0bdd4e410,0f0cc3c53329ad31ad93,b132d2fab33291e0733e,bps_webapi,3,observation_materializes_cell
edge:dbb60d98812d64d51614,3157d6bb229564f85532,0f162523fe74d1b2090c,7ba29f3a45abe1301651,bps_webapi,4,observation_materializes_cell
edge:24d928b0b51c3a64171a,bbb2f7a512b7a85823f1,0f2929fc9a986a1191b7,7ba29f3a45abe1301651,bps_webapi,4,observation_materializes_cell
edge:b48b6ed711930a4e6bab,f7f76c2b86b0011e98ef,0f2929fc9a986a1191b7,aa7252a58f41161c17c3,bps_tpb_2024,1,observation_materializes_cell
edge:e04025dbc5d77a58c978,17180b659cf0f0b87f0b,0f565eb5abfd0e17e76c,7ba29f3a45abe1301651,bps_webapi,4,observation_materializes_cell
edge:c9add1d4071c4206f07c,3d32b35d8b0d60eddfed,0f5c0f556e84e1003d45,7ba29f3a45abe1301651,bps_webapi,4,observation_materializes_cell
edge:2c742ac11b90090790bd,5436b20882e84b8659f9,0f5ebcda0fa2d82558bf,7ba29f3a45abe1301651,bps_webapi,4,observation_materializes_cell
edge:4be8d4115bcfc8c55241,c85f3e10f713a43b1ad7,0f66d8404b4b7232cc07,aa7252a58f41161c17c3,bps_tpb_2024,1,observation_materializes_cell
edge:87114a4d360a7e80b2d7,b206ceb01ed3b5058e2d,0f66d8404b4b7232cc07,b132d2fab33291e0733e,bps_webapi,3,observation_materializes_cell
edge:73fd4265fe8deb943736,7db0c1916da9f1da554a,0f67f453ea36b106cc6f,7ba29f3a45abe1301651,bps_webapi,4,observation_materializes_cell
edge:14ee305641f792c2bb3a,247add2271586084b7f5,0f6c2d2fb83bf1b454f7,7ba29f3a45abe1301651,bps_webapi,4,observation_materializes_cell
edge:7e42b9cdc2638740862b,4d2dcab4f2313e245546,0f70e1aa376b90cd0bbd,7ba29f3a45abe1301651,bps_webapi,4,observation_materializes_cell
edge:425163d2d2bfa4089667,b0756254294654189110,0f74fef8a8b7deaf44db,7ba29f3a45abe1301651,bps_webapi,4,observation_materializes_cell
edge:8fccd7dd2fafa921ee6d,023ad6789ab7cb15556b,0f78b8bfa4cc494db08d,aa7252a58f41161c17c3,bps_tpb_2024,1,observation_materializes_cell
edge:acbe751ee31c0238df41,69bc28c355c187be31a8,0f78b8bfa4cc494db08d,b132d2fab33291e0733e,bps_webapi,3,observation_materializes_cell
edge:0bd869516268115c51e7,a704559eb0f9fc09a895,0faad6cc37361e73a77f,7ba29f3a45abe1301651,bps_webapi,4,observation_materializes_cell
edge:74167715bbd2728a261d,aa483447094dfb49fcae,0faf29f094ff7c4994a7,7ba29f3a45abe1301651,bps_webapi,4,observation_materializes_cell
edge:c99a8bfbb1407cb35519,aae6b9fd75c9eb922a81,0fbba2716ec2e168f9cf,7ba29f3a45abe1301651,bps_webapi,4,observation_materializes_cell
edge:61a8ac8fdb5404908406,b594af02d32f1c4e028f,0fbd0432abb7d9f06a51,7ba29f3a45abe1301651,bps_webapi,4,observation_materializes_cell
edge:e7a8e4c2a96f3bf62dfb,5bb8fb160fabfdecf2c3,0fc0363ec0e6b2efee01,7ba29f3a45abe1301651,bps_webapi,4,observation_materializes_cell
edge:f8cb399e806c0813a34f,89604a5ff0657947d90b,0fc0363ec0e6b2efee01,aa7252a58f41161c17c3,bps_tpb_2024,1,observation_materializes_cell
edge:ae93cd3eea0c47dc700b,5518dfa03b260897c9c1,0fd01d0c0e0aee13e144,7ba29f3a45abe1301651,bps_webapi,4,observation_materializes_cell
edge:3add9a4cb90490582842,8fa17e52d13d38353a72,0fd01d0c0e0aee13e144,aa7252a58f41161c17c3,bps_tpb_2024,1,observation_materializes_cell
edge:f6f2dce9e68d9c430b76,2e7a398227ada6bbc762,0ff2f8418533d09b74a9,7ba29f3a45abe1301651,bps_webapi,4,observation_materializes_cell
edge:80aad108b707c2b6ded0,99d1e142c0ff64f87fee,1006dc0bbd51a96423c6,7ba29f3a45abe1301651,bps_webapi,4,observation_materializes_cell
edge:2d1fc2a11f6e75f61860,18569fc3ad515b1394d4,1006dc0bbd51a96423c6,aa7252a58f41161c17c3,bps_tpb_2024,1,observation_materializes_cell
edge:0fabe0e3e9f41d74c96f,a05057c818bbe96de4ec,100d0da189ee4e1e9b08,7ba29f3a45abe1301651,bps_webapi,4,observation_materializes_cell
edge:76c217f65d6a157703ec,5eca070f7d32ecb34c99,101bfc7cc3c2cf4f9f66,7ba29f3a45abe1301651,bps_webapi,4,observation_materializes_cell
edge:42e6700b3f0f770fd0f5,3cf79e541bfcc707f044,102c1e354c6459f60618,7ba29f3a45abe1301651,bps_webapi,4,observation_materializes_cell
edge:bf511aaadc62e81e09b7,7eada1b744c17138b0ec,102f6bc1dadaba88a5f7,7ba29f3a45abe1301651,bps_webapi,4,observation_materializes_cell
edge:00ac2ab032674192c10a,eb815f75f41095e40a73,103a6717c3998fb1f3ca,7ba29f3a45abe1301651,bps_webapi,4,observation_materializes_cell
edge:a50927ee7881cac66177,c788eb0fb9058cce9fac,103fab1b7b2ea0a91e0c,7ba29f3a45abe1301651,bps_webapi,4,observation_materializes_cell
edge:465a9b343bb5b57a7358,11d883d12d7cef770130,10401d3e06ebf19316ae,7ba29f3a45abe1301651,bps_webapi,4,observation_materializes_cell
edge:2b52c8a29dc811dd1a9b,a08b8159994d7cf121a2,10492fffc548479976dc,7ba29f3a45abe1301651,bps_webapi,4,observation_materializes_cell
edge:96e6a994bd8272a61b44,d5150e5a6acd35ce4650,104e0b641a498782bad5,7ba29f3a45abe1301651,bps_webapi,4,observation_materializes_cell
edge:0b1c7c763d82b99021f8,997b704b6050e663162a,105527c2a3dd73d8365a,aa7252a58f41161c17c3,bps_tpb_2024,1,observation_materializes_cell
edge:f08d3d0e82c291905912,c89321d07f8944c877a4,105527c2a3dd73d8365a,b132d2fab33291e0733e,bps_webapi,3,observation_materializes_cell
edge:d8e1b3f49611bf0c46b3,439bde1139628daf4c96,107cf3c05a7319bb6e51,7ba29f3a45abe1301651,bps_webapi,4,observation_materializes_cell
edge:b63a1d54b97f2ca28c47,6a945c69e2ed925372d2,10815541e818322bb6af,7ba29f3a45abe1301651,bps_webapi,4,observation_materializes_cell
edge:5597667c7191bedd7d82,651c54cc82be17c56435,10815541e818322bb6af,aa7252a58f41161c17c3,bps_tpb_2024,1,observation_materializes_cell
edge:38cfdf33acda72326f8c,da75ebec14d82490e017,10c3e7b3a4eff3718b8a,7ba29f3a45abe1301651,bps_webapi,4,observation_materializes_cell
edge:52c39db7eafe55b5d454,369dbd599a774e012b3b,10d29dc79c90b8257c19,7ba29f3a45abe1301651,bps_webapi,4,observation_materializes_cell
edge:d98a3d4145a9bb85df75,a3019001a95fddd4cfde,10d4e37bef3c951e510c,aa7252a58f41161c17c3,bps_tpb_2024,1,observation_materializes_cell
edge:cdf6ab8eb9ba0cc3457e,1077fe0e90816df06eec,10d4e37bef3c951e510c,b132d2fab33291e0733e,bps_webapi,3,observation_materializes_cell
edge:9a9287d4c5d68acf2757,b47d3f42fcec5191bb9e,10ecb9796709a0d3e487,7ba29f3a45abe1301651,bps_webapi,4,observation_materializes_cell
edge:384f78c46ecfb054c097,9c99f65aac807018a66f,10f4fa6fe634ef94556f,7ba29f3a45abe1301651,bps_webapi,4,observation_materializes_cell
edge:2b6b3b8f17b4cf976c5b,23594af766fcaea95d93,10f4fa6fe634ef94556f,aa7252a58f41161c17c3,bps_tpb_2024,1,observation_materializes_cell
edge:767903e3235e91ddba72,fb7e9fec60e715ad1097,10f676ae068df61caa18,7ba29f3a45abe1301651,bps_webapi,4,observation_materializes_cell
edge:e0847ed67bce8d49c3c2,5da6273f1ad1d6dd15a9,10fa6e05fe61859bc303,7ba29f3a45abe1301651,bps_webapi,4,observation_materializes_cell
edge:8dfd43e5b6b728e35b46,631178e0c5ff433a2845,110a26f28cebfb6a7c8d,7ba29f3a45abe1301651,bps_webapi,4,observation_materializes_cell
edge:23f3caf3df5365bad890,800dcb720fbcb120269c,110c3b4b935dbcab3bbc,aa7252a58f41161c17c3,bps_tpb_2024,1,observation_materializes_cell
edge:76914aa1f2f74f10b3fe,3ba28cf93c5c6a9b2dee,110c3b4b935dbcab3bbc,b132d2fab33291e0733e,bps_webapi,3,observation_materializes_cell
edge:de2449beaae5b6731752,a53e633240385b69ce26,112df25a0833380ffb83,7ba29f3a45abe1301651,bps_webapi,4,observation_materializes_cell
edge:4fea7da29a5ecfbd552d,48e6f17d50448a5a7c2b,113751f1126e5a99aed4,7ba29f3a45abe1301651,bps_webapi,4,observation_materializes_cell
edge:7cca8003a4cd77400888,169cec09190902cbd853,11573c0aae33359c8db7,7ba29f3a45abe1301651,bps_webapi,4,observation_materializes_cell
edge:897e7f728e27de634266,b1015ecd069655746066,115ddf2a096854ce8ff2,aa7252a58f41161c17c3,bps_tpb_2024,1,observation_materializes_cell
edge:8d0c329f470b35853254,85c79148ae41b79e8539,115ddf2a096854ce8ff2,b132d2fab33291e0733e,bps_webapi,3,observation_materializes_cell
edge:9c85f4906764371d07d0,e71d5fa38af52d23f3cf,1162384bf25cc512bca8,7ba29f3a45abe1301651,bps_webapi,4,observation_materializes_cell
edge:f7d5215d88809828ffb3,dd8ee4e4a205ce4e63fc,1162384bf25cc512bca8,aa7252a58f41161c17c3,bps_tpb_2024,1,observation_materializes_cell
edge:68118704d455ce2bb59a,f0649dffa6d339cdcafa,117402d0041e54366fc2,7ba29f3a45abe1301651,bps_webapi,4,observation_materializes_cell
edge:b1f9d46edfb54062eedd,e20ec49898d15c48fd6d,117402d0041e54366fc2,aa7252a58f41161c17c3,bps_tpb_2024,1,observation_materializes_cell
edge:a39cc2016e347205034d,e7efd54146e92450a2b7,117fb01cae35067384ee,7ba29f3a45abe1301651,bps_webapi,4,observation_materializes_cell
edge:f1d6c40474c0472a9981,7f0e684c5c7b1718018d,11906c5bbaba348f9a9c,7ba29f3a45abe1301651,bps_webapi,4,observation_materializes_cell
edge:00a8a689e00e7245255f,996b1bd96d562717d4a7,11a43de0fcf95acb4571,7ba29f3a45abe1301651,bps_webapi,4,observation_materializes_cell
edge:1e8d8b6ee1631bf5b030,5558027abea1bc2be137,11a61b6db7edccf89290,aa7252a58f41161c17c3,bps_tpb_2024,1,observation_materializes_cell
edge:10619f672b95d33b1607,10f08b7c42dca3204243,11a61b6db7edccf89290,b132d2fab33291e0733e,bps_webapi,3,observation_materializes_cell
edge:301f0dea775a78d6f65d,9b15ad74a508ebd7b14e,11a740f22fe7f17f6f76,aa7252a58f41161c17c3,bps_tpb_2024,1,observation_materializes_cell
edge:99d499ea558cc8fa2df2,f4bfec9f9f2847562e41,11a740f22fe7f17f6f76,b132d2fab33291e0733e,bps_webapi,3,observation_materializes_cell
edge:110d962c42b58a04c463,3acbc593335f17ce18d2,11a930e06083362559a8,7ba29f3a45abe1301651,bps_webapi,4,observation_materializes_cell
edge:75c98c50539d451d318c,e6a1cea03809c215c1e9,11ce063f0f6fed25c0c6,7ba29f3a45abe1301651,bps_webapi,4,observation_materializes_cell
edge:fe6cba72285c107ce037,7c3f7a67edec37e43bcd,11ce063f0f6fed25c0c6,aa7252a58f41161c17c3,bps_tpb_2024,1,observation_materializes_cell
edge:cf8b6ed6ee053c41f178,82d8ba829ae28ce564e7,11d5e864ea91734f401e,7ba29f3a45abe1301651,bps_webapi,4,observation_materializes_cell
edge:986956d72fe3b7b7c489,433abb9f987283dad10a,11f197e9ad2e4364f13e,7ba29f3a45abe1301651,bps_webapi,4,observation_materializes_cell
edge:95c66d7315f2b48143b0,90112c3f8415be68f421,11f197e9ad2e4364f13e,aa7252a58f41161c17c3,bps_tpb_2024,1,observation_materializes_cell
edge:a41a18ee8a809ce2d312,aebd449d1e0db2ecef37,11fc138ab31bdd8c7a0b,7ba29f3a45abe1301651,bps_webapi,4,observation_materializes_cell
edge:62fe15d488eb9b890237,2a493c30d7357d9cdc60,11fc138ab31bdd8c7a0b,aa7252a58f41161c17c3,bps_tpb_2024,1,observation_materializes_cell
edge:984e9ff47045cd5868c8,093fd6c7ed8570636cd2,121f656d9c551a510e75,7ba29f3a45abe1301651,bps_webapi,4,observation_materializes_cell
edge:4aeb60071990f7ac1cdf,c9ee0471692cc8ef78e8,122917e2ee7eebfdcef8,aa7252a58f41161c17c3,bps_tpb_2024,1,observation_materializes_cell
edge:b5929b44f00e51d43d4e,4ef527336c6535dfb86f,122917e2ee7eebfdcef8,b132d2fab33291e0733e,bps_webapi,3,observation_materializes_cell
edge:9d5fd175f488bbdfda4c,1208fe68a4ae72b65b23,122e9df6bfd457778e09,7ba29f3a45abe1301651,bps_webapi,4,observation_materializes_cell
edge:e6664506a8d8ae627f54,1049e9a6cf4e9d3900ff,12382cf22b66eabc6e7a,7ba29f3a45abe1301651,bps_webapi,4,observation_materializes_cell
edge:ef5b045bb018feb6e6c4,a0e69629f9d85394c371,124481274c4829e15679,7ba29f3a45abe1301651,bps_webapi,4,observation_materializes_cell
edge:c8f3314851226364799d,3403f984c0638371ae36,1245f6db115ee141023d,7ba29f3a45abe1301651,bps_webapi,4,observation_materializes_cell
edge:db78ec718b375dbbf956,fb64005a2d7596a22fbd,1245f6db115ee141023d,aa7252a58f41161c17c3,bps_tpb_2024,1,observation_materializes_cell
edge:42a5df19dbae9d30f4b0,420cfb19aba48b20bf6a,124d07e485bfa6bfa7fa,7ba29f3a45abe1301651,bps_webapi,4,observation_materializes_cell
edge:41671e174593e8382d30,c8908d341160d9f56b76,1252c5621c0c947ef939,7ba29f3a45abe1301651,bps_webapi,4,observation_materializes_cell
edge:8260ee773be39d841246,1fdeed380f959a8fc02d,1252c5621c0c947ef939,aa7252a58f41161c17c3,bps_tpb_2024,1,observation_materializes_cell
edge:ae0bae250d93d4e4cc41,7a2019dffe4cd068d399,12580eec7dee5d201291,7ba29f3a45abe1301651,bps_webapi,4,observation_materializes_cell
edge:c015d1e3574fa7b6eea2,012cc0b17ba9d22b8582,12580eec7dee5d201291,9ab2011a3892edfac889,bps_tpb_2025,2,observation_materializes_cell
edge:64134753a0dbb9b6857b,2bf03e5fefce17435dea,12580eec7dee5d201291,aa7252a58f41161c17c3,bps_tpb_2024,1,observation_materializes_cell
edge:586a8cc9fd516fe020ec,e7b5660d17c0ec580c8b,125be2a08f9f6cf401bc,7ba29f3a45abe1301651,bps_webapi,4,observation_materializes_cell
edge:72037d34073208842e18,807972f1167590f7ab49,1263ba0e2b2dc7201112,7ba29f3a45abe1301651,bps_webapi,4,observation_materializes_cell
edge:3068e74c49817c11fd4d,1f2ce261c453a9ec7b53,1268ebdd94ccb7befbc9,7ba29f3a45abe1301651,bps_webapi,4,observation_materializes_cell
edge:cf862847aa23e659135d,31b3c4c987d3572b6f43,128f4e381b8698bac09b,aa7252a58f41161c17c3,bps_tpb_2024,1,observation_materializes_cell
edge:9d95047c83975681c4ae,60d9a6a327662f21ddea,128f4e381b8698bac09b,b132d2fab33291e0733e,bps_webapi,3,observation_materializes_cell
edge:eca963361921da2bfa16,3960d6470484c4354442,12984210503abd9b4388,7ba29f3a45abe1301651,bps_webapi,4,observation_materializes_cell
edge:93ed35ccba4fc071ed2c,3bab2e3209b704b952b8,12a75b06d98310d3cf4d,7ba29f3a45abe1301651,bps_webapi,4,observation_materializes_cell
edge:2f2ec588871144174eb5,f12b26238dd8015ae3a3,12aa5da2bfd8801265ca,7ba29f3a45abe1301651,bps_webapi,4,observation_materializes_cell
edge:b60e933d1ec254e6e1b0,be0da2771ee7f8b4fd35,12b65b9c3c88f0d38bec,aa7252a58f41161c17c3,bps_tpb_2024,1,observation_materializes_cell
edge:e5e9ef1fa14bdf7c8f75,530c48418ad595771d06,12b65b9c3c88f0d38bec,b132d2fab33291e0733e,bps_webapi,3,observation_materializes_cell
edge:1c303098ee9bf7b35d99,c5985b44dc0374f5e46c,12b97c2e86b9e82218c4,7ba29f3a45abe1301651,bps_webapi,4,observation_materializes_cell
edge:5447ee02414f282bfd33,8fd530379646c7863560,12d7ea036c7b204cd12e,7ba29f3a45abe1301651,bps_webapi,4,observation_materializes_cell
edge:c27ab60c2a0e70f3e079,04168055192320826e58,12db6eb2cb699f8131bd,7ba29f3a45abe1301651,bps_webapi,4,observation_materializes_cell
edge:5e8a00278e3dba53502c,4df63bf4df0077795426,12dc85b0f862863004e8,7ba29f3a45abe1301651,bps_webapi,4,observation_materializes_cell
edge:caee95cdf84ae1f58d5d,c96936008633fd151669,1301384d4369d2730a32,7ba29f3a45abe1301651,bps_webapi,4,observation_materializes_cell
edge:7e1fe96cb3105f2b9731,a93f10a4351203c6cf78,1301384d4369d2730a32,aa7252a58f41161c17c3,bps_tpb_2024,1,observation_materializes_cell
edge:de9a47608ce71d656a10,909daf90dcac8715025c,1301732fa8b6510be3c4,7ba29f3a45abe1301651,bps_webapi,4,observation_materializes_cell
edge:1d22990b694396978878,d800ce7bc90d34de4be6,130fb57d67b7b316c7a5,7ba29f3a45abe1301651,bps_webapi,4,observation_materializes_cell
edge:b307765064128939c5dc,4b69cad7aff8694b8012,1317b82a4bb3c4003762,7ba29f3a45abe1301651,bps_webapi,4,observation_materializes_cell
edge:d2954cbdbaff69c5bd0b,020ff73397f49a583857,132b6c4cd2c19eb47a72,7ba29f3a45abe1301651,bps_webapi,4,observation_materializes_cell
edge:1674d0fbd21275258a97,71f7443caec14dbe7a41,132b6c4cd2c19eb47a72,aa7252a58f41161c17c3,bps_tpb_2024,1,observation_materializes_cell
edge:5ebd49b975363c0c4374,ea0bb6ca99c06d977032,1342ee477552518680ed,7ba29f3a45abe1301651,bps_webapi,4,observation_materializes_cell
edge:1719e995a90b915393fc,ff117bd4aace1e77b59d,13455462b50880c1e528,7ba29f3a45abe1301651,bps_webapi,4,observation_materializes_cell
edge:c666325de112491f3671,4a5cdef81002c489c153,134b1f8011234f70aecf,aa7252a58f41161c17c3,bps_tpb_2024,1,observation_materializes_cell
edge:d799673ad6f2a3470371,76f3fc986fff578cf5ee,134b1f8011234f70aecf,b132d2fab33291e0733e,bps_webapi,3,observation_materializes_cell
edge:16646f297f093b7256e5,c347884b7acfa581cfaa,1359055c05428c95dbbd,7ba29f3a45abe1301651,bps_webapi,4,observation_materializes_cell
edge:07f321fe4b9fc83e51b8,e41c67b6224a97490620,1359aa73eb5d96957fb3,7ba29f3a45abe1301651,bps_webapi,4,observation_materializes_cell
edge:3718465eb1de98b5e7ff,9e224f21e2c6452b8218,135fa8e51c2e83dcb2ff,7ba29f3a45abe1301651,bps_webapi,4,observation_materializes_cell
edge:023dfe65f00136ed9267,ac3f7dec9efe0b64917f,1377101393bdf4b25b2a,7ba29f3a45abe1301651,bps_webapi,4,observation_materializes_cell
edge:90ef108594c6b4aad82e,b60c6ea891f769fb7416,137fd2028c7bcc10bf59,7ba29f3a45abe1301651,bps_webapi,4,observation_materializes_cell
edge:4dcb2a2ddab663fbfdb3,d906ba3496f6aae260cd,139853525b0df7a99723,aa7252a58f41161c17c3,bps_tpb_2024,1,observation_materializes_cell
edge:4cb7fb8f6b8b62666edd,a7b1cb77ac7f972bc75e,139853525b0df7a99723,b132d2fab33291e0733e,bps_webapi,3,observation_materializes_cell
edge:373313e999664481d39a,f4e2445fdca2837d53eb,139b33ddb750df109508,7ba29f3a45abe1301651,bps_webapi,4,observation_materializes_cell
edge:3c981bcdd537bf234a45,a387679e89cd1dbd44f4,139b33ddb750df109508,aa7252a58f41161c17c3,bps_tpb_2024,1,observation_materializes_cell
edge:a31a7562cdeb049adc1c,dc35ddae5ad076be309d,13ae20a7d809141d50ad,7ba29f3a45abe1301651,bps_webapi,4,observation_materializes_cell
edge:50b6335f4a476d0c60fa,ef6d838aebf67556d9b9,13b0da7c42604691c2ac,7ba29f3a45abe1301651,bps_webapi,4,observation_materializes_cell
edge:19d2bf8dfcb98d556872,b3ea1c63b7a084c10939,13b9864ad30dc960340f,7ba29f3a45abe1301651,bps_webapi,4,observation_materializes_cell
edge:e31dbafcebfe728e9194,dea007af7d683da0c683,13ca0e907dacede9e202,7ba29f3a45abe1301651,bps_webapi,4,observation_materializes_cell
edge:a35cb4d68bad01923204,50fb5c42742107359468,13d1180acf8e7ac2bbc0,7ba29f3a45abe1301651,bps_webapi,4,observation_materializes_cell
edge:34d23b01bbdedf1a4719,f7e9be06f646411f9226,13d1c52c312c92166afe,7ba29f3a45abe1301651,bps_webapi,4,observation_materializes_cell
edge:a56d68286a9613984469,c1e0e66b24d2737f3ebd,13d1c52c312c92166afe,aa7252a58f41161c17c3,bps_tpb_2024,1,observation_materializes_cell
edge:4962f90846090bbd3def,1e82b54f9b9d32edad83,13e703506788a2e4c1a4,7ba29f3a45abe1301651,bps_webapi,4,observation_materializes_cell
edge:fdda6fbf02069d675ade,f5eaad4e13734356f11a,13ec9f856803b99c8132,7ba29f3a45abe1301651,bps_webapi,4,observation_materializes_cell
edge:f483843ed786d38890d8,4bb1def79fbdb3606288,13ff067ffc829ea0e4a9,7ba29f3a45abe1301651,bps_webapi,4,observation_materializes_cell
edge:debbd07a72650d0497eb,a652f71810d72e8697f1,1413ce1a35cea961aac2,7ba29f3a45abe1301651,bps_webapi,4,observation_materializes_cell
edge:b337356eda4e83eae991,6ffcf10501aba0229aed,1413ce1a35cea961aac2,aa7252a58f41161c17c3,bps_tpb_2024,1,observation_materializes_cell
edge:0a1e31910b6e1b62bb43,92a53ebdf21176b04cb9,14214c4adef42a0bffec,aa7252a58f41161c17c3,bps_tpb_2024,1,observation_materializes_cell
edge:6ba957abe6697f923791,35b322c5e4415160b88c,14214c4adef42a0bffec,b132d2fab33291e0733e,bps_webapi,3,observation_materializes_cell
edge:020dace456701b174bfd,f58b574895223d8240ac,143f458ceff05e4653b8,7ba29f3a45abe1301651,bps_webapi,4,observation_materializes_cell
edge:342a83795c6daa9510c6,879f55c5be63f505f444,143f458ceff05e4653b8,aa7252a58f41161c17c3,bps_tpb_2024,1,observation_materializes_cell
edge:02cc426ab83ff2cdc496,fed9d416f62574f27d65,14470c51a8176adc3f10,7ba29f3a45abe1301651,bps_webapi,4,observation_materializes_cell
edge:7810c1e7e2e8f28d7bd4,18cdd73eb2041af40020,145222de602dc52face8,7ba29f3a45abe1301651,bps_webapi,4,observation_materializes_cell
edge:b1d940b82128f9649e3c,1d88eca8656bba052bd7,14723f7a104cc138a316,7ba29f3a45abe1301651,bps_webapi,4,observation_materializes_cell
edge:4a279d85d49f244fba2b,fd8d1c7cb47af49cfd26,147b54959f5c2d843bae,7ba29f3a45abe1301651,bps_webapi,4,observation_materializes_cell
edge:f2a50175a783d752aa98,e2fe9740e54f8603f5a0,147b5c6182a5a6b9a89b,7ba29f3a45abe1301651,bps_webapi,4,observation_materializes_cell
edge:fd098d23f2efc94ab6ad,405fe0edeba350491f15,147c32dcd97a8197f8c1,aa7252a58f41161c17c3,bps_tpb_2024,1,observation_materializes_cell
edge:bf558ac9b57345f57da1,1ba1b9ebd115cbcf3d5b,147c32dcd97a8197f8c1,b132d2fab33291e0733e,bps_webapi,3,observation_materializes_cell
edge:eedfad14b5458112fc74,974f6d06172c7091f5e0,148f025970f303b7c1ba,7ba29f3a45abe1301651,bps_webapi,4,observation_materializes_cell
edge:bae60a050887b9dd8b6c,f8ce664d90a0ee912d9a,148f025970f303b7c1ba,aa7252a58f41161c17c3,bps_tpb_2024,1,observation_materializes_cell
edge:ab71d886c93e5fe36aed,fa3e65893a7b5addbc0d,1494e5636595f17cdad8,7ba29f3a45abe1301651,bps_webapi,4,observation_materializes_cell
edge:b688fcc1a7a942e14aeb,11fb91d62183fd260d7e,1497ce735059dd39e858,7ba29f3a45abe1301651,bps_webapi,4,observation_materializes_cell
edge:3ed2153499a953c03c59,5be78b861cb48401117d,14a19ba4c44182dbd54d,7ba29f3a45abe1301651,bps_webapi,4,observation_materializes_cell
edge:426f3799cbca9fa42d2d,ecd434d38737dd1728d3,14a19ba4c44182dbd54d,aa7252a58f41161c17c3,bps_tpb_2024,1,observation_materializes_cell
edge:3eedf030f2864eb4e8e5,406abbfd9ad127fc0c71,14ac565afae7af50e2b6,7ba29f3a45abe1301651,bps_webapi,4,observation_materializes_cell
edge:3ab2a23867a807f6ba4e,8932ee76e6324c2d895b,14ac565afae7af50e2b6,aa7252a58f41161c17c3,bps_tpb_2024,1,observation_materializes_cell
edge:5eecc00a30c085b72b05,77a8b702dc5a24593b17,14c3174d3bfada677858,7ba29f3a45abe1301651,bps_webapi,4,observation_materializes_cell
edge:1524863dafbfefaf6942,95a47fe6251a014e3ede,14dcd422fbbd9bb53639,7ba29f3a45abe1301651,bps_webapi,4,observation_materializes_cell
edge:c06b2a72a0c3122af5fe,a9cfe19e917411e24e66,14e000679a1b7022b995,7ba29f3a45abe1301651,bps_webapi,4,observation_materializes_cell
edge:c504bc87345334199869,4311056f62daa15cb274,14ef6768e6578542a8c7,aa7252a58f41161c17c3,bps_tpb_2024,1,observation_materializes_cell
edge:55b2ac47a39dffa9097d,881382346802eb29d7f1,14ef6768e6578542a8c7,b132d2fab33291e0733e,bps_webapi,3,observation_materializes_cell
edge:63eb824ac1cad7e13567,4f44a6c2607992b87e19,14f8697f30306bae6283,7ba29f3a45abe1301651,bps_webapi,4,observation_materializes_cell
edge:1a15c675b9a6b38232d0,12cddba9b14e41d35f0f,14ff9db7a212eab95a13,7ba29f3a45abe1301651,bps_webapi,4,observation_materializes_cell
edge:be66d2901fb8d8c461bd,43d01db1ab07296da628,1504f42f10ebdd9d7a2f,aa7252a58f41161c17c3,bps_tpb_2024,1,observation_materializes_cell
edge:443da8a9ff7ec6a97f93,f35bf94e13557d216067,1504f42f10ebdd9d7a2f,b132d2fab33291e0733e,bps_webapi,3,observation_materializes_cell
edge:d9ef61639d2b20f41291,72ae867bac81cffb3dbf,15104642d7633ead1d98,7ba29f3a45abe1301651,bps_webapi,4,observation_materializes_cell
edge:01088bcaacccf434754b,9d3eef4fdcbe20521457,1522c6cb0735445ec7a2,7ba29f3a45abe1301651,bps_webapi,4,observation_materializes_cell
edge:f4b77ba8927af634a5be,1a9889f6bd07363f64ca,152706971a7ca839ba3a,aa7252a58f41161c17c3,bps_tpb_2024,1,observation_materializes_cell
edge:51136c72ecd61c56b1ee,3ee229b00c1afd0ec0e8,152706971a7ca839ba3a,b132d2fab33291e0733e,bps_webapi,3,observation_materializes_cell
edge:8bc828ccfda37edb7e24,abfa042dfb3716a4fd89,1527e63e4a3788d7b727,7ba29f3a45abe1301651,bps_webapi,4,observation_materializes_cell
edge:df9bae2d59af4b6d879e,380a84d5d49194ae6ad0,152dd532a29a4dabc38e,7ba29f3a45abe1301651,bps_webapi,4,observation_materializes_cell
edge:833dfd92438ce834d56e,7932c88dbc74b1cbbc20,154833f9eeb21986c951,7ba29f3a45abe1301651,bps_webapi,4,observation_materializes_cell
edge:b07018460aba8458f9bb,6e1dc1440df3138f8ea7,1549b4168046c6dc243b,7ba29f3a45abe1301651,bps_webapi,4,observation_materializes_cell
edge:1c76d3b7171385fcafa8,1bb7a6fba836f5f45e9f,1554d3bbaf45fef8f2d2,7ba29f3a45abe1301651,bps_webapi,4,observation_materializes_cell
edge:05c26e4e07f4d4f2f813,d1351f4ddda1d4c08de2,1555641eccbcdc29e17c,7ba29f3a45abe1301651,bps_webapi,4,observation_materializes_cell
edge:b7677e56ebf990898172,b3e02daf62f43cadbc60,1562aff82fb8d72ec806,7ba29f3a45abe1301651,bps_webapi,4,observation_materializes_cell
edge:76daa3cfaf7527dfea89,71057434556e1a2b03c6,1568b29d69b8e2bc1556,7ba29f3a45abe1301651,bps_webapi,4,observation_materializes_cell
edge:1f06793d0aee969785f8,1e09cc41c4b638a8d7d8,1583332621268d75ed55,7ba29f3a45abe1301651,bps_webapi,4,observation_materializes_cell
edge:8f6939b105ca0047ac7f,19960a53bfbe0366ecd3,158ac37bd383b64eb702,7ba29f3a45abe1301651,bps_webapi,4,observation_materializes_cell
edge:3d77ec31a03e127194da,5e2ca39186a952ba7ade,159b8917eb0c5dfbf83c,7ba29f3a45abe1301651,bps_webapi,4,observation_materializes_cell
edge:3e5421291fb177000e3f,a6ac6ff7395eaa0c6ada,15a405cc36182a2eb92b,7ba29f3a45abe1301651,bps_webapi,4,observation_materializes_cell
edge:f960fc739d94594c824e,162379bc2599f29b2475,15a7aa91078429f62e9b,7ba29f3a45abe1301651,bps_webapi,4,observation_materializes_cell
edge:60b17c3fac4309238854,8e947996f1b9a6154360,15accd7908f26e67cced,7ba29f3a45abe1301651,bps_webapi,4,observation_materializes_cell
edge:6fcb86e0f93214a061af,52b22c87aff9ef7d958c,15b32a8759c7403b435e,7ba29f3a45abe1301651,bps_webapi,4,observation_materializes_cell
edge:8e13c86c55aad0eb99f1,fa467f4d13b0654eeb6a,15d9930997ab6284d4ee,7ba29f3a45abe1301651,bps_webapi,4,observation_materializes_cell
edge:1dfc01972c640aea779e,0c49f569cbba1836e2c7,15d9eb52cb87b5dc90c6,7ba29f3a45abe1301651,bps_webapi,4,observation_materializes_cell
edge:4b34f096a1cde8c72921,1d793dd4780fc8604e6f,15dd1f912a81ed708a9f,7ba29f3a45abe1301651,bps_webapi,4,observation_materializes_cell
edge:6a7ba54c4925b7db2fe3,fdccb05232f3280fbfe8,160265ca213d87107c6f,7ba29f3a45abe1301651,bps_webapi,4,observation_materializes_cell
edge:d8929e015094e42c4310,db781de99a00045593a7,1635076c26be213092b2,7ba29f3a45abe1301651,bps_webapi,4,observation_materializes_cell
edge:a2c4a1c879c718106275,d8f77919ac0f878f6ab9,1636c7b006590512b93d,7ba29f3a45abe1301651,bps_webapi,4,observation_materializes_cell
edge:3a3bbb90fa39855d9033,97c1c103a348d2261e19,163c89bf3e4c2ea99a35,7ba29f3a45abe1301651,bps_webapi,4,observation_materializes_cell
edge:6a5dfc0c8003781a1549,1db69c268d9a59e00e2e,16407cc9a7a89a530d9d,7ba29f3a45abe1301651,bps_webapi,4,observation_materializes_cell
edge:d0d7fb9a2e0109b90f60,eac06df7ecbc87e22c93,1640b25cefaba2ffe898,7ba29f3a45abe1301651,bps_webapi,4,observation_materializes_cell
edge:8ec6f1ce1c0ef0e4dd01,8c9e8ac6872760efabe7,164b2ab7e07fb87a8b0e,7ba29f3a45abe1301651,bps_webapi,4,observation_materializes_cell
edge:d16945d9613b237d1bf5,a6b02028c9affd97c91e,165eec5746fbda807f0a,7ba29f3a45abe1301651,bps_webapi,4,observation_materializes_cell
edge:a343f2c8ad17d289acda,5d25f4d122c524e8f14b,166c5094c2258f004e99,aa7252a58f41161c17c3,bps_tpb_2024,1,observation_materializes_cell
edge:952f27f733e53847e009,82d60d15774ff1e00f9a,166c5094c2258f004e99,b132d2fab33291e0733e,bps_webapi,3,observation_materializes_cell
edge:a0585a01bdb4c275b21d,f18cc274aba7177b7af0,166f73dea6f65cb03904,7ba29f3a45abe1301651,bps_webapi,4,observation_materializes_cell
edge:78ed55a20d280842e632,0c2bb9098cbc802f9dc3,1680af857bc53c6d4049,7ba29f3a45abe1301651,bps_webapi,4,observation_materializes_cell
edge:c991a231bcccee18cebf,97ac30b4984b018265b3,16835c8016a1c9e6232d,7ba29f3a45abe1301651,bps_webapi,4,observation_materializes_cell
edge:faa6d9511cd8c7fe85fa,dc761f5c04bc86e62665,169b1f633c981ab659ab,7ba29f3a45abe1301651,bps_webapi,4,observation_materializes_cell
edge:896b9463b2c7f47a8ae1,b2bfb088ce79fed32168,16a9edec4d8a4cc16d0f,7ba29f3a45abe1301651,bps_webapi,4,observation_materializes_cell
edge:82249d61540416ec2446,8c7efda2e86356f7d84c,16bdd022ddc0a9b609ff,7ba29f3a45abe1301651,bps_webapi,4,observation_materializes_cell
edge:4c35a8d6ba47e5d5e823,c3f4e2666596cf0a009a,16c8658f578298c98984,7ba29f3a45abe1301651,bps_webapi,4,observation_materializes_cell
edge:604597bf87a1fae5783a,8bf882326ece8703161f,16c8658f578298c98984,aa7252a58f41161c17c3,bps_tpb_2024,1,observation_materializes_cell
edge:0eaa112a2a934e431757,83a67be839a3f7a775bb,16cc09f4f4092a50b10d,7ba29f3a45abe1301651,bps_webapi,4,observation_materializes_cell
edge:e78c991f13e4433b6866,a8c1d266db0ec0a163f7,16d8341c9286b059c0ed,7ba29f3a45abe1301651,bps_webapi,4,observation_materializes_cell
edge:2c9d5c412da4df9366cf,59b114e3e2fa7566394b,16e4fdf791f2820f6672,7ba29f3a45abe1301651,bps_webapi,4,observation_materializes_cell
edge:1a0dc80885332c6f48a5,42db9b086fd77c26cf62,16eeaddeabe922d1ddc5,7ba29f3a45abe1301651,bps_webapi,4,observation_materializes_cell
edge:3331dd871e26a00fe195,e9a5ce23289700a9b900,17048d577ad768b93523,7ba29f3a45abe1301651,bps_webapi,4,observation_materializes_cell
edge:c877bed652d519e8754f,4ef92381ca7c0c2784c0,17057b31c6e49b4f908b,7ba29f3a45abe1301651,bps_webapi,4,observation_materializes_cell
edge:24f9cfefdaddab462e49,ce5686f11e84486c33d4,17064fe9dfc63ea361a0,7ba29f3a45abe1301651,bps_webapi,4,observation_materializes_cell
edge:01fdbe593efb75c9d4df,53b048f6f7e7714addb4,1722b87f28a7d2f489dd,7ba29f3a45abe1301651,bps_webapi,4,observation_materializes_cell
edge:18cd2b473b20ac435dc3,75c183303db836b46e80,1722b87f28a7d2f489dd,aa7252a58f41161c17c3,bps_tpb_2024,1,observation_materializes_cell
edge:11f748a66e55fdc17cb3,d1ace9f1ca8a83a43c75,1723f0d570d109765f08,7ba29f3a45abe1301651,bps_webapi,4,observation_materializes_cell
edge:9016fb7c22ce285c8eae,341f413242eda61e2d44,1723f0d570d109765f08,aa7252a58f41161c17c3,bps_tpb_2024,1,observation_materializes_cell
edge:0791a285ca74eb5dd5c9,203678b1086f6e4d2558,1729fd711138a29e67ee,7ba29f3a45abe1301651,bps_webapi,4,observation_materializes_cell
edge:8abcb29bddc4573148d8,407144d43cc561a96714,1736753dafd19d86f69d,7ba29f3a45abe1301651,bps_webapi,4,observation_materializes_cell
edge:d63483fe17345a101cb0,432ef34db22fb595ee4b,173a61eb59d7f16741ee,7ba29f3a45abe1301651,bps_webapi,4,observation_materializes_cell
edge:ac2783a345afe955b235,1e932415203c3cf6e218,1758ab7836d4374fc1a9,7ba29f3a45abe1301651,bps_webapi,4,observation_materializes_cell
edge:dd6d60c28c5c796868b5,3c6db3e6f6e677b409b3,175af684d3179437432e,7ba29f3a45abe1301651,bps_webapi,4,observation_materializes_cell
edge:6a91bab2c9128b1e3557,d56088b19c58f3f6917e,175d9865a65f59d77ece,7ba29f3a45abe1301651,bps_webapi,4,observation_materializes_cell
edge:c0d23497cb75f1dfd8d5,27e91efa18f9211c4e88,176a1c1dbf15badb57a2,7ba29f3a45abe1301651,bps_webapi,4,observation_materializes_cell
edge:e7928aae7faa97bd2211,127e4a9515fd8c45d17b,176a1c1dbf15badb57a2,aa7252a58f41161c17c3,bps_tpb_2024,1,observation_materializes_cell
edge:cb0455e8457ea658c5f5,85a24033e5081b542624,1772f448dfb5eb5ae665,7ba29f3a45abe1301651,bps_webapi,4,observation_materializes_cell
edge:7178b55629b6f3af6cdf,076dc0bc698f050e0018,17791105dce2bbfe7874,7ba29f3a45abe1301651,bps_webapi,4,observation_materializes_cell
edge:fe4cb924dc83e9788e09,52d3899042c962214b14,177fea98373a0ab0bc33,7ba29f3a45abe1301651,bps_webapi,4,observation_materializes_cell
edge:c6064bf1d32575f097fe,13eb942c25b19e8e23a0,178956639383e137696d,7ba29f3a45abe1301651,bps_webapi,4,observation_materializes_cell
edge:be4d324a98bc5cf097cd,764aec58dde060b80d18,17a86c350d0c167be8dd,7ba29f3a45abe1301651,bps_webapi,4,observation_materializes_cell
edge:9980cde153ab43e93bc7,d2f9208fbc5a285c0f68,17aeb379688ddae510f8,7ba29f3a45abe1301651,bps_webapi,4,observation_materializes_cell
edge:05b0299341791923be44,50053e1f93b80c537e59,17b677c4a3598275cd0a,7ba29f3a45abe1301651,bps_webapi,4,observation_materializes_cell
edge:3ac4feb3076de7b13910,522602495490f4e5405c,17b677c4a3598275cd0a,aa7252a58f41161c17c3,bps_tpb_2024,1,observation_materializes_cell
edge:24d15afd2aedd8461589,9fe387259323eaaaffc3,17c966b543fc9ae6a764,7ba29f3a45abe1301651,bps_webapi,4,observation_materializes_cell
edge:fa9037973551a665b7d9,5edd31deb66f4dcc874f,17d227b0ea6296a43bcd,7ba29f3a45abe1301651,bps_webapi,4,observation_materializes_cell
edge:567580ddb371b2869fcf,5df980c20c442b6aaeaf,17e2801a997e7fd6fb7a,7ba29f3a45abe1301651,bps_webapi,4,observation_materializes_cell
edge:d4f54219e872766f1f4e,9424bf5de433104da89b,17e567b2cb714b8c9280,7ba29f3a45abe1301651,bps_webapi,4,observation_materializes_cell
edge:2ff500f0c735f07ba171,d9ff252ea3c961b06053,17fe36427aee165d40c3,7ba29f3a45abe1301651,bps_webapi,4,observation_materializes_cell
edge:e98b29d2c1be8293d5f2,2b704e5e583310a85f86,1804a1bab1b79ffac925,7ba29f3a45abe1301651,bps_webapi,4,observation_materializes_cell
edge:d886c06cc4c0b2f14d2b,5026d19fa813f12c39bb,1809cae07afd014a69eb,aa7252a58f41161c17c3,bps_tpb_2024,1,observation_materializes_cell
edge:ac5904d35bce9fb49654,8baa71fd779376f54bc7,1809cae07afd014a69eb,b132d2fab33291e0733e,bps_webapi,3,observation_materializes_cell
edge:752ec0ebb042c22eeef6,18b421b910b54c353679,180bd5aea0510a51d650,7ba29f3a45abe1301651,bps_webapi,4,observation_materializes_cell
edge:740c6131b8aa187592e4,b2aeba85538585f25f2c,18110066d77466645901,7ba29f3a45abe1301651,bps_webapi,4,observation_materializes_cell
edge:3c3afd4fbb83597bbca7,f7fe5a65d1dae91b7226,181a9c5061cc60b03493,7ba29f3a45abe1301651,bps_webapi,4,observation_materializes_cell
edge:0c73da95937322d41a48,55d0ee7c70044ee8a317,1826f62fddb5fb3b485f,7ba29f3a45abe1301651,bps_webapi,4,observation_materializes_cell
edge:ea8ce5a29c274db23f12,ecbc5f0b3348923bf9dd,18421829d4dd1bcc10f6,7ba29f3a45abe1301651,bps_webapi,4,observation_materializes_cell
edge:8434f9f13589f8b6c30f,da31cf8d477a61b16fb8,184f0836d7ab36f0a977,aa7252a58f41161c17c3,bps_tpb_2024,1,observation_materializes_cell
edge:f8d28e75e4f431d1c120,1a03593b99ee3c72cc02,184f0836d7ab36f0a977,b132d2fab33291e0733e,bps_webapi,3,observation_materializes_cell
edge:2f8beb6b267ee6256edd,350b0dfe935fd8897a9b,186a8f755b93d5febb9c,7ba29f3a45abe1301651,bps_webapi,4,observation_materializes_cell
edge:c398723a00249b837e82,dd23335a5a6abad50fa3,18711369aa5251b0bdab,7ba29f3a45abe1301651,bps_webapi,4,observation_materializes_cell
edge:745514a908eb8ef1e548,50ccabad08704928c215,18731dbd22a3441c16db,aa7252a58f41161c17c3,bps_tpb_2024,1,observation_materializes_cell
edge:a0744eb66915ebf522eb,9688815b1376c2bbaabc,18731dbd22a3441c16db,b132d2fab33291e0733e,bps_webapi,3,observation_materializes_cell
edge:3f7ab3368a5fd28da66f,3c1fa4887519c9fb4054,188693b9e949196ed664,7ba29f3a45abe1301651,bps_webapi,4,observation_materializes_cell
edge:0850b0b6481f9aeb8e58,5dff88f2708cc1e33bd8,188bf6c7192a05c958b9,7ba29f3a45abe1301651,bps_webapi,4,observation_materializes_cell
edge:7946dd91d8ca27b4ae70,322cb81119801859f79a,188bf6c7192a05c958b9,aa7252a58f41161c17c3,bps_tpb_2024,1,observation_materializes_cell
edge:483a5b04b509d41975e0,288c67b90845afd332be,1894c28ce93eacc773e8,7ba29f3a45abe1301651,bps_webapi,4,observation_materializes_cell
edge:3acf8716dae0d2aa7017,58de1fc239a2b2b9f428,18a251746d653814f885,7ba29f3a45abe1301651,bps_webapi,4,observation_materializes_cell
edge:f34275411f7cffd40811,b097c91ae5ad27021f26,18b1300f522816a51590,7ba29f3a45abe1301651,bps_webapi,4,observation_materializes_cell
edge:a0eaba4262b405944291,3cc285b22deb7e5e3a8c,18b3d34bc7a24d2a1bb0,7ba29f3a45abe1301651,bps_webapi,4,observation_materializes_cell
edge:0846adf0ac54736ab758,36c99ce59a9ea869986a,18b3d34bc7a24d2a1bb0,aa7252a58f41161c17c3,bps_tpb_2024,1,observation_materializes_cell
edge:dd57e91a179542f7e226,b99b3f3c00f167c67d25,18b60a616d16bb253abb,7ba29f3a45abe1301651,bps_webapi,4,observation_materializes_cell
edge:5f6268382ac3113d989f,95dfa55677d4daf5e72f,18e1220bef7ba33bf579,7ba29f3a45abe1301651,bps_webapi,4,observation_materializes_cell
edge:b9de1147e2df32f03c80,d2060db4acca46658f02,18ec0a7d57ca1271d58b,7ba29f3a45abe1301651,bps_webapi,4,observation_materializes_cell
edge:4fd13dc47298674370b3,733386b384341b49a711,18ec0a7d57ca1271d58b,aa7252a58f41161c17c3,bps_tpb_2024,1,observation_materializes_cell
edge:e2a6dafbad2371acfd29,c02654992d447cb84752,190e736f459bae1bab85,7ba29f3a45abe1301651,bps_webapi,4,observation_materializes_cell
edge:5cf056ab446b0184e869,19e5fdb6aedd501a9e71,190e736f459bae1bab85,aa7252a58f41161c17c3,bps_tpb_2024,1,observation_materializes_cell
edge:593f01291c4fb2bf9fea,b4987773f4b14f525250,1918a5ae7d6854ba4ac5,7ba29f3a45abe1301651,bps_webapi,4,observation_materializes_cell
edge:e74fbe68c9e2ff414183,8f40b71e0315c30cc793,191fff9439155d6564d0,7ba29f3a45abe1301651,bps_webapi,4,observation_materializes_cell
edge:86723f25c8e3579855f2,913cd799864b82e4d1d1,191fff9439155d6564d0,aa7252a58f41161c17c3,bps_tpb_2024,1,observation_materializes_cell
edge:80a0ab81fbec56fd3a7e,1c28fe3e8fdaec362a48,192093fbabdcb93e6e8f,aa7252a58f41161c17c3,bps_tpb_2024,1,observation_materializes_cell
edge:f3d6296b7889d0428999,957b00dd44c4bf022fb6,192093fbabdcb93e6e8f,b132d2fab33291e0733e,bps_webapi,3,observation_materializes_cell
edge:bf0ed7c41402069f1a37,5451635a8aff7caf0c2a,1923b23878a3ba5b5a50,7ba29f3a45abe1301651,bps_webapi,4,observation_materializes_cell
edge:4d85797e6cbaac2ee6c4,a1f930474c626e2d8faf,1923fbea3dd4b2f92793,7ba29f3a45abe1301651,bps_webapi,4,observation_materializes_cell
edge:37270909814f2ccd5ef9,8c00f35a2f5696b34d8a,192b3f7847e84a703ff0,7ba29f3a45abe1301651,bps_webapi,4,observation_materializes_cell
edge:353286a8dec9236dcaca,1a95b582a3d8f20baa52,1931ce51fecea9904111,7ba29f3a45abe1301651,bps_webapi,4,observation_materializes_cell
edge:cebb7e74bc530af45788,2de1c716630f81c056b6,194994004de97ff69a2e,7ba29f3a45abe1301651,bps_webapi,4,observation_materializes_cell
edge:3bf62387fc726296afa0,c0bc938b0008fa0ebbed,195b8d07773f08515aa2,7ba29f3a45abe1301651,bps_webapi,4,observation_materializes_cell
edge:db03ddae4f7391f8b5ef,3a04295f096fb95fc7e9,195b8d07773f08515aa2,aa7252a58f41161c17c3,bps_tpb_2024,1,observation_materializes_cell
edge:5a6c03923e8f8a61f3c3,bcc032d1fa4dc6007c0a,195ca2744ee84340823c,7ba29f3a45abe1301651,bps_webapi,4,observation_materializes_cell
edge:7b53eee95ef2581d9b90,847c43efd46578947830,195ca2744ee84340823c,aa7252a58f41161c17c3,bps_tpb_2024,1,observation_materializes_cell
edge:76807ee7c0f0bdd1f02c,d8ddc126f511757e9815,1992a876a94c16a79ca4,aa7252a58f41161c17c3,bps_tpb_2024,1,observation_materializes_cell
edge:ab7f242c87ba20c9514a,83f83dd71fbb86501832,1992a876a94c16a79ca4,b132d2fab33291e0733e,bps_webapi,3,observation_materializes_cell
edge:04733961be89d77950d5,0e9299b2c156591f7ce8,199ab7d6a6cf936aa450,7ba29f3a45abe1301651,bps_webapi,4,observation_materializes_cell
edge:7f4b6f6a2e8e224cbede,1590795a72ab59895b7f,19a2a86e5c797b6c6d09,7ba29f3a45abe1301651,bps_webapi,4,observation_materializes_cell
edge:52e93ee3246021198e3d,827f7681432556a57430,19be6f7dc4404d043077,7ba29f3a45abe1301651,bps_webapi,4,observation_materializes_cell
edge:66b927b75efff540e99b,9e36a74939b8de5f43f3,19c88cd1348f66c6c39d,aa7252a58f41161c17c3,bps_tpb_2024,1,observation_materializes_cell
edge:4aad02b2cbe63542a6ba,3174cdb70661f7998475,19c88cd1348f66c6c39d,b132d2fab33291e0733e,bps_webapi,3,observation_materializes_cell
edge:2ed605687f9d560d3ffb,3714f91ab31fb59f00af,19eefc407115ee565da5,7ba29f3a45abe1301651,bps_webapi,4,observation_materializes_cell
edge:4723aa2b599caadc1c49,e3c98cf2535c99f1d93b,19eefc407115ee565da5,aa7252a58f41161c17c3,bps_tpb_2024,1,observation_materializes_cell
edge:e2c35ac81d51bc82cf08,1210339220a3c312bda1,1a14f455db458f9dbc77,aa7252a58f41161c17c3,bps_tpb_2024,1,observation_materializes_cell
edge:542ffdbcabc4a6e047a5,a802cbeece61bc3cbccc,1a14f455db458f9dbc77,b132d2fab33291e0733e,bps_webapi,3,observation_materializes_cell
edge:24f6c01b4586f188811f,deb874f04c782935ee93,1a17d74b630761bb1258,7ba29f3a45abe1301651,bps_webapi,4,observation_materializes_cell
edge:34bdc05fa29f29bd55c8,9907b0213830c8910bca,1a17da8f481a5466f930,7ba29f3a45abe1301651,bps_webapi,4,observation_materializes_cell
edge:4d41ab4d4d97a6e5b393,bf0951e11725c204c32c,1a1ed16ab0f1c2397e25,aa7252a58f41161c17c3,bps_tpb_2024,1,observation_materializes_cell
edge:e845adf174e08da64082,2f40cb6b73b0ef1f8c76,1a1ed16ab0f1c2397e25,b132d2fab33291e0733e,bps_webapi,3,observation_materializes_cell
edge:7cb2572eb2792dda316e,c06b5a77390cd55f7753,1a20a101d9cbb2d1e345,7ba29f3a45abe1301651,bps_webapi,4,observation_materializes_cell
edge:ec1af524d48b44c45d83,525d981871aba4147719,1a345cf6b7a6b06ac0b6,aa7252a58f41161c17c3,bps_tpb_2024,1,observation_materializes_cell
edge:71c9df06648e8cc5ceda,f3a28fb56af889bc489f,1a345cf6b7a6b06ac0b6,b132d2fab33291e0733e,bps_webapi,3,observation_materializes_cell
edge:fc2df64606608b1f9b30,07d65c7efef2be6eea56,1a356b43f6b7c07993fa,7ba29f3a45abe1301651,bps_webapi,4,observation_materializes_cell
edge:10cf41c0ae373c49d5c4,87ebb46e0e057f95fb22,1a356b43f6b7c07993fa,aa7252a58f41161c17c3,bps_tpb_2024,1,observation_materializes_cell
edge:45082e8ee236fdcada9c,9c06462ad46b9d785729,1a369e8752444c7dfef7,7ba29f3a45abe1301651,bps_webapi,4,observation_materializes_cell
edge:4f3535486aac5d3a3808,c45dd8517dfbbfa93fa0,1a48922d79312fbecb63,7ba29f3a45abe1301651,bps_webapi,4,observation_materializes_cell
edge:b7a53623d61d84feb554,3e774744c5e6782a93ed,1a5dc4ea8c9eade2b5db,aa7252a58f41161c17c3,bps_tpb_2024,1,observation_materializes_cell
edge:637f09e0394fa43726b7,ee990b6a25b406fc47e7,1a5dc4ea8c9eade2b5db,b132d2fab33291e0733e,bps_webapi,3,observation_materializes_cell
edge:fcf95afff00281bd823b,aa43045104a9a6540123,1a75fb5cf687c778157b,7ba29f3a45abe1301651,bps_webapi,4,observation_materializes_cell
edge:65081bf036f43107ab91,3dabe58b17e6716fede1,1a885d10a918387289d2,7ba29f3a45abe1301651,bps_webapi,4,observation_materializes_cell
edge:07bdf90456d253aae481,fa0ea50bb87ace186ca8,1a8a4b704fdf395ff613,7ba29f3a45abe1301651,bps_webapi,4,observation_materializes_cell
edge:1d6dd8e1b41ddd3b4c1c,9f5eb228edd27b8b98c9,1a8ca35345fbfec41d59,aa7252a58f41161c17c3,bps_tpb_2024,1,observation_materializes_cell
edge:96dfe61e77759659ec5e,04263b7a4f050e5153b7,1a8ca35345fbfec41d59,b132d2fab33291e0733e,bps_webapi,3,observation_materializes_cell
edge:859b6e162631dda90d7e,fcaf7a547cb762b9a9b4,1a9315e454cce5caffe5,aa7252a58f41161c17c3,bps_tpb_2024,1,observation_materializes_cell
edge:fa13341c4330e154d122,2e88f2c57508f8944513,1a9315e454cce5caffe5,b132d2fab33291e0733e,bps_webapi,3,observation_materializes_cell
edge:b5841a9a919c96b3a757,eb25e33afebc8647615c,1aa9459367519571483c,7ba29f3a45abe1301651,bps_webapi,4,observation_materializes_cell
edge:09c545b678b6a93923d8,7f087eddf37a8e77e87b,1aa9d5aa3811e85ea2b7,7ba29f3a45abe1301651,bps_webapi,4,observation_materializes_cell
edge:031b49740f2b8355da71,a81a4ff7bcc9cf168a33,1abe633610dd2a394bdc,7ba29f3a45abe1301651,bps_webapi,4,observation_materializes_cell
edge:3b5534636760380216f6,23d82ccd55c0378edc32,1ac423e69addcf198de3,7ba29f3a45abe1301651,bps_webapi,4,observation_materializes_cell
edge:e59da947445d243bfcf3,3409d507f131caab1999,1aea5377a4b258acebcc,7ba29f3a45abe1301651,bps_webapi,4,observation_materializes_cell
edge:a06381eba93986620b67,4567ef2595bc1108cfc6,1aeb2ed378214ccb1d1e,7ba29f3a45abe1301651,bps_webapi,4,observation_materializes_cell
edge:aa9b2c141a8c4b42f3d5,ba0d708a5072d4bc18b3,1aef7d6146ff2e8d8f5e,7ba29f3a45abe1301651,bps_webapi,4,observation_materializes_cell
edge:2e3754e73d737f7e86ec,f6799e5b3f994f0bbc7e,1afa735f3495e3eff233,7ba29f3a45abe1301651,bps_webapi,4,observation_materializes_cell
edge:0d50be2f838c5e09679b,2d33970967aa5eb96878,1b01f4a5614fe13d6139,7ba29f3a45abe1301651,bps_webapi,4,observation_materializes_cell
edge:9aa71d21d619aeae6b6c,300c2a1ce6d9a3c2a83b,1b0a67f4e7eff2ec804b,aa7252a58f41161c17c3,bps_tpb_2024,1,observation_materializes_cell
edge:fca898ea8f97b6cb5371,c405d0decc9f5da75558,1b0a67f4e7eff2ec804b,b132d2fab33291e0733e,bps_webapi,3,observation_materializes_cell
edge:230bdab75a272bf65deb,2db42371841a8c82a1c4,1b0c9d645a33b2b57171,7ba29f3a45abe1301651,bps_webapi,4,observation_materializes_cell
edge:383829ff3c9b31f7b646,2c5253bec74444a17fd5,1b0c9d645a33b2b57171,aa7252a58f41161c17c3,bps_tpb_2024,1,observation_materializes_cell
edge:c1ff712aad39430c7901,15b965fca0fdfced9fde,1b135d3e9483276e0859,aa7252a58f41161c17c3,bps_tpb_2024,1,observation_materializes_cell
edge:dbe38fe76b26d2b062c9,ab4fd5666e7597dd671c,1b135d3e9483276e0859,b132d2fab33291e0733e,bps_webapi,3,observation_materializes_cell
edge:c6ef003193f51ca2402c,0cae8cd25b182a1f9aca,1b1f38e5ada26bb587fb,7ba29f3a45abe1301651,bps_webapi,4,observation_materializes_cell
edge:ed94ba1f657daa200b31,91bd4649eade5ba6e081,1b2b90b31315788c1bcc,7ba29f3a45abe1301651,bps_webapi,4,observation_materializes_cell
edge:570a43e604998c4b4b14,a7a34940fe24c695ba5d,1b3e0a57a4fafdace9cf,aa7252a58f41161c17c3,bps_tpb_2024,1,observation_materializes_cell
edge:76456092c8fd00c386c4,0f37e54a974c171dd82f,1b3e0a57a4fafdace9cf,b132d2fab33291e0733e,bps_webapi,3,observation_materializes_cell
edge:436a1d97f813ba7757c1,e5d2c0025605cb873d81,1b42fe26e55a9ed0d758,7ba29f3a45abe1301651,bps_webapi,4,observation_materializes_cell
edge:f6f3755fd944a966175a,2e3dd86df54f31462e3f,1b4322899261ec6a9099,7ba29f3a45abe1301651,bps_webapi,4,observation_materializes_cell
edge:d76fe9c329b7002a10cb,a0a3ae6a962f06063765,1b48c2c65e775a2a183c,7ba29f3a45abe1301651,bps_webapi,4,observation_materializes_cell
edge:45b36d67400b535c7508,d69f856371419d4c4dec,1b4a3dac883449a513e4,7ba29f3a45abe1301651,bps_webapi,4,observation_materializes_cell
edge:4eb00182f2a80d207286,eb5a5f9fffdffa80160b,1b59feafac35942e8de9,7ba29f3a45abe1301651,bps_webapi,4,observation_materializes_cell
edge:c31685b14819d5bbea4f,ed37fa1443d3d0c36219,1b5a801f736b53b856e1,7ba29f3a45abe1301651,bps_webapi,4,observation_materializes_cell
edge:3a7969d0759445669a6b,6aead95fdfea3c43bf3e,1b60422e31aa48699e05,7ba29f3a45abe1301651,bps_webapi,4,observation_materializes_cell
edge:01249c037ba7f52d73c0,721a9d959a5e1edf9626,1b628b4fe4c4fcc5b78f,aa7252a58f41161c17c3,bps_tpb_2024,1,observation_materializes_cell
edge:78b171da85b05427bbef,4aeb078c0f63b6ff5a4b,1b628b4fe4c4fcc5b78f,b132d2fab33291e0733e,bps_webapi,3,observation_materializes_cell
edge:906b3eec54ba25e3680c,8c8deeaca7014d2f9082,1b69e0a19f087319c123,7ba29f3a45abe1301651,bps_webapi,4,observation_materializes_cell
edge:fb61b3c1436fb7ab0f3a,e303eb1fc86d7abeea07,1b6d701b05a62c5b8866,7ba29f3a45abe1301651,bps_webapi,4,observation_materializes_cell
edge:a8ddacdf6a15a66e8a56,afd5423af00fc471d6c9,1b71058a1c8803730006,7ba29f3a45abe1301651,bps_webapi,4,observation_materializes_cell
edge:630cb261a12135246aea,233b666577d8883be77e,1b8ece5a39d5e7006c5f,7ba29f3a45abe1301651,bps_webapi,4,observation_materializes_cell
edge:dbff3f061e2b2a3c25a6,c217b83c171215fdfb84,1b9a9eaee25c108a264e,7ba29f3a45abe1301651,bps_webapi,4,observation_materializes_cell
edge:d1dd82c241d49ea91929,5abfaf6040e8f33e317a,1b9f58643f0092344258,7ba29f3a45abe1301651,bps_webapi,4,observation_materializes_cell
edge:5544fdc8e5e18759517c,32d4651971b5ee68cec2,1baca9e7daecb926717d,7ba29f3a45abe1301651,bps_webapi,4,observation_materializes_cell
edge:5116ca8625d0facde547,645fb492517962f939c0,1bace738e94771d4a792,7ba29f3a45abe1301651,bps_webapi,4,observation_materializes_cell
edge:9ce7bd14807837a913ed,ae7589579d0726e8700b,1bace738e94771d4a792,aa7252a58f41161c17c3,bps_tpb_2024,1,observation_materializes_cell
edge:143eac03bc6cfe7ed58b,ef0906396f9565e2a1f7,1bcb71ba2b78ead58acd,7ba29f3a45abe1301651,bps_webapi,4,observation_materializes_cell
edge:b75dadf311fa0202ca46,6cbed3a291849c0923fe,1bd24bcfa76869e61dc8,7ba29f3a45abe1301651,bps_webapi,4,observation_materializes_cell
edge:11c07f9c53ea617453f9,3e6ec829cab9b3707149,1be1a409c91deeb13b5b,7ba29f3a45abe1301651,bps_webapi,4,observation_materializes_cell
edge:6081ddddede9d3ed5d53,fc65df26cb4d0ef2f477,1be49409e61dbb448bb8,aa7252a58f41161c17c3,bps_tpb_2024,1,observation_materializes_cell
edge:e75c7cf9b97797722593,b04ed949a5216143ee3d,1be49409e61dbb448bb8,b132d2fab33291e0733e,bps_webapi,3,observation_materializes_cell
edge:387f79f08f903625b495,a68cdca932a3edacacfa,1bea66d3de6a292b45c9,aa7252a58f41161c17c3,bps_tpb_2024,1,observation_materializes_cell
edge:62d1b60aeb4123247866,a1a753907cdebd152a5c,1bea66d3de6a292b45c9,b132d2fab33291e0733e,bps_webapi,3,observation_materializes_cell
edge:73a61e5df56574d5f8bd,8d2b1e5952aa039889e6,1beb9d1add4eb1275cab,7ba29f3a45abe1301651,bps_webapi,4,observation_materializes_cell
edge:fbe934becb767968fc4c,9a6bd5f5102b9b691504,1beb9d1add4eb1275cab,aa7252a58f41161c17c3,bps_tpb_2024,1,observation_materializes_cell
edge:47605245c61e5032f315,95d1a513cc14a9b25822,1bec252f89bd545d62c6,7ba29f3a45abe1301651,bps_webapi,4,observation_materializes_cell
edge:9c4b6ccf38f6d985ac8f,58ef22628c154982a929,1beea5a2555109c9c019,7ba29f3a45abe1301651,bps_webapi,4,observation_materializes_cell
edge:f1a21fd777f24e50d7e6,280789b13993f29e0942,1beea5a2555109c9c019,aa7252a58f41161c17c3,bps_tpb_2024,1,observation_materializes_cell
edge:5e4a04cd1d5f72bfd645,b92944c728c456c1fd41,1c03a76cb6a98f53235d,7ba29f3a45abe1301651,bps_webapi,4,observation_materializes_cell
edge:eb7d64db01163db05a6d,9fcd6d7d4f2e24e56db1,1c03a76cb6a98f53235d,aa7252a58f41161c17c3,bps_tpb_2024,1,observation_materializes_cell
edge:1eef2e7039bfb0d35754,d34f9de33426927b4e28,1c0f77612b6a79de1470,7ba29f3a45abe1301651,bps_webapi,4,observation_materializes_cell
edge:5fbffdd2dc860fda005f,4899023fb23105887e49,1c22d5874c95acfb8a2f,7ba29f3a45abe1301651,bps_webapi,4,observation_materializes_cell
edge:9f64251e5e3a7e117a49,0f2345028af1af3ab9f2,1c22d5874c95acfb8a2f,aa7252a58f41161c17c3,bps_tpb_2024,1,observation_materializes_cell
edge:07379205bb399cdd8234,d3763c0d121857779793,1c24b23a75a67b4038e2,7ba29f3a45abe1301651,bps_webapi,4,observation_materializes_cell
edge:7efe8c41675c90a00019,af60b7627f20617fe267,1c24d9df38c8313b86eb,7ba29f3a45abe1301651,bps_webapi,4,observation_materializes_cell
edge:f5ccfaeeecd31b4daeb3,c2cda3f27423308cd498,1c3580388dc45700533e,7ba29f3a45abe1301651,bps_webapi,4,observation_materializes_cell
edge:d17758a11c03b11c28b7,b44b3c258816cc49f7cc,1c4bdb31844d49d3a2c7,7ba29f3a45abe1301651,bps_webapi,4,observation_materializes_cell
edge:ef7a1261b8fb8012b8c8,b1b7c5d8526d4ef126bb,1c4c78a20ddc12bdd2b8,7ba29f3a45abe1301651,bps_webapi,4,observation_materializes_cell
edge:df507c631297985b4ec9,fd4293e05df956610dcc,1c562ea27dc379b0cb96,7ba29f3a45abe1301651,bps_webapi,4,observation_materializes_cell
edge:c62549b920c69c660652,160c775e0f6690b9c0bc,1c6a17f2082d585958c9,7ba29f3a45abe1301651,bps_webapi,4,observation_materializes_cell
edge:83b945f0795e86470368,767b01d91ca24e09350b,1c6f270be3e3ef57c79d,7ba29f3a45abe1301651,bps_webapi,4,observation_materializes_cell
edge:6ca15f1bf90ef88a17c8,560a87bba61e039b8aee,1c6f270be3e3ef57c79d,aa7252a58f41161c17c3,bps_tpb_2024,1,observation_materializes_cell
edge:54e24a84cc158e545d45,f76b73a403391ef33a90,1c7cf41d37d0283ab686,aa7252a58f41161c17c3,bps_tpb_2024,1,observation_materializes_cell
edge:38ce841e7411954e76bc,e258e9e34312dddfb8f2,1c7cf41d37d0283ab686,b132d2fab33291e0733e,bps_webapi,3,observation_materializes_cell
edge:1d9db3f88365427f76dc,495a20200071d5441e8d,1c869b03fcf0dca322f6,7ba29f3a45abe1301651,bps_webapi,4,observation_materializes_cell
edge:677480f8d18afddf4a3e,c3856dae91ade972b06b,1c8c9ade8e09a1bc8b80,aa7252a58f41161c17c3,bps_tpb_2024,1,observation_materializes_cell
edge:6dd1a831ab00a767dced,406d78fc12636b9d63b2,1c8c9ade8e09a1bc8b80,b132d2fab33291e0733e,bps_webapi,3,observation_materializes_cell
edge:9fb32e4895450e324900,cdb0fcdf2c2863149024,1c91c2de0abea157b1a7,7ba29f3a45abe1301651,bps_webapi,4,observation_materializes_cell
edge:ea1d98e827db78a1b955,a08c11fd9c8e1828d993,1c9314930284418336b2,7ba29f3a45abe1301651,bps_webapi,4,observation_materializes_cell
edge:0606d9982fe593144bf2,d7003f5ca4ba19ab3fe6,1c9314930284418336b2,aa7252a58f41161c17c3,bps_tpb_2024,1,observation_materializes_cell
edge:cdb6e4d8411947d126aa,304591de89da21e290fd,1c95abf2d3448d1d7c85,7ba29f3a45abe1301651,bps_webapi,4,observation_materializes_cell
edge:0d8e0770b62e4c35b93a,e45b17ffe1383e8f44de,1c95abf2d3448d1d7c85,aa7252a58f41161c17c3,bps_tpb_2024,1,observation_materializes_cell
edge:749dc4828e618bfb4f4c,c926ea0600e1f8dd0644,1caaa6ee54d64aadcbb5,7ba29f3a45abe1301651,bps_webapi,4,observation_materializes_cell
edge:9116868802ee336ffa7c,9a0538b3e5cd991941d3,1caaa6ee54d64aadcbb5,aa7252a58f41161c17c3,bps_tpb_2024,1,observation_materializes_cell
edge:510fade5513e47056999,fe53fe23f82efc29908d,1cad340b89637120bfd6,7ba29f3a45abe1301651,bps_webapi,4,observation_materializes_cell
edge:18e13d815ba9b540165e,60403aff0f6567abc5f8,1cae5af50739a264760a,7ba29f3a45abe1301651,bps_webapi,4,observation_materializes_cell
edge:ef726d614dfc7355dab0,fe59c48b5739ddc7d8a4,1cc12b06ccdb83ad0a39,7ba29f3a45abe1301651,bps_webapi,4,observation_materializes_cell
edge:25c070bc4852b7b9de78,da250d2f552e00911a7d,1cc512867c32b8105903,7ba29f3a45abe1301651,bps_webapi,4,observation_materializes_cell
edge:490d5cf52b8c2a2646ff,b8a68ef4e1c051c2422a,1cd88db2606c1be38644,7ba29f3a45abe1301651,bps_webapi,4,observation_materializes_cell
edge:6f14215eaa919b456b5a,7d1102d8e2e091ec1917,1ce1d9b63a056039399c,7ba29f3a45abe1301651,bps_webapi,4,observation_materializes_cell
edge:c98df0286d4ba8ef7be6,9b646fde18a612d9a15a,1cf09a5eaa272e08d52c,aa7252a58f41161c17c3,bps_tpb_2024,1,observation_materializes_cell
edge:6d98c77bbb8b0459d721,81caa9302c1e425fa798,1cf09a5eaa272e08d52c,b132d2fab33291e0733e,bps_webapi,3,observation_materializes_cell
edge:f0870cd1c00f6d5ca5b1,588492386aa8d6698784,1cfed9576765fab52985,7ba29f3a45abe1301651,bps_webapi,4,observation_materializes_cell
edge:a05a34946b46463ba50b,0ad5eaea492972179898,1cfffdd84a5577918b76,7ba29f3a45abe1301651,bps_webapi,4,observation_materializes_cell
edge:68cd3044bc41bf1fa7d4,93d1ad0be5d025626f25,1d01ffcc6893675a19c1,7ba29f3a45abe1301651,bps_webapi,4,observation_materializes_cell
edge:18643bad814efd0e9f96,a5fd7da3d81919f7f4b2,1d22e5bdf5f6c933f39a,7ba29f3a45abe1301651,bps_webapi,4,observation_materializes_cell
edge:497a1c9c771d2c08217e,e75cf94feb343d1eadf0,1d34d9145f9da690c8c9,aa7252a58f41161c17c3,bps_tpb_2024,1,observation_materializes_cell
edge:555edf5be1a6b58ee2fb,a9975c88e5fb0a8734fd,1d34d9145f9da690c8c9,b132d2fab33291e0733e,bps_webapi,3,observation_materializes_cell
edge:0008cee720290777a2ea,92d7dc6e975115a750de,1d3606f4743d81f83318,7ba29f3a45abe1301651,bps_webapi,4,observation_materializes_cell
edge:2e17de3a84447994d1e9,f7f766a8efebb70578c5,1d3606f4743d81f83318,aa7252a58f41161c17c3,bps_tpb_2024,1,observation_materializes_cell
edge:08db36207470766cebcd,cf95dafcbe5898da621d,1d424b28e3084ded4101,7ba29f3a45abe1301651,bps_webapi,4,observation_materializes_cell
edge:f1952fe3db14a7a76202,9a5fc26562963d6f88de,1d424b28e3084ded4101,aa7252a58f41161c17c3,bps_tpb_2024,1,observation_materializes_cell
edge:8e90100716c8d90d764f,37fae78359437ef76214,1d5913e0979966b83018,7ba29f3a45abe1301651,bps_webapi,4,observation_materializes_cell
edge:38681664c4c7e2726c7a,8d973e14bf75e54531d3,1d5913e0979966b83018,aa7252a58f41161c17c3,bps_tpb_2024,1,observation_materializes_cell
edge:9d027f6cbbad0641826f,c87c6ef04089a21acf9a,1d5c6e61176cfa220193,7ba29f3a45abe1301651,bps_webapi,4,observation_materializes_cell
edge:b354f9afd34c6c5a85d1,f86de1c401f1cc18fe80,1d5d904c42c7530a21b0,7ba29f3a45abe1301651,bps_webapi,4,observation_materializes_cell
edge:95e77618cfc9ca5f9f40,b3f8eec23d23f696f030,1d5f88941e648e795ddb,7ba29f3a45abe1301651,bps_webapi,4,observation_materializes_cell
edge:e54143d620d7aacdc9b5,7b5d5b46f3c5297e9d82,1d5fb25e487c0d33650b,aa7252a58f41161c17c3,bps_tpb_2024,1,observation_materializes_cell
edge:3f4883ffbc15e520dcc1,db52b336bc851a26806f,1d5fb25e487c0d33650b,b132d2fab33291e0733e,bps_webapi,3,observation_materializes_cell
edge:59b6cec8d5d8f94f2959,c16013d95ba93242d5af,1d6a08d9421db9528c66,7ba29f3a45abe1301651,bps_webapi,4,observation_materializes_cell
edge:8fd3afa4e20431aa3c39,0a2b8bb964c0f075ddd6,1d91832d1569a569731f,7ba29f3a45abe1301651,bps_webapi,4,observation_materializes_cell
edge:073975ce27657c6c174d,529276d04fef22e35f2b,1d9a43195841feb55061,7ba29f3a45abe1301651,bps_webapi,4,observation_materializes_cell
edge:eb9708b7947315eec0be,efb6968f3045974e5bf5,1d9a9751f3f4de0d3dae,7ba29f3a45abe1301651,bps_webapi,4,observation_materializes_cell
edge:1a12355f8719ec1332bc,e52ab2a36dbc0d349b95,1d9a9751f3f4de0d3dae,aa7252a58f41161c17c3,bps_tpb_2024,1,observation_materializes_cell
edge:260f6dca8da80350089d,922fb3a518caf5962c0c,1d9b551076549f79c6d7,7ba29f3a45abe1301651,bps_webapi,4,observation_materializes_cell
edge:9519a21260a0a2662133,9a5c9eeb68c00619b660,1da8f2f1816f567e0edc,aa7252a58f41161c17c3,bps_tpb_2024,1,observation_materializes_cell
edge:f1f0e8e34bd987edf013,9e221626237cfcdb6de2,1da8f2f1816f567e0edc,b132d2fab33291e0733e,bps_webapi,3,observation_materializes_cell
edge:711cbcbb2a4bde6c26cf,4be9f6bdde2d00a3b368,1dacccd9965038e6b2fc,7ba29f3a45abe1301651,bps_webapi,4,observation_materializes_cell
edge:8816f8e4266d38b8d1c4,23ddfbf95bc767748a19,1dbd94a665c35efae740,7ba29f3a45abe1301651,bps_webapi,4,observation_materializes_cell
edge:a3933289330a8ca5c8d9,51ab466e65367cd62798,1dc007b6edc6dfc26957,7ba29f3a45abe1301651,bps_webapi,4,observation_materializes_cell
edge:26e517421a3d88debd73,edf1f0b1f471a0dc30d9,1dc007b6edc6dfc26957,aa7252a58f41161c17c3,bps_tpb_2024,1,observation_materializes_cell
edge:f261988a7c9bfd97e26f,1e40970180534fc07955,1dd6fb1c19965867f9fd,7ba29f3a45abe1301651,bps_webapi,4,observation_materializes_cell
edge:27ee28eda17fadeb1d6e,0c9107f16fd6e50a7497,1ddae75cbb2d062794c8,7ba29f3a45abe1301651,bps_webapi,4,observation_materializes_cell
edge:efa2b22ddecb4c8d79a1,aa4b95f7e6c268ef2d42,1df2aa28ba79df1593ac,7ba29f3a45abe1301651,bps_webapi,4,observation_materializes_cell
edge:f117eb5813e5929ea4fd,b8bcb9b4e5ad1f80d07a,1df2aa28ba79df1593ac,aa7252a58f41161c17c3,bps_tpb_2024,1,observation_materializes_cell
edge:ce072f566f97e4dc9c9d,d3ce28df32812e57d660,1e08ea7497a792d927ab,7ba29f3a45abe1301651,bps_webapi,4,observation_materializes_cell
edge:517abb87e725324ebec4,41b4cffd3af9fc4c147c,1e0ab779501b19e8ae41,7ba29f3a45abe1301651,bps_webapi,4,observation_materializes_cell
edge:3d1344d5bccff61f900e,50aa84fffeff5afdbad2,1e1a119464d52d2658d0,7ba29f3a45abe1301651,bps_webapi,4,observation_materializes_cell
edge:02d8b8edcd829a3d817c,10df703ba5d78744fc6b,1e1a119464d52d2658d0,aa7252a58f41161c17c3,bps_tpb_2024,1,observation_materializes_cell
edge:b68058943d798a737550,b2c53c1ae5c4d720b60a,1e204a54dc591f0dc7f6,7ba29f3a45abe1301651,bps_webapi,4,observation_materializes_cell
edge:7255e4568c402db66ade,a9ada0709fb2e1ccd2fc,1e26c209d576949429f2,7ba29f3a45abe1301651,bps_webapi,4,observation_materializes_cell
edge:9a598561220cb6a41fe1,5f66f1dfeab3c6a757e9,1e279376133272ca2184,aa7252a58f41161c17c3,bps_tpb_2024,1,observation_materializes_cell
edge:54ab0257a7af8b732764,5a50b84c7b34173fd662,1e279376133272ca2184,b132d2fab33291e0733e,bps_webapi,3,observation_materializes_cell
edge:7a74269d77d999139d34,ed797076b5b59e8446ff,1e376be6d681d73ceaf5,7ba29f3a45abe1301651,bps_webapi,4,observation_materializes_cell
edge:4e9af0bb9c8a68566b0a,6a6da237c0a9f2d69ab6,1e376be6d681d73ceaf5,aa7252a58f41161c17c3,bps_tpb_2024,1,observation_materializes_cell
edge:3c04bacaff4a43f3ece8,fe852f568ebefb5a3872,1e3b4b6e1e88e8941aed,7ba29f3a45abe1301651,bps_webapi,4,observation_materializes_cell
edge:db32ed1f3d09c783f01b,b72da684b3a8fb43a3a0,1e4331795e87a60ec3f9,7ba29f3a45abe1301651,bps_webapi,4,observation_materializes_cell
edge:e55a87b63bd06ebdf400,93ef09246d3222679a72,1e54765b181681ce24dc,7ba29f3a45abe1301651,bps_webapi,4,observation_materializes_cell
edge:1eb603cadf137bde6402,972a08f9649666ddd25f,1e6892c5f19cf6f165b1,7ba29f3a45abe1301651,bps_webapi,4,observation_materializes_cell
edge:5fdad53818ba5667f594,3f2d4c6275f54aea90c2,1e77bb2524dc1615defc,7ba29f3a45abe1301651,bps_webapi,4,observation_materializes_cell
edge:d0f3e044a5c9e3661a88,4a0774e26a891a86f033,1eac06af4a10191ca4ef,7ba29f3a45abe1301651,bps_webapi,4,observation_materializes_cell
edge:7f6edff6d511a4680135,1f45dae03a50b40fd0c7,1ebb21d9263506d03859,aa7252a58f41161c17c3,bps_tpb_2024,1,observation_materializes_cell
edge:be99b2baf19ccbe3a0fd,89893917c58cac64e88f,1ebb21d9263506d03859,b132d2fab33291e0733e,bps_webapi,3,observation_materializes_cell
edge:df9e13547a1ee40180a6,cde03a37132eea413ff5,1ed024bf652ad2c7aaa5,7ba29f3a45abe1301651,bps_webapi,4,observation_materializes_cell
edge:674dc6c40e1f5c5d1f01,8aa884d76daefd287c3a,1ed60f24da2eef7d81ca,7ba29f3a45abe1301651,bps_webapi,4,observation_materializes_cell
edge:ac480aead7f89d986f88,38aa12db8a1254c82ab4,1edba888e2c21aa52529,7ba29f3a45abe1301651,bps_webapi,4,observation_materializes_cell
edge:a99f624c61c629727681,8ba9887d3d218026c6d6,1ee5c14e81167864c1a3,7ba29f3a45abe1301651,bps_webapi,4,observation_materializes_cell
edge:68cf3c877a2902524e83,cb0729bb2df89da8eee8,1ee5de0b37a14254f03a,7ba29f3a45abe1301651,bps_webapi,4,observation_materializes_cell
edge:e976555fa7578b4cc2ef,5422c79f7aee1fcebb32,1eec7f1bf9ac0949141e,7ba29f3a45abe1301651,bps_webapi,4,observation_materializes_cell
edge:edd4e9c55875c119b3fb,900e25c0341b1302fe6b,1ef7068b631425ce39a5,7ba29f3a45abe1301651,bps_webapi,4,observation_materializes_cell
edge:c8a9892c5268f0852da1,95058327541d9859470f,1f0266628fd83effa939,7ba29f3a45abe1301651,bps_webapi,4,observation_materializes_cell
edge:c14cd5fd95486ed548b9,a98622b033614ab17ecd,1f07d966d991abcdcbe1,7ba29f3a45abe1301651,bps_webapi,4,observation_materializes_cell
edge:f2a413e89d07ad8c24e6,458850adcd69c3b56204,1f0b3430859afbc6724a,7ba29f3a45abe1301651,bps_webapi,4,observation_materializes_cell
edge:0efad9d138ea91d5b66d,69e83a61fca19f7e5fbc,1f15efc67989dfd5f786,aa7252a58f41161c17c3,bps_tpb_2024,1,observation_materializes_cell
edge:79c4a5a1d396395e4008,5b676262b1bd3411f6c0,1f15efc67989dfd5f786,b132d2fab33291e0733e,bps_webapi,3,observation_materializes_cell
edge:72239a80cd968c15acf7,40c563de129bb214b55e,1f2499d4ad68fc04f437,7ba29f3a45abe1301651,bps_webapi,4,observation_materializes_cell
edge:2eff26fc1b6479d8068c,03fa2dacd794c17f39d9,1f5a109479abeacd45c9,7ba29f3a45abe1301651,bps_webapi,4,observation_materializes_cell
edge:2c632aaa6b19dd3d20ae,d49538703ec88af40dd4,1f6ccd24b501cac24eac,7ba29f3a45abe1301651,bps_webapi,4,observation_materializes_cell
edge:5a7d2ecb00abe6316ccb,3433aa3efa58ad5c21b5,1f6ccd24b501cac24eac,aa7252a58f41161c17c3,bps_tpb_2024,1,observation_materializes_cell
edge:2419df2844ac84b3cb06,8eb858dfb74fda29b5ca,1f8f1e5610b40ace1366,7ba29f3a45abe1301651,bps_webapi,4,observation_materializes_cell
edge:37e29cf015331705e636,3dba4d552fb3d5278b08,1fadaf1cd66252f292c2,7ba29f3a45abe1301651,bps_webapi,4,observation_materializes_cell
edge:e19967400644b7d31aeb,866241aeda43bb90e2ad,1fc4da6dd46a4cc6aec9,7ba29f3a45abe1301651,bps_webapi,4,observation_materializes_cell
edge:e7da506d71d2acc32b82,677d860469c46dfc32ca,1fc4da6dd46a4cc6aec9,aa7252a58f41161c17c3,bps_tpb_2024,1,observation_materializes_cell
edge:081496fa29d75f0408fd,f2c1fb257dbb80a92db4,1fd1e8bbf32cc4afc158,7ba29f3a45abe1301651,bps_webapi,4,observation_materializes_cell
edge:57174a1466a47d692971,9dc92f1747b5e84c411e,1fd315d8f382cbe642f4,7ba29f3a45abe1301651,bps_webapi,4,observation_materializes_cell
edge:a3ebf6d2f611b1433fec,de50ba8d8a0dfce5cdc8,1fdde6f9f69abaf1d7eb,aa7252a58f41161c17c3,bps_tpb_2024,1,observation_materializes_cell
edge:025351a5befe89b3f4cc,d1d903840904b00464b5,1fdde6f9f69abaf1d7eb,b132d2fab33291e0733e,bps_webapi,3,observation_materializes_cell
edge:f413c025e50a0f6a7bbc,3cc667a3a0e102744fcc,1fdf995a81525a3d6cb7,7ba29f3a45abe1301651,bps_webapi,4,observation_materializes_cell
edge:2b258e41c73c59a17a39,53be70d03701ce383e78,1febafd317639e9499e8,7ba29f3a45abe1301651,bps_webapi,4,observation_materializes_cell
edge:fe594b6052d8a886d720,d269432068138b0b904d,1febafd317639e9499e8,aa7252a58f41161c17c3,bps_tpb_2024,1,observation_materializes_cell
edge:74e2e523530e584abd7c,c57085113086b36bf97d,1fffb9128b4c9db0812b,7ba29f3a45abe1301651,bps_webapi,4,observation_materializes_cell
edge:9f6ee4cde54f6a10f8bd,32054e2dd54b18cdab9f,2021e443ac74c318590a,7ba29f3a45abe1301651,bps_webapi,4,observation_materializes_cell
edge:0e04d0bea4cf8bde6b2c,9ca25539acadf590ad00,20296c201b5f445e1bd0,aa7252a58f41161c17c3,bps_tpb_2024,1,observation_materializes_cell
edge:e7ce2d9ca0dfec61d762,b263cfcadbcd9bba58d1,20296c201b5f445e1bd0,b132d2fab33291e0733e,bps_webapi,3,observation_materializes_cell
edge:4bd7dcbc0a8d4bbe41fa,c0b8a3e12d5e541d16c2,202dd9d9b198fd053dae,7ba29f3a45abe1301651,bps_webapi,4,observation_materializes_cell
edge:8d2135ec15925eaddd62,31bf7e4610aefcc07f9e,202dd9d9b198fd053dae,aa7252a58f41161c17c3,bps_tpb_2024,1,observation_materializes_cell
edge:9e2c0aa6297299479dec,da1a8b120056fdd5dec6,203aa6ac0bf7a5fa3622,aa7252a58f41161c17c3,bps_tpb_2024,1,observation_materializes_cell
edge:bcd04b54fb2c1b7e0f26,4b2fb2c90a1f6f817738,203aa6ac0bf7a5fa3622,b132d2fab33291e0733e,bps_webapi,3,observation_materializes_cell
edge:836eb375f722775e2447,c8473a24a32277244766,20417c8daf6170135d3a,7ba29f3a45abe1301651,bps_webapi,4,observation_materializes_cell
edge:50bffa0f90f132574d7c,06fc699316f4c67cdcb5,204e826f3e142621489a,7ba29f3a45abe1301651,bps_webapi,4,observation_materializes_cell
edge:c6e0a467c5083d46d68d,6a6dd9d637cfd97bf298,2050391d5e6a6f4bacc3,7ba29f3a45abe1301651,bps_webapi,4,observation_materializes_cell
edge:b4e1a8c1a51c17b362f4,fce2e9717a6c42b70549,206342a5d53c82593205,7ba29f3a45abe1301651,bps_webapi,4,observation_materializes_cell
edge:5c712e329e065ea1a983,c06ab54aea71bd39f9ec,2064a2018f16aad96bcd,7ba29f3a45abe1301651,bps_webapi,4,observation_materializes_cell
edge:c9fc7d2eae38c36dc854,a88acf95c52892e6ede2,2069ca9a03be08d0da38,7ba29f3a45abe1301651,bps_webapi,4,observation_materializes_cell
edge:a46feeb74114cdd7aebd,2be84d0d8e49e1d1b15d,20937a6d28a3a34548b1,7ba29f3a45abe1301651,bps_webapi,4,observation_materializes_cell
edge:c9cf94891ffccd53c9d3,ebd5901b862293f6eb32,20a45836c98212864a4f,7ba29f3a45abe1301651,bps_webapi,4,observation_materializes_cell
edge:73d6fa171efd2aee3754,d5a81d22e21ab99fe84e,20be10a00ecc9fafe0cf,7ba29f3a45abe1301651,bps_webapi,4,observation_materializes_cell
edge:34c50ef0f77cc862cece,bbeb62b152cfbdcaf123,20f2cdfa23e18752dc69,7ba29f3a45abe1301651,bps_webapi,4,observation_materializes_cell
edge:e8d92fcd759be0335ae9,7e01a477e3cc9badd94b,20f2cdfa23e18752dc69,aa7252a58f41161c17c3,bps_tpb_2024,1,observation_materializes_cell
edge:f72bd00bd9716fe16498,5835fefcd210430d4195,20f3f10f7db3bacb9ddf,7ba29f3a45abe1301651,bps_webapi,4,observation_materializes_cell
edge:f30cb71e36ba2186bd4b,44349705e9183219edaf,2107c261a36f22f29607,7ba29f3a45abe1301651,bps_webapi,4,observation_materializes_cell
edge:c6c2bdef24b87bbbc5fa,7dc5d3c58e19217e5582,2107c261a36f22f29607,aa7252a58f41161c17c3,bps_tpb_2024,1,observation_materializes_cell
edge:03f20cd30e9d9d91eaf0,185df89c2f3cd45a9afb,210eda318daf7037bb3a,7ba29f3a45abe1301651,bps_webapi,4,observation_materializes_cell
edge:fa3ac161dd8574d0950d,22155a3dcdf91c21068f,210eda318daf7037bb3a,aa7252a58f41161c17c3,bps_tpb_2024,1,observation_materializes_cell
edge:4e79cc7aa09467cd83e0,3c056806c893d5a125b3,215d7e61a2cd53c6a3c6,7ba29f3a45abe1301651,bps_webapi,4,observation_materializes_cell
edge:47136986cd7f3e3714ee,0a434c2d916f6a64014b,21a262325860b4af0a9e,7ba29f3a45abe1301651,bps_webapi,4,observation_materializes_cell
edge:749cf7b6231be13bb7cd,66898e73654e246897cb,21a3e9913a5747716bd4,7ba29f3a45abe1301651,bps_webapi,4,observation_materializes_cell
edge:728405850a57e837636b,132e533ef7842a644d44,21b4db0da1e26ce6d472,7ba29f3a45abe1301651,bps_webapi,4,observation_materializes_cell
edge:c7eddeef36f91ff695e4,67e656e11b2a40db371e,21bc6001268d23842b2b,7ba29f3a45abe1301651,bps_webapi,4,observation_materializes_cell
edge:706441ceb05104a5678b,ba2be9bc06012347a352,21db728cfa1951d4c7c5,aa7252a58f41161c17c3,bps_tpb_2024,1,observation_materializes_cell
edge:7c24f2351a93f9929e15,8a06b70dcab020d95851,21db728cfa1951d4c7c5,b132d2fab33291e0733e,bps_webapi,3,observation_materializes_cell
edge:61adfd3f88eb37146451,9b855b1411e4313e78a9,21ef515f8f23ba55051b,9ab2011a3892edfac889,bps_tpb_2025,2,observation_materializes_cell
edge:9fc6fa78de59fa92d4d0,d9ee52ee5921e8cb89b6,21f494d90a4a5223e422,7ba29f3a45abe1301651,bps_webapi,4,observation_materializes_cell
edge:7f7fac0ea7b7fdfaa60a,b395915e7ac25c64e417,21f4ddf66f6387dbf30f,aa7252a58f41161c17c3,bps_tpb_2024,1,observation_materializes_cell
edge:9e358ba541d953b5da29,6629ea768dc749f7f821,21f4ddf66f6387dbf30f,b132d2fab33291e0733e,bps_webapi,3,observation_materializes_cell
edge:c6db741e999b9980bf25,9bf56ea81ac0551b501d,21f97e040511ee0bb56a,7ba29f3a45abe1301651,bps_webapi,4,observation_materializes_cell
edge:40a019a9e78d15cbf9aa,5351bc0646b7ce3ed071,21f9c7f482b050f94d0f,7ba29f3a45abe1301651,bps_webapi,4,observation_materializes_cell
edge:b7f9c2d5096819be8a47,7e4a18a923b319b628a0,21f9c7f482b050f94d0f,aa7252a58f41161c17c3,bps_tpb_2024,1,observation_materializes_cell
edge:2d7ca826e70bc090d432,f86334a685f72cf3fefb,21fca398b2dc3c74138c,aa7252a58f41161c17c3,bps_tpb_2024,1,observation_materializes_cell
edge:a39332069068c50fa9e1,1c31ff78365d8467e4ba,21fca398b2dc3c74138c,b132d2fab33291e0733e,bps_webapi,3,observation_materializes_cell
edge:9aaa633ccd56cd9cc274,361898dfe17ba63e5023,2206be452f408757d00a,7ba29f3a45abe1301651,bps_webapi,4,observation_materializes_cell
edge:f47114503aec60f6c9b9,e05da7617ba1c6ef5dcc,220da3740be740ca621f,7ba29f3a45abe1301651,bps_webapi,4,observation_materializes_cell
edge:f7aad144fcd6dbc8220e,be83d7b30b9027d03f87,2221e3274c17fd76390e,7ba29f3a45abe1301651,bps_webapi,4,observation_materializes_cell
edge:f31d1a00fdbb4b8fef66,6aff710fe0f9658d9337,222d22963af35fa01259,7ba29f3a45abe1301651,bps_webapi,4,observation_materializes_cell
edge:8deeb5acee33ff9bacc4,e63589b2d8c132ce615e,2245cdab8e09a2147f69,7ba29f3a45abe1301651,bps_webapi,4,observation_materializes_cell
edge:817976e0f9a81e19f2c8,d8799b5218833d2f57c5,226173667af22e2501e4,7ba29f3a45abe1301651,bps_webapi,4,observation_materializes_cell
edge:30618e35c1a2e695d8c7,49a2daf9f070d378ad0d,226173667af22e2501e4,aa7252a58f41161c17c3,bps_tpb_2024,1,observation_materializes_cell
edge:ccf728c7212b4b11a2c6,59f0b501b13c8b521673,228076eea312369a0325,7ba29f3a45abe1301651,bps_webapi,4,observation_materializes_cell
edge:f0118a2d25c5d7044875,9a7139cebf5b6809985c,228076eea312369a0325,aa7252a58f41161c17c3,bps_tpb_2024,1,observation_materializes_cell
edge:51151e50f7f4ab520b30,258d05f0ec9d8e53da30,228a339f5487576a2ea3,7ba29f3a45abe1301651,bps_webapi,4,observation_materializes_cell
edge:0c1e8e4e3fdeb1f33553,ffaecccf790f2f0d619d,228e5f4ade0a848d4905,7ba29f3a45abe1301651,bps_webapi,4,observation_materializes_cell
edge:70d8a29fedd5137d66fc,4a37128cdc86537e3a52,22934b4eaf01e2877ba3,aa7252a58f41161c17c3,bps_tpb_2024,1,observation_materializes_cell
edge:74daed3611515944afe7,e6ac6ea3fe872e1ab8c0,22934b4eaf01e2877ba3,b132d2fab33291e0733e,bps_webapi,3,observation_materializes_cell
edge:0d2d1a3ca08aec9f3123,965d8b8573ba24b7fa08,22962906681b1d2bfd18,7ba29f3a45abe1301651,bps_webapi,4,observation_materializes_cell
edge:cfc7ab4b3c04c285b913,a0c05bcbcb9f1c40b3ad,22962906681b1d2bfd18,aa7252a58f41161c17c3,bps_tpb_2024,1,observation_materializes_cell
edge:46b5b834cbeaccea28aa,95dc0b5b75cbc4d0554b,22973dce1478713940c3,7ba29f3a45abe1301651,bps_webapi,4,observation_materializes_cell
edge:fef92175b1e8e349fc0a,c9cf2f5b18b919b1407f,229a184beb59b12956f0,aa7252a58f41161c17c3,bps_tpb_2024,1,observation_materializes_cell
edge:007efba0c04e593e074f,e135aebb2ac1a5628dc5,229a184beb59b12956f0,b132d2fab33291e0733e,bps_webapi,3,observation_materializes_cell
edge:ef3b9bc46fa1bfe1c158,d4537af78bd4c33cebe6,229fd0930e4f648151b2,aa7252a58f41161c17c3,bps_tpb_2024,1,observation_materializes_cell
edge:a391a2c07d04d65ff3d1,ae6f193ca6f70e61a615,229fd0930e4f648151b2,b132d2fab33291e0733e,bps_webapi,3,observation_materializes_cell
edge:6fcbbfe22042a1e28099,af257767f0cc0ce0f275,22a2a9d9cbf2194cfbc9,7ba29f3a45abe1301651,bps_webapi,4,observation_materializes_cell
edge:ec21a04c85a858201cf7,52a33f4444ed563c7983,22b44f09544cda31d7d9,7ba29f3a45abe1301651,bps_webapi,4,observation_materializes_cell
edge:7834a3a6bab761d63891,ef2d219632aec0fdb32b,22c2d3370fc257ddd187,7ba29f3a45abe1301651,bps_webapi,4,observation_materializes_cell
edge:0440136d30546e29e2bc,3add3fb47bf69b21acd0,22c2d3370fc257ddd187,aa7252a58f41161c17c3,bps_tpb_2024,1,observation_materializes_cell
edge:032f3bee84ba65d0b30c,f367aa1dbff11dc6714a,22c4a9c7b7bf90b68ae0,aa7252a58f41161c17c3,bps_tpb_2024,1,observation_materializes_cell
edge:14c9d0e7e8479e2cddca,d50e1c4e4ec19a758e89,22c4a9c7b7bf90b68ae0,b132d2fab33291e0733e,bps_webapi,3,observation_materializes_cell
edge:c4c31d56cad349dff811,2752df5d9c5a8cfe271a,22dd1abfde079f49f137,7ba29f3a45abe1301651,bps_webapi,4,observation_materializes_cell
edge:b19af5671407b7bd946b,7191fe201132caae1179,22dd1abfde079f49f137,aa7252a58f41161c17c3,bps_tpb_2024,1,observation_materializes_cell
edge:4b01dd9a963ba8bd3376,6b51a1d56be887275ce2,22f75eab27923b28a770,7ba29f3a45abe1301651,bps_webapi,4,observation_materializes_cell
edge:a94f7f4a771251ca5f5e,84c2d9d3ade86c95f8fd,230226d47e76e42bec55,7ba29f3a45abe1301651,bps_webapi,4,observation_materializes_cell
edge:3795c87bf02226a9c501,79fc1341b3a77dc77ce5,230226d47e76e42bec55,aa7252a58f41161c17c3,bps_tpb_2024,1,observation_materializes_cell
edge:f0ef9a1f20603b853eb9,2fe013dbad0f6a78f8b6,230c081453718b2a0aef,7ba29f3a45abe1301651,bps_webapi,4,observation_materializes_cell
edge:4e13ee8feed32cb64d3e,a929f95824137fb890bd,230cac9b8adab7f379fa,7ba29f3a45abe1301651,bps_webapi,4,observation_materializes_cell
edge:d34d2f61bcb8ec9a1ca7,d46bc35af9e0cf92c443,230db996ac7ab4420708,7ba29f3a45abe1301651,bps_webapi,4,observation_materializes_cell
edge:23df539c0425327c2270,09b8b89dd04c60f04483,230db996ac7ab4420708,aa7252a58f41161c17c3,bps_tpb_2024,1,observation_materializes_cell
edge:be937948b687a633b4f2,0860194db8d3613848c1,232263d71891e0a6fb18,7ba29f3a45abe1301651,bps_webapi,4,observation_materializes_cell
edge:6af137f09778845d6369,bf4c654e88497c838c74,2331529a166fa07b08b9,7ba29f3a45abe1301651,bps_webapi,4,observation_materializes_cell
edge:e6bc53b319e865edfc29,f60e407b6c319733ee78,23496dc5454b7b10a631,aa7252a58f41161c17c3,bps_tpb_2024,1,observation_materializes_cell
edge:0a3ba5103b046b561b87,1084f7db7db554c54ece,23496dc5454b7b10a631,b132d2fab33291e0733e,bps_webapi,3,observation_materializes_cell
edge:53464fd04133ebb69d73,26de34e055b086fd0dae,2349c0a6466317d98d03,7ba29f3a45abe1301651,bps_webapi,4,observation_materializes_cell
edge:9cbdec5d93fd2ed4a432,f059c048166046ed4cb2,2349c0a6466317d98d03,aa7252a58f41161c17c3,bps_tpb_2024,1,observation_materializes_cell
edge:914eb4e1bbb4c45f3645,dd797059e349e406b6c6,2349e7e567b322aa5bc0,7ba29f3a45abe1301651,bps_webapi,4,observation_materializes_cell
edge:61f99e66edb8c17de2d8,743bb301e32869a103c1,234f1b61c2355ec31a05,aa7252a58f41161c17c3,bps_tpb_2024,1,observation_materializes_cell
edge:5f49ef39453145b728bf,39ed926394a875ca88d1,234f1b61c2355ec31a05,b132d2fab33291e0733e,bps_webapi,3,observation_materializes_cell
edge:75ef7d1a1fc7b0fe7a17,8777bb232e3c624143dc,23578fe79059aa5f160a,7ba29f3a45abe1301651,bps_webapi,4,observation_materializes_cell
edge:a777b412c579d97c8323,e4718331721fc3559e8a,236c87a9c6cecd807637,7ba29f3a45abe1301651,bps_webapi,4,observation_materializes_cell
edge:b4069c7c0a78b46cbe23,a26bc3fc042e2606a61a,23959b47dd282d03d2ae,7ba29f3a45abe1301651,bps_webapi,4,observation_materializes_cell
edge:7c9c480626abcd8ee111,862d19e3ad01931e1551,2395ef813637baee1cf7,7ba29f3a45abe1301651,bps_webapi,4,observation_materializes_cell
edge:b8f10ab9ad53fa6bcb44,ad5918d4ee73e4ca1f79,23970e32ba3dc25cb9d0,7ba29f3a45abe1301651,bps_webapi,4,observation_materializes_cell
edge:f50421654af69fb648ff,61ed321d2884aea768d2,239a8c3308393cfe005d,7ba29f3a45abe1301651,bps_webapi,4,observation_materializes_cell
edge:acdd97cb3153ef4fbae8,f442137cf385f5397bab,239c7b0a4db6edaf4dd8,7ba29f3a45abe1301651,bps_webapi,4,observation_materializes_cell
edge:3eb0c63682ecd16803c5,f53f0c66573010ccdbdd,23aec360e523f32208f1,aa7252a58f41161c17c3,bps_tpb_2024,1,observation_materializes_cell
edge:03900b518f8950a74bbd,03b99b6426a88556ba59,23aec360e523f32208f1,b132d2fab33291e0733e,bps_webapi,3,observation_materializes_cell
edge:493ece5a01ff028954fd,1c85c665d201f8e455de,23c10b8413661ca22c22,7ba29f3a45abe1301651,bps_webapi,4,observation_materializes_cell
edge:d89a28104fff0110072e,0fb03ce665d8ae1e85a8,23ce9d399c7c84e72ec8,aa7252a58f41161c17c3,bps_tpb_2024,1,observation_materializes_cell
edge:0ba3abe7bd3fdb8c23c6,95e4989208e3a9e57721,23ce9d399c7c84e72ec8,b132d2fab33291e0733e,bps_webapi,3,observation_materializes_cell
edge:9166f66cf41bc6ccd548,58e9dbbecd4931f5ccf1,23e0bb03ad0be1e102db,7ba29f3a45abe1301651,bps_webapi,4,observation_materializes_cell
edge:2428be665606df1162c3,7fab79828b61e21e563a,23fe6f86ff576b73549f,7ba29f3a45abe1301651,bps_webapi,4,observation_materializes_cell
edge:f615ec3258c137818e14,c6c348f5b0a0e15c10e2,240537d94bf3a7fe62b3,7ba29f3a45abe1301651,bps_webapi,4,observation_materializes_cell
edge:01c3a96a7cccfcd5e6eb,2a6239882bbc088a613e,240ec4c5368576e1630c,7ba29f3a45abe1301651,bps_webapi,4,observation_materializes_cell
edge:edc8c13624e4ad4d614a,e9912e0ae11c8e8284c3,24149a2ab56f6219b43a,7ba29f3a45abe1301651,bps_webapi,4,observation_materializes_cell
edge:d46b023c6fd6f585d852,f0ecb5eb7a79f5c0b131,24149a2ab56f6219b43a,aa7252a58f41161c17c3,bps_tpb_2024,1,observation_materializes_cell
edge:db7e774207ad8cac4405,34b497713614de75d9d3,2417819e7bca68ff311a,7ba29f3a45abe1301651,bps_webapi,4,observation_materializes_cell
edge:2fe25d9d08103559f9c5,7ed0a07bfe59094d2818,243655a4ab040ac6dad4,7ba29f3a45abe1301651,bps_webapi,4,observation_materializes_cell
edge:50c97870682b43ca07c9,ffbd203f8fbe0c0a4471,24501bb35a71780c4934,7ba29f3a45abe1301651,bps_webapi,4,observation_materializes_cell
edge:cf4fbf78948d8efad985,b6ddf197eb9b5bd0f0f4,24501bb35a71780c4934,aa7252a58f41161c17c3,bps_tpb_2024,1,observation_materializes_cell
edge:50df1552b8b1c2733705,99705cf519cf2433dfe7,246cb82c25d8f081e0cd,aa7252a58f41161c17c3,bps_tpb_2024,1,observation_materializes_cell
edge:bd6e356ef5fe974d2f4a,0c459228b74f600a0153,246cb82c25d8f081e0cd,b132d2fab33291e0733e,bps_webapi,3,observation_materializes_cell
edge:060dd1560c19e0dc3023,f4bf07b65871501d4889,247287ccff85b8517745,7ba29f3a45abe1301651,bps_webapi,4,observation_materializes_cell
edge:1e88e910e97d082b056c,22cdd4ede410b7bf0863,247287ccff85b8517745,9ab2011a3892edfac889,bps_tpb_2025,2,observation_materializes_cell
edge:92b60250a8609c86922e,958799789a7204f4aeaf,247287ccff85b8517745,aa7252a58f41161c17c3,bps_tpb_2024,1,observation_materializes_cell
edge:2616f148e08314224953,a72b485b8a5786fcfd40,2475cace0289db44ac13,aa7252a58f41161c17c3,bps_tpb_2024,1,observation_materializes_cell
edge:d412a584c6435a835626,d2be7027bdb3ed3da9c2,2475cace0289db44ac13,b132d2fab33291e0733e,bps_webapi,3,observation_materializes_cell
edge:f9e9e2902f6ddb4a733b,361e746cef4d024ca24a,24785d76424cfd3e8fd3,7ba29f3a45abe1301651,bps_webapi,4,observation_materializes_cell
edge:7b972ab5c5fe9a495045,156dfa2ab9a3dd1ed9d3,247b2100e131692f3486,7ba29f3a45abe1301651,bps_webapi,4,observation_materializes_cell
edge:70aa0f8f61493c304fd4,dbd97e2860eac2ea9cbd,247f611d0ed37132b2d7,7ba29f3a45abe1301651,bps_webapi,4,observation_materializes_cell
edge:e38f545dc756d444d9c4,1d8001b9efcde31a1062,2494d526abfb9743c5ab,7ba29f3a45abe1301651,bps_webapi,4,observation_materializes_cell
edge:971b3198165946fce2e7,e016c13c3872f008f624,24a2f295c1c442bd4e90,7ba29f3a45abe1301651,bps_webapi,4,observation_materializes_cell
edge:b1bc8d49e816f306a242,da1a8f3ea8a965b2472e,24a2f295c1c442bd4e90,aa7252a58f41161c17c3,bps_tpb_2024,1,observation_materializes_cell
edge:1a94e9262c5773b905e5,7175c304d47f57956ea9,24b4683e3fe0fad831c1,7ba29f3a45abe1301651,bps_webapi,4,observation_materializes_cell
edge:638ebcaa973acda01c0e,f734d0543d1a6458a34c,24cec683595cb37d8ca6,7ba29f3a45abe1301651,bps_webapi,4,observation_materializes_cell
edge:d6698cafdb2f9e6bca82,435882b7cc0b27aa91e9,250cecaaef68dcc8f6d9,7ba29f3a45abe1301651,bps_webapi,4,observation_materializes_cell
edge:b01c2a04080a5e6d5a07,fd4f812d4ff070dc6e68,250cecaaef68dcc8f6d9,9ab2011a3892edfac889,bps_tpb_2025,2,observation_materializes_cell
edge:32bb4cceff37aa976378,c7bad309c1603f25092f,250cecaaef68dcc8f6d9,aa7252a58f41161c17c3,bps_tpb_2024,1,observation_materializes_cell
edge:6d6e62a1e017345c6a2f,93b0392d3512beb83d49,251bb9b36df56daf4ae5,7ba29f3a45abe1301651,bps_webapi,4,observation_materializes_cell
edge:083beeded102f9931eb1,ba8fc2bd9f068941f4f4,251db0fe499a63149851,7ba29f3a45abe1301651,bps_webapi,4,observation_materializes_cell
edge:2365161173e227ce59ac,0b64d767be2d3fa49751,251db0fe499a63149851,aa7252a58f41161c17c3,bps_tpb_2024,1,observation_materializes_cell
edge:fe8522f0559b5807706b,639696c8850e6d6d3a06,254b9304097d6f0a2e58,7ba29f3a45abe1301651,bps_webapi,4,observation_materializes_cell
edge:6e903f024f9c216d9b44,1a7e178ab302e4092b3e,2550c3a001671334a67f,7ba29f3a45abe1301651,bps_webapi,4,observation_materializes_cell
edge:82aa3b97eef2d31af8f7,f52c21a97433dd1b2932,256003fca6a80e6903e8,7ba29f3a45abe1301651,bps_webapi,4,observation_materializes_cell
edge:45dde683b132f36d6f00,df90aa5f5a62562d9083,2564dbecffa309ad4cd2,7ba29f3a45abe1301651,bps_webapi,4,observation_materializes_cell
edge:d32bce6f130e64264f75,e75aabb416b1ed462903,2564dbecffa309ad4cd2,aa7252a58f41161c17c3,bps_tpb_2024,1,observation_materializes_cell
edge:fdce812dacb87a7807a8,b9343bcfc3217c078481,256f88f70da52b1bc510,7ba29f3a45abe1301651,bps_webapi,4,observation_materializes_cell
edge:95b31ed859c9b016b996,22666977e345fff839bb,2580cab1686965a1e220,7ba29f3a45abe1301651,bps_webapi,4,observation_materializes_cell
edge:e86a48fafac95de67193,c31e8f25b4af9da6811a,2583e219a76420237fa1,7ba29f3a45abe1301651,bps_webapi,4,observation_materializes_cell
edge:61e672ca2cf02171abc7,80c687abad967d34c1f3,25882287ccae95a925db,7ba29f3a45abe1301651,bps_webapi,4,observation_materializes_cell
edge:d51c1735b7c9e36fc84b,a694d52f43ab75037cee,258cde90e56ee07f4c93,aa7252a58f41161c17c3,bps_tpb_2024,1,observation_materializes_cell
edge:800e34d4e87175705ba4,a6a85b3e6ae78338f06f,258cde90e56ee07f4c93,b132d2fab33291e0733e,bps_webapi,3,observation_materializes_cell
edge:a4300c3eeb5e6e509480,87974349e4cd461babe6,259b489f49e50c50254a,7ba29f3a45abe1301651,bps_webapi,4,observation_materializes_cell
edge:5803b2635d53a0199f0c,eba3f03bfc7ba08879b1,25a8eace33b155bdf30a,7ba29f3a45abe1301651,bps_webapi,4,observation_materializes_cell
edge:55d95e7077bb6861156f,eb5c834a08c41a408de0,25a96954a057cec099ec,aa7252a58f41161c17c3,bps_tpb_2024,1,observation_materializes_cell
edge:9d8fac47e8149e90291f,1706b8075ce43bc43a68,25a96954a057cec099ec,b132d2fab33291e0733e,bps_webapi,3,observation_materializes_cell
edge:d4b226d913b31ea6cb90,8435c210a693274c2733,25aa031e1711e781fb63,aa7252a58f41161c17c3,bps_tpb_2024,1,observation_materializes_cell
edge:792feebcc84a92054ebd,43714f5db9a4bbce7385,25aa031e1711e781fb63,b132d2fab33291e0733e,bps_webapi,3,observation_materializes_cell
edge:b99e4c4166a80f04a3b5,58587d4be757a18debf8,25bfc6e8e77cabf41878,7ba29f3a45abe1301651,bps_webapi,4,observation_materializes_cell
edge:f5f0ecb9a90ae92fed81,6e74b45db298b10e043d,25d029975010f3abf6d0,7ba29f3a45abe1301651,bps_webapi,4,observation_materializes_cell
edge:fbe4fa29a6b34cb86a07,28aad3289d1b636ed522,25d029975010f3abf6d0,aa7252a58f41161c17c3,bps_tpb_2024,1,observation_materializes_cell
edge:51dd2d03369f1e282611,4d2fa8be562cc931987f,25f857f0966aa5348343,7ba29f3a45abe1301651,bps_webapi,4,observation_materializes_cell
edge:e8b477075c3e2a1c770a,c6fcbe00d08685025522,260c9559cf7b6f03823d,7ba29f3a45abe1301651,bps_webapi,4,observation_materializes_cell
edge:40c7d731689d127af097,83c14ee967cc03ba9a34,261bb0944fea53258901,7ba29f3a45abe1301651,bps_webapi,4,observation_materializes_cell
edge:2653987ea9c39367cbc9,ad5e32658b515d713080,26214c6eefa053a703ef,7ba29f3a45abe1301651,bps_webapi,4,observation_materializes_cell
edge:ff3a131e557cf4ccf4b1,6a88d9171644625d12c2,26339d0dbe1b61ffb86e,aa7252a58f41161c17c3,bps_tpb_2024,1,observation_materializes_cell
edge:94db7a6e0bbffefd80e3,13bf8042c561dfbc00e4,26339d0dbe1b61ffb86e,b132d2fab33291e0733e,bps_webapi,3,observation_materializes_cell
edge:56e898108b8422daa209,3fbe626b6c7ff9e0b623,264336a2ef7d5e03f9ba,7ba29f3a45abe1301651,bps_webapi,4,observation_materializes_cell
edge:d2347fc25821a80fabeb,f0f65e5ab812946dcb9d,26463bc5c7a2e7d683cb,7ba29f3a45abe1301651,bps_webapi,4,observation_materializes_cell
edge:2566112af906b9984461,d5d414f0707429efa41c,26463bc5c7a2e7d683cb,aa7252a58f41161c17c3,bps_tpb_2024,1,observation_materializes_cell
edge:a21bd20e2ac699b0d652,a32f95ce32224ea528c2,264d5240636dfdb1720b,7ba29f3a45abe1301651,bps_webapi,4,observation_materializes_cell
edge:ce2ca2168d28bcde3fdd,830c384dd68c9b754a02,26564256f41b2bd31d23,7ba29f3a45abe1301651,bps_webapi,4,observation_materializes_cell
edge:a0842e6723b89a2b2373,43ae21253fa353f669c1,26574f1083b6abdaedff,7ba29f3a45abe1301651,bps_webapi,4,observation_materializes_cell
edge:e93bbefb7ee236373177,8a9abe1a9c528505f097,2659f76c30d1909ebffb,aa7252a58f41161c17c3,bps_tpb_2024,1,observation_materializes_cell
edge:51fbef08e4ae6f2a8b99,e109013648f5a2045734,2659f76c30d1909ebffb,b132d2fab33291e0733e,bps_webapi,3,observation_materializes_cell
edge:f6bcb890454295398d7f,880d0589789cf7d65d54,2668a3936937d6d951a2,7ba29f3a45abe1301651,bps_webapi,4,observation_materializes_cell
edge:125ae3f896c3b0d24284,cc5d5836402fb5d460af,266a65eac42edd1fa601,7ba29f3a45abe1301651,bps_webapi,4,observation_materializes_cell
edge:c21de03f6994d260731e,e5c493d1cbb5b589daac,266b159f17c2faa71a43,7ba29f3a45abe1301651,bps_webapi,4,observation_materializes_cell
edge:c2accd86b7ee4fbfe6f8,8e3ce11774f17aae687a,2672407d53949f554d18,7ba29f3a45abe1301651,bps_webapi,4,observation_materializes_cell
edge:46614fa23dcb8c4c8d43,3d717a40d9098bc2c1e7,2689a9772cbc5d5040e0,7ba29f3a45abe1301651,bps_webapi,4,observation_materializes_cell
edge:1b8806999c985bd2a534,711f2d935f24eabcd76f,26a7a50e882038355525,7ba29f3a45abe1301651,bps_webapi,4,observation_materializes_cell
edge:603a7325c3387fa33405,1f367a10315aac0adcb2,26a9afbb06751e495875,7ba29f3a45abe1301651,bps_webapi,4,observation_materializes_cell
edge:7f3b1f61540218005581,ab350b959c993488ad97,26c7b68a33d8d430ae3a,7ba29f3a45abe1301651,bps_webapi,4,observation_materializes_cell
edge:47d20969ade8f25f3535,7dcce5e6ed6f7998a7bc,26fc6d044c022c80bc36,7ba29f3a45abe1301651,bps_webapi,4,observation_materializes_cell
edge:bdb909ff606288e398d3,864f6c61e48ddbeae8a2,26fc6d044c022c80bc36,aa7252a58f41161c17c3,bps_tpb_2024,1,observation_materializes_cell
edge:f853093528f9da612630,d2e66ee158ababf3f49f,26fcfc22b13fc46ffc84,aa7252a58f41161c17c3,bps_tpb_2024,1,observation_materializes_cell
edge:f5ba515ea75b34be5070,4b6fee46621c8fb87d9a,26fcfc22b13fc46ffc84,b132d2fab33291e0733e,bps_webapi,3,observation_materializes_cell
edge:009eba0a96ca807df37e,d5c34dfb374c7fd93558,26ffc75fab03f05871e2,7ba29f3a45abe1301651,bps_webapi,4,observation_materializes_cell
edge:fd8725b59ddf7527dcd1,1f5aba5be8c488747ee4,27071de4de578d2a053d,7ba29f3a45abe1301651,bps_webapi,4,observation_materializes_cell
edge:4a1a0b71df632f793bd4,6df4e671ec5c591924ad,271ccd6d10d43e8e522a,7ba29f3a45abe1301651,bps_webapi,4,observation_materializes_cell
edge:c91ec5283494801b4441,993009102b1140114e95,2729a6bd86a6a0a8c33d,7ba29f3a45abe1301651,bps_webapi,4,observation_materializes_cell
edge:81e702611549ad5df69f,ae8324df5b8d3536ce1d,272d46d8e3c238fb6d57,7ba29f3a45abe1301651,bps_webapi,4,observation_materializes_cell
edge:e5225f872da0d0f0e22a,f946544a7235f423ce18,2737aa88e6ed1cbfb086,7ba29f3a45abe1301651,bps_webapi,4,observation_materializes_cell
edge:bd6e9536cf25d9e61059,d64298fd6cb83a6d51f1,273c55a2e45e78b25d10,7ba29f3a45abe1301651,bps_webapi,4,observation_materializes_cell
edge:18784248282911cab899,8f1ba468a40d9934bdfc,273c55a2e45e78b25d10,aa7252a58f41161c17c3,bps_tpb_2024,1,observation_materializes_cell
edge:9fa0ce512311165594ec,4134e6c77970d9073b84,27461d106f70a6884a0e,7ba29f3a45abe1301651,bps_webapi,4,observation_materializes_cell
edge:ccc6618cc649fc873e11,b2acb18637d920513675,275041347fec60ecf61d,7ba29f3a45abe1301651,bps_webapi,4,observation_materializes_cell
edge:53471d1b0e28437e4238,492a57d07fe676abcb15,275602d2e6ea6dd45a9e,7ba29f3a45abe1301651,bps_webapi,4,observation_materializes_cell
edge:fe21b814f478e161d3a8,b8543d5e4e38d0c2a079,27666a247142b468c680,7ba29f3a45abe1301651,bps_webapi,4,observation_materializes_cell
edge:544fb2af5073f5276b78,bcbb8324cc9f9f0fe726,278741a55ad2c332a6d4,7ba29f3a45abe1301651,bps_webapi,4,observation_materializes_cell
edge:eb31ca56393be5a1838b,809cc3ce86b496b5716d,2793cc8b15922104bf84,7ba29f3a45abe1301651,bps_webapi,4,observation_materializes_cell
edge:f5424a32ff2a33494083,5c8530138cd1896b9c5b,2797de3ee7cc6e3d6994,7ba29f3a45abe1301651,bps_webapi,4,observation_materializes_cell
edge:762926f7f28c85a518d5,f6de08e9be172035e03a,27a78554e6d4b239759a,7ba29f3a45abe1301651,bps_webapi,4,observation_materializes_cell
edge:3489d27b946a0d8b837c,31b8dab6abef72a5a947,27aa3ae24a5dab0440ea,7ba29f3a45abe1301651,bps_webapi,4,observation_materializes_cell
edge:cb27bff955583de7a642,63acd8bdad970cd76acf,27bb02007fa8898a00d5,7ba29f3a45abe1301651,bps_webapi,4,observation_materializes_cell
edge:34e01238defa99ce1a01,5ade8cb4145bf3d22fed,27c1a50c49dd9b4c67f7,7ba29f3a45abe1301651,bps_webapi,4,observation_materializes_cell
edge:984b0ebca6a2a7f9b4e6,70f3ce6481bc7717260b,27e051cb195f7371c3aa,7ba29f3a45abe1301651,bps_webapi,4,observation_materializes_cell
edge:662746386a38415f9069,b5ee7926e19ad748c701,27e68dadba8a4b4e29fc,7ba29f3a45abe1301651,bps_webapi,4,observation_materializes_cell
edge:4969bb07ce0ddfa4df52,936b8bf001848b055a26,27f72e3e41a20d8ae8db,7ba29f3a45abe1301651,bps_webapi,4,observation_materializes_cell
edge:660bfc5bdc939d6eae1f,47f3200a9cb58428f3e7,2801858105af16a07827,7ba29f3a45abe1301651,bps_webapi,4,observation_materializes_cell
edge:980fd451da6723942177,35b03a6cbf6e40209a45,2806b8bfbea2e336121b,7ba29f3a45abe1301651,bps_webapi,4,observation_materializes_cell
edge:be2bd15799aa439e2b57,381e3f683d5c7083a9b1,280b94fefa0cf37e2bb4,7ba29f3a45abe1301651,bps_webapi,4,observation_materializes_cell
edge:b3ad2919d2c5da17c141,f751acd80df98dcfb820,280dcc2513d4c1fe8653,aa7252a58f41161c17c3,bps_tpb_2024,1,observation_materializes_cell
edge:fcd627b8e839bea0c9f8,8bbd16cabc011dca229f,280dcc2513d4c1fe8653,b132d2fab33291e0733e,bps_webapi,3,observation_materializes_cell
edge:c7a54db0ba9341e3aebd,5559210e868306e8a97d,28189b2b9feb3fc48c5a,7ba29f3a45abe1301651,bps_webapi,4,observation_materializes_cell
edge:27e867474ea81efa2f72,87ae589072c135944c6c,28237631ebefacafe089,7ba29f3a45abe1301651,bps_webapi,4,observation_materializes_cell
edge:2a71beab77b6987cf42d,ad0821a4369fc1de6d6b,28269306285af8d60067,7ba29f3a45abe1301651,bps_webapi,4,observation_materializes_cell
edge:9de00db7e47785c0b024,e25b2a10fa98c026c57e,282749cd3ef1b4c7ae44,7ba29f3a45abe1301651,bps_webapi,4,observation_materializes_cell
edge:5ec4826acbdb16023a11,799448079ff681be15d3,282f75add5f07568cc9f,7ba29f3a45abe1301651,bps_webapi,4,observation_materializes_cell
edge:631e2311965e2a656944,0b13255bf26457eb1bfc,2859fbe04da6c81ff345,7ba29f3a45abe1301651,bps_webapi,4,observation_materializes_cell
edge:46f136b343fda1c39734,f036729d487ad9d33994,285ab354ac1ba99e3684,7ba29f3a45abe1301651,bps_webapi,4,observation_materializes_cell
edge:f04a188c64b85768681f,fd46eae1d776d6e5645e,287121d682c91b34d3f7,7ba29f3a45abe1301651,bps_webapi,4,observation_materializes_cell
edge:fc998205839c5b520f0e,37f8059f9d305cc8493d,28853bd6a31983b6d175,7ba29f3a45abe1301651,bps_webapi,4,observation_materializes_cell
edge:08ec1a4489ae99d2cc83,aa5f7e061106ea23cce3,288b74fb11655b51349b,7ba29f3a45abe1301651,bps_webapi,4,observation_materializes_cell
edge:5a1aa155ff1990f9ebcf,ab2e8eac94d60b0458ac,288b74fb11655b51349b,aa7252a58f41161c17c3,bps_tpb_2024,1,observation_materializes_cell
edge:78ce19df979abf3077e9,81c15a2eac801b2698d0,288e9db32de6c0c24f69,7ba29f3a45abe1301651,bps_webapi,4,observation_materializes_cell
edge:60602538abe37954b0bc,ba3715e3488c7d2fe940,288e9db32de6c0c24f69,aa7252a58f41161c17c3,bps_tpb_2024,1,observation_materializes_cell
edge:d3129b1f80580ce79e78,c58776a1d6aa865a2e72,289173ebe096ef300f6a,7ba29f3a45abe1301651,bps_webapi,4,observation_materializes_cell
edge:be460efec6968e86a705,ddb3cdf3acf047fd214f,28b31469eb713cc348ac,7ba29f3a45abe1301651,bps_webapi,4,observation_materializes_cell
edge:8af266da4470bcf49587,dd85f07525e1e6e44a86,28b9f81812d558152d13,7ba29f3a45abe1301651,bps_webapi,4,observation_materializes_cell
edge:58b8e349a6193d793fc1,a950bbe83be94a0b7b72,28bfa9bee1064090ecc2,7ba29f3a45abe1301651,bps_webapi,4,observation_materializes_cell
edge:966dd54e367f4b2e46bf,55f002397dd6f5536b6e,28c473024808e2dbfde6,7ba29f3a45abe1301651,bps_webapi,4,observation_materializes_cell
edge:651bb8f7506885e62dfd,a3da3388fd525e231025,28d7bd60e0b52a46eeb4,7ba29f3a45abe1301651,bps_webapi,4,observation_materializes_cell
edge:f9438b0fe46ce76870a0,8a92a9c2abfa763cb244,28de19a42bf4eca49101,7ba29f3a45abe1301651,bps_webapi,4,observation_materializes_cell
edge:15adf86b8b2978125a9e,10ada528b846fc51150d,28eba72872194fbb1910,7ba29f3a45abe1301651,bps_webapi,4,observation_materializes_cell
edge:667bcd261928f934394f,6f20239db2f8f1b1536a,28f89cb3ddf337225faa,7ba29f3a45abe1301651,bps_webapi,4,observation_materializes_cell
edge:74762a327099b2229760,eb5b31e78f470e077631,2908d7b05fdfad51879d,7ba29f3a45abe1301651,bps_webapi,4,observation_materializes_cell
edge:993688f28158aa8ef0f6,f414e573a199ddbbca6f,2923d02ea1ee5dae7a9b,7ba29f3a45abe1301651,bps_webapi,4,observation_materializes_cell
edge:83ae83ba133aa7c71a3a,643f1e42253eb4e79375,29382b57832f198caed3,7ba29f3a45abe1301651,bps_webapi,4,observation_materializes_cell
edge:6257fd4d42e7882083f0,6115f831403a30a1f075,293bc3e6889f4fdad00b,7ba29f3a45abe1301651,bps_webapi,4,observation_materializes_cell
edge:25810fed40813add57a4,f358b61c6aeaa7b16c88,2940f772d842fb6f2923,7ba29f3a45abe1301651,bps_webapi,4,observation_materializes_cell
edge:337598692ad892a32916,1442208c6cee7c5ae3cb,294db3e1da3eebeb34fd,7ba29f3a45abe1301651,bps_webapi,4,observation_materializes_cell
edge:e82c61ff284486c3a8af,ef9c55d32f54a537a26f,295f12570d83cb412899,7ba29f3a45abe1301651,bps_webapi,4,observation_materializes_cell
edge:249694be19e529126063,8d6e45d9404027829d32,295f12570d83cb412899,aa7252a58f41161c17c3,bps_tpb_2024,1,observation_materializes_cell
edge:ebba5fd40ec03136035b,40477f7eb1131a3efda4,297656afbb76fff1c34e,7ba29f3a45abe1301651,bps_webapi,4,observation_materializes_cell
edge:b6e8044ffdb1701fcae0,a38cd7414b39e11705f1,297c1299df6a8967ae55,7ba29f3a45abe1301651,bps_webapi,4,observation_materializes_cell
edge:a41f3d2940fdca92d7a3,88c9943bea2ac9f24bad,29818fdf0dd6f2a306a1,7ba29f3a45abe1301651,bps_webapi,4,observation_materializes_cell
edge:f8971619c94dc3929ee0,a70dc81ce87834533a80,2981a1fc7ab7b81d2138,7ba29f3a45abe1301651,bps_webapi,4,observation_materializes_cell
edge:e11680cbf8298899b03d,d41ec999030ff7029db4,29a71d668bf090251201,7ba29f3a45abe1301651,bps_webapi,4,observation_materializes_cell
edge:3fe06382748d7932f3ed,a095fb243eb2b9e91ea2,29bed9d241edaaf87c06,7ba29f3a45abe1301651,bps_webapi,4,observation_materializes_cell
edge:c09c6ffe2a3eea6a0e5a,7c7fed1784d6c7fb7a3f,29c43c170df0383b5802,7ba29f3a45abe1301651,bps_webapi,4,observation_materializes_cell
edge:bc775f0652f9d8362a00,259548562044d50b9c46,29d829a31588892600c5,7ba29f3a45abe1301651,bps_webapi,4,observation_materializes_cell
edge:ef4bb7422dcc91482fcb,441d9a20a2e9d84141ff,29def54758f8331f9dd7,7ba29f3a45abe1301651,bps_webapi,4,observation_materializes_cell
edge:720ddee19ff9b4df33bf,5d1834fc43098d5d6e08,29def54758f8331f9dd7,aa7252a58f41161c17c3,bps_tpb_2024,1,observation_materializes_cell
edge:6a887fdbc2a8fea212fc,384412e1da956c099130,29e18c26cf1a0b6ab334,aa7252a58f41161c17c3,bps_tpb_2024,1,observation_materializes_cell
edge:b1ecbb81a00d66216979,2d2a4cb96ac94ca98da4,29e18c26cf1a0b6ab334,b132d2fab33291e0733e,bps_webapi,3,observation_materializes_cell
edge:97c619ebf4a0d1eac598,f65f92934b8c204d5da5,29e2a06de90bca7c49f6,7ba29f3a45abe1301651,bps_webapi,4,observation_materializes_cell
edge:4772be6c45c21224f152,512905cead343dbe187a,29e2a06de90bca7c49f6,aa7252a58f41161c17c3,bps_tpb_2024,1,observation_materializes_cell
edge:23ef614bf113f2b14392,dcd7fbf1de5a83a0fc7f,29eb13fe0b14784777d6,7ba29f3a45abe1301651,bps_webapi,4,observation_materializes_cell
edge:9d72a1603205d37587b1,49b8867ba95113bad9fb,2a042b0d9411a116c5d3,aa7252a58f41161c17c3,bps_tpb_2024,1,observation_materializes_cell
edge:88cb9a80e2e93227710d,79189146cf32c48ae053,2a042b0d9411a116c5d3,b132d2fab33291e0733e,bps_webapi,3,observation_materializes_cell
edge:927dab8d1f1193778414,02296ede68714e6e6095,2a103a355582794c715e,7ba29f3a45abe1301651,bps_webapi,4,observation_materializes_cell
edge:7f493f6e37186e4c3c5f,961ca11263ff81933072,2a12ab565a3005902f43,7ba29f3a45abe1301651,bps_webapi,4,observation_materializes_cell
edge:ab275625358071cefca0,7ea11329885a0dc65b98,2a274706de2a690c9e60,7ba29f3a45abe1301651,bps_webapi,4,observation_materializes_cell
edge:bc280f3f9d5ea6ac8ae5,4c90fde8dde5e471dd77,2a274706de2a690c9e60,aa7252a58f41161c17c3,bps_tpb_2024,1,observation_materializes_cell
edge:e82e889d6f25a76bf14d,4d5c62064f44f8f30fa8,2a319a019d437de8a148,7ba29f3a45abe1301651,bps_webapi,4,observation_materializes_cell
edge:9e4743d84737586a5280,c28ef1e4ba54570f354b,2a5031e3c532cb0bdb2c,7ba29f3a45abe1301651,bps_webapi,4,observation_materializes_cell
edge:57a298f085ba90491a12,c4230f1533ca953ff17f,2a6e5c5eca2052ff82ca,7ba29f3a45abe1301651,bps_webapi,4,observation_materializes_cell
edge:921cda00960678313a0c,88fcd538d916aec794c3,2a75b343131ea5e091db,7ba29f3a45abe1301651,bps_webapi,4,observation_materializes_cell
edge:7d1b7cf9e18759be0c0f,7bfa3f6b38d903aae1c6,2a75b343131ea5e091db,aa7252a58f41161c17c3,bps_tpb_2024,1,observation_materializes_cell
edge:15461e808f6b5203bda6,ef047e2a5d1457834e5a,2a75f1ec6de2f7701350,7ba29f3a45abe1301651,bps_webapi,4,observation_materializes_cell
edge:6d486cb847d07629a019,13fabe5a7b63af411c5f,2a75f1ec6de2f7701350,9ab2011a3892edfac889,bps_tpb_2025,2,observation_materializes_cell
edge:1e5cf2095f4139f989ec,34dd6e8221eabaee9df7,2a7ae7827efbb51ea357,aa7252a58f41161c17c3,bps_tpb_2024,1,observation_materializes_cell
edge:42f016053e69b24d4a0b,50b2f4b3926263901a9a,2a7ae7827efbb51ea357,b132d2fab33291e0733e,bps_webapi,3,observation_materializes_cell
edge:d974991e06c636546d7d,499e35da8f39ce2767e1,2a888095549b4f0675bd,7ba29f3a45abe1301651,bps_webapi,4,observation_materializes_cell
edge:e1a318adea1037bd3fcf,20959e91ef1e1e712318,2a9483f9cd9d21967a2a,7ba29f3a45abe1301651,bps_webapi,4,observation_materializes_cell
edge:fea9a63fe3fd4895a82c,ff59c1eee5b7f17127d1,2aa3b06efc2d987dfb59,7ba29f3a45abe1301651,bps_webapi,4,observation_materializes_cell
edge:5a0575c10957532d63a8,6b9f8ad4a52ebf5c4bd8,2ab2c1df05a43d62f058,aa7252a58f41161c17c3,bps_tpb_2024,1,observation_materializes_cell
edge:ce95486c0fc911700a66,2ec30d3bd83efd835fb3,2ab2c1df05a43d62f058,b132d2fab33291e0733e,bps_webapi,3,observation_materializes_cell
edge:5f669a67f6868469a0ef,d3e9f638161ceba7038d,2ab41826781b88725fff,7ba29f3a45abe1301651,bps_webapi,4,observation_materializes_cell
edge:b26963358ad1318e7252,93d95071b63248d77843,2ad6b5b4a8dc38e296df,7ba29f3a45abe1301651,bps_webapi,4,observation_materializes_cell
edge:c45dec8b32896a39f17d,f293c0782f4d870c5113,2ad7c12bb71b56066e44,aa7252a58f41161c17c3,bps_tpb_2024,1,observation_materializes_cell
edge:2f2c4bd353abf85532b7,fd58cfbd19638b7258cc,2ad7c12bb71b56066e44,b132d2fab33291e0733e,bps_webapi,3,observation_materializes_cell
edge:4a29c20ecd32fcbfe90c,afda225d647cebc08d21,2ae00e239b70983fdb49,7ba29f3a45abe1301651,bps_webapi,4,observation_materializes_cell
edge:d67ea5a0797227eb8254,aa52a9e8f1999f452061,2ae00e239b70983fdb49,aa7252a58f41161c17c3,bps_tpb_2024,1,observation_materializes_cell
edge:a4772d3b2562c8158aae,83c83203b93226bc89c9,2aeb53bfd95633661bd1,7ba29f3a45abe1301651,bps_webapi,4,observation_materializes_cell
edge:42b9056adc06d9183f7e,8230d1175f9a3debf1d9,2af914c7247724ddf9de,7ba29f3a45abe1301651,bps_webapi,4,observation_materializes_cell
edge:c8bc85f68c37c611be56,fa6bac359bd3190409fb,2b0adf9a6167f67c0c4e,7ba29f3a45abe1301651,bps_webapi,4,observation_materializes_cell
edge:428006bf2bb631c9e59c,77dc817756c256ec7a8f,2b0adf9a6167f67c0c4e,aa7252a58f41161c17c3,bps_tpb_2024,1,observation_materializes_cell
edge:cc4e8f186c03202ad8f8,d1e9f16dcfbcfd501835,2b150a56f3c84e252ba2,7ba29f3a45abe1301651,bps_webapi,4,observation_materializes_cell
edge:ebe09a394a470e197d9a,e046d7ef7a16df425bcf,2b156dad284a125a41d7,7ba29f3a45abe1301651,bps_webapi,4,observation_materializes_cell
edge:520a953873b9db83dc8c,cf1907f33526c7bba9c6,2b29a2416713288b0abd,7ba29f3a45abe1301651,bps_webapi,4,observation_materializes_cell
edge:5954f02d4dabafa069ed,6bb4fe1b9b0ed6f09730,2b428aa4a80babb7d95d,7ba29f3a45abe1301651,bps_webapi,4,observation_materializes_cell
edge:b462941e9c588ce7e1a6,a3171eaff4aa8c11da6a,2b55662b9786e80f81c8,aa7252a58f41161c17c3,bps_tpb_2024,1,observation_materializes_cell
edge:8f9af32671330cef43be,a0f04199fec2ef2e1741,2b55662b9786e80f81c8,b132d2fab33291e0733e,bps_webapi,3,observation_materializes_cell
edge:9cbda0873689d27f60d5,515bd05829cf84b71f84,2b5ad1e01cd12d65fdde,7ba29f3a45abe1301651,bps_webapi,4,observation_materializes_cell
edge:cb7b7888e58f6bbfee62,5f325940fb00e3392150,2b5ff1105d256393e428,aa7252a58f41161c17c3,bps_tpb_2024,1,observation_materializes_cell
edge:3e3e7a1066abf0b8dbba,0ae2d03bea44ea64fb2c,2b5ff1105d256393e428,b132d2fab33291e0733e,bps_webapi,3,observation_materializes_cell
edge:594bb2d85346c63bcfda,fe70a072e5bb82bc95ba,2b77dc03d6c873e03537,7ba29f3a45abe1301651,bps_webapi,4,observation_materializes_cell
edge:11ba69d1aea0c8703c47,06e74416bf609a30d954,2b7f0dfa03ceee58e7b0,7ba29f3a45abe1301651,bps_webapi,4,observation_materializes_cell
edge:57c233a8a80be5b667b9,6918097ecfb0eaf923dc,2b83575819c70dcbb303,7ba29f3a45abe1301651,bps_webapi,4,observation_materializes_cell
edge:59ed90f153aa04d6efef,dd8b4dbfd285b53640c2,2b8717dc08811272dc12,7ba29f3a45abe1301651,bps_webapi,4,observation_materializes_cell
edge:fd028ce51a878d016660,fadf00ce11521580f17f,2b8717dc08811272dc12,9ab2011a3892edfac889,bps_tpb_2025,2,observation_materializes_cell
edge:aacb854f22bf77407c6d,9dd6efecf77c7e3b389e,2b883b4571408c32d5fa,7ba29f3a45abe1301651,bps_webapi,4,observation_materializes_cell
edge:d77f7e3bc2d40f4a498e,f7f6765c7835ece4fbc6,2b883b4571408c32d5fa,aa7252a58f41161c17c3,bps_tpb_2024,1,observation_materializes_cell
edge:328a1db1d09fdd068812,f1b4a05698b20e3d615a,2b8d587987a01ede0a7f,7ba29f3a45abe1301651,bps_webapi,4,observation_materializes_cell
edge:7df29f11b6c59eb5a82e,104c9a5eccd81af62ecb,2b950963fb9376cbc355,7ba29f3a45abe1301651,bps_webapi,4,observation_materializes_cell
edge:f710c8590c9ebb719df2,384f7621d48eaa6b7707,2b956e85ba6697305799,7ba29f3a45abe1301651,bps_webapi,4,observation_materializes_cell
edge:2fdf77fa43c475d69a7f,d2c478cfe64692caf044,2b9866395666d37f0aef,7ba29f3a45abe1301651,bps_webapi,4,observation_materializes_cell
edge:1a2db6e31f4ba93d7324,495631a450d30658109c,2bb8440b2fd794eafeb4,7ba29f3a45abe1301651,bps_webapi,4,observation_materializes_cell
edge:4896c8b54a5c8ce09f1d,c433f24769e63c3364a2,2bb8440b2fd794eafeb4,aa7252a58f41161c17c3,bps_tpb_2024,1,observation_materializes_cell
edge:59aa582e4745d0de4a80,12970798512ad17a2883,2bceb565f38f66d4c214,aa7252a58f41161c17c3,bps_tpb_2024,1,observation_materializes_cell
edge:1cf26e3205096547ab62,e1f920f6bdcbe242851d,2bceb565f38f66d4c214,b132d2fab33291e0733e,bps_webapi,3,observation_materializes_cell
edge:074045d52daa0fe531e9,4dc4df1e04c79d313348,2be32ae220775b47b065,7ba29f3a45abe1301651,bps_webapi,4,observation_materializes_cell
edge:64dbd7c3145a465952a2,b14fef11754738b8e66b,2be32ae220775b47b065,aa7252a58f41161c17c3,bps_tpb_2024,1,observation_materializes_cell
edge:c64f2b30c0181515588f,80ff07397f8750550d8c,2be7a85fa63e0dd9274d,7ba29f3a45abe1301651,bps_webapi,4,observation_materializes_cell
edge:193e27b27d8b9465cf61,cf6e95c41fb051d98935,2be7f80a4816a62c57dd,7ba29f3a45abe1301651,bps_webapi,4,observation_materializes_cell
edge:e05b11083e4c9c3d6301,71c9bc0933d0448f1e0d,2bf4231a37c67335a1f2,aa7252a58f41161c17c3,bps_tpb_2024,1,observation_materializes_cell
edge:e058501275a01975a764,59f3486c8fac82cdfaac,2bf4231a37c67335a1f2,b132d2fab33291e0733e,bps_webapi,3,observation_materializes_cell
edge:e8dafc49321fc0ab6659,e8e123792e8731b1e89d,2c0496bed2d4a39aa431,7ba29f3a45abe1301651,bps_webapi,4,observation_materializes_cell
edge:cf2b76004aa829bf6913,b62fb297632c041881f5,2c05d98663bf27773ccd,7ba29f3a45abe1301651,bps_webapi,4,observation_materializes_cell
edge:20d4014b0ec03f1cfae0,49d2d7ac858a2949d074,2c13088f5263c30b4298,7ba29f3a45abe1301651,bps_webapi,4,observation_materializes_cell
edge:2f4f5af46dbaeef98f84,34b34976f723819d520f,2c1567c8ea47b693aba8,7ba29f3a45abe1301651,bps_webapi,4,observation_materializes_cell
edge:6d777b42ccbd261ae3df,662329693049591ae984,2c194cea5012daa24687,7ba29f3a45abe1301651,bps_webapi,4,observation_materializes_cell
edge:b7aa1205aa27deae169e,1f3f82f470028de06985,2c32a19cd7bb7f6dc1f3,7ba29f3a45abe1301651,bps_webapi,4,observation_materializes_cell
edge:602c17b31d26a47ce670,ad741453053aa138ac74,2c32a19cd7bb7f6dc1f3,aa7252a58f41161c17c3,bps_tpb_2024,1,observation_materializes_cell
edge:d5376175f18b26d3354f,d24932c28a6b47210830,2c37f01b3c955261f383,7ba29f3a45abe1301651,bps_webapi,4,observation_materializes_cell
edge:34c0ed0fe2946d473fd6,d44d8afc7ffd2b8f95c4,2c47c7118fb7442d8051,7ba29f3a45abe1301651,bps_webapi,4,observation_materializes_cell
edge:7480146c9abf4fc406c2,80028ca4103fbbc6bb96,2c48481814243cc8a7a5,7ba29f3a45abe1301651,bps_webapi,4,observation_materializes_cell
edge:1eaa625369d5f9fbf937,93b35faf3004164a0798,2c48481814243cc8a7a5,aa7252a58f41161c17c3,bps_tpb_2024,1,observation_materializes_cell
edge:0a899a3539d97b245f30,6f741352f07cf9a3a5bc,2c485c64c696db07bd1d,7ba29f3a45abe1301651,bps_webapi,4,observation_materializes_cell
edge:87ebe3f87c841a867beb,cc71148d05bf08e06bbb,2c4a6856d89c666a2180,7ba29f3a45abe1301651,bps_webapi,4,observation_materializes_cell
edge:a2de99d1d51f71b40e63,9736ccc6a42fed548e60,2c5046bca701684bbc02,7ba29f3a45abe1301651,bps_webapi,4,observation_materializes_cell
edge:b867bfddd3f416656a24,ed8bedd337f306932ed5,2c5046bca701684bbc02,aa7252a58f41161c17c3,bps_tpb_2024,1,observation_materializes_cell
edge:c49aefb6924122a464b0,dc4c7e36ccf6cc9a4776,2c577cb3150777528e04,7ba29f3a45abe1301651,bps_webapi,4,observation_materializes_cell
edge:e16a1ace2090e7c7b919,40c0801674ca0b1d24d7,2c7d0499bf8e417bce96,7ba29f3a45abe1301651,bps_webapi,4,observation_materializes_cell
edge:d5ddebe31243f310edc2,5c3c6c3bdb23b451f41f,2ca25935a98aedb773d7,7ba29f3a45abe1301651,bps_webapi,4,observation_materializes_cell
edge:9c069a57b2b9b0973fb9,d3bbbb7b2476e9791c7d,2cafd70ed5877b494cc1,7ba29f3a45abe1301651,bps_webapi,4,observation_materializes_cell
edge:1f4f693de7da8d7fa438,aa78001ef211b6702a78,2cc48fdda30d7a62a9f3,aa7252a58f41161c17c3,bps_tpb_2024,1,observation_materializes_cell
edge:40450325823ec76d4d0b,ea7170909458f88bd585,2cc48fdda30d7a62a9f3,b132d2fab33291e0733e,bps_webapi,3,observation_materializes_cell
edge:98801c8707cb1ca8595f,a96e552922d4dbff26b0,2ccc5f0ac754863cf3e0,7ba29f3a45abe1301651,bps_webapi,4,observation_materializes_cell
edge:d49fdead441911f3eb32,cf6fedba43d2c9bd0d93,2cd274fb61f826965cca,aa7252a58f41161c17c3,bps_tpb_2024,1,observation_materializes_cell
edge:b8fc85074dcd197d2b4e,5ebd60a97f1c407f6725,2cd274fb61f826965cca,b132d2fab33291e0733e,bps_webapi,3,observation_materializes_cell
edge:8bfe3f20e2770bccbe2b,4a7d9051599cbed3a985,2ce331d8e60ac9d0e9a9,7ba29f3a45abe1301651,bps_webapi,4,observation_materializes_cell
edge:e9169899c0daa596ecab,f38763a588eff34b50c9,2cee2cd1234b8d4cb7ea,7ba29f3a45abe1301651,bps_webapi,4,observation_materializes_cell
edge:997c5e937b11e3f1926e,b0b6721e75fb736ab591,2cf1c74ec1b9ef64f595,7ba29f3a45abe1301651,bps_webapi,4,observation_materializes_cell
edge:94f3ff19a7b33c685ea6,a42b94c52b0eb54cb0a3,2cf8a3a753ab734b8a04,7ba29f3a45abe1301651,bps_webapi,4,observation_materializes_cell
edge:d29ea576e1945f0e4284,b83ce3b3e1e4e37553f2,2cffc68d9889c8fa092b,7ba29f3a45abe1301651,bps_webapi,4,observation_materializes_cell
edge:d170e1c732cfd041046f,9945ddaa7f7dbf73ea50,2cffc68d9889c8fa092b,9ab2011a3892edfac889,bps_tpb_2025,2,observation_materializes_cell
edge:1f38140607f9094a1f50,2552e52b9bdc7f925dfa,2cffc68d9889c8fa092b,aa7252a58f41161c17c3,bps_tpb_2024,1,observation_materializes_cell
edge:95a6b4898d0d46ff035b,c40b1330128946b0b881,2d18a03cf263f1bdc9dd,7ba29f3a45abe1301651,bps_webapi,4,observation_materializes_cell
edge:f043154b142a835901d3,ce7d26fff981fd7dc340,2d18a03cf263f1bdc9dd,aa7252a58f41161c17c3,bps_tpb_2024,1,observation_materializes_cell
edge:604f9ef65e9b92af1265,6b2c16c8340f062b25cf,2d1e96d3b9f7e46a491b,7ba29f3a45abe1301651,bps_webapi,4,observation_materializes_cell
edge:c46f838202bed411719e,1aaa7b977b302eb484c2,2d20fde58de7be4b313a,aa7252a58f41161c17c3,bps_tpb_2024,1,observation_materializes_cell
edge:f1b0f295ff839ad16f11,cebc8be1b0b58e288e10,2d20fde58de7be4b313a,b132d2fab33291e0733e,bps_webapi,3,observation_materializes_cell
edge:ef1eb0c2de97119b97f6,57a6afcc2f24da0f038f,2d350461ba890642ee05,aa7252a58f41161c17c3,bps_tpb_2024,1,observation_materializes_cell
edge:4630353f3b48b27d45b2,d3569daa180530d49447,2d350461ba890642ee05,b132d2fab33291e0733e,bps_webapi,3,observation_materializes_cell
edge:071bc4a1789bbeff4a87,af558a4e4e2ef7968b2a,2d4abc51c5cda149d065,7ba29f3a45abe1301651,bps_webapi,4,observation_materializes_cell
edge:cc57ec8d61501afc1753,d6f70b25e7308c6b2b83,2d4e01b976dd992e5ed1,aa7252a58f41161c17c3,bps_tpb_2024,1,observation_materializes_cell
edge:fc09bd8e96fc4ff2c8db,eaf7f20664d0b4482338,2d4e01b976dd992e5ed1,b132d2fab33291e0733e,bps_webapi,3,observation_materializes_cell
edge:edace8ddc7e6b7e6ff4b,9d1a0a4c900384fe9a04,2d6ec30c5cd3b45f08f3,7ba29f3a45abe1301651,bps_webapi,4,observation_materializes_cell
edge:21d61b0805499fdf9365,9a6fc2f3162c9f5d2fb2,2d7e607e3f6d12efbfc1,aa7252a58f41161c17c3,bps_tpb_2024,1,observation_materializes_cell
edge:55cf3f879ae4f0852242,5a96a6a89709f610bb81,2d7e607e3f6d12efbfc1,b132d2fab33291e0733e,bps_webapi,3,observation_materializes_cell
edge:94e93e128d9a49df103a,c164b834b6ed25ebbfe8,2d92b727a1fbb82dd354,7ba29f3a45abe1301651,bps_webapi,4,observation_materializes_cell
edge:f53fe9b4a240a8a13c25,4ab9ac0c86b10b1c4f2c,2db3f5f8a5a66dc8d791,aa7252a58f41161c17c3,bps_tpb_2024,1,observation_materializes_cell
edge:b15f6d2e7ddefca38880,0996da4db0e400338880,2db3f5f8a5a66dc8d791,b132d2fab33291e0733e,bps_webapi,3,observation_materializes_cell
edge:438d0d07bc9979c3c6b6,f6c20f41538777da1b31,2dbe3d5308ed95871cdc,7ba29f3a45abe1301651,bps_webapi,4,observation_materializes_cell
edge:b31e02f20c34ecc26b8e,4389fe86611f4eda8d7d,2dc294571090b5dba22c,aa7252a58f41161c17c3,bps_tpb_2024,1,observation_materializes_cell
edge:b96b787a9b5f774c62c7,f9889bb9bcf4b4ef360d,2dc294571090b5dba22c,b132d2fab33291e0733e,bps_webapi,3,observation_materializes_cell
edge:bad9c5f251686dcc3849,4b056d15cef283d3f4de,2dc76d71e597fc2a16a6,7ba29f3a45abe1301651,bps_webapi,4,observation_materializes_cell
edge:ca5f4daf12a1d459ab4e,6e6cd1d11f85e07eae40,2dca10611da634c49837,7ba29f3a45abe1301651,bps_webapi,4,observation_materializes_cell
edge:393d4c62b459c8335466,7930a0c6e1e90429b21b,2de7510b61bb1f76e67e,7ba29f3a45abe1301651,bps_webapi,4,observation_materializes_cell
edge:3dfa1ee8207d2a81d126,ae9c2be8931bd5ca3d26,2df4103add0f61e524f0,7ba29f3a45abe1301651,bps_webapi,4,observation_materializes_cell
edge:e88da8d0c2bbe3c99b19,0a601cef927627bf8c91,2df65380ebfad77bed89,7ba29f3a45abe1301651,bps_webapi,4,observation_materializes_cell
edge:9de48dcb791cbeb2f631,6bcf43fe5ac1009ee08b,2e22712a8767eb9d6694,aa7252a58f41161c17c3,bps_tpb_2024,1,observation_materializes_cell
edge:648bc25e4db11de88648,8467a949fbe56704ec53,2e22712a8767eb9d6694,b132d2fab33291e0733e,bps_webapi,3,observation_materializes_cell
edge:a6af9ee182ffeda52fcc,9048f6cce1a7244aea0d,2e24aafa01b4460d1235,7ba29f3a45abe1301651,bps_webapi,4,observation_materializes_cell
edge:a11437aa454c95a0c698,36a4d8fbd69d39f13547,2e3505394ccc08a19fcb,7ba29f3a45abe1301651,bps_webapi,4,observation_materializes_cell
edge:4ebd6a9b2a55db21ef20,221779348b4efdf4dc5c,2e3505394ccc08a19fcb,aa7252a58f41161c17c3,bps_tpb_2024,1,observation_materializes_cell
edge:bfb463cdbefc64bc79f8,990914e6069b9176cd18,2e352ef4e655d6adca5b,7ba29f3a45abe1301651,bps_webapi,4,observation_materializes_cell
edge:8785f1be1f81d51fcfcb,b94b3c75b0e682c20f82,2e352ef4e655d6adca5b,aa7252a58f41161c17c3,bps_tpb_2024,1,observation_materializes_cell
edge:665a8f9aa377c86df7a8,457a6da110f403e9ae39,2e3764328e8dba7b2a07,7ba29f3a45abe1301651,bps_webapi,4,observation_materializes_cell
edge:d4196606290c4e4058dd,2eeda7f7fec98c80fa1f,2e3764328e8dba7b2a07,aa7252a58f41161c17c3,bps_tpb_2024,1,observation_materializes_cell
edge:a08ace7e62257a28c532,bc9ca47d001175649a3c,2e501e6e6646671b7f27,7ba29f3a45abe1301651,bps_webapi,4,observation_materializes_cell
edge:fef62f5755b9622982ef,30d646cb3559b630a5a5,2e524c7e1adac804e4e3,7ba29f3a45abe1301651,bps_webapi,4,observation_materializes_cell
edge:75e00b3ea67416bd00b1,b6e29b7ca7813928c79b,2e62467d0c06ec23948e,7ba29f3a45abe1301651,bps_webapi,4,observation_materializes_cell
edge:1f549ad5c507782ca2d5,d358fc58e367a2d70e90,2e70c5959e28c90a3cf3,aa7252a58f41161c17c3,bps_tpb_2024,1,observation_materializes_cell
edge:ce961e06465bb7968da7,d6c844f7ba24c38c534d,2e70c5959e28c90a3cf3,b132d2fab33291e0733e,bps_webapi,3,observation_materializes_cell
edge:08b09f73e0b9718a5750,7da40e02744f0b8f61ac,2e9e388c4f2bd617e75d,7ba29f3a45abe1301651,bps_webapi,4,observation_materializes_cell
edge:ffdbe1deca96d910cbd3,a0d2bd97b871428d8342,2e9e4da774ace8d988ba,7ba29f3a45abe1301651,bps_webapi,4,observation_materializes_cell
edge:edc3768bc2559d75caf8,d2877bf915ebd6935e36,2ea241cae4d917c15ac0,7ba29f3a45abe1301651,bps_webapi,4,observation_materializes_cell
edge:b4f4e170cb71c39ad99f,396ca1abc5bfa0e35ef3,2ea241cae4d917c15ac0,aa7252a58f41161c17c3,bps_tpb_2024,1,observation_materializes_cell
edge:be7ed81a2db1117b8646,29e476ad46e5061bc8ba,2eb0733bf19402b1bd94,7ba29f3a45abe1301651,bps_webapi,4,observation_materializes_cell
edge:8159dbbb43b1dcf1bcc0,f8a9baadb901078fc5d2,2ec6094464792543b474,7ba29f3a45abe1301651,bps_webapi,4,observation_materializes_cell
edge:684772ac3c559b801964,100d9fe25be935b785f7,2ecfa6aec23bc8d04e83,7ba29f3a45abe1301651,bps_webapi,4,observation_materializes_cell
edge:c8eca8cadced8f4beda9,61670c1290abce155277,2eebe2fe365e70d0aee3,7ba29f3a45abe1301651,bps_webapi,4,observation_materializes_cell
edge:f82a6f1f5cf085d7a74c,691a9437b35d83bc8f44,2efb477c865025f09384,aa7252a58f41161c17c3,bps_tpb_2024,1,observation_materializes_cell
edge:b74d8cd38d6df571d1aa,6274f1b4f899942c0f55,2efb477c865025f09384,b132d2fab33291e0733e,bps_webapi,3,observation_materializes_cell
edge:d8fcbc8579936411f76a,aebfc262a90f0a741c19,2f055524a0df64478c50,7ba29f3a45abe1301651,bps_webapi,4,observation_materializes_cell
edge:28cd21e3431e222e165f,5d3c4ce435edd53ef7b9,2f0b9e88b8d68d696507,7ba29f3a45abe1301651,bps_webapi,4,observation_materializes_cell
edge:19e29d51362b1902b815,50c373b5724cd8cdeb2a,2f0b9e88b8d68d696507,aa7252a58f41161c17c3,bps_tpb_2024,1,observation_materializes_cell
edge:aeaf50ebd214bd5702e6,16897e4e37060a47e236,2f1e65819e3a2b78f9d3,7ba29f3a45abe1301651,bps_webapi,4,observation_materializes_cell
edge:1bab79022fe70e797184,c41df55d9698ed91f6da,2f1efc363fc55efb5eb8,7ba29f3a45abe1301651,bps_webapi,4,observation_materializes_cell
edge:da00b74c3785a5d96714,669e2b7bfb578563871c,2f28339144c02d81dbdc,7ba29f3a45abe1301651,bps_webapi,4,observation_materializes_cell
edge:07b9030a5d79eef1fc4c,0391d44a372a134c74a0,2f2b1279a1dfc2fddc69,7ba29f3a45abe1301651,bps_webapi,4,observation_materializes_cell
edge:e660f5bc186b0bb608a8,2d861a78af34e74c8a96,2f304e4371b9761c513a,7ba29f3a45abe1301651,bps_webapi,4,observation_materializes_cell
edge:a0f896cee2411d54515a,71e5535d0d2b6ffa6d0e,2f304e4371b9761c513a,aa7252a58f41161c17c3,bps_tpb_2024,1,observation_materializes_cell
edge:e8be29553c62f32bff32,82ebab9091091188d86a,2f3184e4c6c60a364208,7ba29f3a45abe1301651,bps_webapi,4,observation_materializes_cell
edge:5eec52e1e6ba6614965d,0276b3bfdca9df3cc353,2f31a2d9d81dee77a941,7ba29f3a45abe1301651,bps_webapi,4,observation_materializes_cell
edge:2e92901acfc2f75e693e,576b9b7d7eea577ce299,2f31a2d9d81dee77a941,aa7252a58f41161c17c3,bps_tpb_2024,1,observation_materializes_cell
edge:0cf219d2d07559dcb919,31d9c4807470d2736ad5,2f3779077572c1dca71d,7ba29f3a45abe1301651,bps_webapi,4,observation_materializes_cell
edge:f4273c9d82f3ffc5ef7d,e3736c047eb428f607b3,2f3779077572c1dca71d,aa7252a58f41161c17c3,bps_tpb_2024,1,observation_materializes_cell
edge:68841e12f4e4036c54f8,6b53b5d0fcf8ccddca2f,2f413b46efa4a1d1d05e,7ba29f3a45abe1301651,bps_webapi,4,observation_materializes_cell
edge:4121df8fb17d72977898,2ad62bc7a0ee1c0e8847,2f55fbbb9bc16d73f14e,aa7252a58f41161c17c3,bps_tpb_2024,1,observation_materializes_cell
edge:1e95bdede94cf2b6570d,9b6095915e609371ebad,2f55fbbb9bc16d73f14e,b132d2fab33291e0733e,bps_webapi,3,observation_materializes_cell
edge:35ba9b13cbc84941aa3a,3434e3b6cccb827fb963,2f5bd4f693fcf6199c85,7ba29f3a45abe1301651,bps_webapi,4,observation_materializes_cell
edge:cea83c0262ca62f63689,cb04d41f4923db51905e,2f68ac3e26a27c74eeac,7ba29f3a45abe1301651,bps_webapi,4,observation_materializes_cell
edge:4763a1532e92831c55fc,543f8c852cd0c10a0761,2f74c205f47bfff6e21f,7ba29f3a45abe1301651,bps_webapi,4,observation_materializes_cell
edge:86f5365466eb11587454,ef2977825e9a25da9e8d,2f7e1261c930236d25f7,7ba29f3a45abe1301651,bps_webapi,4,observation_materializes_cell
edge:097fd53a2586ce278e2b,5ba38bca89f26c7776bf,2f7e2a2a64a449a0e8cc,7ba29f3a45abe1301651,bps_webapi,4,observation_materializes_cell
edge:eb535ac2232c7767fd29,58f0d6f6d89046d39eb6,2f800f14b5a70bcb4dfc,7ba29f3a45abe1301651,bps_webapi,4,observation_materializes_cell
edge:d49a76043e17e74b46f1,b0b66e7b08dd0d0ec975,2fa2b03c82db76f4da3d,7ba29f3a45abe1301651,bps_webapi,4,observation_materializes_cell
edge:9e497d10e3a65f1ab71b,06d70654f3326b562303,2fad150696213794a4b5,7ba29f3a45abe1301651,bps_webapi,4,observation_materializes_cell
edge:004822b1715290e63660,86c67300249afc441adf,2fadede01488851985f7,7ba29f3a45abe1301651,bps_webapi,4,observation_materializes_cell
edge:f3e8bc4fece7979ef4c9,eb4c8a1588af45342645,2fb8fcfdc74b4d22c968,7ba29f3a45abe1301651,bps_webapi,4,observation_materializes_cell
edge:2e830d546a3e67ad05e1,ab1225881a1de5b9ae8d,2fc24c3dbaf2feb3e833,7ba29f3a45abe1301651,bps_webapi,4,observation_materializes_cell
edge:c8f3901d2ad121053b3a,fa6a7600ebd5a417bf05,2fc24c3dbaf2feb3e833,aa7252a58f41161c17c3,bps_tpb_2024,1,observation_materializes_cell
edge:98a0ee5f071e9173bc25,b1480c92a8587a006b72,2fdc19dd835672d41539,7ba29f3a45abe1301651,bps_webapi,4,observation_materializes_cell
edge:36ed02c884bc9ed0d2df,c795683806cc85725ecc,2fe72c0dada39f9e5c2e,7ba29f3a45abe1301651,bps_webapi,4,observation_materializes_cell
edge:eeba010e83e30e04f558,e313ce9d73e71eeb074a,2ff84aaa8e4dbae27506,7ba29f3a45abe1301651,bps_webapi,4,observation_materializes_cell
edge:25cfec2085e60e3bf3df,157995991d9139b63836,2ffc8d784887269e71ec,7ba29f3a45abe1301651,bps_webapi,4,observation_materializes_cell
edge:bdcfb6ba52f8c34c5a2d,519518c6eee9aa9d0481,301aab7c600baa20c40a,7ba29f3a45abe1301651,bps_webapi,4,observation_materializes_cell
edge:7b20ba43c3bcb6d1beb6,c0d4dbe8bcb49ec7ac79,3022f04ff2acd54fafb1,7ba29f3a45abe1301651,bps_webapi,4,observation_materializes_cell
edge:ed0a57f693192965b077,ed3755bf0fd0ef4880af,3034b68077c96b68e0d0,aa7252a58f41161c17c3,bps_tpb_2024,1,observation_materializes_cell
edge:f909e1fd75909ac31ce5,61f679465b811165509a,3034b68077c96b68e0d0,b132d2fab33291e0733e,bps_webapi,3,observation_materializes_cell
edge:0a8f12b3e8c2b0d50eeb,99db02556c66a153ad75,3039cb71263295ac912b,7ba29f3a45abe1301651,bps_webapi,4,observation_materializes_cell
edge:da43758351084035ea56,3ab01f6460077a2702df,3051a0684068121bcf53,7ba29f3a45abe1301651,bps_webapi,4,observation_materializes_cell
edge:e5493798cadd615166e5,9a44f5bedac16a32f5b4,30532ab399612db52813,7ba29f3a45abe1301651,bps_webapi,4,observation_materializes_cell
edge:402d5931bb31089c04c8,e9d9da83d283f5a07b8a,30532ab399612db52813,aa7252a58f41161c17c3,bps_tpb_2024,1,observation_materializes_cell
edge:2ee2654a0213da7c8ace,6d61dccb33ca8ee4355c,3055862d7eec11e0d7fe,7ba29f3a45abe1301651,bps_webapi,4,observation_materializes_cell
edge:abae778101ec9c0003d6,b407baf12f28d8be94a9,306ada4a7f97e69e8f17,aa7252a58f41161c17c3,bps_tpb_2024,1,observation_materializes_cell
edge:b7801cf4540ca379c2de,2c796aeb48187d6951ec,306ada4a7f97e69e8f17,b132d2fab33291e0733e,bps_webapi,3,observation_materializes_cell
edge:9de17e46aad947322f12,2c8ffd7976445a91a49e,3079529b22f9828a63de,aa7252a58f41161c17c3,bps_tpb_2024,1,observation_materializes_cell
edge:7ec3a41321e44232f8f0,4f6239a496fa645bf838,3079529b22f9828a63de,b132d2fab33291e0733e,bps_webapi,3,observation_materializes_cell
edge:46b25047e705b926aff8,da188a0b244960938b37,307cca759d9cd93a6140,7ba29f3a45abe1301651,bps_webapi,4,observation_materializes_cell
edge:f69576e880ee60d51b2a,c359beb221c1d4e9387b,3087bf08970908c509ca,7ba29f3a45abe1301651,bps_webapi,4,observation_materializes_cell
edge:a045abf8994b538a183f,72e8553f361951a0c2c8,3087bf08970908c509ca,aa7252a58f41161c17c3,bps_tpb_2024,1,observation_materializes_cell
edge:2968dd166902b74c1c92,310a10e87c371e2e3c09,309a4f98580504ca8f16,7ba29f3a45abe1301651,bps_webapi,4,observation_materializes_cell
edge:3db3ce2afb8512a1cf4c,4470d8356fe861b3a7bb,309b78c81df9ea476d06,7ba29f3a45abe1301651,bps_webapi,4,observation_materializes_cell
edge:9e6fb11e4196af115e9b,647480adcc318776f3cf,309bc845985d26d029f1,7ba29f3a45abe1301651,bps_webapi,4,observation_materializes_cell
edge:42fd76f062460186a186,1c7a841e87009776026c,309ecf1174368b877125,7ba29f3a45abe1301651,bps_webapi,4,observation_materializes_cell
edge:baca361f61f40ee4058d,b1f58721b4a1fa70a1f9,30b0ecf4ea653366abcf,7ba29f3a45abe1301651,bps_webapi,4,observation_materializes_cell
edge:1e63852bfcd705c6e394,ee18a89aac9dd2e7a480,30b146da5712e9169a07,7ba29f3a45abe1301651,bps_webapi,4,observation_materializes_cell
edge:20cb952d3e697a7343be,de737ca618f894fd8153,30bf25f5e329a73b8559,7ba29f3a45abe1301651,bps_webapi,4,observation_materializes_cell
edge:b2ae60f4bd4fce338af5,221861a1aaba349cf26d,30c14896f485389f92f7,aa7252a58f41161c17c3,bps_tpb_2024,1,observation_materializes_cell
edge:b84953dd4e263938d1ea,f140dcd39b7e2cb681a6,30c14896f485389f92f7,b132d2fab33291e0733e,bps_webapi,3,observation_materializes_cell
edge:5113f48359eabd7fcb72,40d2ef80a90f2f2ea329,30cb6e703b401a61cb21,aa7252a58f41161c17c3,bps_tpb_2024,1,observation_materializes_cell
edge:836195de45a307374a43,68c1580c727f58c00d99,30cb6e703b401a61cb21,b132d2fab33291e0733e,bps_webapi,3,observation_materializes_cell
edge:dab2ac9fd262d5cd4593,71dcb29854e18d28a45c,30f76715fa4da3a3ebd9,7ba29f3a45abe1301651,bps_webapi,4,observation_materializes_cell
edge:02542b512cff2107db99,411911018c51abc24780,30f76715fa4da3a3ebd9,aa7252a58f41161c17c3,bps_tpb_2024,1,observation_materializes_cell
edge:38ff67cfcbf1253e4080,e0b6851363c23e22c11e,30fd14992ea9ef1c8de2,7ba29f3a45abe1301651,bps_webapi,4,observation_materializes_cell
edge:a609a1a30c98ecd2a93e,28a514f8541f2f0f9d3d,310d4200b1031884654d,7ba29f3a45abe1301651,bps_webapi,4,observation_materializes_cell
edge:7becdff460910d596c26,869f69ba804752de9181,31120fea079f2a6744dc,aa7252a58f41161c17c3,bps_tpb_2024,1,observation_materializes_cell
edge:d1dc0e405c22f40e7caf,81b5dc8c6624da9b9c74,31120fea079f2a6744dc,b132d2fab33291e0733e,bps_webapi,3,observation_materializes_cell
edge:78b7ee52df29f1d80873,6bce3f33bfd965f5adf4,31134f9176479c03ffab,7ba29f3a45abe1301651,bps_webapi,4,observation_materializes_cell
edge:1c430150c70c0cdde56f,4b800713a0b44cf24fae,312b350bacf06a54b1bb,7ba29f3a45abe1301651,bps_webapi,4,observation_materializes_cell
edge:74a368a3b87f8b1100bc,bef8a39625c6208c9911,312b350bacf06a54b1bb,aa7252a58f41161c17c3,bps_tpb_2024,1,observation_materializes_cell
edge:08e51768ad8f3b2d8658,da48da27f50b7a988e5b,315ebfcebafbb30801fa,7ba29f3a45abe1301651,bps_webapi,4,observation_materializes_cell
edge:894d5be58db0092fa324,d998369ad1bb91f4806a,3175ef5d00e61745a4fa,7ba29f3a45abe1301651,bps_webapi,4,observation_materializes_cell
edge:6b220da5025b8e149ea8,e0dcb755a071dae293fe,318116d375596e903e6d,7ba29f3a45abe1301651,bps_webapi,4,observation_materializes_cell
edge:c810073e68be74a27bd0,106944f517cc39bd6e00,3199c79b3da17bcd29b6,7ba29f3a45abe1301651,bps_webapi,4,observation_materializes_cell
edge:bf6c36b74296a88205f6,61ca05061479f6e229b6,31b128df02b780795e6d,7ba29f3a45abe1301651,bps_webapi,4,observation_materializes_cell
edge:aa54a9a6dec064c8729d,f771585608d41124ea82,31b128df02b780795e6d,aa7252a58f41161c17c3,bps_tpb_2024,1,observation_materializes_cell
edge:3706d63879d89a0fbc3c,5c24f7cd16c43e9ff4c6,31d473aa9ee04142232c,7ba29f3a45abe1301651,bps_webapi,4,observation_materializes_cell
edge:801efb57f910434f3796,bb89bb8a9347e8215f24,31ddf5ac1bcbfbc0b1fc,aa7252a58f41161c17c3,bps_tpb_2024,1,observation_materializes_cell
edge:d4edcc59cbbb08e758b7,3a83c165d533edc453e9,31ddf5ac1bcbfbc0b1fc,b132d2fab33291e0733e,bps_webapi,3,observation_materializes_cell
edge:0f1b5c7c4be298c1b9c8,b54d3ed8aab3d86bb2c7,31ec58dcfffd422ac362,aa7252a58f41161c17c3,bps_tpb_2024,1,observation_materializes_cell
edge:f3b8252d8f964dbdc4e7,f9f54fd293fee94bf145,31ec58dcfffd422ac362,b132d2fab33291e0733e,bps_webapi,3,observation_materializes_cell
edge:ecd4dd9f17013036c362,06979ae40aea0a8b8e16,31fb2b0846186879eeb7,aa7252a58f41161c17c3,bps_tpb_2024,1,observation_materializes_cell
edge:aeda2dfb6a3c2d631193,ee14d2a4070f78402021,31fb2b0846186879eeb7,b132d2fab33291e0733e,bps_webapi,3,observation_materializes_cell
edge:8a6e339aa11e6f0398a4,9ffb24fefb12e2973c95,320077bcca7239007fe2,7ba29f3a45abe1301651,bps_webapi,4,observation_materializes_cell
edge:a02135f2b5ec5478d2bc,d03e2f9053382875b480,320c3fe45ff638fd894e,7ba29f3a45abe1301651,bps_webapi,4,observation_materializes_cell
edge:6c43e0d683bba47e286c,d2ae76ef933d50a063f5,320c3fe45ff638fd894e,aa7252a58f41161c17c3,bps_tpb_2024,1,observation_materializes_cell
edge:3eeb602b6cfab72d84d1,cea82598d526411167b2,32143c2ddfda0f49a3ce,7ba29f3a45abe1301651,bps_webapi,4,observation_materializes_cell
edge:48e33e28fccfa31abb37,ff9929e17b0286575ac5,321a7482a9b860175d35,7ba29f3a45abe1301651,bps_webapi,4,observation_materializes_cell
edge:13c617a9b0b57eaa5c96,4cf309fc98fb0f72571a,321a7482a9b860175d35,aa7252a58f41161c17c3,bps_tpb_2024,1,observation_materializes_cell
edge:d9de7c960f81054f7fb1,7b3fbbaed1862fb00cb5,3220a5221cd06f0d6f65,aa7252a58f41161c17c3,bps_tpb_2024,1,observation_materializes_cell
edge:ba59c9995fbf9dd2d8b2,6a6cadf199bc6de6eede,3220a5221cd06f0d6f65,b132d2fab33291e0733e,bps_webapi,3,observation_materializes_cell
edge:4cb8f3b7720a80e76d81,e424a8dbe81d96fc05c2,3223504f98c57a988821,7ba29f3a45abe1301651,bps_webapi,4,observation_materializes_cell
edge:1c0e9dfe361c0e6bc0bd,e22ed542f3647f37ddbe,3223871f5dca20442796,7ba29f3a45abe1301651,bps_webapi,4,observation_materializes_cell
edge:862ca9602fefd0fde221,ec57305581713638d5e2,322831140c746c7936b2,7ba29f3a45abe1301651,bps_webapi,4,observation_materializes_cell
edge:50b0a7e8a392848d4a72,efc3d61e7cb0630a64eb,323e4a62da028ded6032,7ba29f3a45abe1301651,bps_webapi,4,observation_materializes_cell
edge:4e4c26b9137d80e828d6,6d6596dbadc4007b6d76,324883b0084a8d5a2ab6,aa7252a58f41161c17c3,bps_tpb_2024,1,observation_materializes_cell
edge:474be83384720680c324,c52157ecd8bbdb9c8352,324883b0084a8d5a2ab6,b132d2fab33291e0733e,bps_webapi,3,observation_materializes_cell
edge:31ee65e49910f4af2bef,ab824a4675796ca69eb3,324ec34e5f5a6272ab7d,7ba29f3a45abe1301651,bps_webapi,4,observation_materializes_cell
edge:2aec9f38aef0596c8097,664aadd2f87ec2e115cc,32887d49e5df4b7e569d,7ba29f3a45abe1301651,bps_webapi,4,observation_materializes_cell
edge:470f496b603b225f1615,7a7699145069746ac6aa,32988adb9bc7d5e7f1bd,7ba29f3a45abe1301651,bps_webapi,4,observation_materializes_cell
edge:eebc2a00c5f5ed99c7c3,7a6d4ae56698f198493d,32a09463a5939596f44b,7ba29f3a45abe1301651,bps_webapi,4,observation_materializes_cell
edge:c6a02e67ee40d82c2767,310477c366d6ed20d51b,32a70c7eab1368cdf38c,7ba29f3a45abe1301651,bps_webapi,4,observation_materializes_cell
edge:35b7df751e764bcdc257,8d2252a585b5ecdd1695,32b11dac8dab4e9bd3ab,aa7252a58f41161c17c3,bps_tpb_2024,1,observation_materializes_cell
edge:07d766a1c29a8074d9a6,77e72c6791ce8d6936a7,32b11dac8dab4e9bd3ab,b132d2fab33291e0733e,bps_webapi,3,observation_materializes_cell
edge:cbb83eefac9d420659d3,39ea5cd74db456991c06,32bb2563a71ed7346d8e,7ba29f3a45abe1301651,bps_webapi,4,observation_materializes_cell
edge:5d158e77e8ae9bc84821,a413828da24d3720134b,32c027dcce5b5b320cd1,7ba29f3a45abe1301651,bps_webapi,4,observation_materializes_cell
edge:3ec964a8fef3901a7499,7283c5b2a1e5c16417ea,32c965309614c613fc47,7ba29f3a45abe1301651,bps_webapi,4,observation_materializes_cell
edge:21d401a7f0623105a9fa,94dcd765b06caa9d0a58,32c9c9fa28d8c4ae7b87,7ba29f3a45abe1301651,bps_webapi,4,observation_materializes_cell
edge:eb5f136605368c28525b,63b429f1a6fc889b83c6,32ca4b1dd6c29ec86d75,7ba29f3a45abe1301651,bps_webapi,4,observation_materializes_cell
edge:28b223f28c3e3a0c9f42,b4785bd685b9344ce4a2,32ef028239dd859c8654,7ba29f3a45abe1301651,bps_webapi,4,observation_materializes_cell
edge:bc9a9a622c6d6836f718,3ebb5ef974970128694d,3314ca8cde829da99812,7ba29f3a45abe1301651,bps_webapi,4,observation_materializes_cell
edge:4b8206a588628079bd47,74ba71480b905097ffd8,331e99be37dbf89bd5bc,7ba29f3a45abe1301651,bps_webapi,4,observation_materializes_cell
edge:54529a1178654e871e14,3f791d0119bdd3f89a5d,332371651028e3906eb9,7ba29f3a45abe1301651,bps_webapi,4,observation_materializes_cell
edge:77e2b5bf2a73ff982934,1e9c2b6435b8a620b860,3348e1fd650418403272,7ba29f3a45abe1301651,bps_webapi,4,observation_materializes_cell
edge:0635a58be7949069cb23,d4efd76ef2f41955513a,334bce7c04c7cbc4b186,7ba29f3a45abe1301651,bps_webapi,4,observation_materializes_cell
edge:c6ec523c992c5355d569,e2e9f14a317d8100d0b8,334bce7c04c7cbc4b186,aa7252a58f41161c17c3,bps_tpb_2024,1,observation_materializes_cell
edge:80a63dec86644a8a5d74,8fc1428c2a9bf22bb9b1,3351b643d746dc5beaf5,aa7252a58f41161c17c3,bps_tpb_2024,1,observation_materializes_cell
edge:449ee0492fc464d42135,b8bb0729ea3036c79c8d,3351b643d746dc5beaf5,b132d2fab33291e0733e,bps_webapi,3,observation_materializes_cell
edge:b983437681b48d1f7d53,a9d49e4d0b4b09090450,335bbcd0484f30e43579,7ba29f3a45abe1301651,bps_webapi,4,observation_materializes_cell
edge:523f78420c894bc3d15a,c96f36e4c3c5021c5e43,33878c125119d28506d2,7ba29f3a45abe1301651,bps_webapi,4,observation_materializes_cell
edge:ace4da2331a4cdc4e8ab,490844cce6cabca1234a,33a6e7457ed98d5f2c62,7ba29f3a45abe1301651,bps_webapi,4,observation_materializes_cell
edge:9b80e1bd32eb3bdec33c,8bbe4db8644ef90092c1,33a6e7457ed98d5f2c62,aa7252a58f41161c17c3,bps_tpb_2024,1,observation_materializes_cell
edge:f9db4b733eb03af1d4b5,2ce78d8db5228ff35077,33b29b8f5996e26f4146,7ba29f3a45abe1301651,bps_webapi,4,observation_materializes_cell
edge:50ec7c73a680c64fcbf6,7b418e188ceb42d399af,33bb380ff6fd6fb7ac2f,7ba29f3a45abe1301651,bps_webapi,4,observation_materializes_cell
edge:ea8fb3d2a5730ceed71b,7260303d1fce551a6974,3403c59e0d577899f755,7ba29f3a45abe1301651,bps_webapi,4,observation_materializes_cell
edge:d78dfb15bfa803a1df4a,421dfe1ba83010e14987,340ceb24fa845da69711,7ba29f3a45abe1301651,bps_webapi,4,observation_materializes_cell
edge:94ea2eedad00f61b554e,2314ab227e54a6f618e1,341026adb8a301c20071,7ba29f3a45abe1301651,bps_webapi,4,observation_materializes_cell
edge:cc48893039a1ba05a7e6,aba08576aa28e5542f86,341ab61a5b1f2f49e1fd,7ba29f3a45abe1301651,bps_webapi,4,observation_materializes_cell
edge:0d02381ec60860a205a5,a6a6d3428c87ea7b111a,34261b85988c1f77de97,7ba29f3a45abe1301651,bps_webapi,4,observation_materializes_cell
edge:022f90e526de8a3e11e7,da6f93ab2649b169d9c6,342a43194c5fea0006d9,aa7252a58f41161c17c3,bps_tpb_2024,1,observation_materializes_cell
edge:0269f81678d5aaf135ec,3025f58cc1469aa7adbe,342a43194c5fea0006d9,b132d2fab33291e0733e,bps_webapi,3,observation_materializes_cell
edge:914145f454f5d0f090c6,8b8a31bdb83566e989aa,342da1153e0d434e8866,7ba29f3a45abe1301651,bps_webapi,4,observation_materializes_cell
edge:5d3b4d3d3bd37a1244bc,be1aff9e62ee640d174a,342e79a703c92d3d82b3,7ba29f3a45abe1301651,bps_webapi,4,observation_materializes_cell
edge:181269d254fb24cda88a,bc8058cfbecadf2adef1,342e93be121aac528c87,aa7252a58f41161c17c3,bps_tpb_2024,1,observation_materializes_cell
edge:351e4b12bd94f65cf5cf,1a547ffde0d307968200,342e93be121aac528c87,b132d2fab33291e0733e,bps_webapi,3,observation_materializes_cell
edge:06e428d4c3433d1aff64,36d4bb3e8a7ce40c1b0c,3434ab7e9a09c215ee7b,7ba29f3a45abe1301651,bps_webapi,4,observation_materializes_cell
edge:d3c7d959d64c25afd80e,d38f9bbb236120b60a72,3444568b44a846c2053e,7ba29f3a45abe1301651,bps_webapi,4,observation_materializes_cell
edge:79cd81213c9ec53b9f42,d3d6bfd10a51c09a2e97,34535b1f638990bcbbf1,7ba29f3a45abe1301651,bps_webapi,4,observation_materializes_cell
edge:4f450d98996a8d5f99e1,751a02d7a48b355292c3,34557c7283de509443c9,7ba29f3a45abe1301651,bps_webapi,4,observation_materializes_cell
edge:4d0b84f7e9aa667c15ff,b54143821baea491e29a,34557c7283de509443c9,aa7252a58f41161c17c3,bps_tpb_2024,1,observation_materializes_cell
edge:38938a7319f06bb691c3,c4e1d3261ddeecb098fb,345730594de235564ae7,7ba29f3a45abe1301651,bps_webapi,4,observation_materializes_cell
edge:6bc0f26c87415404cbc9,431128d701dd10cc749c,346321da89666786503a,7ba29f3a45abe1301651,bps_webapi,4,observation_materializes_cell
edge:1fbcd545a72cd6f7d67d,e35bf750a26abccb8e60,346852222993513d8675,7ba29f3a45abe1301651,bps_webapi,4,observation_materializes_cell
edge:23d697ce6e75c2cb6045,64cffa1154298ff8eb4b,347d1b6334fda9d0bb63,7ba29f3a45abe1301651,bps_webapi,4,observation_materializes_cell
edge:b2c8baa0b3ba25ad97bd,252d049a82fb9d90185a,347e50a0d563c8c29aae,7ba29f3a45abe1301651,bps_webapi,4,observation_materializes_cell
edge:ed56bd163dac2a0132b7,be835afad418d8c5c7c1,3483f84234a74602f527,7ba29f3a45abe1301651,bps_webapi,4,observation_materializes_cell
edge:2adc19b6aa0081a5338a,bc2a79bc60dad96c76c0,34949f5284025d512603,7ba29f3a45abe1301651,bps_webapi,4,observation_materializes_cell
edge:3faa5be6e0c870967fd6,7d165e8879515046db0b,34949f5284025d512603,aa7252a58f41161c17c3,bps_tpb_2024,1,observation_materializes_cell
edge:23c2f4c38dc59ae6fb4f,e73babc0eb792f27c467,349723e0e2a51742250d,aa7252a58f41161c17c3,bps_tpb_2024,1,observation_materializes_cell
edge:6fd7e5a4e1c8dc957e5a,2486aec21ec4448420e0,349723e0e2a51742250d,b132d2fab33291e0733e,bps_webapi,3,observation_materializes_cell
edge:4e1ad6060fa692454441,2d0f55aa8eb27a34530e,34a00fb7c7c96786702e,7ba29f3a45abe1301651,bps_webapi,4,observation_materializes_cell
edge:34924f740913e918ca9e,df3a8f8f4767c26b7415,34a4f4c68a2de188d57b,7ba29f3a45abe1301651,bps_webapi,4,observation_materializes_cell
edge:129b5388b9ddca42e3c2,b21b366c77865ba5ec0d,34b3fd34aac031ef0256,7ba29f3a45abe1301651,bps_webapi,4,observation_materializes_cell
edge:a0359499aff3a076480d,4cbaf739b848f3f13664,34bd91690e8e538931f0,7ba29f3a45abe1301651,bps_webapi,4,observation_materializes_cell
edge:b184d523b2272b5f21fb,67ad39a6483e7364d935,34be0c739f203394741f,7ba29f3a45abe1301651,bps_webapi,4,observation_materializes_cell
edge:2fc652fed5e42d48d3f3,cba568e1cd4a9a3ee497,34be78a731cbf618572f,7ba29f3a45abe1301651,bps_webapi,4,observation_materializes_cell
edge:826bd3c2c16609bb937a,ca6d289ddc24108f6470,34ccd5dbfe694b680497,7ba29f3a45abe1301651,bps_webapi,4,observation_materializes_cell
edge:dd6768066c574a0aa108,bed0d0e9feebad89b527,34ccd5dbfe694b680497,aa7252a58f41161c17c3,bps_tpb_2024,1,observation_materializes_cell
edge:e3819bbf85906b14abde,ddce97a8f166d15a98cd,34cdf168deeb7745cb0b,7ba29f3a45abe1301651,bps_webapi,4,observation_materializes_cell
edge:f1102a18c37ec27c37f6,f836cb9d358c410dabdd,34d43a596d315357c7d0,aa7252a58f41161c17c3,bps_tpb_2024,1,observation_materializes_cell
edge:b47d42b80144fd50767c,0f29cc3497b07de77cf7,34d43a596d315357c7d0,b132d2fab33291e0733e,bps_webapi,3,observation_materializes_cell
edge:827dfa0128f18f5ba2f7,923722d9426e3f2c62ae,34db2658b4ec8906ff8a,7ba29f3a45abe1301651,bps_webapi,4,observation_materializes_cell
edge:191a4da5b4cb875b8361,d4838c0c06d388be8366,34ec3b3cb6ec2326ef95,7ba29f3a45abe1301651,bps_webapi,4,observation_materializes_cell
edge:09a0c3bbd9b5ab4ad51b,7a514a62950633f83540,34eed99002779c977876,7ba29f3a45abe1301651,bps_webapi,4,observation_materializes_cell
edge:394fe4b787974f25711f,75ae9c56863e73e70e49,34eed99002779c977876,aa7252a58f41161c17c3,bps_tpb_2024,1,observation_materializes_cell
edge:a32419f8e3337fa86fe9,2fcce32f26704107c100,3503c4689f33bb27402c,7ba29f3a45abe1301651,bps_webapi,4,observation_materializes_cell
edge:db1f554dcf8ee5521a07,e1df902df80144ecb538,350c9f579ebe5c2ee6a7,7ba29f3a45abe1301651,bps_webapi,4,observation_materializes_cell
edge:ada6030736fda24f8063,6b25717883d0f2decbb9,35194c754b84b40b1acd,7ba29f3a45abe1301651,bps_webapi,4,observation_materializes_cell
edge:852570da800bc8c324d7,f7d90f39031f4d84ed92,3529c155a9140e822327,7ba29f3a45abe1301651,bps_webapi,4,observation_materializes_cell
edge:cf3af537ff629361f1da,1afe4b357a6a57e54b67,3534214a811b9b6e8013,7ba29f3a45abe1301651,bps_webapi,4,observation_materializes_cell
edge:4166b3b84d8514d00197,524f925f66bf6ae0a6fc,3534214a811b9b6e8013,aa7252a58f41161c17c3,bps_tpb_2024,1,observation_materializes_cell
edge:4d61a3cb2d20812237c9,066bb533b453805118a7,3547d21cfbe65da23a46,7ba29f3a45abe1301651,bps_webapi,4,observation_materializes_cell
edge:ca364d8b7883631a6506,711d9489675affb85741,354ce0829e1ab84e87d2,7ba29f3a45abe1301651,bps_webapi,4,observation_materializes_cell
edge:f1df1411c333637f8ae0,ff5663308c4e37beaf42,3577fcb93a6745236b55,aa7252a58f41161c17c3,bps_tpb_2024,1,observation_materializes_cell
edge:287a3b734e721f4d7450,35e84ac9d642b96b02de,3577fcb93a6745236b55,b132d2fab33291e0733e,bps_webapi,3,observation_materializes_cell
edge:97f8bba7a07ea93722ab,a438175ef08f469ad9d2,35837460ac7634bf2de0,7ba29f3a45abe1301651,bps_webapi,4,observation_materializes_cell
edge:ab57d1f981c26f1c6f58,7a7a552fcdf15bf72bab,3596159b70b3b9c9d715,7ba29f3a45abe1301651,bps_webapi,4,observation_materializes_cell
edge:26c9af26eb27ffe06b2b,0e9c3c169ca14d26e5de,3596159b70b3b9c9d715,aa7252a58f41161c17c3,bps_tpb_2024,1,observation_materializes_cell
edge:486522d58084b3e63cb5,71d97ef5418d4a6faf9a,35b00646c6d22870ae5f,7ba29f3a45abe1301651,bps_webapi,4,observation_materializes_cell
edge:68b5e5308697cb871c49,bd9ad754ff39ebf8daae,35bb38d626149c0fb482,7ba29f3a45abe1301651,bps_webapi,4,observation_materializes_cell
edge:6968e6967c9bb0fcf988,7e4d21a00cc37960d680,35bd1293c77847f4fd23,7ba29f3a45abe1301651,bps_webapi,4,observation_materializes_cell
edge:ab0c474be86bd6472f50,339d7a67bf94c05ed427,35c8583006389c26b57a,aa7252a58f41161c17c3,bps_tpb_2024,1,observation_materializes_cell
edge:029af8064e8dc400875b,d65b945dcd70d0e41ee5,35c8583006389c26b57a,b132d2fab33291e0733e,bps_webapi,3,observation_materializes_cell
edge:18e73a85192ebf2b95c2,8864ec9a380c00dfa52c,35d0ae0fa8b0117093dd,7ba29f3a45abe1301651,bps_webapi,4,observation_materializes_cell
edge:4ef0d9487be871e44d64,d352a0ca581a98034b91,35d0ae0fa8b0117093dd,aa7252a58f41161c17c3,bps_tpb_2024,1,observation_materializes_cell
edge:dfb34271fc4aa747c173,d54e657381726009a3e9,35dd995c6a3eff579fa7,7ba29f3a45abe1301651,bps_webapi,4,observation_materializes_cell
edge:654a4d9b5ceda2abc356,780342a559fad7c45d4b,35dd995c6a3eff579fa7,aa7252a58f41161c17c3,bps_tpb_2024,1,observation_materializes_cell
edge:fae8944d7b6719813b0f,93da6a8a8ed23ee299ae,35de99d66db884a6fb45,7ba29f3a45abe1301651,bps_webapi,4,observation_materializes_cell
edge:ac05a666be811462498a,62f3296b6e56959fa155,35e1f1b9524bafde328a,7ba29f3a45abe1301651,bps_webapi,4,observation_materializes_cell
edge:ee506dca68de48888890,faf7e89159a0f45e04f2,35ee4bb783229d85e25e,aa7252a58f41161c17c3,bps_tpb_2024,1,observation_materializes_cell
edge:2253f448fab9d19f345a,63d537f37576b3e354d8,35ee4bb783229d85e25e,b132d2fab33291e0733e,bps_webapi,3,observation_materializes_cell
edge:75120893555374329d3f,f9d25d9cfc091979f55b,35f15dbab7eca58c72eb,7ba29f3a45abe1301651,bps_webapi,4,observation_materializes_cell
edge:ca6fe17178a12cdfc562,345560f736793d194b63,35f15dbab7eca58c72eb,aa7252a58f41161c17c3,bps_tpb_2024,1,observation_materializes_cell
edge:3ca986205c4ed117e650,eb4859de4428fb47d17e,35f29f0cd115e5c21a01,7ba29f3a45abe1301651,bps_webapi,4,observation_materializes_cell
edge:6ce3f469a46541b73070,a6690000b18cb85e610a,360b3c8b6183cc31f95c,7ba29f3a45abe1301651,bps_webapi,4,observation_materializes_cell
edge:b72239d4a86ef3d0d08d,2a41c3e203d579ab3850,361211f51e28f49c1685,7ba29f3a45abe1301651,bps_webapi,4,observation_materializes_cell
edge:84d15d798e6231216192,fb7aceaeca77309764a3,361c71688c9da1866c40,7ba29f3a45abe1301651,bps_webapi,4,observation_materializes_cell
edge:cbbaa20775c986f35f79,05a8cae6aa6662292fe7,362211da67be1295d918,7ba29f3a45abe1301651,bps_webapi,4,observation_materializes_cell
edge:c74551612f68e3fc49bf,e9bc929f792e66bab587,36382d3821afefac5edd,7ba29f3a45abe1301651,bps_webapi,4,observation_materializes_cell
edge:24324f727845baa0855a,59401dc1fd8c6753d9d4,365703a784727eaa46fa,7ba29f3a45abe1301651,bps_webapi,4,observation_materializes_cell
edge:1f0510481c58b524da61,5ec32fbc0209edc3203d,36584f6afaedabd8176d,7ba29f3a45abe1301651,bps_webapi,4,observation_materializes_cell
edge:af896d8ff2d69ecb5911,832240b60a309e910ed3,3678aa63e178c7be74a2,7ba29f3a45abe1301651,bps_webapi,4,observation_materializes_cell
edge:a05f8e2724cb64c1e799,283eaa9b0f4918004e88,367f4b06d2d101a8b772,7ba29f3a45abe1301651,bps_webapi,4,observation_materializes_cell
edge:1fff32864592b519b715,fef341e0f64c56777637,36808909f9dfe0cee72a,7ba29f3a45abe1301651,bps_webapi,4,observation_materializes_cell
edge:c0f7980f34aa6b3195c5,b4821db3e48305a4faf7,369147ebae2cc1a8ffc8,7ba29f3a45abe1301651,bps_webapi,4,observation_materializes_cell
edge:ae6f94ce5f5c625022a5,7cacb1e6146e6d3dcb72,369a23e20abca9400617,7ba29f3a45abe1301651,bps_webapi,4,observation_materializes_cell
edge:955d9314310ffe2ba1c6,df40c1503311365050bb,36aa34ad90fa840a822e,7ba29f3a45abe1301651,bps_webapi,4,observation_materializes_cell
edge:f8cde5564fae7e0d2342,22b1b685fceb08e51e9e,36aa34ad90fa840a822e,9ab2011a3892edfac889,bps_tpb_2025,2,observation_materializes_cell
edge:b69fdeb8ce81b7a81676,3e9eb104544c2a23be85,36c073423a78868353b9,7ba29f3a45abe1301651,bps_webapi,4,observation_materializes_cell
edge:d9763bff65c7e04279cf,a2fd1f4ebf58a3a308be,36d364056fd6483b222d,7ba29f3a45abe1301651,bps_webapi,4,observation_materializes_cell
edge:9a40308b53ead6c8de04,2d293fe90248e5597734,36da74b391620f2744d0,7ba29f3a45abe1301651,bps_webapi,4,observation_materializes_cell
edge:3a1c9dc4395ce2b3c762,19d202eae13022074244,36dd92e99e4851a4e5cc,7ba29f3a45abe1301651,bps_webapi,4,observation_materializes_cell
edge:904fd5eab891a669f286,282a9a05e0f22e8899b9,36dd92e99e4851a4e5cc,aa7252a58f41161c17c3,bps_tpb_2024,1,observation_materializes_cell
edge:99d6ce55cc094a37f4ee,d9cea26ada291861bfcd,36e0cc32ff0ecf1e410b,7ba29f3a45abe1301651,bps_webapi,4,observation_materializes_cell
edge:cb5c370226f999345394,dc9baf06da32a98c2229,36e3a8323e9fb79e8a52,7ba29f3a45abe1301651,bps_webapi,4,observation_materializes_cell
edge:36692e8e9278d8363268,a073499ac2925b50e060,36efe868330850c29845,7ba29f3a45abe1301651,bps_webapi,4,observation_materializes_cell
edge:154ceb6b886870eebf6c,b8d27e79908636ed147d,36f1a1769145e7f20ef1,7ba29f3a45abe1301651,bps_webapi,4,observation_materializes_cell
edge:555de2bbf9fa5c4a6641,b5a6e7deada3e09d24e2,36f1a1769145e7f20ef1,aa7252a58f41161c17c3,bps_tpb_2024,1,observation_materializes_cell
edge:9c0beebe2497ae9a01fe,c8b1e4ca27d66b8d7719,36fd12614b0e3cf7864a,7ba29f3a45abe1301651,bps_webapi,4,observation_materializes_cell
edge:b4abb9bef8fe20a241df,d01cd1f7ef7fdb26e544,3707e82effd08398f588,7ba29f3a45abe1301651,bps_webapi,4,observation_materializes_cell
edge:a181b01dac5d917ce431,6ba8f1867244cc5392e5,37082f569b301b426091,7ba29f3a45abe1301651,bps_webapi,4,observation_materializes_cell
edge:fb269d61e0dee2a9b892,69aabcfde83dae522234,3719d02c0fae8284a9ff,7ba29f3a45abe1301651,bps_webapi,4,observation_materializes_cell
edge:fb2bd5488c866070035d,db390e8ebc714471916b,371c1fe87e18ee553802,7ba29f3a45abe1301651,bps_webapi,4,observation_materializes_cell
edge:bf4588edcf7e37d5e409,7429e2651937713cec65,371d738e1b71a8862dd5,7ba29f3a45abe1301651,bps_webapi,4,observation_materializes_cell
edge:627adfaabb51a856f0f6,41dd52c5e40f74b7c050,373329106655e7bcdacf,7ba29f3a45abe1301651,bps_webapi,4,observation_materializes_cell
edge:e2cb13d2c8922adfe947,8325c1e209f7a5df3366,373329106655e7bcdacf,aa7252a58f41161c17c3,bps_tpb_2024,1,observation_materializes_cell
edge:01c8e1093fb0f2be9aae,5d10875980fbb86699d6,37414facdcd101cf9aea,7ba29f3a45abe1301651,bps_webapi,4,observation_materializes_cell
edge:8393f6aaf3c2c44626fc,210da05811ceaae5a001,37423d2d9b06df54a0db,7ba29f3a45abe1301651,bps_webapi,4,observation_materializes_cell
edge:7bfee61e5973ebcca9d5,8dd10d5c622255a52a4a,3743305ad0734a0c8900,7ba29f3a45abe1301651,bps_webapi,4,observation_materializes_cell
edge:a189ff1d7d5d5757aecb,af84e455326c323fec35,3743305ad0734a0c8900,aa7252a58f41161c17c3,bps_tpb_2024,1,observation_materializes_cell
edge:5331ba11300ddbe10fd6,15570c05acb1bbfe859a,37515f5c92015367ef6d,7ba29f3a45abe1301651,bps_webapi,4,observation_materializes_cell
edge:89c1b8ef7bf7e90771b2,3a3e695a9c6a1ca37bb6,3752930692cf80853a43,7ba29f3a45abe1301651,bps_webapi,4,observation_materializes_cell
edge:a3340311f664bcdec815,cda5fea1d798756ee93f,3754106df4f112441772,7ba29f3a45abe1301651,bps_webapi,4,observation_materializes_cell
edge:bbd34bfe038932cc1ba6,fb099839cfa29359f698,3762119d89ba4b855b4d,7ba29f3a45abe1301651,bps_webapi,4,observation_materializes_cell
edge:6b5c83e447b239b5ee77,c9e335db8eb8d779576f,3762119d89ba4b855b4d,aa7252a58f41161c17c3,bps_tpb_2024,1,observation_materializes_cell
edge:e8a5e606b1f4f2257738,44dbf785d9a16a35dd9a,376a7912f682945a5a89,7ba29f3a45abe1301651,bps_webapi,4,observation_materializes_cell
edge:15189b7a24aef4d64d09,60006d5327eb176b73b5,3771644cbef46a7d5bc3,7ba29f3a45abe1301651,bps_webapi,4,observation_materializes_cell
edge:33f57a5c18ca40664ba9,38128ce7d865fe346673,378661726d86fa17b791,7ba29f3a45abe1301651,bps_webapi,4,observation_materializes_cell
edge:8171d555044e444b405a,a4e82a7d19f8f6d7ee29,379dacc9d5d149e249a9,aa7252a58f41161c17c3,bps_tpb_2024,1,observation_materializes_cell
edge:753d193849ebf17177d3,be5220bec6e385cd0559,379dacc9d5d149e249a9,b132d2fab33291e0733e,bps_webapi,3,observation_materializes_cell
edge:9e81161a9ef5c71c7603,79a15a3d4101dae559d1,379dec6907aabdead43b,7ba29f3a45abe1301651,bps_webapi,4,observation_materializes_cell
edge:f3eaab9308ffe2c01b88,228c808b15f4a63c86c9,379df8ae7fd8a04c258a,7ba29f3a45abe1301651,bps_webapi,4,observation_materializes_cell
edge:d14b36191bfda56b6b0d,ad78abde0f31bf180288,37a3f7b8ec78a666a1c9,7ba29f3a45abe1301651,bps_webapi,4,observation_materializes_cell
edge:decb3ba87054f5c33524,8ef75cad04bafcca6f1d,37bb2ce7fbd9feb68209,7ba29f3a45abe1301651,bps_webapi,4,observation_materializes_cell
edge:732b6b4c5b760d2b0a6e,7fcd5a9ce47957064757,37bd2f6225f1c4c13970,aa7252a58f41161c17c3,bps_tpb_2024,1,observation_materializes_cell
edge:ce7c1d553de4231e7724,edbe74aa7b59308ecaf2,37bd2f6225f1c4c13970,b132d2fab33291e0733e,bps_webapi,3,observation_materializes_cell
edge:a86ef5e4aff754eaede1,b9dc6a82790cd1aa918e,37bef81a0289d4d414e5,aa7252a58f41161c17c3,bps_tpb_2024,1,observation_materializes_cell
edge:3c8983e19262ede24e45,e23ed6cbf955acc51caa,37bef81a0289d4d414e5,b132d2fab33291e0733e,bps_webapi,3,observation_materializes_cell
edge:415fa4c4e24a451e865d,bf498a3092f17e838d5b,37c9f47de15d117c0c50,7ba29f3a45abe1301651,bps_webapi,4,observation_materializes_cell
edge:018d705ccf95e36ae643,5751794bb3ba366d2bf5,37cb7a91a6f5c261a2d4,7ba29f3a45abe1301651,bps_webapi,4,observation_materializes_cell
edge:2eb526e2bb119134dc16,dc2bf77b99fcc3ae827d,37cb7a91a6f5c261a2d4,aa7252a58f41161c17c3,bps_tpb_2024,1,observation_materializes_cell
edge:7a97b00b314b82d5dcb6,375b8dca304a0be1e048,37cefc27dd0c598c1182,aa7252a58f41161c17c3,bps_tpb_2024,1,observation_materializes_cell
edge:3c5f7792ed6fe05140fd,83a8b7c05abb06fecf2b,37cefc27dd0c598c1182,b132d2fab33291e0733e,bps_webapi,3,observation_materializes_cell
edge:5eec946251d923b9978f,c3aa951b7f0ed6c6aa58,37e228e82322ba73e8c5,7ba29f3a45abe1301651,bps_webapi,4,observation_materializes_cell
edge:5577ba76885df41d30ea,3d569cc9f9f99ae81c27,37f8f28f0eeeada6a26b,7ba29f3a45abe1301651,bps_webapi,4,observation_materializes_cell
edge:3c4714dd7f42f00417d8,772e93043b5b77a4d441,381c2b20c31a7b8f7e6d,7ba29f3a45abe1301651,bps_webapi,4,observation_materializes_cell
edge:3cae39f4d1943ee236ba,772f54491d36675bf503,381c2b20c31a7b8f7e6d,aa7252a58f41161c17c3,bps_tpb_2024,1,observation_materializes_cell
edge:8aa98e3fd48a0afdc55a,88661a56f13b0feab521,3839d2e8aecf626c38f1,7ba29f3a45abe1301651,bps_webapi,4,observation_materializes_cell
edge:48c63e1458d8f37984dd,9b8312b127dc0302bdc0,384bfe72fb2ddd2f4f26,7ba29f3a45abe1301651,bps_webapi,4,observation_materializes_cell
edge:1d7328035d193773bdad,127af713913c5a17f36c,3854b8dbea85381fe3c1,aa7252a58f41161c17c3,bps_tpb_2024,1,observation_materializes_cell
edge:058479ce3625615a6829,85700a5f226995a897c6,3854b8dbea85381fe3c1,b132d2fab33291e0733e,bps_webapi,3,observation_materializes_cell
edge:57a7a1239c238bbe06bd,1c109fc7d15fec722ecd,386d4220df5f882bfa66,7ba29f3a45abe1301651,bps_webapi,4,observation_materializes_cell
edge:4e8332cf2fab2e9b33d8,0aaab4cdad2088d642d2,3873fe0f90d18bd71f89,7ba29f3a45abe1301651,bps_webapi,4,observation_materializes_cell
edge:13bb6d3b7415bcd175a4,d8a57227481475a03259,38827729c0341a52625d,7ba29f3a45abe1301651,bps_webapi,4,observation_materializes_cell
edge:eeb28413964c2acc6064,54e61f17ca896cbcda0c,38834a2c0be8cd134b01,7ba29f3a45abe1301651,bps_webapi,4,observation_materializes_cell
edge:a6246e73ec1c56d52764,a6b7a6c67f7cea80c045,38905bbc9f302f5fd2f9,7ba29f3a45abe1301651,bps_webapi,4,observation_materializes_cell
edge:9ca5cc65bb4dfecdb306,8d46d268bef0937a5559,38925a494841362a971d,7ba29f3a45abe1301651,bps_webapi,4,observation_materializes_cell
edge:ba298869da26908b1ee3,bce7907149a794df2fec,38bc9a5e2222ac52ccf9,7ba29f3a45abe1301651,bps_webapi,4,observation_materializes_cell
edge:b38e6cd7e30434cae130,29be1260f388e821d16e,38c8cf8e3a324853d4df,7ba29f3a45abe1301651,bps_webapi,4,observation_materializes_cell
edge:a37baea04a6f114b327f,df0b253891fb463adfc2,38d238786ca6f1044024,7ba29f3a45abe1301651,bps_webapi,4,observation_materializes_cell
edge:03bdfc79310df2de1387,1e99d51d41ea87e8da63,38d238786ca6f1044024,aa7252a58f41161c17c3,bps_tpb_2024,1,observation_materializes_cell
edge:4bca2647b92d44b70ce6,bdd67d23fff59fd6271f,38da8ba4c3e9b9f5c8fd,7ba29f3a45abe1301651,bps_webapi,4,observation_materializes_cell
edge:fa9371c76acf9bfda8e3,a61fe5060cde193b155d,38dd21d9fc5b294a3810,aa7252a58f41161c17c3,bps_tpb_2024,1,observation_materializes_cell
edge:ff92b9a4b60cf2ce0a3c,e28c516538b3d9168181,38dd21d9fc5b294a3810,b132d2fab33291e0733e,bps_webapi,3,observation_materializes_cell
edge:00fbc279f2d01e1e5437,9b525a47cfa17167b7e5,38eef15660bb8a380dc5,7ba29f3a45abe1301651,bps_webapi,4,observation_materializes_cell
edge:5b025867974754ea81af,218871683a23c5d4cb0a,38f1fc0c3fc55989f7e2,7ba29f3a45abe1301651,bps_webapi,4,observation_materializes_cell
edge:7fc36cf51677f7c2e7a3,650f5a563353c697e842,38f1fc0c3fc55989f7e2,aa7252a58f41161c17c3,bps_tpb_2024,1,observation_materializes_cell
edge:f53444def0feaa794cac,3f674d708a8b555b2ddc,38fa35d65f39c36724be,7ba29f3a45abe1301651,bps_webapi,4,observation_materializes_cell
edge:f94d0585f228c284b21c,3489562857154c913866,3900950c4eddc9338e6d,7ba29f3a45abe1301651,bps_webapi,4,observation_materializes_cell
edge:a39c63bbc552e8c21799,2010e55c1645d05a8a20,3901ce27afd3e99d2562,7ba29f3a45abe1301651,bps_webapi,4,observation_materializes_cell
edge:6a1e5ce8baf8e171f7c3,8db54c2208f9b089e510,3903575fb96cc09cf224,7ba29f3a45abe1301651,bps_webapi,4,observation_materializes_cell
edge:ec39b5af887b4480f719,9e45ecbc4ca2a9913033,39084c6ee48912f7566e,7ba29f3a45abe1301651,bps_webapi,4,observation_materializes_cell
edge:29a7dd695dcbe84fd8ca,5519c09380889e85ef9f,391481e33644f871f5d4,7ba29f3a45abe1301651,bps_webapi,4,observation_materializes_cell
edge:0320d6e818e55b4e6c8b,8eef211bb61fbfa1add8,3918cddbc67d473145ec,7ba29f3a45abe1301651,bps_webapi,4,observation_materializes_cell
edge:41dddc752cd4bd51f101,501701f21d4f50687c7f,39246037871d5202c0cc,7ba29f3a45abe1301651,bps_webapi,4,observation_materializes_cell
edge:1252306e6e2f2e3eadd0,76b4469fdd682fa7dd12,392b565fc636941014cc,7ba29f3a45abe1301651,bps_webapi,4,observation_materializes_cell
edge:26b44fe5bfb58aca3140,64a6133f8ff73f857711,393265286c5186c5600d,aa7252a58f41161c17c3,bps_tpb_2024,1,observation_materializes_cell
edge:effc004cc7800b0ee75d,31fe8b4bc5b3151a607a,393265286c5186c5600d,b132d2fab33291e0733e,bps_webapi,3,observation_materializes_cell
edge:ee69843e74bd8d0ecfab,65e80192401381d9e59a,394a552a48d3ff08d4f2,7ba29f3a45abe1301651,bps_webapi,4,observation_materializes_cell
edge:b987befe12788423db15,29e408af6a2a13e16cf3,394d299cb95ac52002e4,7ba29f3a45abe1301651,bps_webapi,4,observation_materializes_cell
edge:49f68126564b1ac24b7a,9200c6e86633f82b6c43,395bfdd6b78e4dec21a9,aa7252a58f41161c17c3,bps_tpb_2024,1,observation_materializes_cell
edge:0cff90e687c93d12ce3d,2bd0135a4fc2de2e2542,395bfdd6b78e4dec21a9,b132d2fab33291e0733e,bps_webapi,3,observation_materializes_cell
edge:8a8052f9c51cbceeab63,9389bd3fce9269ebba27,39607bcdd46dfec3d530,7ba29f3a45abe1301651,bps_webapi,4,observation_materializes_cell
edge:c6a92a9212ba7fbe293c,160c59e28b16d1382b93,396ed2aa2e439033dd53,7ba29f3a45abe1301651,bps_webapi,4,observation_materializes_cell
edge:3de44d93e6f4dba07443,3fb4582c5819640d1f8c,39741c94a2493a30d4ee,7ba29f3a45abe1301651,bps_webapi,4,observation_materializes_cell
edge:265720b522e0b5aa4967,bf70a6677a5c8c8deaaf,3979bb28e9fbf85f1156,7ba29f3a45abe1301651,bps_webapi,4,observation_materializes_cell
edge:5447784bfa157cb4f2f7,baa2937e175073686152,397a1668dce861d7bfc0,7ba29f3a45abe1301651,bps_webapi,4,observation_materializes_cell
edge:ec2af820e7b50dada975,69cdcd1b4dcea7882f31,397a1668dce861d7bfc0,aa7252a58f41161c17c3,bps_tpb_2024,1,observation_materializes_cell
edge:8a5126e770be5195a33f,04fa6b47fd8690df9241,39a407968d7341c30d00,7ba29f3a45abe1301651,bps_webapi,4,observation_materializes_cell
edge:7a1848bb18f7d81f4a9c,f8544500ca8a2204fd56,39c3128ea9da4b8ca20f,7ba29f3a45abe1301651,bps_webapi,4,observation_materializes_cell
edge:136277129c4553e8dde5,56ec17bd62ba374001ef,39cba9a3658867341fda,7ba29f3a45abe1301651,bps_webapi,4,observation_materializes_cell
edge:c9407604f71728a869a8,3ee63f32d67bc6684f93,39d12e12360831b3edc0,7ba29f3a45abe1301651,bps_webapi,4,observation_materializes_cell
edge:64bac4b7e196e955175e,f3441c55e2fc0636144f,39d9df87ded134d2a17b,7ba29f3a45abe1301651,bps_webapi,4,observation_materializes_cell
edge:ec8f1d2c662b031275da,a6a36ea3ab9fdfad4f2a,39da3c49b277281bd2d0,7ba29f3a45abe1301651,bps_webapi,4,observation_materializes_cell
edge:cbe2700770419e92f9cd,41d743bf7fbc27fb54d8,39e02a8fef23be20c3bc,7ba29f3a45abe1301651,bps_webapi,4,observation_materializes_cell
edge:7778ed2f81b844bc0ef2,ac0f1376849cfa5976bc,39e82349bb48bbc9da73,7ba29f3a45abe1301651,bps_webapi,4,observation_materializes_cell
edge:17e24cd8d945a8bcfffc,d15b0c599638659cb961,39ea95a49433b1aaef5c,7ba29f3a45abe1301651,bps_webapi,4,observation_materializes_cell
edge:9afdafabffa6420ca985,16e6d345d81276aab24e,39ea95a49433b1aaef5c,9ab2011a3892edfac889,bps_tpb_2025,2,observation_materializes_cell
edge:1f0196b3e202ecdc3506,e1abe567f05953698301,39fb0b586633711a338e,7ba29f3a45abe1301651,bps_webapi,4,observation_materializes_cell
edge:06b23f78eefbb55f9db1,450d2ec7c1c78373434c,3a1c217d1520c7a94db7,7ba29f3a45abe1301651,bps_webapi,4,observation_materializes_cell
edge:bfd99f8a7157b9c56717,433dd205835309f3078e,3a228e9c1d4c2c02385e,7ba29f3a45abe1301651,bps_webapi,4,observation_materializes_cell
edge:e1824b110f917203915e,e849f0f7d9328274ebda,3a228e9c1d4c2c02385e,aa7252a58f41161c17c3,bps_tpb_2024,1,observation_materializes_cell
edge:dc4ca9d28d48e26829fc,3ea0c510da1bda4e709f,3a483e0284f83f1766e0,7ba29f3a45abe1301651,bps_webapi,4,observation_materializes_cell
edge:546e4bcc6116c9af81aa,a74e88980d1548d104f0,3a4fae59107aacc56c72,7ba29f3a45abe1301651,bps_webapi,4,observation_materializes_cell
edge:eeea6bb37e504a113bee,d33eb3d7c4c7cefd864a,3a5d7a69c53ee59c4518,7ba29f3a45abe1301651,bps_webapi,4,observation_materializes_cell
edge:e5ad782e067876eaae93,ccd5e3e4740f8a05e941,3a661ff411d8ebcfd3a4,7ba29f3a45abe1301651,bps_webapi,4,observation_materializes_cell
edge:31727817408023e6a023,02f1c9e67ab9a531014a,3a661ff411d8ebcfd3a4,aa7252a58f41161c17c3,bps_tpb_2024,1,observation_materializes_cell
edge:992235bd951eef17b53c,bb77f61385d7d7fdeb7a,3a6c73e034b83df6f48b,7ba29f3a45abe1301651,bps_webapi,4,observation_materializes_cell
edge:6d1e03904f4e6e4a53de,51a9541bc1e3c5a69345,3a841b245629e25bab9a,7ba29f3a45abe1301651,bps_webapi,4,observation_materializes_cell
edge:28f30f20db2c415de9e3,3a8fea3bb7c680bcaf1b,3a841b245629e25bab9a,aa7252a58f41161c17c3,bps_tpb_2024,1,observation_materializes_cell
edge:9889f8447cd7d38de8d1,98df6d2924a857899451,3a846c6d5f730ba28f0a,7ba29f3a45abe1301651,bps_webapi,4,observation_materializes_cell
edge:12187169ac06ad736858,ec1585e51fd021c74934,3a8b08794c8caabfd66d,7ba29f3a45abe1301651,bps_webapi,4,observation_materializes_cell
edge:88b5d562541d0e1bc914,7e3231d0a1f770108780,3a8b08794c8caabfd66d,aa7252a58f41161c17c3,bps_tpb_2024,1,observation_materializes_cell
edge:6fc5fd770bcddbd45f8c,8fc199588c928a7efff2,3a926ca257b9b7b02e90,aa7252a58f41161c17c3,bps_tpb_2024,1,observation_materializes_cell
edge:a53cc46c49fca76e3eb5,bd17be3f5bc5221f9479,3a926ca257b9b7b02e90,b132d2fab33291e0733e,bps_webapi,3,observation_materializes_cell
edge:da54fb0f3adbab1623ab,d3db093134744f87439d,3a968138634b86898582,7ba29f3a45abe1301651,bps_webapi,4,observation_materializes_cell
edge:367de8f0437327574767,f798113a103769275dd1,3a9e9898c57e90787cd0,7ba29f3a45abe1301651,bps_webapi,4,observation_materializes_cell
edge:22fddeef709aa9a36edf,8a906319aa056d258939,3aa39d236847a3038227,7ba29f3a45abe1301651,bps_webapi,4,observation_materializes_cell
edge:e06ec42fe83eb1029ab4,74efb40cdd4102170c1e,3aab48a87775d3a7a206,7ba29f3a45abe1301651,bps_webapi,4,observation_materializes_cell
edge:8ebc2e6749741fe402dd,bc9b04f332d703781e10,3aab48a87775d3a7a206,aa7252a58f41161c17c3,bps_tpb_2024,1,observation_materializes_cell
edge:51faa68b98b833718b6d,6e899264f982d5411c8e,3aae9d99245542a3c20b,7ba29f3a45abe1301651,bps_webapi,4,observation_materializes_cell
edge:406653f795be4cfd091b,d637d3ea4c4e4df6f392,3ab2fcd6bb491b136b17,7ba29f3a45abe1301651,bps_webapi,4,observation_materializes_cell
edge:3e112c759e601066ef55,24fe787ddf6ec302b3c4,3ab63956e024ad4bc82a,7ba29f3a45abe1301651,bps_webapi,4,observation_materializes_cell
edge:9333ca8141302997cba1,d97b6aee9d32a432e83c,3ab63956e024ad4bc82a,aa7252a58f41161c17c3,bps_tpb_2024,1,observation_materializes_cell
edge:3f834f77a04467ae93d1,e006bf7355350cd0b15e,3ab9973c57f7b31d292a,7ba29f3a45abe1301651,bps_webapi,4,observation_materializes_cell
edge:621d66936a1b0df81e98,3e8d47e737b63708dacd,3acee8a7cd3fbcda810c,7ba29f3a45abe1301651,bps_webapi,4,observation_materializes_cell
edge:d50674594a6ecd6a92ab,97eafd37f75d322d31ec,3ad85d814f905faf7400,7ba29f3a45abe1301651,bps_webapi,4,observation_materializes_cell
edge:b4dec03eef5a5dea9577,8536418aac5bd8c6d06b,3af41c028812dd82d2df,7ba29f3a45abe1301651,bps_webapi,4,observation_materializes_cell
edge:2e06317d53770b86ee7f,43b988bc23981eb697a8,3af41c028812dd82d2df,aa7252a58f41161c17c3,bps_tpb_2024,1,observation_materializes_cell
edge:5d01f01f4f73b23feb3a,b69d067cbbeed4a5d912,3afabd661b35992d1a09,7ba29f3a45abe1301651,bps_webapi,4,observation_materializes_cell
edge:9dc349cacc2fe8cc0e13,8e9446f149d573b3f102,3b03eece6819aa31b5b1,7ba29f3a45abe1301651,bps_webapi,4,observation_materializes_cell
edge:8cb7723345135f7b82a3,9f1145d17ec44923f696,3b03eece6819aa31b5b1,aa7252a58f41161c17c3,bps_tpb_2024,1,observation_materializes_cell
edge:ea021d99e1c5e265fddd,8c24b17cdcdb0f1a6df2,3b0ea5b4dfe9150f722a,aa7252a58f41161c17c3,bps_tpb_2024,1,observation_materializes_cell
edge:dfd5b2f4137df2d789be,14ddb1d4c56fe21a00d6,3b0ea5b4dfe9150f722a,b132d2fab33291e0733e,bps_webapi,3,observation_materializes_cell
edge:e948ff209370dddf0c17,c8c6b8b49638fb58d77a,3b20390d12531ced0f28,7ba29f3a45abe1301651,bps_webapi,4,observation_materializes_cell
edge:fb1bd61aa03699766212,f3a90355a230d74100e9,3b25d7d06724850f1412,7ba29f3a45abe1301651,bps_webapi,4,observation_materializes_cell
edge:2c60ad368e1675837b2f,48059913c590a68cde8a,3b302c67964d1b9fe02d,7ba29f3a45abe1301651,bps_webapi,4,observation_materializes_cell
edge:16dfc15549842bd9ab04,413881e5b2afb611fee3,3b36142c04b4f880484b,7ba29f3a45abe1301651,bps_webapi,4,observation_materializes_cell
edge:260b4f46e3f1833dd3ce,f8f00bd73e69eddd0162,3b36142c04b4f880484b,aa7252a58f41161c17c3,bps_tpb_2024,1,observation_materializes_cell
edge:99d566a106839926908e,b503cd7cfa13ad0ba806,3b42b7fc97ac35e0386f,7ba29f3a45abe1301651,bps_webapi,4,observation_materializes_cell
edge:63eecfcbf4b2194e8e09,ba1c8938b34d0eb4acc8,3b42b7fc97ac35e0386f,aa7252a58f41161c17c3,bps_tpb_2024,1,observation_materializes_cell
edge:252238125ed86d6a94e9,9558b7dfecab4eb0c770,3b43b7f20e807ceb4bba,7ba29f3a45abe1301651,bps_webapi,4,observation_materializes_cell
edge:6953cd1e162a95aa20bb,c449587445af2ef95884,3b493433858b4cf4eac5,7ba29f3a45abe1301651,bps_webapi,4,observation_materializes_cell
edge:a47e8c437f684b4b0cca,22299df8290faa2309ce,3b659c42075a31bc828b,7ba29f3a45abe1301651,bps_webapi,4,observation_materializes_cell
edge:504a5eb00054c1d5f00a,d4b02a35d4ba7ce555dd,3b675ce2794b0855196e,7ba29f3a45abe1301651,bps_webapi,4,observation_materializes_cell
edge:b277a07e743680eaa91a,881380177a6b95987745,3b69ba54cc544489f9bd,7ba29f3a45abe1301651,bps_webapi,4,observation_materializes_cell
edge:567a469c50fe42602204,4ec8c61df0deca48ebeb,3b728c5c16e40d0b27fb,aa7252a58f41161c17c3,bps_tpb_2024,1,observation_materializes_cell
edge:5f1a2d9ef5c6e384fa22,55499c82bedc65c310d8,3b728c5c16e40d0b27fb,b132d2fab33291e0733e,bps_webapi,3,observation_materializes_cell
edge:0adf65e03bd70f950046,8f2411db6716ba1704ed,3b7c45bd6bb36c4cc4ba,7ba29f3a45abe1301651,bps_webapi,4,observation_materializes_cell
edge:dda7b978a7b7bcc41d8c,6014e476cd33443a461f,3b834eac2f6fc3ee2e78,7ba29f3a45abe1301651,bps_webapi,4,observation_materializes_cell
edge:50399bae94f8000e0643,11088cb32a1b65ab87c8,3b952f9b58828d5bf134,7ba29f3a45abe1301651,bps_webapi,4,observation_materializes_cell
edge:781419ee0c9781506728,bbd5055893c978eef007,3ba5e96fcc1b390af643,7ba29f3a45abe1301651,bps_webapi,4,observation_materializes_cell
edge:b13122220a12d1b31be6,8ef2f5b2da467d29e7f2,3bb15829c76f8acb1054,7ba29f3a45abe1301651,bps_webapi,4,observation_materializes_cell
edge:e043ce585539da455797,449f0e138c2a6386da31,3bb15829c76f8acb1054,aa7252a58f41161c17c3,bps_tpb_2024,1,observation_materializes_cell
edge:b0cdf7c4e62f9427e6bd,b50dad57a4e03840c6d1,3bb775d2e2408b1a6941,7ba29f3a45abe1301651,bps_webapi,4,observation_materializes_cell
edge:f8108d8f31bdd7101e34,0ace4d603c8dd433b90c,3be0b0ea212239c192a1,7ba29f3a45abe1301651,bps_webapi,4,observation_materializes_cell
edge:ad9358dee92d8eb2e2ef,0f9c3457489f38b3252f,3be3394d9e9314f93533,7ba29f3a45abe1301651,bps_webapi,4,observation_materializes_cell
edge:4e3e0df27043ac2623a2,3c724f38f5b11b3aaf9e,3be866507805e8f56337,7ba29f3a45abe1301651,bps_webapi,4,observation_materializes_cell
edge:1d628e1fc6590a53e050,49b7f84e5ea6bb88796d,3be866507805e8f56337,aa7252a58f41161c17c3,bps_tpb_2024,1,observation_materializes_cell
edge:323d9037720611b38da8,93a8874396843e028292,3be93eaae3bd0a325845,7ba29f3a45abe1301651,bps_webapi,4,observation_materializes_cell
edge:26f274c9ce73e9696c49,01b235ecd1c1bf519627,3bed5011bdd4d503587e,7ba29f3a45abe1301651,bps_webapi,4,observation_materializes_cell
edge:cbdef11ab0db0538a672,70a6a77cd56715e78f61,3bed5011bdd4d503587e,aa7252a58f41161c17c3,bps_tpb_2024,1,observation_materializes_cell
edge:07f176cbff31d646f2de,07940c9e678db4b373e5,3bef70f30ecec6a66117,7ba29f3a45abe1301651,bps_webapi,4,observation_materializes_cell
edge:ce7805b5110ec916fdbe,b459416fc32fcc5841ab,3bef70f30ecec6a66117,aa7252a58f41161c17c3,bps_tpb_2024,1,observation_materializes_cell
edge:39a986ed866debde534e,9df5c07bed1aa3b6b3a2,3bf0a215f4d892c8d75a,7ba29f3a45abe1301651,bps_webapi,4,observation_materializes_cell
edge:b0b13902e2aaf7bcae54,53c144c8a04822cc7832,3bfd6a29ade1bf332996,7ba29f3a45abe1301651,bps_webapi,4,observation_materializes_cell
edge:40e626073bd74b148698,3ed7ee2eb4c363cacdc1,3c1b08f0f1298d80c960,7ba29f3a45abe1301651,bps_webapi,4,observation_materializes_cell
edge:dc9e4d913e0ccbb9f36f,62c3a9cf2190636fd0ab,3c289592015911b57d62,aa7252a58f41161c17c3,bps_tpb_2024,1,observation_materializes_cell
edge:b2bfe168e47ee8d5f7bf,a0ebf34915a2c0e05ccc,3c289592015911b57d62,b132d2fab33291e0733e,bps_webapi,3,observation_materializes_cell
edge:6629fb39b01c4f08d7d7,b7ae4acb270299fbeda0,3c44139f4a5ebce1ee94,7ba29f3a45abe1301651,bps_webapi,4,observation_materializes_cell
edge:391766ee33c5cec55344,e70c0918e6521f6ff767,3c4b1f42bcb9b851d450,7ba29f3a45abe1301651,bps_webapi,4,observation_materializes_cell
edge:db2dd36e7195399b994e,9f9d6d7996dd1aad7560,3c4c0de41fed0bc48ae5,7ba29f3a45abe1301651,bps_webapi,4,observation_materializes_cell
edge:289fabd55c1da3422878,e576288e5272e304ab26,3c4c2bf436ad2773e2ef,aa7252a58f41161c17c3,bps_tpb_2024,1,observation_materializes_cell
edge:970e9cbc82b885c8fd92,17daca242083c6069982,3c4c2bf436ad2773e2ef,b132d2fab33291e0733e,bps_webapi,3,observation_materializes_cell
edge:9212ccc4d31519fb6ee4,e0f7732be845ce547ce2,3c4eed22c5401ab7298e,aa7252a58f41161c17c3,bps_tpb_2024,1,observation_materializes_cell
edge:7de5b95f4d8eefd3e9ef,1d69f6b08cb04cf72eb2,3c54c28380390b08d151,7ba29f3a45abe1301651,bps_webapi,4,observation_materializes_cell
edge:79f085d368d957b11a1e,4de7a7a3a718bc04191b,3c54c28380390b08d151,aa7252a58f41161c17c3,bps_tpb_2024,1,observation_materializes_cell
edge:d3080b318eaa8dd24d25,21263d6c11ac798e38ee,3c57a10f85bf63670e48,7ba29f3a45abe1301651,bps_webapi,4,observation_materializes_cell
edge:3ca4b583005a3ac786a8,452b6e6cd5b3f27dd306,3c6294af1f028af79b23,7ba29f3a45abe1301651,bps_webapi,4,observation_materializes_cell
edge:397510fad4e4d3ea4683,b7e7aebfc28a77da211c,3c7650cc17378c778f79,7ba29f3a45abe1301651,bps_webapi,4,observation_materializes_cell
edge:201b3ebc18bcb6820868,adeb96b476df31e4059c,3c7fb04d2114e756888d,7ba29f3a45abe1301651,bps_webapi,4,observation_materializes_cell
edge:317f41fb995bc281089c,f7d7a676341e59caf492,3c81e6a869409399019f,7ba29f3a45abe1301651,bps_webapi,4,observation_materializes_cell
edge:fc20566c5297cceeb0a8,bd2abd167d5202282005,3c84760d7fc5d03db5fd,aa7252a58f41161c17c3,bps_tpb_2024,1,observation_materializes_cell
edge:7a58670e7bd504f9d2cb,e00d8c3ae36878a59e4b,3c84760d7fc5d03db5fd,b132d2fab33291e0733e,bps_webapi,3,observation_materializes_cell
edge:f3f436b3c2f8f750cf8d,fb2b42570762904984c0,3c849616065469946467,7ba29f3a45abe1301651,bps_webapi,4,observation_materializes_cell
edge:18c0aac7ad4b15b99d3e,1f4f9af0e81950b75bc7,3c9ee02fe6231d0fb4dd,7ba29f3a45abe1301651,bps_webapi,4,observation_materializes_cell
edge:5897ac05be002b878dce,516b0dbd218f619864d0,3ca02aa237cb9fcec638,7ba29f3a45abe1301651,bps_webapi,4,observation_materializes_cell
edge:88c3766384caccf6793d,b77e57cdff18276b64d1,3ca306462f96eaa3fea9,7ba29f3a45abe1301651,bps_webapi,4,observation_materializes_cell
edge:0a87fe46ba5b2139ccd7,15ed124f26e05b8dd33f,3cb6ba2680f4de3c784f,7ba29f3a45abe1301651,bps_webapi,4,observation_materializes_cell
edge:d8e7f588c973d5d6dc2e,b31d3a9b45d2cbe4838f,3cc43504bbe0b145c82f,7ba29f3a45abe1301651,bps_webapi,4,observation_materializes_cell
edge:3b3ae24847b000577c94,6e8830063dc1afaf3bfe,3cd72aeff9ab99f012a5,7ba29f3a45abe1301651,bps_webapi,4,observation_materializes_cell
edge:475741426de08f064b4f,dcc057358ac858883e3d,3cd72aeff9ab99f012a5,aa7252a58f41161c17c3,bps_tpb_2024,1,observation_materializes_cell
edge:15fe5c2a9d437db323d3,7404caa958b085ef01dc,3cdef0467d32f9454a0a,7ba29f3a45abe1301651,bps_webapi,4,observation_materializes_cell
edge:04393debb3ae2d431685,1fd2e37027c9fdf8ad8a,3ce643ae77211f2c4f41,7ba29f3a45abe1301651,bps_webapi,4,observation_materializes_cell
edge:9bd9763fab26747f09e7,bfe43a5050a9cec5d8a8,3cea1dc282bf79e84f37,7ba29f3a45abe1301651,bps_webapi,4,observation_materializes_cell
edge:b69a8e60cccd26e5dff2,d6ccc695d79606e770a7,3cf0562b4d7b7a24df3a,aa7252a58f41161c17c3,bps_tpb_2024,1,observation_materializes_cell
edge:12a9c475a85b8777a85b,edd90b6e25610d996307,3cf0562b4d7b7a24df3a,b132d2fab33291e0733e,bps_webapi,3,observation_materializes_cell
edge:e1a26ae1bf2d0e3e02c6,7986760390829484bb7e,3cf66a2e6a25cf49dad4,7ba29f3a45abe1301651,bps_webapi,4,observation_materializes_cell
edge:b3f3f7da47fbee6268d1,6444ce5a6c8a05b98ad0,3d0436694c9ea7eff989,7ba29f3a45abe1301651,bps_webapi,4,observation_materializes_cell
edge:499d7137f5baa4e44c34,dc223e648455d59281bb,3d0e0bac1e21ff7fc94e,7ba29f3a45abe1301651,bps_webapi,4,observation_materializes_cell
edge:04c4de90b6ee5f7138fb,f3c629fb8f19f24b7068,3d1b55f48381fd88bcaa,7ba29f3a45abe1301651,bps_webapi,4,observation_materializes_cell
edge:cbabbd8acb053f77e791,7a51b1e93aea51927bd9,3d384303a85e07e1fa23,aa7252a58f41161c17c3,bps_tpb_2024,1,observation_materializes_cell
edge:fa280956f4bea43b7965,927b42474044a5ca46bc,3d384303a85e07e1fa23,b132d2fab33291e0733e,bps_webapi,3,observation_materializes_cell
edge:466f0e8ed30ed92bc6ea,2bf2693dc35d22d731f2,3d3d2f6b957ca155acc6,aa7252a58f41161c17c3,bps_tpb_2024,1,observation_materializes_cell
edge:a20d7395cfcd0cb8a2df,ff969178a8efd4ba4d61,3d3d2f6b957ca155acc6,b132d2fab33291e0733e,bps_webapi,3,observation_materializes_cell
edge:d962aaebdd08b9c25abd,25ce5abb5e2a0fdea0c4,3d4c2c931481f891654c,7ba29f3a45abe1301651,bps_webapi,4,observation_materializes_cell
edge:6674e391da15ccd02470,8ee075234b726a791dd4,3d4c2c931481f891654c,aa7252a58f41161c17c3,bps_tpb_2024,1,observation_materializes_cell
edge:7e5214e5a3717d9d678d,13743fa266e777b59999,3d4fa42300fa08c69670,7ba29f3a45abe1301651,bps_webapi,4,observation_materializes_cell
edge:dd04fff4eaa7195db129,d960f7a8bf1efe6d2277,3d4fa42300fa08c69670,aa7252a58f41161c17c3,bps_tpb_2024,1,observation_materializes_cell
edge:0917322fa6dfe744e527,80fc391b448c027cd836,3d5e9ac060409d589cd5,7ba29f3a45abe1301651,bps_webapi,4,observation_materializes_cell
edge:6ea368e22c74580855e2,3420df72ba16acbda17d,3d5e9ac060409d589cd5,aa7252a58f41161c17c3,bps_tpb_2024,1,observation_materializes_cell
edge:d3e392ffb943a8fc7579,54373eec9cc44f5e6646,3d6480359fbb1137d4c5,7ba29f3a45abe1301651,bps_webapi,4,observation_materializes_cell
edge:cf217d3bc2bd421001ed,c6d57492bedc8d93720f,3d6cbaa78de0f58dd7ed,7ba29f3a45abe1301651,bps_webapi,4,observation_materializes_cell
edge:2f78965ce50ed2add124,05910ed02a5571d81c00,3d726791ebdb2702e129,7ba29f3a45abe1301651,bps_webapi,4,observation_materializes_cell
edge:e60d80ca91aeb90e7c52,d5ffcaadcc3b6e115a73,3d7c6929f059b9d82b26,7ba29f3a45abe1301651,bps_webapi,4,observation_materializes_cell
edge:a909834165424fa44430,ac3c48d52313de41e6ae,3d80fc774ef0af81f1cd,7ba29f3a45abe1301651,bps_webapi,4,observation_materializes_cell
edge:0fe8c6c7658e0e59ac7e,68d11bb23f2e83c1b173,3d8153f7de66ab94c6fe,7ba29f3a45abe1301651,bps_webapi,4,observation_materializes_cell
edge:aa4f80f3a55fdf1380da,47be7b574024a678e6a6,3d86499ec0a877027b2a,7ba29f3a45abe1301651,bps_webapi,4,observation_materializes_cell
edge:16d0238d8a68184756cb,3c165436e7f5a83c4854,3da001fe7d596a61345c,7ba29f3a45abe1301651,bps_webapi,4,observation_materializes_cell
edge:3df8211b1c7fed5f3a80,1485225d0dd840e6dbbb,3da50d807224cf5d43fb,7ba29f3a45abe1301651,bps_webapi,4,observation_materializes_cell
edge:f5e36a44ffe1730e38db,9cc12c11e12d348c3e20,3daf0f74bf5ee1794e3f,7ba29f3a45abe1301651,bps_webapi,4,observation_materializes_cell
edge:b74a4e0e493ae95802e3,b5658efbd2370a1b757b,3dcbb285e6029d389e15,aa7252a58f41161c17c3,bps_tpb_2024,1,observation_materializes_cell
edge:f02565a2f804574ce927,a92565b5ae1fa4c6ec9e,3dcbb285e6029d389e15,b132d2fab33291e0733e,bps_webapi,3,observation_materializes_cell
edge:eaa11dc7e5fa9f0f456c,8b11b5a77c96b51f29d8,3dcbdade5bea029eb24b,aa7252a58f41161c17c3,bps_tpb_2024,1,observation_materializes_cell
edge:71e4bd4095c4ed7106c0,7d1ab4d0a94597d0e437,3dcbdade5bea029eb24b,b132d2fab33291e0733e,bps_webapi,3,observation_materializes_cell
edge:5d3abd2b6b4f14cfb97d,9f99eb33f40896e064d1,3de0c605220e6af40b06,7ba29f3a45abe1301651,bps_webapi,4,observation_materializes_cell
edge:6c2d17eca5241683563a,a7ae166d184be8918302,3de21df4e3a003c6a471,7ba29f3a45abe1301651,bps_webapi,4,observation_materializes_cell
edge:f5c18346bb21ebf019f0,0fe10ffc23528820549c,3de833060ab3b0f36f6d,7ba29f3a45abe1301651,bps_webapi,4,observation_materializes_cell
edge:4574317b4b5415fe768f,16644518819893e2a156,3deb8b523e1826b9def9,7ba29f3a45abe1301651,bps_webapi,4,observation_materializes_cell
edge:6ddd67e2d98e2d4af881,ce1d5f8ca34bc50d10e0,3df965868ac6692be300,7ba29f3a45abe1301651,bps_webapi,4,observation_materializes_cell
edge:23993bff00c0ab1738dc,eaedc76b3fbfcf715706,3e0d9dc4d66517478bb2,7ba29f3a45abe1301651,bps_webapi,4,observation_materializes_cell
edge:4cfec3f73c53bdfb860f,8f484dcef1ee55d61d2f,3e0dcdc93315b7270157,7ba29f3a45abe1301651,bps_webapi,4,observation_materializes_cell
edge:bfbb1438340b57e720e1,dd88c8d0283e03fe598e,3e13c4a64fbaacd77717,aa7252a58f41161c17c3,bps_tpb_2024,1,observation_materializes_cell
edge:bc0fe738a9b3017d92e9,906a61d4b831d741ee52,3e13c4a64fbaacd77717,b132d2fab33291e0733e,bps_webapi,3,observation_materializes_cell
edge:619b2ca6de34d503a486,ccb57c2d3b3667223e32,3e177985c3d94576720a,7ba29f3a45abe1301651,bps_webapi,4,observation_materializes_cell
edge:706ff2faf71b35dff789,f2e2c094dff4c90f58b0,3e177985c3d94576720a,aa7252a58f41161c17c3,bps_tpb_2024,1,observation_materializes_cell
edge:0a4889d0d9e54c9da61a,7b2f75c1ad03d45c5f53,3e398cdf623926e23689,7ba29f3a45abe1301651,bps_webapi,4,observation_materializes_cell
edge:02597b12d6471d3f0bc1,910e51e98570d47a6edc,3e44fa84528f4349835d,7ba29f3a45abe1301651,bps_webapi,4,observation_materializes_cell
edge:9e1aaee6fc167a8e77ee,b984fce29665f3407110,3e4fadf7e0a7ef6b5678,7ba29f3a45abe1301651,bps_webapi,4,observation_materializes_cell
edge:d44b851a25486744f12d,dcc6963c93c562311f68,3e5204a2444dc76f9282,7ba29f3a45abe1301651,bps_webapi,4,observation_materializes_cell
edge:b35d1f421a6176712442,907fd2a1c2e7edadc90f,3e588d72d14fbcf0bde5,aa7252a58f41161c17c3,bps_tpb_2024,1,observation_materializes_cell
edge:b999d401f89defe4c86d,d5ae3efe25e2df9a116a,3e588d72d14fbcf0bde5,b132d2fab33291e0733e,bps_webapi,3,observation_materializes_cell
edge:5a8348a6d22e044c16fd,9c472dd1b23c3e4375ed,3e5e8fc3df27d932020b,7ba29f3a45abe1301651,bps_webapi,4,observation_materializes_cell
edge:5dfaff93f0a66bedaff5,ed804c7c38cb7fff0d9d,3e6de00ccf378af4cde5,7ba29f3a45abe1301651,bps_webapi,4,observation_materializes_cell
edge:ca35c1cf9ee16e0eab80,669bef0ddf24f3f518b1,3e7ddf81de7548a67b5e,aa7252a58f41161c17c3,bps_tpb_2024,1,observation_materializes_cell
edge:78b992c6a27f58e03eb6,725f7addc2f9fc8548ca,3e7ddf81de7548a67b5e,b132d2fab33291e0733e,bps_webapi,3,observation_materializes_cell
edge:5395b2d1bb4889706c94,4ddf5a99f9406de359cc,3e86ec547f27841df472,7ba29f3a45abe1301651,bps_webapi,4,observation_materializes_cell
edge:0edad27645a47bb30edc,ae45afd3a9268f21a8bf,3ea24d7fdcc05a1de001,7ba29f3a45abe1301651,bps_webapi,4,observation_materializes_cell
edge:ae19dbaae4069184edd5,77d2ce1c4728666823f3,3ea6ddd34759623ef6f4,7ba29f3a45abe1301651,bps_webapi,4,observation_materializes_cell
edge:e4ec5a4fb28acc6915d7,1d4e58fdd825c6e4ad9d,3ea9ca7d5c68a48fc7e1,7ba29f3a45abe1301651,bps_webapi,4,observation_materializes_cell
edge:ce67dd7558819ca9f9bc,bfe3ab9da005bfa85841,3ea9ca7d5c68a48fc7e1,aa7252a58f41161c17c3,bps_tpb_2024,1,observation_materializes_cell
edge:221141b9d09ee5eb285c,b822207dd351af418b96,3ea9d95a6ec5047b84f9,7ba29f3a45abe1301651,bps_webapi,4,observation_materializes_cell
edge:88d463bf3f4c7648a8c3,b374611568c2fa9be415,3ea9d95a6ec5047b84f9,aa7252a58f41161c17c3,bps_tpb_2024,1,observation_materializes_cell
edge:eba8196cd11b693246a4,85497ba0008aeee007c6,3ed73ad3a3ac0d2c3d56,7ba29f3a45abe1301651,bps_webapi,4,observation_materializes_cell
edge:47adcf7e3b6ab7ec03bc,e4d3725cd5e4926690fe,3ee7c7a5dc7fec885289,7ba29f3a45abe1301651,bps_webapi,4,observation_materializes_cell
edge:d5888381a738ba682268,22b8b956feed34c41676,3efbe0559786374c2eed,7ba29f3a45abe1301651,bps_webapi,4,observation_materializes_cell
edge:9fc279d66bdcaaaf65b2,a670904b406d032bf740,3f068f589477b352c5c8,7ba29f3a45abe1301651,bps_webapi,4,observation_materializes_cell
edge:ccdd9075f5d9854e0e26,80fceef218413bdc60e3,3f275baaf1eaccba2d77,7ba29f3a45abe1301651,bps_webapi,4,observation_materializes_cell
edge:a4ff2dd41774d2fd0ae5,fbefe0a7cb7775c2d34c,3f2a3c3a045522d438c8,7ba29f3a45abe1301651,bps_webapi,4,observation_materializes_cell
edge:c51b9c06c06d744740e9,027aa8018b6d90d4c6c6,3f2e0f9aaea2f4f73018,7ba29f3a45abe1301651,bps_webapi,4,observation_materializes_cell
edge:630afbef19c0b00e728a,3a6fe7207cd274f63125,3f480f69ca2ffb79a89e,7ba29f3a45abe1301651,bps_webapi,4,observation_materializes_cell
edge:8f4d1d9070299bb2b705,845e5c06ee14fb3e0a7c,3f48abed286d161727e8,7ba29f3a45abe1301651,bps_webapi,4,observation_materializes_cell
edge:78b24aac07718ab6c994,efb91a47833f0e70edea,3f48abed286d161727e8,aa7252a58f41161c17c3,bps_tpb_2024,1,observation_materializes_cell
edge:ded60ef2732789d4732d,9cf559565017eb11eccc,3f6b6b4bd036e2abbc6e,aa7252a58f41161c17c3,bps_tpb_2024,1,observation_materializes_cell
edge:17095de8164daa7b63cf,b3520b00760e39df8b0f,3f6b6b4bd036e2abbc6e,b132d2fab33291e0733e,bps_webapi,3,observation_materializes_cell
edge:4022f85dbba2a7191a39,672c13f1061f8e7c0fd9,3f73456d4a6a503fb4dc,7ba29f3a45abe1301651,bps_webapi,4,observation_materializes_cell
edge:a0bbb35502f7351ff59a,8c58955d1d33d295200e,3f8552a8b764a3daecd8,7ba29f3a45abe1301651,bps_webapi,4,observation_materializes_cell
edge:4201ea4f51de16129bf3,6539a68267538d05064c,3f927323a7c61ecf3bd2,7ba29f3a45abe1301651,bps_webapi,4,observation_materializes_cell
edge:c947d544def86facd725,240f8d35582764e164b3,3f927323a7c61ecf3bd2,aa7252a58f41161c17c3,bps_tpb_2024,1,observation_materializes_cell
edge:18127f64fc3df5c21a2f,e905b583148a28ffc51e,3fb6b3ad9a01961d3517,7ba29f3a45abe1301651,bps_webapi,4,observation_materializes_cell
edge:55edca396fbe929e7a36,06906e8660f2a3a070f4,3fbca82140d176941e0f,aa7252a58f41161c17c3,bps_tpb_2024,1,observation_materializes_cell
edge:ab96a7521fc14d755a3d,9fbb2627d01480e8ade7,3fbca82140d176941e0f,b132d2fab33291e0733e,bps_webapi,3,observation_materializes_cell
edge:8e6410249bb52e2d1aec,78b7654bd10d4107b435,3fc2fa29c946aeb30a0d,7ba29f3a45abe1301651,bps_webapi,4,observation_materializes_cell
edge:61a2b49ac0c95224f825,77a09a4f7444ec31c237,3fc326d2af364d6a57b6,7ba29f3a45abe1301651,bps_webapi,4,observation_materializes_cell
edge:75f3dc156458091d139f,aaf5c605a93a744b93c9,3fc885f6de351cc753c7,7ba29f3a45abe1301651,bps_webapi,4,observation_materializes_cell
edge:e3cf7e0b4cb7964b2a78,ddd1de449bec79f491b2,3fc885f6de351cc753c7,aa7252a58f41161c17c3,bps_tpb_2024,1,observation_materializes_cell
edge:ff1669d1c8720c15c729,ac6496d37b514b69e9a2,3fdb881496a54bbf368d,7ba29f3a45abe1301651,bps_webapi,4,observation_materializes_cell
edge:ad56d0611edacda9efc5,4f3a82be326f0d3e1395,3fddab79b9fbc79ad026,7ba29f3a45abe1301651,bps_webapi,4,observation_materializes_cell
edge:07ab701765936c3809d9,d35829836ff833a8c8b3,3feaeb9d190a1cc78823,7ba29f3a45abe1301651,bps_webapi,4,observation_materializes_cell
edge:e49a823ec0f8d78ec41e,0dc2e12111f31c3a653c,3fef607d25ed415819cd,7ba29f3a45abe1301651,bps_webapi,4,observation_materializes_cell
edge:e05ee82bc1cf38902c10,5116b6aafa618c04a4a0,3ffd23d4b7f037a16573,7ba29f3a45abe1301651,bps_webapi,4,observation_materializes_cell
edge:95b691090136c3b21d3c,d6912b299086b94cbe35,3ffd23d4b7f037a16573,aa7252a58f41161c17c3,bps_tpb_2024,1,observation_materializes_cell
edge:f911ab28bf1577114c0e,8af4d8d9d8ed5ff6b486,40007f6af176314203b2,7ba29f3a45abe1301651,bps_webapi,4,observation_materializes_cell
edge:431390ebf47a037ce9b7,2c3cfe00e25daf22af77,4007b0a1ace3d2efb9e2,7ba29f3a45abe1301651,bps_webapi,4,observation_materializes_cell
edge:204204362e324c93a5e0,a40defb21c708c97c97e,4011dac58946c255a704,7ba29f3a45abe1301651,bps_webapi,4,observation_materializes_cell
edge:5c18d4df2d1eef94f19e,03e5884ffe18dc437bfc,4011dac58946c255a704,aa7252a58f41161c17c3,bps_tpb_2024,1,observation_materializes_cell
edge:837c7882a5e94d961da1,bb756bb3f358b1fad54c,401470986ba7bc1d46f5,aa7252a58f41161c17c3,bps_tpb_2024,1,observation_materializes_cell
edge:c07b10219a253554675b,2a36d187ac6e2baa2e2a,401470986ba7bc1d46f5,b132d2fab33291e0733e,bps_webapi,3,observation_materializes_cell
edge:8398b59bd1458e3957b4,d204e76a55c2fcbc477b,4025b16b74a6cc8ee63b,7ba29f3a45abe1301651,bps_webapi,4,observation_materializes_cell
edge:c624f352296847df0fc5,b1f39a1023ce4681aa49,4054c67e3941b36438a5,7ba29f3a45abe1301651,bps_webapi,4,observation_materializes_cell
edge:651c5b8f51336a513bab,1890e7fd4a799952ab4e,405fd20e7832bd91d574,7ba29f3a45abe1301651,bps_webapi,4,observation_materializes_cell
edge:f3503ba06cb216036855,e65ba833eca3c035c338,405fd20e7832bd91d574,aa7252a58f41161c17c3,bps_tpb_2024,1,observation_materializes_cell
edge:041dd46dfbd0188f8b6a,96a348b9a28c405a27ef,4063d39326e5c060731c,7ba29f3a45abe1301651,bps_webapi,4,observation_materializes_cell
edge:a04dd933b3392c098f74,2098d57fe2f109034234,406bd19b3cdb5eff5638,7ba29f3a45abe1301651,bps_webapi,4,observation_materializes_cell
edge:1ab7e2424dc4abf896e8,000047354229c8e2c09d,4078f1bd6dd44fd77325,7ba29f3a45abe1301651,bps_webapi,4,observation_materializes_cell
edge:50ea51b111eefc286695,fbb5240d637d1118f817,408a297f0321503272dd,7ba29f3a45abe1301651,bps_webapi,4,observation_materializes_cell
edge:7666afc9152cdcfa257a,cb7c3b34e57ea7786cfb,408a297f0321503272dd,aa7252a58f41161c17c3,bps_tpb_2024,1,observation_materializes_cell
edge:155650e3c944a6bab4ae,5740ca3488fe9d22b425,408f6c296b1655dc9e29,7ba29f3a45abe1301651,bps_webapi,4,observation_materializes_cell
edge:3e0bb696756722b8d3bd,005717268ba30877c207,40a392bd7d3d38bbf483,7ba29f3a45abe1301651,bps_webapi,4,observation_materializes_cell
edge:7df9cdab5c7621d007fd,802b50a4c8dda67d946f,40ade5de586cdd266f59,aa7252a58f41161c17c3,bps_tpb_2024,1,observation_materializes_cell
edge:c8d792fa0bf49832f8f7,089e4dc92bb86acb7fc1,40ade5de586cdd266f59,b132d2fab33291e0733e,bps_webapi,3,observation_materializes_cell
edge:fbebf67ed232883d8ba8,2f5bae1c32aecd58f4b9,40aed57ab54f4a130995,7ba29f3a45abe1301651,bps_webapi,4,observation_materializes_cell
edge:9214553164f917cd3c44,35515697df1164395c95,40b28a8399f00d496eb0,7ba29f3a45abe1301651,bps_webapi,4,observation_materializes_cell
edge:90f6e2be9da39a323b3e,860eb50bc72cc7330a21,40bd4d119f1d5ccf5b79,7ba29f3a45abe1301651,bps_webapi,4,observation_materializes_cell
edge:591b9afc039098afddcd,6a71f886ce1518516bd0,40ce2e063cff7f754302,7ba29f3a45abe1301651,bps_webapi,4,observation_materializes_cell
edge:fa68fe1335971b651490,43a0b04a16f37a06aa7c,40f9f40e7f304e300c98,7ba29f3a45abe1301651,bps_webapi,4,observation_materializes_cell
edge:b0ca21bcf76b7f6d146e,c96b74da103b8c847f76,41000503e6a01218d071,aa7252a58f41161c17c3,bps_tpb_2024,1,observation_materializes_cell
edge:672b0af7943e98f4ffae,59759c79eb184b3aeb5b,41000503e6a01218d071,b132d2fab33291e0733e,bps_webapi,3,observation_materializes_cell
edge:ff3f3bb066828b158876,53dc83948bad2c7f6bb0,4131bcca345885a7ce27,aa7252a58f41161c17c3,bps_tpb_2024,1,observation_materializes_cell
edge:1565b5ef72358bd34b3c,de80baac42799baa7ecd,4131bcca345885a7ce27,b132d2fab33291e0733e,bps_webapi,3,observation_materializes_cell
edge:7deb242a28b17ee5d832,b900d42c37e88212a7b8,413b1a369bad71aa44c2,7ba29f3a45abe1301651,bps_webapi,4,observation_materializes_cell
edge:cf0bd68a89ee4bc2c48d,d9e84a6f169def9bc942,41485e2e85080def4b87,7ba29f3a45abe1301651,bps_webapi,4,observation_materializes_cell
edge:d22741827dabf9a2ba42,9905b2901e4e455002d3,41485e2e85080def4b87,aa7252a58f41161c17c3,bps_tpb_2024,1,observation_materializes_cell
edge:dac7299404af917aec2a,367432dad725b7f249a2,415a0b89cc13f503407d,7ba29f3a45abe1301651,bps_webapi,4,observation_materializes_cell
edge:a4dd2be58897014c15f3,522acdd413220b7e131c,4166b79514eeade8b707,7ba29f3a45abe1301651,bps_webapi,4,observation_materializes_cell
edge:b61d04fa4d64357acdfc,52b81bd35e98d0e88563,41676343002b369abd57,7ba29f3a45abe1301651,bps_webapi,4,observation_materializes_cell
edge:c58f5e5c2fe6e8618e95,6583dc2c97b2fd5bfc86,416aaf148fdcf5e9fbd2,7ba29f3a45abe1301651,bps_webapi,4,observation_materializes_cell
edge:f48d76aafcf476ad8c26,3f506252ea918e99469e,417c35bd6f0637ad586f,7ba29f3a45abe1301651,bps_webapi,4,observation_materializes_cell
edge:c96aff32795137ccc9d9,5eec3bcf85e102519143,41936c272d3421d5e00e,7ba29f3a45abe1301651,bps_webapi,4,observation_materializes_cell
edge:8e65a352aebf38a31df2,5d8d5cd3e464034c56f1,419d8bcd527833bde866,7ba29f3a45abe1301651,bps_webapi,4,observation_materializes_cell
edge:d6d19ce854cc8c20e056,e94e54829ae9ada83bbf,419d8bcd527833bde866,aa7252a58f41161c17c3,bps_tpb_2024,1,observation_materializes_cell
edge:9ff23c11ee43fb43ac26,93efeb5666a1bb4ea9f1,41a6b238fd4c5eefebba,7ba29f3a45abe1301651,bps_webapi,4,observation_materializes_cell
edge:4983af72c49e1dba5e9e,7ea25ce73d6082819144,41bf53624dbdab2af74b,7ba29f3a45abe1301651,bps_webapi,4,observation_materializes_cell
edge:8a857adb52a01a930f59,1b32d69f359c09c008fc,41c666532ebd04453e40,7ba29f3a45abe1301651,bps_webapi,4,observation_materializes_cell
edge:515a55c421c0fa884c3b,b1257944fb1494d471de,41d2b3a869cb78b07999,7ba29f3a45abe1301651,bps_webapi,4,observation_materializes_cell
edge:f4ec9d8377ab673680a1,629dc99f0e1fd20d533a,41f693f666f0f59f1758,7ba29f3a45abe1301651,bps_webapi,4,observation_materializes_cell
edge:1eb776598d2ffd04d362,37bfb328f282a603e048,4205fb5cfcd285ed01e3,7ba29f3a45abe1301651,bps_webapi,4,observation_materializes_cell
edge:f99d82c4fbf99f012f34,812580e3121df5449cb9,4214469df559fe39b372,7ba29f3a45abe1301651,bps_webapi,4,observation_materializes_cell
edge:99feb875013ceafd85cd,f89b5befb09fa9b3d2dd,4241a6e45ef2a2e16ec5,7ba29f3a45abe1301651,bps_webapi,4,observation_materializes_cell
edge:810fb66dec1c2302ee71,db8523982a37c8fbb629,4241a6e45ef2a2e16ec5,aa7252a58f41161c17c3,bps_tpb_2024,1,observation_materializes_cell
edge:c963ee0984f630aef537,2c1166f617ed0d3b457e,42562fadfd8a0cad3ccf,aa7252a58f41161c17c3,bps_tpb_2024,1,observation_materializes_cell
edge:16172bf6cbc9997f3599,39abaead36e267f50b38,42562fadfd8a0cad3ccf,b132d2fab33291e0733e,bps_webapi,3,observation_materializes_cell
edge:d89f6b32ec8056966d66,db9360c1ece35b7944b1,4256be399efb911ae0d3,aa7252a58f41161c17c3,bps_tpb_2024,1,observation_materializes_cell
edge:f7dff9e754f6aeff2a1d,ef8a97ea86314785afd7,4256be399efb911ae0d3,b132d2fab33291e0733e,bps_webapi,3,observation_materializes_cell
edge:233619395363d93e9c2a,b5f244f5a2cf5044e6d6,42584f3348c5c0ea1405,7ba29f3a45abe1301651,bps_webapi,4,observation_materializes_cell
edge:12609246f8c4d471fa76,9d1b59f645d70e73e62e,425afe3e371a5f65e734,7ba29f3a45abe1301651,bps_webapi,4,observation_materializes_cell
edge:012a6defe43d454f8595,78b7de8ea2e994bfc1ed,425bfdd5ca02ab3e3cc1,7ba29f3a45abe1301651,bps_webapi,4,observation_materializes_cell
edge:459c0a53a60ccb3e7d80,6ad6dfc4b05d0f292d1f,425bfdd5ca02ab3e3cc1,aa7252a58f41161c17c3,bps_tpb_2024,1,observation_materializes_cell
edge:a5546cf15079896f9def,33ed0ae7325e5e0096d3,4268c95bc8612e2ea21c,7ba29f3a45abe1301651,bps_webapi,4,observation_materializes_cell
edge:4ce81766d521a16f896f,654643399af6643869fc,426a9d47185f4746dd06,7ba29f3a45abe1301651,bps_webapi,4,observation_materializes_cell
edge:91de43215a33ac680e3a,f625832cab117463e947,426bafdfa73b648782ed,7ba29f3a45abe1301651,bps_webapi,4,observation_materializes_cell
edge:96f6834f6f555a28e075,470c343ee55060f8df9f,426cbf58715ccf7f8be0,7ba29f3a45abe1301651,bps_webapi,4,observation_materializes_cell
edge:09b516d07db16f09d300,157fe5c8c8bbcc72bb57,4273e154296ee05e28cd,7ba29f3a45abe1301651,bps_webapi,4,observation_materializes_cell
edge:4f96d24316309f084891,b16a58032f1f7ddb52b7,42968cb4ede5df84d7df,aa7252a58f41161c17c3,bps_tpb_2024,1,observation_materializes_cell
edge:e27b3095a28b4c2d77f8,735d67cb4b164555506f,42968cb4ede5df84d7df,b132d2fab33291e0733e,bps_webapi,3,observation_materializes_cell
edge:0157f97c0f7497c6d57d,2be7c42e74949b1d85be,42a6d0ae35144e62b712,7ba29f3a45abe1301651,bps_webapi,4,observation_materializes_cell
edge:bfe6cf3a4c71dd00dad9,b9dbe088b2123f5f26b8,42ac967bbf9aa0990e46,7ba29f3a45abe1301651,bps_webapi,4,observation_materializes_cell
edge:b342d87df2d50ec63d3c,b65338443656d7bb0b0a,42b241b9ec1987fadb0a,7ba29f3a45abe1301651,bps_webapi,4,observation_materializes_cell
edge:15133b1bb2d4b3388a0a,985d1a7477d27e7f1134,42bbb3c8d1b795634f9f,7ba29f3a45abe1301651,bps_webapi,4,observation_materializes_cell
edge:632a6f5e7de25297f3ab,3f137d44c5c9dcbaf90c,42c2e561541db7d190f7,7ba29f3a45abe1301651,bps_webapi,4,observation_materializes_cell
edge:cb517f40db0bca7d8aeb,5a04796a95b8e509a544,42c2e561541db7d190f7,aa7252a58f41161c17c3,bps_tpb_2024,1,observation_materializes_cell
edge:93a215918bd2b4f81188,f2593b3131910647ba5c,42cf19e36214fc6e6f30,7ba29f3a45abe1301651,bps_webapi,4,observation_materializes_cell
edge:541a2e9c7ea4a3bb5316,d07e694943e747540435,42cf19e36214fc6e6f30,aa7252a58f41161c17c3,bps_tpb_2024,1,observation_materializes_cell
edge:b0fca07a0c644624a8d7,a1e8e3e371b0b75581bf,42d6b4806662642e518c,7ba29f3a45abe1301651,bps_webapi,4,observation_materializes_cell
edge:7c7419c0400a8cad00cf,e120af8bdca13a8313a4,42dd9d9da75ef419a3ff,aa7252a58f41161c17c3,bps_tpb_2024,1,observation_materializes_cell
edge:4061207d4997d1bfc3ca,03705acf69d1e185bc8d,42dd9d9da75ef419a3ff,b132d2fab33291e0733e,bps_webapi,3,observation_materializes_cell
edge:98e432e053daa70ef57a,b97856fbba54885a9384,42eb9baefad94dd4fe85,aa7252a58f41161c17c3,bps_tpb_2024,1,observation_materializes_cell
edge:5811e16f2c6ef9ce1da6,46fad5e3074ba465116d,42eb9baefad94dd4fe85,b132d2fab33291e0733e,bps_webapi,3,observation_materializes_cell
edge:0f02d548d339659f3088,c6d576b0ee3cac508de3,4302c71b7a9174f224fb,7ba29f3a45abe1301651,bps_webapi,4,observation_materializes_cell
edge:58a76ad1a490d5f46038,829d583229b3a0906c53,4302c71b7a9174f224fb,aa7252a58f41161c17c3,bps_tpb_2024,1,observation_materializes_cell
edge:449756e62c896d0b39ec,1e31f70cfc5f8918f9de,430f4b537ba424d778b3,7ba29f3a45abe1301651,bps_webapi,4,observation_materializes_cell
edge:d6032ad6b8f964d5aa63,fb2f4556f509afa6e82f,430f4b537ba424d778b3,aa7252a58f41161c17c3,bps_tpb_2024,1,observation_materializes_cell
edge:11b8f280b9b25d1907bd,63f6b64d99ecd1729b0d,43132e6386e5da042d95,7ba29f3a45abe1301651,bps_webapi,4,observation_materializes_cell
edge:75a2b3793cc6e0277eb5,5f51d768e908ea16ca2c,4320d5428a7b9d037594,7ba29f3a45abe1301651,bps_webapi,4,observation_materializes_cell
edge:86ac3848f9e1b7fae10e,172a89a79f3b0bb1b299,4320d5428a7b9d037594,aa7252a58f41161c17c3,bps_tpb_2024,1,observation_materializes_cell
edge:9db26e22c021ae093a37,4a84bc8458d82b7319b8,432db2223b826bcb21ff,7ba29f3a45abe1301651,bps_webapi,4,observation_materializes_cell
edge:0e4c847858f7e7178549,3cf9f1e05941e853ba28,43307f9b272b3b32841b,7ba29f3a45abe1301651,bps_webapi,4,observation_materializes_cell
edge:4c5cc89dddc3970e7eeb,d0f862dccf1e4d8dc6df,43307f9b272b3b32841b,aa7252a58f41161c17c3,bps_tpb_2024,1,observation_materializes_cell
edge:c1eeff9e5600c3d00e40,c1e035adb0da9ffff7ef,4332f3f86052402fe39b,7ba29f3a45abe1301651,bps_webapi,4,observation_materializes_cell
edge:92e0481cb9b0f3bbaab2,23be9a553ece832beda0,4341b651f5ca07cde039,aa7252a58f41161c17c3,bps_tpb_2024,1,observation_materializes_cell
edge:c971bcd3b9f07844609e,1101b12506210a63e94d,4341b651f5ca07cde039,b132d2fab33291e0733e,bps_webapi,3,observation_materializes_cell
edge:8ee0fbad7c59ac7a92b8,e9f8b1fb0caae6b95831,434ed4ff088f5d4e91bb,7ba29f3a45abe1301651,bps_webapi,4,observation_materializes_cell
edge:7a1843d24e1c954dca19,9942fdd556d8327b4a2b,43656d567d386e352a63,7ba29f3a45abe1301651,bps_webapi,4,observation_materializes_cell
edge:6695da41a386137e1d22,49de39e6bfbdaf6296b6,436827deeb10013709df,7ba29f3a45abe1301651,bps_webapi,4,observation_materializes_cell
edge:f1349336f4e15d92a6f3,074fa9a7a16795795221,43689fb65968d4d840b6,7ba29f3a45abe1301651,bps_webapi,4,observation_materializes_cell
edge:686dfbafeab83c070413,3b1e200ab978dac7300f,43689fb65968d4d840b6,aa7252a58f41161c17c3,bps_tpb_2024,1,observation_materializes_cell
edge:66f247c9be943e4a9c02,9d8f6977c2322101f0a9,436c419cc691554fc236,7ba29f3a45abe1301651,bps_webapi,4,observation_materializes_cell
edge:ed98ff48e223e641c4e7,6919333f42b4236cd6a4,437bf91a30b96d50b4f6,7ba29f3a45abe1301651,bps_webapi,4,observation_materializes_cell
edge:d0f4e3975386decac6f7,ce4bf085c1f7fe53ea38,438c6f032690e98d24ce,7ba29f3a45abe1301651,bps_webapi,4,observation_materializes_cell
edge:904eb5d4e76bd7aa5fab,b66588f127eb34785696,438e7cdceee01cf6ee8c,aa7252a58f41161c17c3,bps_tpb_2024,1,observation_materializes_cell
edge:62fe9520c5853687abec,73802bf08d1e4cb03621,438e7cdceee01cf6ee8c,b132d2fab33291e0733e,bps_webapi,3,observation_materializes_cell
edge:1a96544f20fb367b4820,64e2d3db4909329ba278,4395ebe844090fce37c2,7ba29f3a45abe1301651,bps_webapi,4,observation_materializes_cell
edge:f53a715bc5d6ab4caf7d,d34d24975fd00378e3e5,43a7ba19ab38ebedf6a6,aa7252a58f41161c17c3,bps_tpb_2024,1,observation_materializes_cell
edge:f82271003727f38e3398,24cbed1a5957a959082b,43a7ba19ab38ebedf6a6,b132d2fab33291e0733e,bps_webapi,3,observation_materializes_cell
edge:7b4f5ca4b57663ae5c29,4cac8b704c3024de14ec,43aad29c84ff74b01b93,7ba29f3a45abe1301651,bps_webapi,4,observation_materializes_cell
edge:5a3a34e61d20877b7ea2,0b2c5562f773d866c4c0,43adedf453fc9dc206f1,aa7252a58f41161c17c3,bps_tpb_2024,1,observation_materializes_cell
edge:b011cac3598ff977f169,b37bcd96650af32af157,43adedf453fc9dc206f1,b132d2fab33291e0733e,bps_webapi,3,observation_materializes_cell
edge:960cdc8fc8eb2f6b45e0,b8a4528f11a42ef9775b,43baeeafb9600dfdee68,7ba29f3a45abe1301651,bps_webapi,4,observation_materializes_cell
edge:230f8d21e7f45d1393e3,c3e1d4b43cee5d291847,43c42884f45618dee6f0,7ba29f3a45abe1301651,bps_webapi,4,observation_materializes_cell
edge:bc164e88e239c46bb867,63b19c1a6761134ac846,43c7cf853cf3d950df56,7ba29f3a45abe1301651,bps_webapi,4,observation_materializes_cell
edge:e131aa7166f2e42e2f88,fd8d5ed18a197e12584f,43d4c10a5f258fdb3101,7ba29f3a45abe1301651,bps_webapi,4,observation_materializes_cell
edge:2acb35e912757d3e140d,27a63d299384930f22a4,43dec4930082ede46be3,7ba29f3a45abe1301651,bps_webapi,4,observation_materializes_cell
edge:39d47e3d2afe92f97f43,6a9012821818950ea52f,43e0e485866cb635c51d,7ba29f3a45abe1301651,bps_webapi,4,observation_materializes_cell
edge:adeced8483f2463c391a,9b6157f5f1fe471f1c9c,44087514aa4a198def29,7ba29f3a45abe1301651,bps_webapi,4,observation_materializes_cell
edge:81eae8be6cd071cb40d8,3a734835390eebc42202,441ea0498e05f1520bad,7ba29f3a45abe1301651,bps_webapi,4,observation_materializes_cell
edge:49660a9dd70d9b793348,383d8aa7687621aabe66,443527b29d01467418e4,7ba29f3a45abe1301651,bps_webapi,4,observation_materializes_cell
edge:49ea508db230c5d6ca28,11222cbb8f6dff4eece0,443527b29d01467418e4,aa7252a58f41161c17c3,bps_tpb_2024,1,observation_materializes_cell
edge:8c4cd44a20b2da682d7f,7d7646e3822bea26ab4f,443719d6f6f44497fa09,aa7252a58f41161c17c3,bps_tpb_2024,1,observation_materializes_cell
edge:53a01c832430474fb188,69a7c93c3c5055f78775,443719d6f6f44497fa09,b132d2fab33291e0733e,bps_webapi,3,observation_materializes_cell
edge:346f9f29682a0bb16b2e,08980274fafaef9ab3a2,443cab5d5d720fb4ccb0,7ba29f3a45abe1301651,bps_webapi,4,observation_materializes_cell
edge:5e52d831ececfbf20475,9c28d54fbade17fa6006,443cab5d5d720fb4ccb0,aa7252a58f41161c17c3,bps_tpb_2024,1,observation_materializes_cell
edge:1e4c3282635ea8a9f637,4403b172624bdd8aadc0,44425870531fe9bbaa18,7ba29f3a45abe1301651,bps_webapi,4,observation_materializes_cell
edge:01bb520ce4c0d846fe9c,3c83065d069b96a08a26,444acf6816f9a03f661d,7ba29f3a45abe1301651,bps_webapi,4,observation_materializes_cell
edge:92b1674cf9500533d867,491c9161820bd05dd33c,444dd44ff299015556f0,7ba29f3a45abe1301651,bps_webapi,4,observation_materializes_cell
edge:190a33f18d576f399c25,d5deb5150a78ea95f279,44531f30bbaa9c0d63f6,7ba29f3a45abe1301651,bps_webapi,4,observation_materializes_cell
edge:9ba3e8761ec88fd03b07,55f0fe741419b40a1a64,4476f4167abab6bc9ab1,7ba29f3a45abe1301651,bps_webapi,4,observation_materializes_cell
edge:2b15557a81fe6f210232,7f402417bc84e76c0aac,44802f74f03570e35932,7ba29f3a45abe1301651,bps_webapi,4,observation_materializes_cell
edge:ee1d1c47e4cec15e1640,2b958b3ccda58faa9a20,4492f58c2bbce2a2d5f9,7ba29f3a45abe1301651,bps_webapi,4,observation_materializes_cell
edge:ea5be9448e9cb704aeb3,7f02da72715b4c6e5d05,4493e08e91291ce17a30,7ba29f3a45abe1301651,bps_webapi,4,observation_materializes_cell
edge:80c8147cbee9cc3b9c5c,47b3774ee6aa7eb20a57,4493e08e91291ce17a30,aa7252a58f41161c17c3,bps_tpb_2024,1,observation_materializes_cell
edge:ce5b24a875c0bc731fda,046b83dde574c3f1fb86,449f8db345458da58d0e,7ba29f3a45abe1301651,bps_webapi,4,observation_materializes_cell
edge:46637f0d5c1d09d4ab36,65e720dbad01ef187dbd,44ac7d5f36023987a2dc,7ba29f3a45abe1301651,bps_webapi,4,observation_materializes_cell
edge:1806c9c00aa370832ba7,c91824a9217ecf9dd60f,44d810a934d838714b4a,7ba29f3a45abe1301651,bps_webapi,4,observation_materializes_cell
edge:ac6367476e58d6874838,569b708ca2c7ede4f5ea,44dadc63bec1471f4057,7ba29f3a45abe1301651,bps_webapi,4,observation_materializes_cell
edge:85c6071a9224cb3b1cd3,b9df3f84e45f882f2e78,44dda90f82e598782f4a,7ba29f3a45abe1301651,bps_webapi,4,observation_materializes_cell
edge:28208ad0c5bb8336df7b,a5c6a9646833085b35bf,44e99d9a258d4d6fce70,7ba29f3a45abe1301651,bps_webapi,4,observation_materializes_cell
edge:9c3ed5b532b34e377358,f4213f5af4518953cadf,44e9efa45397b4f2d6ae,7ba29f3a45abe1301651,bps_webapi,4,observation_materializes_cell
edge:fed92060c8ff8f366956,abca316920d88b5a7b2b,44f5c6a286a8b22cffed,7ba29f3a45abe1301651,bps_webapi,4,observation_materializes_cell
edge:2621950b97de4f3d8f71,2167d3986f15e6fb1768,44fe5b438f194db98a42,7ba29f3a45abe1301651,bps_webapi,4,observation_materializes_cell
edge:5a5782713babd406edc5,783d645ee8a1a965f0a4,45078db5c35522837e82,7ba29f3a45abe1301651,bps_webapi,4,observation_materializes_cell
edge:01cd8629101c83b632db,63625f4a9c2754ea4bba,4508db59bfe79cba9d15,7ba29f3a45abe1301651,bps_webapi,4,observation_materializes_cell
edge:9ef86cc3a5235d10b722,f53e111d2c970412bb27,4537dedbc4e54b7adadb,7ba29f3a45abe1301651,bps_webapi,4,observation_materializes_cell
edge:d74eb4f0aefb6c3bf173,52c8851e1a118e2b19dd,4537dedbc4e54b7adadb,aa7252a58f41161c17c3,bps_tpb_2024,1,observation_materializes_cell
edge:71ef39297a43e0d8095d,14b5d7dc3f153935e593,454685dc8512931200da,7ba29f3a45abe1301651,bps_webapi,4,observation_materializes_cell
edge:f02bd00ef69327e9eb64,8337a6caf7b249abd355,455dff8c248a0d42e0cd,7ba29f3a45abe1301651,bps_webapi,4,observation_materializes_cell
edge:9de5dc1c08735266077d,65a66aa3c8a3aa647fdb,458902ff9908bf321907,7ba29f3a45abe1301651,bps_webapi,4,observation_materializes_cell
edge:467556b0484fa4489a61,0d2b199b52a44784c3c3,45938336162046a3a6fb,7ba29f3a45abe1301651,bps_webapi,4,observation_materializes_cell
edge:e279dc808de1ff8bedb5,53a9ebe2c29a8df547e8,45bc0370bfc6146a5727,7ba29f3a45abe1301651,bps_webapi,4,observation_materializes_cell
edge:ab5f7f1823520248b903,2b01c7b272473f9533ca,45bcd12c2d5e7aaa36cd,7ba29f3a45abe1301651,bps_webapi,4,observation_materializes_cell
edge:1062baf96c6b5ea42810,002fea5b5327bd419510,45bdd3701c1510e1b5b8,7ba29f3a45abe1301651,bps_webapi,4,observation_materializes_cell
edge:2429e5f7b76a52201bc9,238e524052b7d3fdfbb9,45c39200e7a69df3494c,7ba29f3a45abe1301651,bps_webapi,4,observation_materializes_cell
edge:9be78c6f0e82496dfecd,c991f12fe685c4df67c5,45c9b0bb1c35e32698fd,aa7252a58f41161c17c3,bps_tpb_2024,1,observation_materializes_cell
edge:990ffc1604efbdab9df2,495926ad8baaaccb7151,45c9b0bb1c35e32698fd,b132d2fab33291e0733e,bps_webapi,3,observation_materializes_cell
edge:ab050a01a1cd20bcc827,f9585ef53dc20a48523c,45d9272f0c1b5cbd3774,7ba29f3a45abe1301651,bps_webapi,4,observation_materializes_cell
edge:b2f2600e781a5c123e08,97c884e782785fcbe07d,45fd54451689edb2fe90,7ba29f3a45abe1301651,bps_webapi,4,observation_materializes_cell
edge:2cb67fcedf11999f457a,6e1303b418cb10acd48b,4603d6118c2ab9615ef1,7ba29f3a45abe1301651,bps_webapi,4,observation_materializes_cell
edge:18d9f31ef8310c5afca3,2fcb07ecab98eab66f72,4604330e9f080a99b2d0,7ba29f3a45abe1301651,bps_webapi,4,observation_materializes_cell
edge:5e50d10c8a67d6d7e7d0,0142eb3a77e05a9a565b,461e8380b437f5034d3c,7ba29f3a45abe1301651,bps_webapi,4,observation_materializes_cell
edge:33b56eeb3dc99e2fd2c6,b8fa6cf662a6751a888b,461e8380b437f5034d3c,aa7252a58f41161c17c3,bps_tpb_2024,1,observation_materializes_cell
edge:f19f13bac7c57cff17c6,e30e4d6e73303d5240da,461ed15820c08e959cc6,aa7252a58f41161c17c3,bps_tpb_2024,1,observation_materializes_cell
edge:f1287cb1b86cf8356d37,b6b68c9a77eff32b885e,461ed15820c08e959cc6,b132d2fab33291e0733e,bps_webapi,3,observation_materializes_cell
edge:90789ed4db0f87ef2c10,05745a7870f80571eafd,4628dbcbf2a44f907fb5,7ba29f3a45abe1301651,bps_webapi,4,observation_materializes_cell
edge:5fecbc84f6c301283bff,a3121b736ea455ddfab4,462b3dd5acc9d6a0f601,7ba29f3a45abe1301651,bps_webapi,4,observation_materializes_cell
edge:aa3cc2964199f10815a8,5bbb9e520145c80f50aa,4634006462eb81c43f7c,7ba29f3a45abe1301651,bps_webapi,4,observation_materializes_cell
edge:405909939b39bfafe5de,8d2cfd1986bc49970105,464407b50ce1e76aad9a,aa7252a58f41161c17c3,bps_tpb_2024,1,observation_materializes_cell
edge:90a903e1bd40187600d4,775afd7e3c5a1b3f4002,464407b50ce1e76aad9a,b132d2fab33291e0733e,bps_webapi,3,observation_materializes_cell
edge:83d003adaa22f034a81d,8447dd61b88819750898,46545ebb1e34d929c99a,aa7252a58f41161c17c3,bps_tpb_2024,1,observation_materializes_cell
edge:7bbc031410813f859d06,54cba0edf7213edba69a,46545ebb1e34d929c99a,b132d2fab33291e0733e,bps_webapi,3,observation_materializes_cell
edge:29d7070b72ed7830096d,27c79291a08391890589,465e3846fa3d090cc082,7ba29f3a45abe1301651,bps_webapi,4,observation_materializes_cell
edge:8b14b131c8dbf755b611,71d7eed19219d01de4df,4663dd52944e7aa5b2cc,7ba29f3a45abe1301651,bps_webapi,4,observation_materializes_cell
edge:c5ed3ccba63e268047b6,59cea8e6b2dd8c6df5d7,466402b8f9e4010a09da,7ba29f3a45abe1301651,bps_webapi,4,observation_materializes_cell
edge:cac0da9ccbc9a181d9ea,e736539c5fa90f7f3b6e,4665fe484a8db27b46fa,7ba29f3a45abe1301651,bps_webapi,4,observation_materializes_cell
edge:5af9432306a552f0b4c1,e8c45ae5eee03954b800,4665fe484a8db27b46fa,aa7252a58f41161c17c3,bps_tpb_2024,1,observation_materializes_cell
edge:8f75cc221d2b134f84c6,91fbeee349756b25d495,466d3a934292d94c7e99,7ba29f3a45abe1301651,bps_webapi,4,observation_materializes_cell
edge:4a790069aa5adc88b071,8c1fb72824f4afe91a7b,467dd22ac47a87b7a550,7ba29f3a45abe1301651,bps_webapi,4,observation_materializes_cell
edge:4b7101406fede65df2bc,500ecbcc7b3c3a49729f,467f9f7d5761ab5c0e4e,7ba29f3a45abe1301651,bps_webapi,4,observation_materializes_cell
edge:75a1d1b94e78f582d9d6,46e8cd8565edb7eece32,46840b68d9a22c319af0,7ba29f3a45abe1301651,bps_webapi,4,observation_materializes_cell
edge:01b0904417fa534e2108,6ed24a160a426e5724de,468571f714d01d103c20,7ba29f3a45abe1301651,bps_webapi,4,observation_materializes_cell
edge:3687350dd4dd79193573,57482d997c0864ee243e,468d118c3ac912f083e5,7ba29f3a45abe1301651,bps_webapi,4,observation_materializes_cell
edge:3955522d4bada63955d9,bb932f12bcf67818a2b8,468daa692bd10cb376e8,aa7252a58f41161c17c3,bps_tpb_2024,1,observation_materializes_cell
edge:8f7b408da998fddd3a20,7042ce47eb278d8a014c,468daa692bd10cb376e8,b132d2fab33291e0733e,bps_webapi,3,observation_materializes_cell
edge:dae0b955afd1449aa95f,3a6d721cadc42786437f,46903d624b45ba35a388,7ba29f3a45abe1301651,bps_webapi,4,observation_materializes_cell
edge:b6ff12976068084fb358,c6df083f68c942a768e7,46a4b07bbc98e48187ab,aa7252a58f41161c17c3,bps_tpb_2024,1,observation_materializes_cell
edge:5512f37de574986380c6,210fdc470c34e999568a,46a4b07bbc98e48187ab,b132d2fab33291e0733e,bps_webapi,3,observation_materializes_cell
edge:d17c53b7cde552125f9e,c8f40ebca4c1012b8ad1,46c035712e38e0228b6f,aa7252a58f41161c17c3,bps_tpb_2024,1,observation_materializes_cell
edge:cfdab965371254ab1b88,c689f284c726b37b0293,46c035712e38e0228b6f,b132d2fab33291e0733e,bps_webapi,3,observation_materializes_cell
edge:537b5871e67e88775da8,e4a5dd02b7a428f6757f,46c1d4ffced1869b3a8d,7ba29f3a45abe1301651,bps_webapi,4,observation_materializes_cell
edge:9a61f285bcb95465f6de,1001204a574fede94d2b,46c3c0a21ca8933bfdcd,7ba29f3a45abe1301651,bps_webapi,4,observation_materializes_cell
edge:4e2259eed92ab3883c56,8f070c550260c26c11a1,46c74659750c193ae97a,7ba29f3a45abe1301651,bps_webapi,4,observation_materializes_cell
edge:5d335546142972b3f6da,fb5f7584135ee82f8033,46c8f106de63ada908e7,7ba29f3a45abe1301651,bps_webapi,4,observation_materializes_cell
edge:90cb6ad4dd301a7c7142,595baee987afd2404d51,46c95f4d9ae9e2b06b5c,7ba29f3a45abe1301651,bps_webapi,4,observation_materializes_cell
edge:5e2ae48e606e747d92bc,ef74d32ed15c36f32872,46ce626c55a3e5dbbea3,7ba29f3a45abe1301651,bps_webapi,4,observation_materializes_cell
edge:bdd1de6b2b34d703ad05,4a5ff0d6b6e293e6d609,46da43d273b5b8f28247,7ba29f3a45abe1301651,bps_webapi,4,observation_materializes_cell
edge:5590591517c1aab77b73,4b4810e1028ef74e4e0a,46da43d273b5b8f28247,aa7252a58f41161c17c3,bps_tpb_2024,1,observation_materializes_cell
edge:71866599a605d5769b40,3a55762871f642524f4d,46dd47f8c9ccc618fa25,7ba29f3a45abe1301651,bps_webapi,4,observation_materializes_cell
edge:7c226f218b5d9cc87f77,68ef9b1cc0a486b26a53,46e0727d51eef7888c98,7ba29f3a45abe1301651,bps_webapi,4,observation_materializes_cell
edge:d17ee5b7b4df376b6dcd,f0d63f7f51e0f8001ef7,46fe534d538ef3bf8775,7ba29f3a45abe1301651,bps_webapi,4,observation_materializes_cell
edge:8da04fb423850e8b477b,e7543ca66bd3395f2579,47166b700d9221918e7a,7ba29f3a45abe1301651,bps_webapi,4,observation_materializes_cell
edge:cab29cbb5cf5aab2b5f0,bddc7dcdfc4e54521144,471a3ba16a50c86b725f,7ba29f3a45abe1301651,bps_webapi,4,observation_materializes_cell
edge:350feb5a3717c3446a8d,28c67671285f742412a2,471bc7fb0920d75b750c,7ba29f3a45abe1301651,bps_webapi,4,observation_materializes_cell
edge:cacaeb90268d5076c3d7,a65161932b5413fcd1ed,4723c4d9c104a9063d0c,aa7252a58f41161c17c3,bps_tpb_2024,1,observation_materializes_cell
edge:95a9364db2febf57eaad,f59e758fd3018099ece9,4723c4d9c104a9063d0c,b132d2fab33291e0733e,bps_webapi,3,observation_materializes_cell
edge:965925facd75cc641a2e,281f77a0a6e00a8be5d7,47273c8ada86cc735b5f,7ba29f3a45abe1301651,bps_webapi,4,observation_materializes_cell
edge:31a2f82fb17956923222,bb23149ff40963c403d1,47273c8ada86cc735b5f,aa7252a58f41161c17c3,bps_tpb_2024,1,observation_materializes_cell
edge:5435e451194544049be3,07827fcc9b127663b9da,472ca2c321bbafc0a471,7ba29f3a45abe1301651,bps_webapi,4,observation_materializes_cell
edge:90a74f2a1e0be2890f5a,ddfd99a7e8302588dd1b,4734c8bb6af6068c7658,aa7252a58f41161c17c3,bps_tpb_2024,1,observation_materializes_cell
edge:6c8e8723051845a10dbb,456aad427ad22dbbf025,4734c8bb6af6068c7658,b132d2fab33291e0733e,bps_webapi,3,observation_materializes_cell
edge:1b5173fef1fdbbd22d97,73272c6959c6642132e3,473c18bfa596bef738ff,7ba29f3a45abe1301651,bps_webapi,4,observation_materializes_cell
edge:b97e1640da991708dd98,c224428d951fba7c8e05,473c18bfa596bef738ff,aa7252a58f41161c17c3,bps_tpb_2024,1,observation_materializes_cell
edge:59bcbd50b263e0b67785,678b6e60432483806f4d,473d3f8b67ccd5db5a86,7ba29f3a45abe1301651,bps_webapi,4,observation_materializes_cell
edge:1aaef07e39da7368955a,67736089774b5189a9b8,4760f57d52b2366a76a5,7ba29f3a45abe1301651,bps_webapi,4,observation_materializes_cell
edge:b0375a8d7a32b5a83987,695fc1c12beb78f7ae04,476452c1835af6597f59,7ba29f3a45abe1301651,bps_webapi,4,observation_materializes_cell
edge:5e7f1d861cafb3fdca0a,b66c4ac612c57140ee81,4767fd9bcbbc19b981a9,7ba29f3a45abe1301651,bps_webapi,4,observation_materializes_cell
edge:e571d9193574808b81d4,4810bd9b2c8d44a42db0,4769bba9e3519f135739,aa7252a58f41161c17c3,bps_tpb_2024,1,observation_materializes_cell
edge:b6e49a8d075eb910aaa3,ba4e2f442f345dba417e,4769bba9e3519f135739,b132d2fab33291e0733e,bps_webapi,3,observation_materializes_cell
edge:f2d2caa3caa087a658a7,055ac840f60369fd8a6c,476b357931509ef83008,aa7252a58f41161c17c3,bps_tpb_2024,1,observation_materializes_cell
edge:5fca1f14c360abe34359,420c4f265384a9bfae57,476b357931509ef83008,b132d2fab33291e0733e,bps_webapi,3,observation_materializes_cell
edge:0f98a11edd95a5ff7dda,d2bf126b5ddcfb79121a,478b50ced89d3554e405,7ba29f3a45abe1301651,bps_webapi,4,observation_materializes_cell
edge:1504bfcb6b7f8a11d869,c39f737e12a5f8869301,479007338e68875de26c,7ba29f3a45abe1301651,bps_webapi,4,observation_materializes_cell
edge:488dfec6b53b43fb7003,22e64031b12608aa6a8e,479007338e68875de26c,aa7252a58f41161c17c3,bps_tpb_2024,1,observation_materializes_cell
edge:b8bb34f3a4cb91bb139e,81610a3fc4511299096e,47ce2113cbd16ae84187,aa7252a58f41161c17c3,bps_tpb_2024,1,observation_materializes_cell
edge:1154cd349c29223ceb95,dd0abb84e5fd3124aab9,47ce2113cbd16ae84187,b132d2fab33291e0733e,bps_webapi,3,observation_materializes_cell
edge:223e84a793c5aa8ec105,86427343c827a8770103,47eec78ceb77c0b44e51,7ba29f3a45abe1301651,bps_webapi,4,observation_materializes_cell
edge:8a5e15defe2fe7cfbee3,627b988f701c4a9f710d,47eec78ceb77c0b44e51,aa7252a58f41161c17c3,bps_tpb_2024,1,observation_materializes_cell
edge:fc4399503ec42a77b708,bce46225e7fbc3cbd002,47fc752099011a043e28,aa7252a58f41161c17c3,bps_tpb_2024,1,observation_materializes_cell
edge:c0ce9ef81acd2a1792ae,51a3bcd9c4876b9868c4,47fc752099011a043e28,b132d2fab33291e0733e,bps_webapi,3,observation_materializes_cell
edge:2f65b7b85c03678de25c,e2b5e46214cda428e754,48045ff982f680e6177b,7ba29f3a45abe1301651,bps_webapi,4,observation_materializes_cell
edge:8f27619b4b0e2a344e39,69756cd8b7094a8a2c9a,482278e1002d2e024053,7ba29f3a45abe1301651,bps_webapi,4,observation_materializes_cell
edge:dda5406f93383566e3d5,78235870b31ae40638a7,4834ae398a5b14500ccb,7ba29f3a45abe1301651,bps_webapi,4,observation_materializes_cell
edge:bde553f3d62ded4555d6,0d7e76820ea3ff9d7ca4,483850b1540ddecfc145,7ba29f3a45abe1301651,bps_webapi,4,observation_materializes_cell
edge:fea1035efda182fce7d2,7942b2818de4488d90a7,4846fd2a6ddcb8e737c3,aa7252a58f41161c17c3,bps_tpb_2024,1,observation_materializes_cell
edge:69cf03273ddd1eae22c1,2b76988ca36756caa8d0,4846fd2a6ddcb8e737c3,b132d2fab33291e0733e,bps_webapi,3,observation_materializes_cell
edge:21d95a98c4e531695430,48160fbabc1c32ea5d7f,4848d685ac701bdcf348,7ba29f3a45abe1301651,bps_webapi,4,observation_materializes_cell
edge:6ed3415ed29299b77d74,df60ad601f2564d1d7f8,4860d228e881752ba88e,7ba29f3a45abe1301651,bps_webapi,4,observation_materializes_cell
edge:046f31faf90895616518,35db012d5bdc3e209d11,4860d228e881752ba88e,aa7252a58f41161c17c3,bps_tpb_2024,1,observation_materializes_cell
edge:b9727f0a4b8bfe9aa2fe,d0b20bc8b59393f8c03e,4872da7d8885a77355f6,7ba29f3a45abe1301651,bps_webapi,4,observation_materializes_cell
edge:de48e994a82f2e02c473,cfdf6be7e22a8ed8cf65,487670247a1b9b4960f9,7ba29f3a45abe1301651,bps_webapi,4,observation_materializes_cell
edge:59f434f0373879d87920,8f863c0a48e553511c6f,48793940b19e2bb74882,7ba29f3a45abe1301651,bps_webapi,4,observation_materializes_cell
edge:76ccd19a735f7a0589fb,00550ee3415e46e67805,48992e303a1c3cfe8301,7ba29f3a45abe1301651,bps_webapi,4,observation_materializes_cell
edge:7ec0e5aa434d3ad37acf,f8099c3b7810e769fc1c,489d357e2970ad349257,7ba29f3a45abe1301651,bps_webapi,4,observation_materializes_cell
edge:2558164812e76269d418,3dd57a9e147c9aca4fd8,489ddc851813013c75a0,aa7252a58f41161c17c3,bps_tpb_2024,1,observation_materializes_cell
edge:a0e190beef93b5b97b87,d071fc43e62759610d88,489ddc851813013c75a0,b132d2fab33291e0733e,bps_webapi,3,observation_materializes_cell
edge:8d6d6c3461568df59ac2,e9998a593cb97dd76863,48b0226ce359b31fd79f,aa7252a58f41161c17c3,bps_tpb_2024,1,observation_materializes_cell
edge:44042d2c17e781d65514,a8c7fb75c0257b67caf0,48b0226ce359b31fd79f,b132d2fab33291e0733e,bps_webapi,3,observation_materializes_cell
edge:9912dea39547618ca965,48800cb94844dbb7b9ed,48b6216c381e3ac272d6,7ba29f3a45abe1301651,bps_webapi,4,observation_materializes_cell
edge:442b0ba3707a87fc359e,59b60403a04613bddc41,48b6216c381e3ac272d6,aa7252a58f41161c17c3,bps_tpb_2024,1,observation_materializes_cell
edge:abc1f37a3ce441426a56,3d4b4ceca4ac5411aa5b,48c154f98251e3a2f107,7ba29f3a45abe1301651,bps_webapi,4,observation_materializes_cell
edge:321e66ed0b6d4a40f30d,dd878b58831c77070deb,48e287651b455a4897e3,7ba29f3a45abe1301651,bps_webapi,4,observation_materializes_cell
edge:55707d0d418bfec4fa90,5b6a821d8ea32da75923,48e287651b455a4897e3,aa7252a58f41161c17c3,bps_tpb_2024,1,observation_materializes_cell
edge:6c86496d4682e20cb8d6,00eb772bc34ac8f271f4,490436c8184a9eb7ae0f,aa7252a58f41161c17c3,bps_tpb_2024,1,observation_materializes_cell
edge:659d9340c36d99873679,2d624913c59c3800b4d0,490436c8184a9eb7ae0f,b132d2fab33291e0733e,bps_webapi,3,observation_materializes_cell
edge:57da1e4ac3736552b207,12f299e4ee3f56abb033,4911a64cfe8a0f800ea6,7ba29f3a45abe1301651,bps_webapi,4,observation_materializes_cell
edge:baf13d22dca2135217ba,6cf306e66bfd95378635,49137b8b36e38b872c8b,7ba29f3a45abe1301651,bps_webapi,4,observation_materializes_cell
edge:c434c5ccd21dc4e6f277,e5f3618bec1e24013c76,4913d8ad8d2672c4f883,7ba29f3a45abe1301651,bps_webapi,4,observation_materializes_cell
edge:64e782e7078eea0a062f,8cf8837325a1da5a65db,491930450bd1c456f402,7ba29f3a45abe1301651,bps_webapi,4,observation_materializes_cell
edge:fbc7fa4cf674d9c42275,6937ae06dd6cec011e78,491f0b7d64bb33728f5e,7ba29f3a45abe1301651,bps_webapi,4,observation_materializes_cell
edge:24f08732550e2d06e2de,24f9e814aa2f70333928,4930804a97fd8b40c203,7ba29f3a45abe1301651,bps_webapi,4,observation_materializes_cell
edge:301b2660f0d1ffb5da2d,b4f9c89aac54d883f935,49323e0da2380a877bd6,7ba29f3a45abe1301651,bps_webapi,4,observation_materializes_cell
edge:31e1544d7c16076e9d71,007a6ee3d52937fe7bf7,49339526d7347fb88b7e,7ba29f3a45abe1301651,bps_webapi,4,observation_materializes_cell
edge:cd02f63ecbec5dbb207c,c60353f9a64b8ff2febd,4933a5e397ea2213bd39,7ba29f3a45abe1301651,bps_webapi,4,observation_materializes_cell
edge:5f9e01c28af432281378,864e098b7970d5a6862c,493833941139be03c752,aa7252a58f41161c17c3,bps_tpb_2024,1,observation_materializes_cell
edge:aeae3d7ce78521836804,56e43eb89300d71d3a2f,493833941139be03c752,b132d2fab33291e0733e,bps_webapi,3,observation_materializes_cell
edge:087a0932eaef54b04da7,0f6e6afe34dc6f7a773b,493a16af5763fdff4f26,7ba29f3a45abe1301651,bps_webapi,4,observation_materializes_cell
edge:eb4e8a4ba0715ea5ba44,93a9c1bd0c71e5354836,493a16af5763fdff4f26,aa7252a58f41161c17c3,bps_tpb_2024,1,observation_materializes_cell
edge:056b8e04f46c10b6cff2,a458cc1fae8dc28073c5,49479b4ebdc7e34cc70e,7ba29f3a45abe1301651,bps_webapi,4,observation_materializes_cell
edge:7ea1ad9d897d8515cb43,8c852b4504f7b2f7cb59,494b4b06737158a6bd65,7ba29f3a45abe1301651,bps_webapi,4,observation_materializes_cell
edge:2cb5d984f4d50b1c8998,acb08efd22d9b5104838,494cb74e7b9e84315c12,aa7252a58f41161c17c3,bps_tpb_2024,1,observation_materializes_cell
edge:5c822af02767c7a624ff,d4a647f2fbba09628344,494cb74e7b9e84315c12,b132d2fab33291e0733e,bps_webapi,3,observation_materializes_cell
edge:bbb6c647e0fc677d53c8,a89275ea833cc0acb3ab,496a4c5d2380d476d71c,aa7252a58f41161c17c3,bps_tpb_2024,1,observation_materializes_cell
edge:03db66363dc42ecd3d5e,f7366ce82513f056b2de,496a4c5d2380d476d71c,b132d2fab33291e0733e,bps_webapi,3,observation_materializes_cell
edge:df56d3960d51c810bab4,82bcf1636af187a4be83,49785eebfb372282c7f9,7ba29f3a45abe1301651,bps_webapi,4,observation_materializes_cell
edge:8a8ecdf6232ce768b317,9422c4bb3ff6da2e3638,497fc400b3be7ae859f0,7ba29f3a45abe1301651,bps_webapi,4,observation_materializes_cell
edge:ad1987fa59f307a82c3c,d59277bd584def170e30,49bea71a199ec15c3019,7ba29f3a45abe1301651,bps_webapi,4,observation_materializes_cell
edge:94e24bb23b77e79d4d68,d8d4cf879edfa423588c,49bf595ebf6878435aa9,7ba29f3a45abe1301651,bps_webapi,4,observation_materializes_cell
edge:2dae37703aaeac3dfc4f,627f76f0368cf0865331,49bf595ebf6878435aa9,aa7252a58f41161c17c3,bps_tpb_2024,1,observation_materializes_cell
edge:468a2807e8c3758497cf,97ee5de20095b3694bd2,49ceb939643dcff6cae8,7ba29f3a45abe1301651,bps_webapi,4,observation_materializes_cell
edge:abda83b2217e4480c587,ee17f2d42d2748ad067e,49d6563bb2811eb71d8e,7ba29f3a45abe1301651,bps_webapi,4,observation_materializes_cell
edge:b42c512908a7e37c611e,d8864165785f2973041f,49f19e1f76b5236be95e,aa7252a58f41161c17c3,bps_tpb_2024,1,observation_materializes_cell
edge:16fa41115d7bdc2f9050,eb650634c257829c6f65,49f19e1f76b5236be95e,b132d2fab33291e0733e,bps_webapi,3,observation_materializes_cell
edge:ab6b94abaf756c7857dc,a5d36eabfe8f2242de72,4a03139712a0775fe9c6,7ba29f3a45abe1301651,bps_webapi,4,observation_materializes_cell
edge:c70093aedba4bf491c6d,e6d11172c18030b8618c,4a0bc659ef3e9686b612,7ba29f3a45abe1301651,bps_webapi,4,observation_materializes_cell
edge:b1dc3cb5c349c9b2ffad,ef7a9b234f309089bd3e,4a2c07ea75d1d3679446,7ba29f3a45abe1301651,bps_webapi,4,observation_materializes_cell
edge:e16d3a7626b0556b454c,31ccba9747f435ad57bf,4a3f5204f6dfcd8b3ed0,7ba29f3a45abe1301651,bps_webapi,4,observation_materializes_cell
edge:3aac3375a98f31b4c137,0ae8b1451f1413e56bca,4a48b51df48349c58949,7ba29f3a45abe1301651,bps_webapi,4,observation_materializes_cell
edge:af33a32bb8b619f426e8,80339ba48824bc12bf06,4a57cf132698869bb1ba,7ba29f3a45abe1301651,bps_webapi,4,observation_materializes_cell
edge:7b1e0f0432382096f003,1f4597f3359d36559844,4a5cbf91da19ba2ecd25,7ba29f3a45abe1301651,bps_webapi,4,observation_materializes_cell
edge:d77fff73adfd82870915,a408f9f4285c7a51ccdd,4a64f2526da6df17f361,7ba29f3a45abe1301651,bps_webapi,4,observation_materializes_cell
edge:c6993556402004bc6d40,6bbdc96aa09945cdfa4a,4a6b6886e86d492f505a,7ba29f3a45abe1301651,bps_webapi,4,observation_materializes_cell
edge:3701da40b057788e604c,e65ef3a5f951fbba5ade,4a75e4408177e90f6d99,7ba29f3a45abe1301651,bps_webapi,4,observation_materializes_cell
edge:019840fcc54c7ba016a5,15efef7c6165e6040c69,4a75e4408177e90f6d99,aa7252a58f41161c17c3,bps_tpb_2024,1,observation_materializes_cell
edge:5d6439527252c805cddb,2b050a8d05643b2d706f,4a772ac2533670b5746b,7ba29f3a45abe1301651,bps_webapi,4,observation_materializes_cell
edge:2965a8dda46dd35b3ca2,2890b2f1016a61d2003a,4a7787b177ef25498088,7ba29f3a45abe1301651,bps_webapi,4,observation_materializes_cell
edge:ac9401260d827c7baa0b,fbe0a87cd658b446e723,4a7bb0fc3d1bfafe7bea,7ba29f3a45abe1301651,bps_webapi,4,observation_materializes_cell
edge:a92291a69e0513316898,46330403175d1727066f,4a971c8ee56bb15d2ec0,7ba29f3a45abe1301651,bps_webapi,4,observation_materializes_cell
edge:4366a1a59abe46272dc7,79d8345208f9106bf22a,4aab4307f4906503d2a4,7ba29f3a45abe1301651,bps_webapi,4,observation_materializes_cell
edge:7036a10c664d349db7f1,a16c09b869c2ad72a4ea,4aab4307f4906503d2a4,aa7252a58f41161c17c3,bps_tpb_2024,1,observation_materializes_cell
edge:d625856fe6cb0bb9af74,cda3e8c422b185befc56,4aba3a25c928fc22a247,aa7252a58f41161c17c3,bps_tpb_2024,1,observation_materializes_cell
edge:93ac8eef1c6b798f535c,bffbb1b5425936fb1fe5,4aba3a25c928fc22a247,b132d2fab33291e0733e,bps_webapi,3,observation_materializes_cell
edge:fcaebf36fc7f7d8819bc,ea91d8db67666a7638bd,4abce5586eb56ad49a60,7ba29f3a45abe1301651,bps_webapi,4,observation_materializes_cell
edge:478074f2ec63833077be,411a2655a3abed060637,4abce5586eb56ad49a60,aa7252a58f41161c17c3,bps_tpb_2024,1,observation_materializes_cell
edge:3d6d7a541fc250db8d77,3d9d44a09ba29d08ab64,4ad01dfea5b99b17c9e3,7ba29f3a45abe1301651,bps_webapi,4,observation_materializes_cell
edge:555d0d74890e99cf6bb7,abb6b23b9720be3448ed,4adf6bb1a9fc6289dff7,7ba29f3a45abe1301651,bps_webapi,4,observation_materializes_cell
edge:d0433eae679da6925775,fe4db296b534b2136444,4af50583f3fbb8f57c60,aa7252a58f41161c17c3,bps_tpb_2024,1,observation_materializes_cell
edge:e144f5c5439b7f8935d2,5076556e1b6f676dfa52,4af50583f3fbb8f57c60,b132d2fab33291e0733e,bps_webapi,3,observation_materializes_cell
edge:2f21deb62df13a17b478,46366f79891f51fd9163,4b01594786e1e6218e75,7ba29f3a45abe1301651,bps_webapi,4,observation_materializes_cell
edge:856ffb4513c467420388,c65f03fa4545ed3c524a,4b017ee157bdb03ceaf8,7ba29f3a45abe1301651,bps_webapi,4,observation_materializes_cell
edge:d5bc73fbd165a48c718a,a034f99f8653a7abd48a,4b10a89fbfbbb2fa6e6c,7ba29f3a45abe1301651,bps_webapi,4,observation_materializes_cell
edge:4f55904e6ebed4751db3,c50782043e74a309aec5,4b197feb8fab331d3579,7ba29f3a45abe1301651,bps_webapi,4,observation_materializes_cell
edge:b12ec78232961399659d,ad624a570a62469d46c8,4b1a311a85dbd097648e,aa7252a58f41161c17c3,bps_tpb_2024,1,observation_materializes_cell
edge:344cf6fbca6a2ebccc76,f9f4fcfda90938127668,4b1a311a85dbd097648e,b132d2fab33291e0733e,bps_webapi,3,observation_materializes_cell
edge:57667437ea7374e2c5d9,29ab9e6a9a23291f66ec,4b1e3747912c1396f4cb,7ba29f3a45abe1301651,bps_webapi,4,observation_materializes_cell
edge:cfe678fe818175fb2890,c60ef6f1a1d04eb257bb,4b3b013bfe8e858fad9f,7ba29f3a45abe1301651,bps_webapi,4,observation_materializes_cell
edge:e713d7fb174c03f69471,e2d3af1f90e767f9e477,4b593fe46fe80ca54d7a,7ba29f3a45abe1301651,bps_webapi,4,observation_materializes_cell
edge:cc355863498ce334ca85,260a4cdd6f74169cb50a,4b94f62a9b9f19e8d632,7ba29f3a45abe1301651,bps_webapi,4,observation_materializes_cell
edge:eb85c96546526ed8fee7,1dc4914cb33650ba9a07,4b97640bfb3ec59ac3fe,7ba29f3a45abe1301651,bps_webapi,4,observation_materializes_cell
edge:23955b7a95c26c49493e,2439f10556e85cf09557,4b987ede24fbb5dcd120,7ba29f3a45abe1301651,bps_webapi,4,observation_materializes_cell
edge:0a3f2f009303faf31a65,b448962040ccb8b8d864,4b9e13ecf57e19504940,7ba29f3a45abe1301651,bps_webapi,4,observation_materializes_cell
edge:539f6c5f30dc133260d1,25febfab6592d4f94379,4bae282534354e9f7568,7ba29f3a45abe1301651,bps_webapi,4,observation_materializes_cell
edge:22b1037becfbc96cd414,76d3a0bdb1daba536c3e,4bae282534354e9f7568,aa7252a58f41161c17c3,bps_tpb_2024,1,observation_materializes_cell
edge:0fa648a81710fab1d50e,de587e7e9e40d32f19e4,4bc11f9bf4d7c562fc45,7ba29f3a45abe1301651,bps_webapi,4,observation_materializes_cell
edge:8d3f591b15a882fa61a5,f52b432bb1e10f011a56,4beae42528128a2457e8,7ba29f3a45abe1301651,bps_webapi,4,observation_materializes_cell
edge:5b73ef55389ed2e99c07,9ef710d4f63566117417,4bf671f9e875ee4736e4,7ba29f3a45abe1301651,bps_webapi,4,observation_materializes_cell
edge:bb03f141d24c7c747c86,c0e3ad57ca72059fe8af,4bf671f9e875ee4736e4,aa7252a58f41161c17c3,bps_tpb_2024,1,observation_materializes_cell
edge:4e7ff7894d08d43d0798,08c4e6f32e25e19677d4,4bfd483eb86e8ec782b8,7ba29f3a45abe1301651,bps_webapi,4,observation_materializes_cell
edge:a70de00b03391c0bd14f,fb44a4ee0f487f8eaa3d,4c19cfc7157fca50c6dd,7ba29f3a45abe1301651,bps_webapi,4,observation_materializes_cell
edge:21cc59c96d25fbdf3a57,8a89274581f6679fcd17,4c19cfc7157fca50c6dd,aa7252a58f41161c17c3,bps_tpb_2024,1,observation_materializes_cell
edge:879a904fd75a68ba21c2,f64294c6847b1d905327,4c1cefa9ee62e215f22d,7ba29f3a45abe1301651,bps_webapi,4,observation_materializes_cell
edge:385a960ee8765e4a6a48,db3fb544d0dde4837b48,4c20422b2a8dc97fa370,aa7252a58f41161c17c3,bps_tpb_2024,1,observation_materializes_cell
edge:e2ea37507053e7030d21,1d62424c31ca1aea7c19,4c20422b2a8dc97fa370,b132d2fab33291e0733e,bps_webapi,3,observation_materializes_cell
edge:27f60e7cfbf77a5ac46a,8d8ea0307d4fcfe174f7,4c2110018cf92fc2913a,7ba29f3a45abe1301651,bps_webapi,4,observation_materializes_cell
edge:b77db6d10887cae801d5,f3677deb84dde97e64e8,4c3f94e5fad41736284c,aa7252a58f41161c17c3,bps_tpb_2024,1,observation_materializes_cell
edge:b7b3939f1cc67e61280a,82ecbef60389d4849f80,4c3f94e5fad41736284c,b132d2fab33291e0733e,bps_webapi,3,observation_materializes_cell
edge:4d5eeb15eec5b0fdb4b3,63bbfb2c6dfe400959a0,4c495c0690bfc69d4d8d,aa7252a58f41161c17c3,bps_tpb_2024,1,observation_materializes_cell
edge:a36b7b70a95006d2aa09,18f62d1d66097c624b98,4c495c0690bfc69d4d8d,b132d2fab33291e0733e,bps_webapi,3,observation_materializes_cell
edge:424a7d9d57bb07c213d8,4a9b3f082407e17d6063,4c5f92c66e5b076aa080,7ba29f3a45abe1301651,bps_webapi,4,observation_materializes_cell
edge:717e84049b9fa33b7c29,5792aabbb6d4c9dbd474,4c5f92c66e5b076aa080,aa7252a58f41161c17c3,bps_tpb_2024,1,observation_materializes_cell
edge:0d881da14369e7470369,29d3146178777465c51e,4c63d848016af5758fb1,7ba29f3a45abe1301651,bps_webapi,4,observation_materializes_cell
edge:c6ab2cc7e6ce0d7cd1cb,b4e0733711ae2ac738c7,4c6e45527b313a921d04,7ba29f3a45abe1301651,bps_webapi,4,observation_materializes_cell
edge:63630bc8bd3075ddb19f,c1f6471cdf333eefc5ec,4c72d9a1be06bd66a089,7ba29f3a45abe1301651,bps_webapi,4,observation_materializes_cell
edge:08a65372836256723b76,8ef737dc94864375b60a,4c72d9a1be06bd66a089,aa7252a58f41161c17c3,bps_tpb_2024,1,observation_materializes_cell
edge:1a41aee95ca2ad0f0617,bc7271d993499f3537e1,4c94ca66772724c1f7ad,7ba29f3a45abe1301651,bps_webapi,4,observation_materializes_cell
edge:78906fb68b9d208af084,3c0721dc70a4806a715b,4ca5ae31c599a51398fb,7ba29f3a45abe1301651,bps_webapi,4,observation_materializes_cell
edge:67a19a3d282bc1a72986,1ce66f58d4f2033b66d2,4ca6ca0cac42a7dc43b4,7ba29f3a45abe1301651,bps_webapi,4,observation_materializes_cell
edge:ff020fca0251801ddde0,4c29ce34b1cc56ad782c,4cb8d94df7bca67c035a,aa7252a58f41161c17c3,bps_tpb_2024,1,observation_materializes_cell
edge:ee37b0b8ec2aefd41b37,3697f32586e9aca3de03,4cb8d94df7bca67c035a,b132d2fab33291e0733e,bps_webapi,3,observation_materializes_cell
edge:520a500bcf339b4f62d5,2fe2a3c0d09d28dd9bc9,4cc188a7dfeaa9586159,aa7252a58f41161c17c3,bps_tpb_2024,1,observation_materializes_cell
edge:7a19353fd1e16c973f80,acdf0ca1517c8d97f020,4cc188a7dfeaa9586159,b132d2fab33291e0733e,bps_webapi,3,observation_materializes_cell
edge:8d07b069ea32ec684287,d9e385b41d97fe69e22c,4cdd5d0d41ed760bdd2a,7ba29f3a45abe1301651,bps_webapi,4,observation_materializes_cell
edge:81cf7823550943be920f,98897c9e16680f79e9c4,4cdd5d0d41ed760bdd2a,aa7252a58f41161c17c3,bps_tpb_2024,1,observation_materializes_cell
edge:20fbc418ff6fc5b40c25,e38f44ce12c3838e2201,4ce232e568a74a161dd3,7ba29f3a45abe1301651,bps_webapi,4,observation_materializes_cell
edge:ab00f2e52d9c28333db0,c4457681aca9f490ca8f,4ce875772831e7130025,7ba29f3a45abe1301651,bps_webapi,4,observation_materializes_cell
edge:00a4b654e36ade7ceac6,471931f884d9cf8627a1,4ceddf056f8f1b740de0,7ba29f3a45abe1301651,bps_webapi,4,observation_materializes_cell
edge:0d16ab4c447ff25559af,5b3ecf3f0fe3f640d49e,4ceddf056f8f1b740de0,aa7252a58f41161c17c3,bps_tpb_2024,1,observation_materializes_cell
edge:b5901949189b383f6c87,f72b9f43cfe134a5a398,4cf12ac48c98b561e55e,7ba29f3a45abe1301651,bps_webapi,4,observation_materializes_cell
edge:bb6370282375ee00739d,d3c0ce620a78852dcd35,4d0110d326b0f9495340,7ba29f3a45abe1301651,bps_webapi,4,observation_materializes_cell
edge:466ccdccc28ad24629e5,c076086ecc56e32e8504,4d0110d326b0f9495340,aa7252a58f41161c17c3,bps_tpb_2024,1,observation_materializes_cell
edge:b8f4b0bd0a582410b59e,6bcd40fe340f8bf1e37a,4d03f4673fc951a7a336,7ba29f3a45abe1301651,bps_webapi,4,observation_materializes_cell
edge:34cd69f5bc0fcf17a2c0,9920b2f90f76d0a870aa,4d03f4673fc951a7a336,aa7252a58f41161c17c3,bps_tpb_2024,1,observation_materializes_cell
edge:9c70902fb78202e706b3,6626adf7c42b9041b47e,4d2982da65427953cd38,aa7252a58f41161c17c3,bps_tpb_2024,1,observation_materializes_cell
edge:a453569bbe94b57f437a,c56fe05977457e16bbd6,4d2982da65427953cd38,b132d2fab33291e0733e,bps_webapi,3,observation_materializes_cell
edge:52398ac3a2d4a8683e7e,99990b163499ca5267a9,4d367ef27c6d8fd6cd57,7ba29f3a45abe1301651,bps_webapi,4,observation_materializes_cell
edge:0d60b9ece43cc74dc535,476313eed3759bf5f9d4,4d41641372b697c91bb5,7ba29f3a45abe1301651,bps_webapi,4,observation_materializes_cell
edge:269191b6268e75cfde22,46c441762a25bcc8151e,4d73d10f65497f19fd11,7ba29f3a45abe1301651,bps_webapi,4,observation_materializes_cell
edge:86d5615ce5e78bb87c27,dc62aec632ec81d46452,4d73d10f65497f19fd11,aa7252a58f41161c17c3,bps_tpb_2024,1,observation_materializes_cell
edge:2cf27f74ee2850073947,235f5192cddee1b49204,4d800bf0e63ff9c28f05,7ba29f3a45abe1301651,bps_webapi,4,observation_materializes_cell
edge:99d9e36490f29f424a3b,63cf6e8658e9e9b9042b,4d8209539651978541fa,7ba29f3a45abe1301651,bps_webapi,4,observation_materializes_cell
edge:c9076217ae11028893c6,1925945071533e80c1dd,4d8209539651978541fa,aa7252a58f41161c17c3,bps_tpb_2024,1,observation_materializes_cell
edge:98002e9d3019f8eaf3e1,52073703f635057df5c1,4d87c4ead4a53418dc28,7ba29f3a45abe1301651,bps_webapi,4,observation_materializes_cell
edge:51551005a3e40947e370,cf439ff086d6f5eb38ad,4d975b1f09660daee25b,7ba29f3a45abe1301651,bps_webapi,4,observation_materializes_cell
edge:25698884608daaa7c950,0743aa9431c7f66c89c3,4db936e7160c16167d79,aa7252a58f41161c17c3,bps_tpb_2024,1,observation_materializes_cell
edge:f07739d1a573c25cb577,8040acc2c224ce499d24,4db936e7160c16167d79,b132d2fab33291e0733e,bps_webapi,3,observation_materializes_cell
edge:884bea2cf89d1604837d,e907cb0a85628c58bf35,4dbdaa72ebef726bc17e,7ba29f3a45abe1301651,bps_webapi,4,observation_materializes_cell
edge:e087922088d47822f741,db1d827d0e0d0a444898,4dc02e1f4295b04140e3,aa7252a58f41161c17c3,bps_tpb_2024,1,observation_materializes_cell
edge:909c42b4cc1305684658,d7b661221d33fa0bf383,4dc02e1f4295b04140e3,b132d2fab33291e0733e,bps_webapi,3,observation_materializes_cell
edge:f78e7212bbc5f68a8ab1,bd0249d32e05e64ed525,4dc0b655cf4f6b8d9433,7ba29f3a45abe1301651,bps_webapi,4,observation_materializes_cell
edge:537e4e5ecc370da4479f,aa53f8686807875c4353,4dd1c20f798a57046eb1,7ba29f3a45abe1301651,bps_webapi,4,observation_materializes_cell
edge:0d896fb14ec6a18c43b4,da5cfa04f7ae8c01687d,4dd1c20f798a57046eb1,aa7252a58f41161c17c3,bps_tpb_2024,1,observation_materializes_cell
edge:0e1eb7d9d578456480e7,91728c270ab2200c7b0f,4dd8683f34739e13574c,7ba29f3a45abe1301651,bps_webapi,4,observation_materializes_cell
edge:27b1a83b1c4fd3d39e03,2a4723165ed6e140cef3,4ded1114dcbd697cd706,7ba29f3a45abe1301651,bps_webapi,4,observation_materializes_cell
edge:0fe5aff1fba258479734,a9dbb0a1e30419724a30,4ded1114dcbd697cd706,aa7252a58f41161c17c3,bps_tpb_2024,1,observation_materializes_cell
edge:fc1745de09e9943f0a0c,7c7f58718dfdbbd6ef76,4df1bcc7a3037095295e,7ba29f3a45abe1301651,bps_webapi,4,observation_materializes_cell
edge:c7eaf81ea38d9168315a,22afa9f92b03eb6c06b6,4df857c88f905ff054ef,7ba29f3a45abe1301651,bps_webapi,4,observation_materializes_cell
edge:17907d7bde7c540ecd3a,92df9ea453305bf7c06d,4df96a05acb8dd61988e,7ba29f3a45abe1301651,bps_webapi,4,observation_materializes_cell
edge:a939e99303ae5b79f10a,34619c14032aac05f789,4dfdb88513bfad75f92f,aa7252a58f41161c17c3,bps_tpb_2024,1,observation_materializes_cell
edge:ee760b871c622e01f994,b4dc54623e5a59bc54a4,4dfdb88513bfad75f92f,b132d2fab33291e0733e,bps_webapi,3,observation_materializes_cell
edge:e4ec3ef4a75513e690b3,059d95f3b22c1a4c33ba,4e00913eea49060e807f,aa7252a58f41161c17c3,bps_tpb_2024,1,observation_materializes_cell
edge:1d2e9c3e57e3884b60ba,8ce40d1be0359fff4f22,4e00913eea49060e807f,b132d2fab33291e0733e,bps_webapi,3,observation_materializes_cell
edge:6b09fbf92be761f86124,b4432780b47b12ed1f07,4e02051377fdf4f49e4b,7ba29f3a45abe1301651,bps_webapi,4,observation_materializes_cell
edge:583888e3c40af115d3f8,25f8daded462e2e5645f,4e05517faf883158843f,7ba29f3a45abe1301651,bps_webapi,4,observation_materializes_cell
edge:e1ae304fa1260efd4684,b3cbbde3f50be48eb7fc,4e0744921e3beabfb223,7ba29f3a45abe1301651,bps_webapi,4,observation_materializes_cell
edge:01ac061cac2a6b2f4e90,4c2acda319f4d2422672,4e0744921e3beabfb223,aa7252a58f41161c17c3,bps_tpb_2024,1,observation_materializes_cell
edge:9f5506c4d57829b21b04,267f04e9de4053822ff6,4e1a18e998d29931d335,7ba29f3a45abe1301651,bps_webapi,4,observation_materializes_cell
edge:b6ff7d6f620c14a89b53,cc7cca3323155f99f0f0,4e2d6f55a4b48b48a62e,aa7252a58f41161c17c3,bps_tpb_2024,1,observation_materializes_cell
edge:bfbc7f63e287e6bd57ad,6c4de5570a8dd7dfc1b0,4e2d6f55a4b48b48a62e,b132d2fab33291e0733e,bps_webapi,3,observation_materializes_cell
edge:eca1c0e86acdeaeb01d8,a4ea393f9c4fb87a2226,4e39573e7e4da023c082,7ba29f3a45abe1301651,bps_webapi,4,observation_materializes_cell
edge:3f580fa47988fe49be95,437316e1c916c918570f,4e3d8670d0726a6cf31f,aa7252a58f41161c17c3,bps_tpb_2024,1,observation_materializes_cell
edge:c4fe23484268b90ffbfc,7bbff0f6199eac10d4af,4e3d8670d0726a6cf31f,b132d2fab33291e0733e,bps_webapi,3,observation_materializes_cell
edge:2cd4d57f32ef20c24623,03bed275cdd0d7f1e638,4e406834ff0141846db3,7ba29f3a45abe1301651,bps_webapi,4,observation_materializes_cell
edge:5e84e4c5f9304519aae7,fdef14d8d2e5fee0f08b,4e406834ff0141846db3,aa7252a58f41161c17c3,bps_tpb_2024,1,observation_materializes_cell
edge:cabfeb51d830bd9502ae,6a940ac3f562cca1377f,4e42dd250bdfcaf1cba2,aa7252a58f41161c17c3,bps_tpb_2024,1,observation_materializes_cell
edge:4b806be21a03a32f5115,3e2cbd7d9ae688978d3f,4e42dd250bdfcaf1cba2,b132d2fab33291e0733e,bps_webapi,3,observation_materializes_cell
edge:71d09a15b186b5e1e1a6,df5de1f472f866bf8dad,4e49c22ef40bff32de37,7ba29f3a45abe1301651,bps_webapi,4,observation_materializes_cell
edge:e15dadf088836d1e71d6,44064ffc467b44eba9b5,4e603c2198a62bfed48b,7ba29f3a45abe1301651,bps_webapi,4,observation_materializes_cell
edge:d633eb30ad719c0920a3,eb622abc40b3d0b0b95f,4e6a234f4652de15e14e,7ba29f3a45abe1301651,bps_webapi,4,observation_materializes_cell
edge:b77ff980f28bdada0bc4,6c3f31870026110d1c0a,4e76220bb3d55c682a36,7ba29f3a45abe1301651,bps_webapi,4,observation_materializes_cell
edge:cb9f34aefed593842cf7,b22703f209ebe08bbe3f,4e8b22cb0986696214b7,aa7252a58f41161c17c3,bps_tpb_2024,1,observation_materializes_cell
edge:a88548919529bc5ab029,0fe3c06815ddf904e0ff,4e8b22cb0986696214b7,b132d2fab33291e0733e,bps_webapi,3,observation_materializes_cell
edge:f467e3a99f0c972ea2d5,01605680d45ed4aa43fb,4e9486990297d393a041,7ba29f3a45abe1301651,bps_webapi,4,observation_materializes_cell
edge:6f9596822879df8c3249,919564216b7e4c352a0b,4e9486990297d393a041,aa7252a58f41161c17c3,bps_tpb_2024,1,observation_materializes_cell
edge:ec5d5baf033975c62091,f9d2f856b615ef87877d,4e9af35a5aef6ac3d19f,7ba29f3a45abe1301651,bps_webapi,4,observation_materializes_cell
edge:a5b96dbaa78a79d67507,903b4288e6548f116804,4e9fd36d7fc7c3e714fb,7ba29f3a45abe1301651,bps_webapi,4,observation_materializes_cell
edge:7a8e8551d6a4b8952df2,85e41b7442a5688b5d63,4ea27bc98b3b35a39ecd,aa7252a58f41161c17c3,bps_tpb_2024,1,observation_materializes_cell
edge:d12c4c1d77af0fd2d21a,18cf8b01e05b50ef22e8,4ea27bc98b3b35a39ecd,b132d2fab33291e0733e,bps_webapi,3,observation_materializes_cell
edge:87a193dde07e4201cb88,aaab9afcaf82d739d50e,4ea7bb9e7b7e49e97232,aa7252a58f41161c17c3,bps_tpb_2024,1,observation_materializes_cell
edge:21a16bdfa52c99549481,0c5e483647fef661389c,4ea7bb9e7b7e49e97232,b132d2fab33291e0733e,bps_webapi,3,observation_materializes_cell
edge:c6a2149973683b493f98,22e7e76676d8a8b287ca,4ea966be16dbb4460056,7ba29f3a45abe1301651,bps_webapi,4,observation_materializes_cell
edge:f4f132ee79d62467a952,6a71fa32498d01e700a6,4ea966be16dbb4460056,aa7252a58f41161c17c3,bps_tpb_2024,1,observation_materializes_cell
edge:9ca2c3b55eaf99b5075d,aa517c2e57fb157d4986,4ebba961c4036ef21bcd,7ba29f3a45abe1301651,bps_webapi,4,observation_materializes_cell
edge:0b90d006d7e8585d9ef8,1d095b01625d64190f72,4ebca51c849b7c591c5d,7ba29f3a45abe1301651,bps_webapi,4,observation_materializes_cell
edge:692c3d55f43e60aad896,771dd5f8cdfb16481fdf,4ec214e7125fc7c6639a,7ba29f3a45abe1301651,bps_webapi,4,observation_materializes_cell
edge:c40c18bed73b4fde92a4,ff088d619d5ba43cb97d,4eeb99aeb5e2150ac0f6,7ba29f3a45abe1301651,bps_webapi,4,observation_materializes_cell
edge:0aff6d4934ebb77358e9,4719073d9476d96658d2,4efa1307dedec92a91d9,7ba29f3a45abe1301651,bps_webapi,4,observation_materializes_cell
edge:a4e4f103b6a16ac290d7,64dcc402e749e0f5407a,4f1351be9dbe6c56fea5,7ba29f3a45abe1301651,bps_webapi,4,observation_materializes_cell
edge:85ab84f06a56118561b2,dd8e512db0f840dc2e9b,4f231a2ef6f4356b22ba,7ba29f3a45abe1301651,bps_webapi,4,observation_materializes_cell
edge:215b527d3115a4c2bb8f,6fc50804328b2abfe791,4f231a2ef6f4356b22ba,aa7252a58f41161c17c3,bps_tpb_2024,1,observation_materializes_cell
edge:a4bc7d8766692422975e,b8c6f9fb798e3f09ddd7,4f52a4ba9f5a3a6810b7,7ba29f3a45abe1301651,bps_webapi,4,observation_materializes_cell
edge:473b404e86e9fa679e04,701ce928583cf31b5859,4f52a4ba9f5a3a6810b7,aa7252a58f41161c17c3,bps_tpb_2024,1,observation_materializes_cell
edge:5ce3d681324939671b2b,af8c3eb8d42cd30b0025,4f569f8e315e53db79af,7ba29f3a45abe1301651,bps_webapi,4,observation_materializes_cell
edge:f0ff0d27dc3cae17f9f0,3b674c65a95f1c5b61bb,4f569f8e315e53db79af,aa7252a58f41161c17c3,bps_tpb_2024,1,observation_materializes_cell
edge:2d17da81873cd215df59,f0543bce618b873b04db,4f5a47d5fc61b396d770,7ba29f3a45abe1301651,bps_webapi,4,observation_materializes_cell
edge:d8f8c4eff75a01200058,743a2b6d53e147bfbd83,4f6a490fd0b5ed1f5dae,7ba29f3a45abe1301651,bps_webapi,4,observation_materializes_cell
edge:5cd76146b920ce20ec5b,a94c9671612e22972098,4f7832b4770ce3f8d900,aa7252a58f41161c17c3,bps_tpb_2024,1,observation_materializes_cell
edge:4405009490b8b4102a55,bb4c7bf467031843ef26,4f7832b4770ce3f8d900,b132d2fab33291e0733e,bps_webapi,3,observation_materializes_cell
edge:a27dc0c01d87e3810be6,333a8106d83c8f26a250,4f7b1b74aec15b651cbf,7ba29f3a45abe1301651,bps_webapi,4,observation_materializes_cell
edge:d52d2414e841509bd6ea,73fbbee7a726836f0ff5,4f8432fe4dc0468ed812,7ba29f3a45abe1301651,bps_webapi,4,observation_materializes_cell
edge:1bd1e9c7b0ac8ea1bba5,e2728e838209fab3bc12,4f8432fe4dc0468ed812,aa7252a58f41161c17c3,bps_tpb_2024,1,observation_materializes_cell
edge:d68a90a26bd3b7e6bb96,04cbad3eb17aa844a045,4f8f43b4bd1f95e54c3d,7ba29f3a45abe1301651,bps_webapi,4,observation_materializes_cell
edge:9e8b9a7fdd1f26fdaef5,4cfb16da0b166d3736ba,4f901c51f12ce71044f4,aa7252a58f41161c17c3,bps_tpb_2024,1,observation_materializes_cell
edge:eeac78995ea6c4cd9b63,04678ae6c370559aff94,4f901c51f12ce71044f4,b132d2fab33291e0733e,bps_webapi,3,observation_materializes_cell
edge:cd189e9870e898cf9d35,d680a6195a8a4a33d01a,4f91a1b5aee2207685a8,7ba29f3a45abe1301651,bps_webapi,4,observation_materializes_cell
edge:ca2a250a9a4ec93a4c26,df1d7f5817de29a3cf56,4f947a8af8c286f1aa5a,7ba29f3a45abe1301651,bps_webapi,4,observation_materializes_cell
edge:570a9fd5b85e75e98a91,1bd9c2a3663502d927f8,4f9803781c817912ac4f,7ba29f3a45abe1301651,bps_webapi,4,observation_materializes_cell
edge:16646068439372893bcb,e0a0e8bb707fbcbbd96b,4f993144e90fef721f8c,7ba29f3a45abe1301651,bps_webapi,4,observation_materializes_cell
edge:39d3dfd7744bdc8cd24c,a4eab72751dbf89921ad,4f99f185ba5ad748bc3f,7ba29f3a45abe1301651,bps_webapi,4,observation_materializes_cell
edge:e36bda3bb26b9f3b9df8,2ed092c648b7f039a105,4f99f185ba5ad748bc3f,aa7252a58f41161c17c3,bps_tpb_2024,1,observation_materializes_cell
edge:e8426766c9feb256bd7a,c236e80e2c715790208d,4fba703853833e5ba118,7ba29f3a45abe1301651,bps_webapi,4,observation_materializes_cell
edge:3904991f496e3eb1a2de,e51485bc4216a37215f9,4fe3ed42921f23f712aa,aa7252a58f41161c17c3,bps_tpb_2024,1,observation_materializes_cell
edge:dfe4e2a0b2fe33370d80,37d14d4c688c6dccfe4b,4fe3ed42921f23f712aa,b132d2fab33291e0733e,bps_webapi,3,observation_materializes_cell
edge:3406acde5de7a1428537,0e2b8ca70ebf8d24324c,4feb2ecd5f9e0e8f9806,7ba29f3a45abe1301651,bps_webapi,4,observation_materializes_cell
edge:21115955a342a836f6fe,d476e55e89ecc8ca7217,50012e690fbd52f868c5,7ba29f3a45abe1301651,bps_webapi,4,observation_materializes_cell
edge:11e0950b922cfe8f366d,5cc52c05ad70b7559d92,50036462bdff58d52482,7ba29f3a45abe1301651,bps_webapi,4,observation_materializes_cell
edge:2676f94a8dd5c7d2a0a3,9f01a1c994a918cd122d,50288b52b0ce39bf7df5,7ba29f3a45abe1301651,bps_webapi,4,observation_materializes_cell
edge:bf0c998fbed20d4e9816,c6b93bd0987f731882be,50288b52b0ce39bf7df5,aa7252a58f41161c17c3,bps_tpb_2024,1,observation_materializes_cell
edge:b80fce9849b5d7f5eb74,655952c8db619f7f991b,50496dafba8c54a8debe,aa7252a58f41161c17c3,bps_tpb_2024,1,observation_materializes_cell
edge:1ee1f4cc00f205eb8625,83f41da78751cea7f4ff,50496dafba8c54a8debe,b132d2fab33291e0733e,bps_webapi,3,observation_materializes_cell
edge:00027390cb121acfc6b5,84a602f063fb5d771adf,50550457bc8453ac8a83,7ba29f3a45abe1301651,bps_webapi,4,observation_materializes_cell
edge:cff2ba7b4ac9650031ff,60750a397796a806a8a1,50684ff7c6a72326d3e8,7ba29f3a45abe1301651,bps_webapi,4,observation_materializes_cell
edge:3881135d2952c46157ca,2af4481ca81694daf912,5072de69cd18e24c26f3,7ba29f3a45abe1301651,bps_webapi,4,observation_materializes_cell
edge:00cc1b7836fa409fab91,35e1f6aead0d6a6095b6,507732632f4a07de6fda,7ba29f3a45abe1301651,bps_webapi,4,observation_materializes_cell
edge:e069547e3c6e514847ed,73557b513d72cd4f99d8,507e8454d47136045a62,7ba29f3a45abe1301651,bps_webapi,4,observation_materializes_cell
edge:abfb9178a894b1a6c781,8a181b4f0896cb39aa3d,508680686e8fcc890ce3,7ba29f3a45abe1301651,bps_webapi,4,observation_materializes_cell
edge:8425d227521c343b5b11,3d7ac9039118fdec3406,50aa3c25aa961e0df048,7ba29f3a45abe1301651,bps_webapi,4,observation_materializes_cell
edge:c4887c0975de2bc2534b,326bde1c5d7d551cd3f5,50bd9ff90d03ad415b9f,7ba29f3a45abe1301651,bps_webapi,4,observation_materializes_cell
edge:ea975af460f6563ea8cb,d2a6b33d075efbca6efa,50c5233b70fad64ee4e5,7ba29f3a45abe1301651,bps_webapi,4,observation_materializes_cell
edge:964dda4e0fc8aa6cd2dd,33753838d91a91b039c8,50ce7ed85e4b7328266c,aa7252a58f41161c17c3,bps_tpb_2024,1,observation_materializes_cell
edge:705f72b935d3a10556c3,44f7d50ad9fb5eb9765e,50ce7ed85e4b7328266c,b132d2fab33291e0733e,bps_webapi,3,observation_materializes_cell
edge:4a1b4f6bcf612ae01b6f,2c72605dcbd6e8e64ceb,50d00eeb1c39ad814182,7ba29f3a45abe1301651,bps_webapi,4,observation_materializes_cell
edge:9be1b7cf7ac8fa999d10,735ac675251d5fb984d0,50e04f648db61e048a35,7ba29f3a45abe1301651,bps_webapi,4,observation_materializes_cell
edge:00425e07550411753972,616f06edb92c832de5e5,50f6100922fe012a45b0,7ba29f3a45abe1301651,bps_webapi,4,observation_materializes_cell
edge:9749fcaf1729b117effd,387d298d78d66a7c05ff,50f6100922fe012a45b0,aa7252a58f41161c17c3,bps_tpb_2024,1,observation_materializes_cell
edge:44d6bb0bf0b201eb6fba,03e14aad57148ac3f605,51081c2f510ce26bab86,7ba29f3a45abe1301651,bps_webapi,4,observation_materializes_cell
edge:42bb5629021134ce966e,5225ccceb678512418a1,51310a6759f9b2b3d0cf,7ba29f3a45abe1301651,bps_webapi,4,observation_materializes_cell
edge:dcf9c04b9920e96b5bd8,90866e76e7e2e562f422,51310a6759f9b2b3d0cf,aa7252a58f41161c17c3,bps_tpb_2024,1,observation_materializes_cell
edge:f587c901d5d0296a76c3,38b24105e4f3d22a5034,514b526af9632c1a6e6a,aa7252a58f41161c17c3,bps_tpb_2024,1,observation_materializes_cell
edge:b2d3bff113d11e3ce4ed,ab289a79b6b5c511bf65,514b526af9632c1a6e6a,b132d2fab33291e0733e,bps_webapi,3,observation_materializes_cell
edge:9077f55b9afde9aee6a6,5aeb3fb2989a7b2169f2,514d79960d7cdb4da7b5,7ba29f3a45abe1301651,bps_webapi,4,observation_materializes_cell
edge:6fed2e85ea2bd6a03e86,b29d994d077ed4ade2ea,515c639bf63802cf9f2d,7ba29f3a45abe1301651,bps_webapi,4,observation_materializes_cell
edge:01af207e1c626284e210,0f2cd4e38e2b142ecbda,515c639bf63802cf9f2d,aa7252a58f41161c17c3,bps_tpb_2024,1,observation_materializes_cell
edge:5cebc353a512cb8a343f,a76a4ce4f0c6eb383f7c,516b7d77c6570a7decd8,aa7252a58f41161c17c3,bps_tpb_2024,1,observation_materializes_cell
edge:f0a203db6cdbc9aff72d,dace4f5edb7e1aee630d,516b7d77c6570a7decd8,b132d2fab33291e0733e,bps_webapi,3,observation_materializes_cell
edge:e13c2f19bc88219edd53,5ef58adcd4ff090969da,5171c49f202436ed406a,aa7252a58f41161c17c3,bps_tpb_2024,1,observation_materializes_cell
edge:0a4a3793af2bd62c58a7,4a8745a5794d77b049ad,5171c49f202436ed406a,b132d2fab33291e0733e,bps_webapi,3,observation_materializes_cell
edge:98edc5610f2549d7bcad,1448e0cd3afbbdf3cc63,51751e45e7221007e826,7ba29f3a45abe1301651,bps_webapi,4,observation_materializes_cell
edge:ae8917b244f6846fe1fc,505a25c0725d1fa86e45,517632c48630c4685575,7ba29f3a45abe1301651,bps_webapi,4,observation_materializes_cell
edge:2912b50fc122466748fb,4c168979cda8bad00e03,517ecae83227a869c269,7ba29f3a45abe1301651,bps_webapi,4,observation_materializes_cell
edge:87b0494e64453acaad4b,95c143717329d61accf4,517ecae83227a869c269,aa7252a58f41161c17c3,bps_tpb_2024,1,observation_materializes_cell
edge:f5d85707cf5b353bdc03,d1c02d722bfbc47b1466,518121968615ce0053c6,7ba29f3a45abe1301651,bps_webapi,4,observation_materializes_cell
edge:f5232657aad575a89b54,c84eb36c9410ef9a92d8,518cb2dbc96b03a7ef6c,7ba29f3a45abe1301651,bps_webapi,4,observation_materializes_cell
edge:8e6bb3f71e97ee6c2754,7a6d8c7c8027246d7511,518defb6ac21f814cd80,7ba29f3a45abe1301651,bps_webapi,4,observation_materializes_cell
edge:fef0781dab08079d66e0,dfb6941943cab3733630,51b6bc841a1cd3592ad9,7ba29f3a45abe1301651,bps_webapi,4,observation_materializes_cell
edge:991a0e1b1e26043bcb83,d74d20a8dfe6ada57f70,51b919c24ed6e3fdb198,7ba29f3a45abe1301651,bps_webapi,4,observation_materializes_cell
edge:22e17c14f5bc1f221949,78c57b278f493c442504,51b919c24ed6e3fdb198,aa7252a58f41161c17c3,bps_tpb_2024,1,observation_materializes_cell
edge:c2317d9a250934d9e4a3,c5bd603fa88c0c2901a2,51bf4da13e6be70f2b17,7ba29f3a45abe1301651,bps_webapi,4,observation_materializes_cell
edge:76764cdc62e012bc7e7c,1ce78cdee0511cf7c0ff,51d5a5ed6ed6f0ff35de,aa7252a58f41161c17c3,bps_tpb_2024,1,observation_materializes_cell
edge:fed1266440ae7946aac4,0c3c2f4bb473a43dbe63,51d5a5ed6ed6f0ff35de,b132d2fab33291e0733e,bps_webapi,3,observation_materializes_cell
edge:8c063eb63335e760789c,053df1fdd1cacdb443a1,51def6ad5079add52f55,7ba29f3a45abe1301651,bps_webapi,4,observation_materializes_cell
edge:61bd6d2c5282e0a4e338,96ceb5c4e2a713144742,51def6ad5079add52f55,aa7252a58f41161c17c3,bps_tpb_2024,1,observation_materializes_cell
edge:323ed8cf867188335af3,fadf240f1cbf64279192,5210ca4892ec669f2414,aa7252a58f41161c17c3,bps_tpb_2024,1,observation_materializes_cell
edge:ec301ddd74ce0e9afa7e,65840cbc613fefc177a0,5210ca4892ec669f2414,b132d2fab33291e0733e,bps_webapi,3,observation_materializes_cell
edge:dd754db2eafb631b2ffa,025ca404be60876316ce,52221939d166e98e69e2,7ba29f3a45abe1301651,bps_webapi,4,observation_materializes_cell
edge:4726f23aafd63e0ac8e5,0a95449c30af4687cb24,523d1c0f20eab783e10e,7ba29f3a45abe1301651,bps_webapi,4,observation_materializes_cell
edge:ff33ce1c4fbee4dbee01,af8a192f6be443111e46,52471a4f5e062a3dd1aa,7ba29f3a45abe1301651,bps_webapi,4,observation_materializes_cell
edge:862e77b7bc7376291948,e46d09ffc70190cff8db,5265edf8bfed02e4ed37,7ba29f3a45abe1301651,bps_webapi,4,observation_materializes_cell
edge:c819fedd9a0e3d5587a2,98a48a88c814e16df6d3,529fe37c14e038b7ce14,aa7252a58f41161c17c3,bps_tpb_2024,1,observation_materializes_cell
edge:1e4b98ebcb07b48838ca,ef733f981e8d84773375,529fe37c14e038b7ce14,b132d2fab33291e0733e,bps_webapi,3,observation_materializes_cell
edge:a1a4e2163b06823393a9,5c544cf83bc6dbe2c28c,52a4d8d3450f7b4181b7,7ba29f3a45abe1301651,bps_webapi,4,observation_materializes_cell
edge:e65b7725b3ae395e0193,1be0c0aa6575022a0c42,52a7a2b0bfddf9eb4b18,7ba29f3a45abe1301651,bps_webapi,4,observation_materializes_cell
edge:4fcda749da95e19f10ef,91d8a77cc29f72111e27,52b01d7281c693a62393,7ba29f3a45abe1301651,bps_webapi,4,observation_materializes_cell
edge:45c1da34951aa08bc465,3c8dedf98b8e4be5409f,52c0fa1b582312940b7b,7ba29f3a45abe1301651,bps_webapi,4,observation_materializes_cell
edge:b1df75635b0524ece6b3,4bd2790d080e533f460d,52c6e272e5153b15956c,aa7252a58f41161c17c3,bps_tpb_2024,1,observation_materializes_cell
edge:88c3c1a205f912295f3e,c24dd1d8eeeac3197b95,52c6e272e5153b15956c,b132d2fab33291e0733e,bps_webapi,3,observation_materializes_cell
edge:6330ef80a47302557dc3,ab9820935e30152da0d7,52c771bbca32098da030,7ba29f3a45abe1301651,bps_webapi,4,observation_materializes_cell
edge:3a6f5e4a024cb75d006b,33d2535ad72f60d6d879,52c771bbca32098da030,aa7252a58f41161c17c3,bps_tpb_2024,1,observation_materializes_cell
edge:169c124dafa6a4eb37fc,b7d4698eac9fea51013e,52d5478945893a0d976d,7ba29f3a45abe1301651,bps_webapi,4,observation_materializes_cell
edge:55e83b17c42ad9e1bea1,0d5fa1f3d146b96e968b,52e5489790f8fcee327c,7ba29f3a45abe1301651,bps_webapi,4,observation_materializes_cell
edge:2e21643f39ad055920e2,1334a3195b6dc05a616e,52e5489790f8fcee327c,aa7252a58f41161c17c3,bps_tpb_2024,1,observation_materializes_cell
edge:52c6de35788f5d3c45e4,7e5a90c5b307deab1683,52eba412386c468b980b,aa7252a58f41161c17c3,bps_tpb_2024,1,observation_materializes_cell
edge:e5d63a5ebe656977b2d5,1048e440b53b2beaef8f,52eba412386c468b980b,b132d2fab33291e0733e,bps_webapi,3,observation_materializes_cell
edge:524e1b9e1eb2a21aad3d,95f50a3ea29c2eedc3bd,52fa7c0a1ffe8ee6f086,7ba29f3a45abe1301651,bps_webapi,4,observation_materializes_cell
edge:063ff4e70ac80742cad7,cf50ff1e222485523192,52fd792dfdd69b17c6f7,7ba29f3a45abe1301651,bps_webapi,4,observation_materializes_cell
edge:953b8aaf2728e5f3921c,37ffd165ed026bba4384,530e1c5dee4341ad47e2,7ba29f3a45abe1301651,bps_webapi,4,observation_materializes_cell
edge:7d0e69b1cc7bd975893c,968b24c0534336f6801f,531849878f208b1be8b9,7ba29f3a45abe1301651,bps_webapi,4,observation_materializes_cell
edge:ed4a984400fd64b1d51c,62d836710be5d21cda64,53206278ce6aa88e2ae6,7ba29f3a45abe1301651,bps_webapi,4,observation_materializes_cell
edge:add605b7876b732a0509,a509e3182fb81a007570,53206278ce6aa88e2ae6,aa7252a58f41161c17c3,bps_tpb_2024,1,observation_materializes_cell
edge:205dcfc8a92ba746ebcf,f62f885113489469e3ee,53356d50bbde31035e69,7ba29f3a45abe1301651,bps_webapi,4,observation_materializes_cell
edge:d3f4d09290c1c5fa900c,89fe33c2adb29104cd2c,53356d50bbde31035e69,aa7252a58f41161c17c3,bps_tpb_2024,1,observation_materializes_cell
edge:a8d9398fe86d902365ae,09d151dbc07326ca21c7,533c8c9f25a7d39cfc29,7ba29f3a45abe1301651,bps_webapi,4,observation_materializes_cell
edge:246f50a585d244e6d909,c64c082a42dec09040ba,5343c33b03073ffc3801,7ba29f3a45abe1301651,bps_webapi,4,observation_materializes_cell
edge:954f8b25958015a217d1,13a2dc9592a7f5f869af,5343e62c7b363cea47f4,7ba29f3a45abe1301651,bps_webapi,4,observation_materializes_cell
edge:cc7dfdadc1e736df21d6,e880536af746c3a28104,53612107ffbf38d5094c,aa7252a58f41161c17c3,bps_tpb_2024,1,observation_materializes_cell
edge:95491e51dae18e1c141b,45dff9e4ac038c00ba70,53612107ffbf38d5094c,b132d2fab33291e0733e,bps_webapi,3,observation_materializes_cell
edge:1b933b04de6e215dcbe9,64f2d0b02c619453c876,536ac105b4347cc8217a,7ba29f3a45abe1301651,bps_webapi,4,observation_materializes_cell
edge:c60081b291d7bdf4c994,eea97a58b25634acce6e,537b582bb86b8ad4926a,7ba29f3a45abe1301651,bps_webapi,4,observation_materializes_cell
edge:ebb18be50b44f790d776,126d31b8359c97fb9a7b,53876f79b25f0ba7e6f7,aa7252a58f41161c17c3,bps_tpb_2024,1,observation_materializes_cell
edge:4e75f1ec78a2e8008a0c,4472ebd2ac45ecad9ba8,53876f79b25f0ba7e6f7,b132d2fab33291e0733e,bps_webapi,3,observation_materializes_cell
edge:8701bd518b05b734ae9e,9f5c8f1fb8222ed0bcdf,5388b2e4fc4037b06637,7ba29f3a45abe1301651,bps_webapi,4,observation_materializes_cell
edge:756924b4259b9995a009,73673cfdb9f3135ad159,538f6b8bed49cd01fad6,7ba29f3a45abe1301651,bps_webapi,4,observation_materializes_cell
edge:748fa6f3372d4049ad93,77c62a3554a5ca1ac055,539a9d6ebf42a371ac90,7ba29f3a45abe1301651,bps_webapi,4,observation_materializes_cell
edge:c2ff7848356d67d34e7f,bbcf22e670e92c527eb8,53acdd4a2225c865e594,7ba29f3a45abe1301651,bps_webapi,4,observation_materializes_cell
edge:3f673c11bc516b302d24,c1b1bf1deb98b3778145,53ae1512c472695a528d,7ba29f3a45abe1301651,bps_webapi,4,observation_materializes_cell
edge:3eed8fb0383fd33dc24d,cb2626486f2be48ce3c8,53b2a1ef09a68d6c5173,7ba29f3a45abe1301651,bps_webapi,4,observation_materializes_cell
edge:e3f0ce5d4bc903d0bfbf,74fed6e1c3d917191be6,53b2a1ef09a68d6c5173,9ab2011a3892edfac889,bps_tpb_2025,2,observation_materializes_cell
edge:bba347dc426d90b28d3f,211b04665de26cd11d77,53b2a1ef09a68d6c5173,aa7252a58f41161c17c3,bps_tpb_2024,1,observation_materializes_cell
edge:a7af0e1d482cee5b98a3,1c11339ce5c286072efe,53ba689803a6a79ecf30,7ba29f3a45abe1301651,bps_webapi,4,observation_materializes_cell
edge:db3f4af86f73db0bb930,d271417364524d7d9ce0,53bb69df762768ee4eda,7ba29f3a45abe1301651,bps_webapi,4,observation_materializes_cell
edge:965e5b66ed6c5a27e71d,8051c68956991d8c1763,53bc3d5c8adfbc35972b,7ba29f3a45abe1301651,bps_webapi,4,observation_materializes_cell
edge:eabbe0d6c8cae81c141d,305e2e9229b50d32cbcd,53c4ab453bbf60739df1,7ba29f3a45abe1301651,bps_webapi,4,observation_materializes_cell
edge:2b7c97f4759597a51164,430cb893f997544740eb,53c4ab453bbf60739df1,aa7252a58f41161c17c3,bps_tpb_2024,1,observation_materializes_cell
edge:3a28169cb2902a6ba848,a3c6cb5ef057d28d0558,53c5c141be1749a81485,7ba29f3a45abe1301651,bps_webapi,4,observation_materializes_cell
edge:4a667ad0ff1cfbc9a835,fd3fd05f03ad5bcbc41f,53c89145363c44dc14b8,7ba29f3a45abe1301651,bps_webapi,4,observation_materializes_cell
edge:932ff86cf791ba6676cf,784df2cea50c191a5778,53d023293b9d3dbf2b03,7ba29f3a45abe1301651,bps_webapi,4,observation_materializes_cell
edge:2b614f6772a8d5e77fac,b7ea5bf4be3214b9fc7a,53de4b5bdf6165273f0e,7ba29f3a45abe1301651,bps_webapi,4,observation_materializes_cell
edge:d1e5667102bbf1af5f5e,0bcc3bd9907511e74a9d,53de4b5bdf6165273f0e,aa7252a58f41161c17c3,bps_tpb_2024,1,observation_materializes_cell
edge:ac2f73d16fe2489611f0,38fea96c7c86e6d4a4b8,53ecd1e45a671e38941a,aa7252a58f41161c17c3,bps_tpb_2024,1,observation_materializes_cell
edge:e72e3da2c5f35ce52b6d,ba946bb4eb3885473ad6,53ecd1e45a671e38941a,b132d2fab33291e0733e,bps_webapi,3,observation_materializes_cell
edge:02dfe7894da50bbd348f,36616f68a7aae03df271,53eeac6f46688dbd2493,7ba29f3a45abe1301651,bps_webapi,4,observation_materializes_cell
edge:316265ac7d4c8fa21d76,039e43111e582da7a44f,53f3b017487f670a2458,7ba29f3a45abe1301651,bps_webapi,4,observation_materializes_cell
edge:266fe699082580bf56e6,b25033f10a068ca109f8,540c127d46e81e4fd555,7ba29f3a45abe1301651,bps_webapi,4,observation_materializes_cell
edge:260eb6cdcfdd79c0caa9,67b430d45fc4081a4da3,540c127d46e81e4fd555,aa7252a58f41161c17c3,bps_tpb_2024,1,observation_materializes_cell
edge:2dfc7982eae58a0e6f6f,bf24a786421cc30ceb80,540fd91d8a6028e7bdfb,7ba29f3a45abe1301651,bps_webapi,4,observation_materializes_cell
edge:7f283cea065245fd3d9c,69ab08626194f455ad9a,541ec86e47332b5b44f8,7ba29f3a45abe1301651,bps_webapi,4,observation_materializes_cell
edge:b2dc60845b5ebae4fe41,61e7f3cd3a7043445c97,541ec86e47332b5b44f8,aa7252a58f41161c17c3,bps_tpb_2024,1,observation_materializes_cell
edge:03180669c8c6d2054b7d,c2873fb3f18e1bb39308,5423a2d3050172fc0a2a,7ba29f3a45abe1301651,bps_webapi,4,observation_materializes_cell
edge:1c23169f29f12529365d,f95098f131610be0d7dc,5423a2d3050172fc0a2a,aa7252a58f41161c17c3,bps_tpb_2024,1,observation_materializes_cell
edge:e366dab83d530d6fbb2a,0b31de383ae256764385,542587595e3d6111876e,7ba29f3a45abe1301651,bps_webapi,4,observation_materializes_cell
edge:ce48a0c3d6587c0336ab,95755737032148634e92,542587595e3d6111876e,aa7252a58f41161c17c3,bps_tpb_2024,1,observation_materializes_cell
edge:697945b42a9fc0e95234,c59bb907056b62bfca5b,543b5d4db5e820498bcb,7ba29f3a45abe1301651,bps_webapi,4,observation_materializes_cell
edge:659f3ce2dfafce4944ef,14637e20c4f051bd0a90,543b5d4db5e820498bcb,aa7252a58f41161c17c3,bps_tpb_2024,1,observation_materializes_cell
edge:267516df27f81c03d9fe,268b58ac0c779b6d9d94,543bfe4e63f454716345,7ba29f3a45abe1301651,bps_webapi,4,observation_materializes_cell
edge:90f26c3577e30f79d18a,d38e4edd49c943898030,543c8b0d1e4cfbe3a7e4,7ba29f3a45abe1301651,bps_webapi,4,observation_materializes_cell
edge:f1c5f117d28639643d46,fcc34d05802944968ef6,54632f6d294ec80d115f,7ba29f3a45abe1301651,bps_webapi,4,observation_materializes_cell
edge:06071a3d09de0ee6136b,f0a5738ebd098f04b425,54750577e616d506a80f,7ba29f3a45abe1301651,bps_webapi,4,observation_materializes_cell
edge:1b419f5cf867a53b3f8a,814aa7f58f69162c1ad4,5497ca7e78654c9788cc,7ba29f3a45abe1301651,bps_webapi,4,observation_materializes_cell
edge:e8da62116a425fb6f51a,aacfe6f15d52521f9471,5498ff14dd728c23310c,7ba29f3a45abe1301651,bps_webapi,4,observation_materializes_cell
edge:a345ed024c3db73585f7,1e73840b0fa74f8e29e0,549ad9b694ff473f164c,aa7252a58f41161c17c3,bps_tpb_2024,1,observation_materializes_cell
edge:5aa7c4696dc84667d1f6,75c151b3338eefba0d01,549ad9b694ff473f164c,b132d2fab33291e0733e,bps_webapi,3,observation_materializes_cell
edge:2b81bf2c1b415f335de2,6b407d4a382f50f8b313,549c381b0ebb00057bc9,7ba29f3a45abe1301651,bps_webapi,4,observation_materializes_cell
edge:6fe4657bc88109cffa2f,c6adf8c82e1c6afb0ad6,54a36ce7b57bcc798d2c,7ba29f3a45abe1301651,bps_webapi,4,observation_materializes_cell
edge:d822d8bf9e4109aef11b,4df808aa8d2042cad6e1,54a6535fc7fb13d41ac0,7ba29f3a45abe1301651,bps_webapi,4,observation_materializes_cell
edge:11d34e8a1790ec539912,bd040dadb8e0b1f7c3c9,54be64d6013172822931,7ba29f3a45abe1301651,bps_webapi,4,observation_materializes_cell
edge:10bdadad9af35ddfb842,c57581784773b9b08b59,54d1872d6cb0d7fe1ef3,7ba29f3a45abe1301651,bps_webapi,4,observation_materializes_cell
edge:2c9cf9fe63ebf0d867e8,1228a5e92ea8f8a3e471,54d1872d6cb0d7fe1ef3,aa7252a58f41161c17c3,bps_tpb_2024,1,observation_materializes_cell
edge:0873a86a4e5f936bfc92,d80115dc7bbf0987801a,54d2361ece285204f51f,aa7252a58f41161c17c3,bps_tpb_2024,1,observation_materializes_cell
edge:b639080301448057d39e,b6982e5f4b54d28cbae5,54d2361ece285204f51f,b132d2fab33291e0733e,bps_webapi,3,observation_materializes_cell
edge:bfc7a47170efd0a55e36,60d7387807ae54f883b2,54d321753426938799a9,7ba29f3a45abe1301651,bps_webapi,4,observation_materializes_cell
edge:272223050a235f8b6e17,85c280e40e856b1538e7,54d5cb3661ca926163b4,7ba29f3a45abe1301651,bps_webapi,4,observation_materializes_cell
edge:2074bf07c3fb7bd5f93a,b5822c15b4577d3fbadd,54ef76a53587f5cf8c30,7ba29f3a45abe1301651,bps_webapi,4,observation_materializes_cell
edge:df1f777842108c38e491,71f186df06eab7a45d4d,5502d276cd762b9dbcf6,7ba29f3a45abe1301651,bps_webapi,4,observation_materializes_cell
edge:06f31c20f4cf3b0667c1,00066f5ca6fdf9ed55dc,550cbdb24a41a95cfb1c,7ba29f3a45abe1301651,bps_webapi,4,observation_materializes_cell
edge:657f12b9b590f43b8164,c2fb31bcb51014bb31c8,55210b6ad1e2529a4c95,7ba29f3a45abe1301651,bps_webapi,4,observation_materializes_cell
edge:8629ed9f41eb4edd7452,f0310d219f55bb71bc3f,5547ddf91a3a6a490d29,7ba29f3a45abe1301651,bps_webapi,4,observation_materializes_cell
edge:8ae69722d4aa82abb250,587b13e879193d465b38,554fa141592ba043f3c1,7ba29f3a45abe1301651,bps_webapi,4,observation_materializes_cell
edge:b52d24c7790061a7cae7,66c5fc0800474aab328d,555fe4643e5371df64cf,7ba29f3a45abe1301651,bps_webapi,4,observation_materializes_cell
edge:919ff2a68f72ddf757ef,9f606a142163625fc2ef,556ec4a6514798b76666,7ba29f3a45abe1301651,bps_webapi,4,observation_materializes_cell
edge:afa749a913e96cabd2cf,852b2c8fdb5c5101fa82,55903b22bcd9e7bf20cc,7ba29f3a45abe1301651,bps_webapi,4,observation_materializes_cell
edge:f5390393f469aaeda8bd,7f3997864324d9ba9565,559fc5385bf19afe7a05,7ba29f3a45abe1301651,bps_webapi,4,observation_materializes_cell
edge:1994385b400564b41c2d,e303f71c46f9038abf3e,55b020fbb942dc9a3a1f,7ba29f3a45abe1301651,bps_webapi,4,observation_materializes_cell
edge:2271917a27fbc3113425,f9c6e9320ac382a3ff7a,55d21ecd3ce5617c2c74,7ba29f3a45abe1301651,bps_webapi,4,observation_materializes_cell
edge:f9a27dde56a167fa5f03,8eae461c69e1a97c2872,55da46639fd99ab38bb9,7ba29f3a45abe1301651,bps_webapi,4,observation_materializes_cell
edge:c30750d25c6469aa9446,318454fb108d539b9921,55da46639fd99ab38bb9,aa7252a58f41161c17c3,bps_tpb_2024,1,observation_materializes_cell
edge:eb3af5502b2845be31cc,deb795d7a37d332a2666,55e1130e509ec245d903,7ba29f3a45abe1301651,bps_webapi,4,observation_materializes_cell
edge:ca4a7a5f27852722fc39,a16d799af70cf9f4f914,55e90861aacfe1af1cf9,7ba29f3a45abe1301651,bps_webapi,4,observation_materializes_cell
edge:c73b0b8c22c11189a2e5,06d01f8bd2d373184ba5,55f31241537c394ab901,7ba29f3a45abe1301651,bps_webapi,4,observation_materializes_cell
edge:6df5035888e9c7e01803,c5a88d91dd169e5c66d9,55f31241537c394ab901,aa7252a58f41161c17c3,bps_tpb_2024,1,observation_materializes_cell
edge:14819fb3d5a2ffd9d99c,866e5aae1d2a0cb7d9a0,560f62a52603004607e0,7ba29f3a45abe1301651,bps_webapi,4,observation_materializes_cell
edge:7a1b19476674068c8c6a,235fee7a9431c58fed46,56132dcd39b44cd1e98e,aa7252a58f41161c17c3,bps_tpb_2024,1,observation_materializes_cell
edge:1a1e09e4c408cddb1edf,3fb18cde05af4acd2d8a,56132dcd39b44cd1e98e,b132d2fab33291e0733e,bps_webapi,3,observation_materializes_cell
edge:25ffc97a41c9ff6140bf,ecfc56108f7eed844869,56382a471c1db51a4614,7ba29f3a45abe1301651,bps_webapi,4,observation_materializes_cell
edge:f3a89f74a4299f4f81ad,10d2c96634ef501c99ab,563e0c4c9326237c6c24,7ba29f3a45abe1301651,bps_webapi,4,observation_materializes_cell
edge:7b4361bc65a60840f6d2,9939f178ea2388fcb91b,563ed7d10aae6d5b3799,7ba29f3a45abe1301651,bps_webapi,4,observation_materializes_cell
edge:b3313fd0001a7e138f40,4eaefb5a6213d58d4b50,5644e8fb22299567a275,7ba29f3a45abe1301651,bps_webapi,4,observation_materializes_cell
edge:17c9228e5ca385370acf,9a67fefb00f0ff8f635e,565eab7bba81e5a362b6,7ba29f3a45abe1301651,bps_webapi,4,observation_materializes_cell
edge:d3c01dc838f33ac7cbb5,927d861d107fd00ae0c8,5666233f7ad71b8d82eb,7ba29f3a45abe1301651,bps_webapi,4,observation_materializes_cell
edge:efc5e900294c5d93ec14,a6f9c584db21a6fb2373,5671a7353b3ea9efb911,7ba29f3a45abe1301651,bps_webapi,4,observation_materializes_cell
edge:e334f67322a3e12f39a9,f081bc880574afcb1da9,56835e83d6afe183313b,aa7252a58f41161c17c3,bps_tpb_2024,1,observation_materializes_cell
edge:acc5d0243ea58ed0647d,10a7d9deffc3ede3b95a,56835e83d6afe183313b,b132d2fab33291e0733e,bps_webapi,3,observation_materializes_cell
edge:64005f27bac1944f56a2,09b14b17eb6d62e6a8de,568ef54fb05a9d689484,7ba29f3a45abe1301651,bps_webapi,4,observation_materializes_cell
edge:e8cac7a073b29d029a66,9732454bd75f09c758b1,56940bccd0ba428f8c05,7ba29f3a45abe1301651,bps_webapi,4,observation_materializes_cell
edge:61ecbe020c9551298a71,efb29e7c172b8741e290,56959d6a288b6355a444,7ba29f3a45abe1301651,bps_webapi,4,observation_materializes_cell
edge:a8382130dec2a167121d,965cc320f82df4154f01,56987bcdf480cdbf3c0e,aa7252a58f41161c17c3,bps_tpb_2024,1,observation_materializes_cell
edge:134649930358824a2ca6,dc78280529e1a0548a2c,56987bcdf480cdbf3c0e,b132d2fab33291e0733e,bps_webapi,3,observation_materializes_cell
edge:e36be36248f1d728f838,4ff837ecc013c762a75e,569fa9a24f7ebb36dde5,7ba29f3a45abe1301651,bps_webapi,4,observation_materializes_cell
edge:de2adcfa1ffcac5ec598,6cc9afbb571d771fdd02,56a933b1b62c8e4db773,7ba29f3a45abe1301651,bps_webapi,4,observation_materializes_cell
edge:adfe76b50cb85b3b514c,3a2cf7fbe6c508296be6,56aa928d4b0125583502,7ba29f3a45abe1301651,bps_webapi,4,observation_materializes_cell
edge:73c3ea837d3cb4ecaea0,fb06ef4625fdbe02f530,56d42b62b1b9644cc2ad,7ba29f3a45abe1301651,bps_webapi,4,observation_materializes_cell
edge:c765a0a8fb61b4959e0f,98b499353072b6e359c7,56d709dfdc4e4e18cc49,7ba29f3a45abe1301651,bps_webapi,4,observation_materializes_cell
edge:b8d6479b2c2292ba060a,d0195077a3b8a4a7a2ab,56e93b123b88c8baf787,7ba29f3a45abe1301651,bps_webapi,4,observation_materializes_cell
edge:f94e11dab9974ce261e3,4c12f7b1fa9bca7d4a97,5709cbffce81649460e5,7ba29f3a45abe1301651,bps_webapi,4,observation_materializes_cell
edge:ce61996b92b90304af65,2a9cc3636bc8eb5260d9,570eb56f9fbaf30259e2,7ba29f3a45abe1301651,bps_webapi,4,observation_materializes_cell
edge:fc121ea664142e9203d0,8dbc52cfae7cf2b0c496,572a6f0cd67be2e89178,7ba29f3a45abe1301651,bps_webapi,4,observation_materializes_cell
edge:1421bd67c51dc314d0cc,e2870e513683a4405905,572c057b061f70d2bf48,7ba29f3a45abe1301651,bps_webapi,4,observation_materializes_cell
edge:8ac3e47ce702a22e53b1,4bf06350d88ab95f9493,573591e6d337b9efdb81,7ba29f3a45abe1301651,bps_webapi,4,observation_materializes_cell
edge:7181a871799e2efa1b9f,d7e383fff40e55e8ddd0,573a628e6c7f8decdcc5,7ba29f3a45abe1301651,bps_webapi,4,observation_materializes_cell
edge:4150aa4f6f0dfae3fce6,73abed86e11c92045c54,573b22f5278adaf6a3e4,7ba29f3a45abe1301651,bps_webapi,4,observation_materializes_cell
edge:06325922158745c06eeb,9c4482906136926866ed,573ff9ab13cf9153d168,7ba29f3a45abe1301651,bps_webapi,4,observation_materializes_cell
edge:7ae1a78a2f6f52779a12,7a1c4e23b8f18c3866a4,574a3f2bddf253097cc8,7ba29f3a45abe1301651,bps_webapi,4,observation_materializes_cell
edge:eac3801abc9511fcf995,988291e7cfa3e7029584,5753659eab97619fff8f,7ba29f3a45abe1301651,bps_webapi,4,observation_materializes_cell
edge:f6faaea2dd191b068a33,8fe793b15726c960b9b9,57539811b612010a7523,7ba29f3a45abe1301651,bps_webapi,4,observation_materializes_cell
edge:fb7935e89b7ff97ccd9a,869497b9f97a1d743cfd,57549e1c1ba8cce3f561,7ba29f3a45abe1301651,bps_webapi,4,observation_materializes_cell
edge:bc26ddbb3ca20afe3f60,af21d72b4befe019f3e3,575be1ddb36e00066577,7ba29f3a45abe1301651,bps_webapi,4,observation_materializes_cell
edge:084a770db5dc64b1376f,44d6670a859a20851cbe,5770ca1cb77d4583b584,7ba29f3a45abe1301651,bps_webapi,4,observation_materializes_cell
edge:ebcac055ce23bca4e1dd,ef6147be04a748f87a4e,57791d80af5cb8394700,7ba29f3a45abe1301651,bps_webapi,4,observation_materializes_cell
edge:0b034e1fc9ed2551fde7,45089a1a0a80b10368a1,5782f95247e0d3221c62,7ba29f3a45abe1301651,bps_webapi,4,observation_materializes_cell
edge:eb69254b8e12eae5e7a5,4aa33ec3dba75b0c7f99,5782f95247e0d3221c62,aa7252a58f41161c17c3,bps_tpb_2024,1,observation_materializes_cell
edge:76e48891b0fd72a7d2a0,27db2f34590832a13326,579111323b2361b9cb75,7ba29f3a45abe1301651,bps_webapi,4,observation_materializes_cell
edge:ad627dd68b1c7400ff90,ab429771c914c3d556b0,5791f1f9bc4b6db955d4,7ba29f3a45abe1301651,bps_webapi,4,observation_materializes_cell
edge:b0f4828e7fd3f98a0e3b,e94d597ba1e4d8089b7d,5796dbdb751337bdd56e,aa7252a58f41161c17c3,bps_tpb_2024,1,observation_materializes_cell
edge:85b8ff3a8bbaecf5a0d6,6f116dceed3a00257eb2,5796dbdb751337bdd56e,b132d2fab33291e0733e,bps_webapi,3,observation_materializes_cell
edge:eb4f021cf9dc90bd982e,2f2cd79cb78afe0070cf,5797b33d96f793ff76dc,7ba29f3a45abe1301651,bps_webapi,4,observation_materializes_cell
edge:f7739dfdcbaf222130bf,32dfbb724e5ae6ada4a2,5799114f0a37c920e38e,7ba29f3a45abe1301651,bps_webapi,4,observation_materializes_cell
edge:5bbc034c2b77cc2912f6,1cb6544ba29822513b04,5799114f0a37c920e38e,aa7252a58f41161c17c3,bps_tpb_2024,1,observation_materializes_cell
edge:ddc866f17e61c10c8b95,fb278e95c993133fcfc1,579920dc6cb73eadf19b,aa7252a58f41161c17c3,bps_tpb_2024,1,observation_materializes_cell
edge:811b3400a4ae30a80440,5e500e48bc8888c0de2c,579920dc6cb73eadf19b,b132d2fab33291e0733e,bps_webapi,3,observation_materializes_cell
edge:9b1ead055c1d6fc5e8ba,79eb9215eb5d382ac348,57b5036396a9316b5ba9,7ba29f3a45abe1301651,bps_webapi,4,observation_materializes_cell
edge:4e527d68bfa3c5fe37d7,a5f6733e1ae8d35a2efe,57b5036396a9316b5ba9,aa7252a58f41161c17c3,bps_tpb_2024,1,observation_materializes_cell
edge:d34e03d5a80da3c8dd42,04f99ab5f906064f7fc4,57b6255fd07e2fbc3174,aa7252a58f41161c17c3,bps_tpb_2024,1,observation_materializes_cell
edge:264cd30708ef89b2d13d,c0f96c5393ef0281037e,57b6255fd07e2fbc3174,b132d2fab33291e0733e,bps_webapi,3,observation_materializes_cell
edge:044e11775bb38795e9d4,e754f9cf4de417e2b2ea,57bb91f42b4f41b5d4bd,7ba29f3a45abe1301651,bps_webapi,4,observation_materializes_cell
edge:ea16150628c3e6420cce,0174f8a6afcdea47ab2c,57be85d000b7708a30f1,aa7252a58f41161c17c3,bps_tpb_2024,1,observation_materializes_cell
edge:ae5e35be3fa644acc3dc,aaad9e49787030739d2b,57be85d000b7708a30f1,b132d2fab33291e0733e,bps_webapi,3,observation_materializes_cell
edge:70b3237bae46265eefc3,39c254c3bf28fe133e12,57cee56ddb4cc1cf6bc1,7ba29f3a45abe1301651,bps_webapi,4,observation_materializes_cell
edge:e5ac698d3f2236738cb8,f7e54fcd0bd7fda0f650,57f7daf7675c49ab093c,aa7252a58f41161c17c3,bps_tpb_2024,1,observation_materializes_cell
edge:96cbd5a63eda9a54a749,9f3220d27b6b39a42058,57f7daf7675c49ab093c,b132d2fab33291e0733e,bps_webapi,3,observation_materializes_cell
edge:57f9ad95d18310cf1142,d128cec01b32e6c99585,57fb67a4813bc6621358,7ba29f3a45abe1301651,bps_webapi,4,observation_materializes_cell
edge:788418e2b49718f5b8a3,d4364b43f02c6e475d19,57fd43c3c86253001747,7ba29f3a45abe1301651,bps_webapi,4,observation_materializes_cell
edge:34b3302787ee971c54dd,bc81d05088621762ee52,5801bcbc0d8d76587aee,7ba29f3a45abe1301651,bps_webapi,4,observation_materializes_cell
edge:e072461abc67e1fb0314,45770551ce39a47042ec,5801bcbc0d8d76587aee,9ab2011a3892edfac889,bps_tpb_2025,2,observation_materializes_cell
edge:9beffa3e0dce7354137f,7d4020c27d51264b0973,5801bcbc0d8d76587aee,aa7252a58f41161c17c3,bps_tpb_2024,1,observation_materializes_cell
edge:6635f49c83e5b21d0ff4,819e370a8820f3625a28,5806838f04cf54fdec6a,7ba29f3a45abe1301651,bps_webapi,4,observation_materializes_cell
edge:7b75dc7964a9f3172319,d79326f790ce56a2bc59,581054dc6189563411d2,7ba29f3a45abe1301651,bps_webapi,4,observation_materializes_cell
edge:f56f8a4f2d8dd244dd85,2b80dfc1ee8abaadda56,581054dc6189563411d2,9ab2011a3892edfac889,bps_tpb_2025,2,observation_materializes_cell
edge:d39dfd37355981f3821d,ffeafc901315d0cec005,581054dc6189563411d2,aa7252a58f41161c17c3,bps_tpb_2024,1,observation_materializes_cell
edge:585b8c307ad74019d5a2,0e43fc1a454b26a3c2b1,582e256b9a11522b4f61,7ba29f3a45abe1301651,bps_webapi,4,observation_materializes_cell
edge:584adeef2f948ba1a486,3875e01a200e2cab4643,583011339d86c24f574f,7ba29f3a45abe1301651,bps_webapi,4,observation_materializes_cell
edge:4f3844c90640c27b8d9c,0baddc1e08b50218ba5a,58376c6f6f3cc78c3c0e,7ba29f3a45abe1301651,bps_webapi,4,observation_materializes_cell
edge:15800be6fac0cc023e30,cb4aa2c33654a011a077,583af2737dc0f582dad9,7ba29f3a45abe1301651,bps_webapi,4,observation_materializes_cell
edge:3235f383d132d073e7ce,6bf5465f773cc906c191,5849e89fd368af9da2ff,7ba29f3a45abe1301651,bps_webapi,4,observation_materializes_cell
edge:69539571bd653efcb35c,88c1bd61704a679199af,5852c5a9f7d397e2b0cb,7ba29f3a45abe1301651,bps_webapi,4,observation_materializes_cell
edge:ed395b2221914af75349,1c5e9795b5098a69468c,5852c5a9f7d397e2b0cb,aa7252a58f41161c17c3,bps_tpb_2024,1,observation_materializes_cell
edge:8746f7c93684816635e9,fc26c988143af9d6ce71,58584a462481f4fb3a6e,7ba29f3a45abe1301651,bps_webapi,4,observation_materializes_cell
edge:fc2875844e7a4d630837,72b39964238dc34db1c8,58584a462481f4fb3a6e,aa7252a58f41161c17c3,bps_tpb_2024,1,observation_materializes_cell
edge:78ba3adca1d5423c0f34,29f7597fc90b4f9ad948,58649a93db5d9b65cb59,7ba29f3a45abe1301651,bps_webapi,4,observation_materializes_cell
edge:d08e2b31b1fe4bef8bec,c63dfbb750e70c351882,58649a93db5d9b65cb59,aa7252a58f41161c17c3,bps_tpb_2024,1,observation_materializes_cell
edge:8892b0a6e62488530784,6a59c25351ad0310df49,586dc43d3c098f488d32,7ba29f3a45abe1301651,bps_webapi,4,observation_materializes_cell
edge:587243bacb9040a69934,3ad2b88438cc4c0886eb,587c7aeb29a10e537579,7ba29f3a45abe1301651,bps_webapi,4,observation_materializes_cell
edge:4cabea1fe146b410c268,eaada49fbf45ae0a4dd4,587c7aeb29a10e537579,aa7252a58f41161c17c3,bps_tpb_2024,1,observation_materializes_cell
edge:319885cca29e950a06dd,e9d086710a5dab9f7d58,587e2be28d1c73b50140,7ba29f3a45abe1301651,bps_webapi,4,observation_materializes_cell
edge:f99131a6ea4cdf81cc7d,5f25f66d3a6d840b740c,587ebf00dcf99c56875a,7ba29f3a45abe1301651,bps_webapi,4,observation_materializes_cell
edge:b0836d806aae0a83a342,ec77a0586d59bd621de5,587ebf00dcf99c56875a,aa7252a58f41161c17c3,bps_tpb_2024,1,observation_materializes_cell
edge:9e93fca689ba03a42c87,56902204b0cbd5cbd62d,587f5d7607b06e6b9c54,7ba29f3a45abe1301651,bps_webapi,4,observation_materializes_cell
edge:700639aaf027c36c2b1f,0caf5026462569d82716,589a0f5cd1d7f79f2d57,7ba29f3a45abe1301651,bps_webapi,4,observation_materializes_cell
edge:5f3c2d83f09f64809c55,0c3a8d5f9f414a44161d,58a5fea618e71f14af89,7ba29f3a45abe1301651,bps_webapi,4,observation_materializes_cell
edge:612694e42cfac9b58a54,d85af299940be3a7eaa5,58b80b63ca7edd91f96a,7ba29f3a45abe1301651,bps_webapi,4,observation_materializes_cell
edge:fa3e5fa5686cea88e99b,53c8fc4ccbcb3a6f327e,58f7b596b7bae4bcf9bd,7ba29f3a45abe1301651,bps_webapi,4,observation_materializes_cell
edge:01effb616dd3e60da4ad,1f77dbbaae20204077ec,58f7b596b7bae4bcf9bd,aa7252a58f41161c17c3,bps_tpb_2024,1,observation_materializes_cell
edge:dd3f3547a866a36e5046,b393ea1a244aef1ed885,590465e857f527968316,7ba29f3a45abe1301651,bps_webapi,4,observation_materializes_cell
edge:1d25a759381376839b79,9754448644301c696ede,591aecbd7abeb7ece07b,7ba29f3a45abe1301651,bps_webapi,4,observation_materializes_cell
edge:c5f7339d9bad91ee25cc,a09aa023b93adbda2f51,591fbda76249e62a1672,7ba29f3a45abe1301651,bps_webapi,4,observation_materializes_cell
edge:bce5aba18be4f2af8ae1,4339b0972398e5c9aa50,5920536d1e4ae937a187,7ba29f3a45abe1301651,bps_webapi,4,observation_materializes_cell
edge:c630a026e31dbcb6beed,1bac3b902dce5c308ce0,59286d709d8e17b99b82,aa7252a58f41161c17c3,bps_tpb_2024,1,observation_materializes_cell
edge:06887eae6f077bf890d8,ec42ccac99fc4567ab9d,5937844d43d8ac1861e8,7ba29f3a45abe1301651,bps_webapi,4,observation_materializes_cell
edge:fd56f8be6736e350a1b7,31d245d7049c4dcfbf73,593ddd6313bae2efa4ac,aa7252a58f41161c17c3,bps_tpb_2024,1,observation_materializes_cell
edge:c09c50d1523596e53800,449691910b20ab487059,593ddd6313bae2efa4ac,b132d2fab33291e0733e,bps_webapi,3,observation_materializes_cell
edge:5d969a78d30e79829081,777e54ef85a08cfe910d,593effd691782e5929f9,7ba29f3a45abe1301651,bps_webapi,4,observation_materializes_cell
edge:fde09c8cb5535d7e0f9f,92ed764d7615c1c9230f,594945ede594fac8a26d,7ba29f3a45abe1301651,bps_webapi,4,observation_materializes_cell
edge:4a4fe83a8b33462956f1,0a30097bd16e8619d700,5961256ebe08b30862b0,7ba29f3a45abe1301651,bps_webapi,4,observation_materializes_cell
edge:8b5517ceaeece69ebdb9,f629df12c02961678e75,59849d92724236638203,aa7252a58f41161c17c3,bps_tpb_2024,1,observation_materializes_cell
edge:56dd1f306b8e7e58a66e,78f01562268a029d43c7,59849d92724236638203,b132d2fab33291e0733e,bps_webapi,3,observation_materializes_cell
edge:38843e4e1da8933d2ca7,c40a6a4f5c1ba78f4458,598d6f7b40156c25e232,7ba29f3a45abe1301651,bps_webapi,4,observation_materializes_cell
edge:11b4815ac2b17ee2ea4a,04bc73ace004f76fdd1b,598e52986033052d0d24,7ba29f3a45abe1301651,bps_webapi,4,observation_materializes_cell
edge:bd3c1b0e4c359f6d26e2,e1bc2ea89e99d5f7de97,59925c564068813f2bcc,7ba29f3a45abe1301651,bps_webapi,4,observation_materializes_cell
edge:78a331aa38d3f2deab08,b3f920d69ae3c7efbab7,59a1fe7c0d31137fed93,7ba29f3a45abe1301651,bps_webapi,4,observation_materializes_cell
edge:11fa5e785e0117ffa40a,7488f0fb8592932eb323,59a1fe7c0d31137fed93,aa7252a58f41161c17c3,bps_tpb_2024,1,observation_materializes_cell
edge:59a5642fa8345c318c2d,4470e702b0c4f841b96e,59defee9426c678aa18f,aa7252a58f41161c17c3,bps_tpb_2024,1,observation_materializes_cell
edge:105aa85cf1ee86c2cec9,cd9fc3d501861931d939,59defee9426c678aa18f,b132d2fab33291e0733e,bps_webapi,3,observation_materializes_cell
edge:4a61b700850089b686d3,a1627420b71ea35523ff,59e08da3eeb52f9374be,7ba29f3a45abe1301651,bps_webapi,4,observation_materializes_cell
edge:8378b25ba404f121f2df,de6a23d14c0e4de70ac7,59f27b67c3afa4267c54,7ba29f3a45abe1301651,bps_webapi,4,observation_materializes_cell
edge:448d2fa5890af2dd129e,d5930e9fa32951057082,59f2b23bd7742b30eaa0,7ba29f3a45abe1301651,bps_webapi,4,observation_materializes_cell
edge:de44fd134c80ea73e9f2,bb4c4e62500327fb311d,59f2b23bd7742b30eaa0,aa7252a58f41161c17c3,bps_tpb_2024,1,observation_materializes_cell
edge:60e8258830ae3d99c080,4eb3ca7b83496453a2b7,59f33973469ddb2c385b,7ba29f3a45abe1301651,bps_webapi,4,observation_materializes_cell
edge:651c0b90fc92cf54df19,e3a4842c0147bc5c1ca2,5a06508b7fa5553b9b5c,7ba29f3a45abe1301651,bps_webapi,4,observation_materializes_cell
edge:23dd95d1c0099512405d,415ac590ba1c2e56f4f6,5a0ecf1861b9383b51c1,7ba29f3a45abe1301651,bps_webapi,4,observation_materializes_cell
edge:cd54eef696a50db815bd,7fdecd69d85bb04384d7,5a0ecf1861b9383b51c1,9ab2011a3892edfac889,bps_tpb_2025,2,observation_materializes_cell
edge:e74c0d1bbd09c493bd38,c831ef9e3f27ab7f6356,5a0ecf1861b9383b51c1,aa7252a58f41161c17c3,bps_tpb_2024,1,observation_materializes_cell
edge:87d132b2421b0b70027f,4a087feecd81f9e0055f,5a1859b5607447fa3b9c,7ba29f3a45abe1301651,bps_webapi,4,observation_materializes_cell
edge:52bd65545a3e932de20b,b246d3f0c2ec2f036eef,5a1c09bf19d178fccf2f,7ba29f3a45abe1301651,bps_webapi,4,observation_materializes_cell
edge:f0071144643a59a88321,242962c54619802e38b7,5a1c09bf19d178fccf2f,aa7252a58f41161c17c3,bps_tpb_2024,1,observation_materializes_cell
edge:b1d2d4fb9b32bf041ca6,6dabc500b4efccd42f85,5a23a95e71ff1c7566bc,7ba29f3a45abe1301651,bps_webapi,4,observation_materializes_cell
edge:df12928a23a49a17eedf,6cd708c8ab4633c70826,5a51398adffdcb393b64,7ba29f3a45abe1301651,bps_webapi,4,observation_materializes_cell
edge:29722d62c9e13314c75b,6341fe21cd00b38b24f6,5a51398adffdcb393b64,aa7252a58f41161c17c3,bps_tpb_2024,1,observation_materializes_cell
edge:82b8fad9e527fa3027df,9f101211dd4249bb7df3,5a64b9e9125a533cd156,7ba29f3a45abe1301651,bps_webapi,4,observation_materializes_cell
edge:aeb9df46502231c700a8,851f2119c6357bd84486,5a668f58192a3cb4ffe5,7ba29f3a45abe1301651,bps_webapi,4,observation_materializes_cell
edge:83162c954178c82838fb,042006f8bac40daef8f3,5a85eb9102136da9523a,7ba29f3a45abe1301651,bps_webapi,4,observation_materializes_cell
edge:90908373d546ca0596fc,9a13f9993e2686aecdcf,5a8976b4f6f061661fad,7ba29f3a45abe1301651,bps_webapi,4,observation_materializes_cell
edge:c9e0b0f9f6e02ba38ead,4433544056def7466e11,5aa5dafc00acf49d4a4f,7ba29f3a45abe1301651,bps_webapi,4,observation_materializes_cell
edge:d14acdb6270337a22c56,c9d4c76387ab0d397a28,5ace90659bbcfb3b9723,7ba29f3a45abe1301651,bps_webapi,4,observation_materializes_cell
edge:96d02eccae4f35ae6d85,4c8e737b670d90eb4103,5ace90659bbcfb3b9723,aa7252a58f41161c17c3,bps_tpb_2024,1,observation_materializes_cell
edge:49081776c962760021d7,8059c45d754fdd39970c,5ad673951f4da8c38a43,7ba29f3a45abe1301651,bps_webapi,4,observation_materializes_cell
edge:15c0709496bc411a58ad,ab3674bdd4aaa7a7af21,5ad7ef18d4a2d7a1f99d,7ba29f3a45abe1301651,bps_webapi,4,observation_materializes_cell
edge:6b4daa383cf016794be2,62db1f070aacbb2e1892,5ad7ef18d4a2d7a1f99d,aa7252a58f41161c17c3,bps_tpb_2024,1,observation_materializes_cell
edge:af462ac7b7fe6b15b023,5f5b7d7e0cf3150c0054,5ae72a8286e9148e2387,7ba29f3a45abe1301651,bps_webapi,4,observation_materializes_cell
edge:66def2118533da2c8bee,18db80b6688f91aff3e5,5ae72a8286e9148e2387,aa7252a58f41161c17c3,bps_tpb_2024,1,observation_materializes_cell
edge:983ac094cf9b39537952,d956e2ba86e12b234947,5b0e504d4a3d09cf15bc,7ba29f3a45abe1301651,bps_webapi,4,observation_materializes_cell
edge:7626bc4dcb26c6946fb8,1c22805fb0ef541d7f28,5b19f68453dddba27d6c,7ba29f3a45abe1301651,bps_webapi,4,observation_materializes_cell
edge:ec7ff9ba9fb6d81bd1ad,802b8e62a17382235d85,5b19f68453dddba27d6c,aa7252a58f41161c17c3,bps_tpb_2024,1,observation_materializes_cell
edge:6fa9169232a39b13dda2,e3f3bca05d668ce574f9,5b2b196bb0303535a783,7ba29f3a45abe1301651,bps_webapi,4,observation_materializes_cell
edge:af9217f3923be61a718e,08afec6f029b3941a51b,5b30375e9c58f9f3ec1f,7ba29f3a45abe1301651,bps_webapi,4,observation_materializes_cell
edge:392a25ea49235fe27331,6a12e1e46fd92679a6a2,5b30375e9c58f9f3ec1f,9ab2011a3892edfac889,bps_tpb_2025,2,observation_materializes_cell
edge:39ab2f4d8ce0461687cf,82fa32ae09389ff0a9e0,5b34559ee50fc55c0d6f,7ba29f3a45abe1301651,bps_webapi,4,observation_materializes_cell
edge:9fc7e3dab2e0ba68c61e,bea9b62c5e8f97022518,5b3fd73fbe2f4543f7ae,7ba29f3a45abe1301651,bps_webapi,4,observation_materializes_cell
edge:aae2c8afa602d782fad9,632a34f1f07b2994f863,5b4e920404f337547307,7ba29f3a45abe1301651,bps_webapi,4,observation_materializes_cell
edge:f3031bdfbef68dbd42af,e14591b446aae70c08d5,5b56dd4a400d34322832,aa7252a58f41161c17c3,bps_tpb_2024,1,observation_materializes_cell
edge:8a6e8617564e9658328e,c89c0ff1231851a24fbb,5b56dd4a400d34322832,b132d2fab33291e0733e,bps_webapi,3,observation_materializes_cell
edge:fdfd7af46fd702ea8796,905f22b370f69b5c393b,5b58381fc71191313c77,7ba29f3a45abe1301651,bps_webapi,4,observation_materializes_cell
edge:a12820533cf26f543595,d8842b35ae49fb217b14,5b58381fc71191313c77,aa7252a58f41161c17c3,bps_tpb_2024,1,observation_materializes_cell
edge:f68153b64c023f03e6f0,edde0b27f2f31f5fb962,5b5eeef107bb6f124496,9ab2011a3892edfac889,bps_tpb_2025,2,observation_materializes_cell
edge:a376b037fd815bd08f48,05a8528c88245297d4ba,5b5eeef107bb6f124496,aa7252a58f41161c17c3,bps_tpb_2024,1,observation_materializes_cell
edge:38e25630da0080dda41b,b73849cf483654ec45ab,5b6bbfab35a1dd0d275d,7ba29f3a45abe1301651,bps_webapi,4,observation_materializes_cell
edge:ffbeba8f93e814b62ff7,94c8e4d2a2cc56788743,5b6c820d83d9c359c2ed,aa7252a58f41161c17c3,bps_tpb_2024,1,observation_materializes_cell
edge:ac249b0cb6c053a303c5,53bf0fff725df094cf20,5b6c820d83d9c359c2ed,b132d2fab33291e0733e,bps_webapi,3,observation_materializes_cell
edge:5e56012a6cf73bca6fe3,479966e099e45964df38,5b7300c06774ad380839,7ba29f3a45abe1301651,bps_webapi,4,observation_materializes_cell
edge:ef506c01f6e26bb38ba7,5e5002cad38e47922814,5b7a63f1296ca319837a,7ba29f3a45abe1301651,bps_webapi,4,observation_materializes_cell
edge:a31f59987a31af2fa901,6e32a56f62b6a054b08c,5b87881917940e2973cb,7ba29f3a45abe1301651,bps_webapi,4,observation_materializes_cell
edge:80fe60477e6e40f58845,a7635fce2be458cd73a6,5b87881917940e2973cb,aa7252a58f41161c17c3,bps_tpb_2024,1,observation_materializes_cell
edge:8c7da343f43019e1db17,b863c963d87d392288a2,5b8bd08c6ae5f7f12159,7ba29f3a45abe1301651,bps_webapi,4,observation_materializes_cell
edge:1596fc8d59f7c9e6ddc8,c5236097cab116fdc8a8,5b98efc5714686375abb,7ba29f3a45abe1301651,bps_webapi,4,observation_materializes_cell
edge:a9d85dc5d9dda1686e53,5bb5466c09a88bbfa302,5ba094b658b79dbd2d2d,7ba29f3a45abe1301651,bps_webapi,4,observation_materializes_cell
edge:020dd13d896db217521f,221146fe71295552b5e2,5bc1db6565861e096a69,aa7252a58f41161c17c3,bps_tpb_2024,1,observation_materializes_cell
edge:888c6aca2c9c7a9380a8,b5f4e70569192169ddfa,5bc1db6565861e096a69,b132d2fab33291e0733e,bps_webapi,3,observation_materializes_cell
edge:7e15b78afd3d206c662f,d7bfd942e277e4a271f4,5bf4804e6295721fbcfd,7ba29f3a45abe1301651,bps_webapi,4,observation_materializes_cell
edge:a02633c326469d5c8b26,6d88d0d4b6e290803b90,5bf6ab8ebd11fe8dbac4,aa7252a58f41161c17c3,bps_tpb_2024,1,observation_materializes_cell
edge:b0255828d102fcf7f920,d5a6ec5c62a8fafc0bca,5bf6ab8ebd11fe8dbac4,b132d2fab33291e0733e,bps_webapi,3,observation_materializes_cell
edge:b50e2d743a83412e59fd,5844b316055cb84ad9e1,5bfdf701aa2e00cdc2ca,7ba29f3a45abe1301651,bps_webapi,4,observation_materializes_cell
edge:9f6c4d7ce2987ff7cee0,d611d5737db28fb2681e,5c0948240f1b7b80e828,7ba29f3a45abe1301651,bps_webapi,4,observation_materializes_cell
edge:a51ff984d7cdf1f4fdb7,8a3f62eff56d51ece141,5c0983a92441dd118423,7ba29f3a45abe1301651,bps_webapi,4,observation_materializes_cell
edge:86764c1339a3406e5d30,ab389a8205eda08e5952,5c1a1191223336d3813c,7ba29f3a45abe1301651,bps_webapi,4,observation_materializes_cell
edge:327e6572c4678a515300,b8cecbc2e7074cb37bb1,5c26ec066f882c1789a9,7ba29f3a45abe1301651,bps_webapi,4,observation_materializes_cell
edge:fc21cd81521cf79d69bd,d0700f336718aac15439,5c3015c249a87f29b509,7ba29f3a45abe1301651,bps_webapi,4,observation_materializes_cell
edge:1b2df1a6dc87bc3ad853,e51488ceecefbc065c51,5c33640e7921679ad0bd,7ba29f3a45abe1301651,bps_webapi,4,observation_materializes_cell
edge:79a01c3d635ebe2adfef,5a460d2d3189065c8c0f,5c3c5913969904faba55,7ba29f3a45abe1301651,bps_webapi,4,observation_materializes_cell
edge:13d71e1a02b50a628853,a42881f17ccc2ac907bc,5c3c5913969904faba55,aa7252a58f41161c17c3,bps_tpb_2024,1,observation_materializes_cell
edge:500b4d1db6a6993f3520,cfeb09f1ea7487c89f45,5c3ed949e93a87cfe2b4,aa7252a58f41161c17c3,bps_tpb_2024,1,observation_materializes_cell
edge:573aba1f6fcc616e25ee,0883b7e8168838e8e20b,5c3ed949e93a87cfe2b4,b132d2fab33291e0733e,bps_webapi,3,observation_materializes_cell
edge:bb8953abec0293e6aa5e,6b09c72b9b05395c0d8d,5c46eac8c63cc930941c,7ba29f3a45abe1301651,bps_webapi,4,observation_materializes_cell
edge:de0ce7feda562b803102,9c9904713219e7c701ba,5c522bc5eace082182ba,7ba29f3a45abe1301651,bps_webapi,4,observation_materializes_cell
edge:7c5a043db0ac9cf67d8e,dd2004ef0138ecefdf68,5c5df512c5d8cb493471,aa7252a58f41161c17c3,bps_tpb_2024,1,observation_materializes_cell
edge:d00449aee2ecd8d972e4,1d1f5a7b86e07d581bb2,5c5df512c5d8cb493471,b132d2fab33291e0733e,bps_webapi,3,observation_materializes_cell
edge:13278fd1c0f934b24089,bdf4a967179c06578d9e,5c76c51b9b5535f50380,7ba29f3a45abe1301651,bps_webapi,4,observation_materializes_cell
edge:5ab76f17108e82b75aef,6c6d02bdc291382708e1,5c76c51b9b5535f50380,9ab2011a3892edfac889,bps_tpb_2025,2,observation_materializes_cell
edge:d0b4882a46a30996d8eb,899af81d3af65f5acd33,5c76c51b9b5535f50380,aa7252a58f41161c17c3,bps_tpb_2024,1,observation_materializes_cell
edge:161100e4d764304a64ae,a6c6b785770325340c4e,5c7b63b417784a728661,7ba29f3a45abe1301651,bps_webapi,4,observation_materializes_cell
edge:9b956dc3f939ee12c789,8c899ce906a19c3a96b7,5c83f8052d59a6763f3b,aa7252a58f41161c17c3,bps_tpb_2024,1,observation_materializes_cell
edge:abe4642ae332ef778e0d,c54d0b9f850c4ca7cfb3,5c83f8052d59a6763f3b,b132d2fab33291e0733e,bps_webapi,3,observation_materializes_cell
edge:a86768b775732002f85c,15072e7a753f426773ea,5c872acaa5ad04f9c3bb,aa7252a58f41161c17c3,bps_tpb_2024,1,observation_materializes_cell
edge:c5ba8b9f1784740b1b05,b2453acf70bac1f7f966,5c872acaa5ad04f9c3bb,b132d2fab33291e0733e,bps_webapi,3,observation_materializes_cell
edge:710570030001e1ed96ed,73fec18809b95b8e5e76,5c8f910ac714bde73c75,7ba29f3a45abe1301651,bps_webapi,4,observation_materializes_cell
edge:87458328c20b739c7ae3,96dd85bebad3e215426d,5c971da323cacab1204c,7ba29f3a45abe1301651,bps_webapi,4,observation_materializes_cell
edge:b4c14478c5e6fe868b04,d60e1775ae3bc92e642a,5c99d5b81587757ee9fc,7ba29f3a45abe1301651,bps_webapi,4,observation_materializes_cell
edge:93cd1626f435f9f41eb5,2f52ee5ca8f0c80c4180,5c99d5b81587757ee9fc,aa7252a58f41161c17c3,bps_tpb_2024,1,observation_materializes_cell
edge:fef19ffcbf2d746032c5,ef9ee45f580f791ba6fc,5c9de6f4ca3b12b01683,7ba29f3a45abe1301651,bps_webapi,4,observation_materializes_cell
edge:268e0da8e4a8fd2116d8,28a0c0be69281713d7a5,5ca11bb3a5b98c52d4fd,7ba29f3a45abe1301651,bps_webapi,4,observation_materializes_cell
edge:cc1fa654cbc0973f9f83,21bbf56b879d3750cbb5,5caafe64bf7dbd36c84b,7ba29f3a45abe1301651,bps_webapi,4,observation_materializes_cell
edge:7ebd4d412f3a577089be,cb4dda22f7afc7c5ceb0,5cb8f06dd86238edccb8,7ba29f3a45abe1301651,bps_webapi,4,observation_materializes_cell
edge:ad02f4bcf7e812c31162,00625f6130e7af199242,5cbb45c3bcaa43a8661d,7ba29f3a45abe1301651,bps_webapi,4,observation_materializes_cell
edge:b8b322f6972c0004e2a0,29b143dac1ea796224b2,5cc03b4ba43fbbf48eb4,aa7252a58f41161c17c3,bps_tpb_2024,1,observation_materializes_cell
edge:b0c2f3aa1c20f1491e9b,1c3559ebdae6c9554a52,5cc03b4ba43fbbf48eb4,b132d2fab33291e0733e,bps_webapi,3,observation_materializes_cell
edge:e1a6fd8502ec9aa4fdd2,0b7a190a639c3438af9d,5cd01c1de0acc64295e7,aa7252a58f41161c17c3,bps_tpb_2024,1,observation_materializes_cell
edge:ceb224f99cd167119b52,605568985be6470c6010,5cd01c1de0acc64295e7,b132d2fab33291e0733e,bps_webapi,3,observation_materializes_cell
edge:a0876698ca82cf143eb1,039e3f4df8f04f5dce7d,5cdf66f90a82f6e0de65,7ba29f3a45abe1301651,bps_webapi,4,observation_materializes_cell
edge:a835dfdff865f678c2ef,f8e31bbeeadf8c6c3d45,5ce90e9686e544e95c82,7ba29f3a45abe1301651,bps_webapi,4,observation_materializes_cell
edge:65849ff20bace06ffa18,b83990e6217fcaf69144,5cef4b63563ca8ae34d3,aa7252a58f41161c17c3,bps_tpb_2024,1,observation_materializes_cell
edge:3fea4558228cbfb289a5,49863eee966d073c29a2,5cef4b63563ca8ae34d3,b132d2fab33291e0733e,bps_webapi,3,observation_materializes_cell
edge:fb855204ec4b7ba038f6,2cfc3647cb494acf9f63,5d0128d2bbe7b7231969,7ba29f3a45abe1301651,bps_webapi,4,observation_materializes_cell
edge:978dec55766a9c7cea76,e23293dcbf2312ad1a32,5d1645464bf75b47be0a,7ba29f3a45abe1301651,bps_webapi,4,observation_materializes_cell
edge:21f13dfc60575289fde1,a84390d15cdbb0666a27,5d34e069c9266d89f630,7ba29f3a45abe1301651,bps_webapi,4,observation_materializes_cell
edge:43a0a67f680fbf2c7c5a,07b69f6658d1b229b0ff,5d387e7c2da94ed70aae,7ba29f3a45abe1301651,bps_webapi,4,observation_materializes_cell
edge:6b18075eef29d72c5534,06bcb064868d8e5f2999,5d4a74d50a6c27801d82,7ba29f3a45abe1301651,bps_webapi,4,observation_materializes_cell
edge:10fc4c0c0e072edd19f9,52c7f4926e60aba82518,5d5ef4ab2ae1addd9138,7ba29f3a45abe1301651,bps_webapi,4,observation_materializes_cell
edge:6e4e987bb800a1cf4558,cd62e40dae59af07b3e8,5d62777eb7dbb48d3c14,7ba29f3a45abe1301651,bps_webapi,4,observation_materializes_cell
edge:d491b1ab174b11075e5f,fbd5012c27888271a3db,5d67969b1561063fa678,7ba29f3a45abe1301651,bps_webapi,4,observation_materializes_cell
edge:773edbfef8ebdbc4b6df,6875b492e052854a1415,5d6c5a692cc0eacb2fdb,7ba29f3a45abe1301651,bps_webapi,4,observation_materializes_cell
edge:de4ccbde6e9b80688220,1649c49814509511e942,5d6fbc353ae5a29eb195,7ba29f3a45abe1301651,bps_webapi,4,observation_materializes_cell
edge:66da576fe5f604fa9a65,869d909e2701d41607e5,5d88403364a7e7d9e31c,aa7252a58f41161c17c3,bps_tpb_2024,1,observation_materializes_cell
edge:61117c86a732d7d165b0,92c08d6e5cd1f1faddd9,5d88403364a7e7d9e31c,b132d2fab33291e0733e,bps_webapi,3,observation_materializes_cell
edge:6452846ff94b1f0a2ec7,92941b7bd470b8aab404,5d88f7728b38a481daae,7ba29f3a45abe1301651,bps_webapi,4,observation_materializes_cell
edge:c9a0e5b29cf78d62a191,302a6a90bc164194a39f,5d97fa09fce14a36bc8d,7ba29f3a45abe1301651,bps_webapi,4,observation_materializes_cell
edge:a8fb9398aa7a66dffd75,c5347129c6786616810c,5d97fa09fce14a36bc8d,aa7252a58f41161c17c3,bps_tpb_2024,1,observation_materializes_cell
edge:7962a5a9b69eaa87d7ee,c42ee0c8cfb86b99d484,5d9b715762ed03f4bdf1,7ba29f3a45abe1301651,bps_webapi,4,observation_materializes_cell
edge:884559b02073c8a47b06,0869b310a1ebbbad9a18,5dc4f24c10aea5bf330b,aa7252a58f41161c17c3,bps_tpb_2024,1,observation_materializes_cell
edge:63b917daa23f08952ddf,6a6712c6e45f05b476a6,5dc4f24c10aea5bf330b,b132d2fab33291e0733e,bps_webapi,3,observation_materializes_cell
edge:eb181011a277d953bc37,dfadbb7ae4093e1f8cfd,5dcf6c701dc5652ce4d3,aa7252a58f41161c17c3,bps_tpb_2024,1,observation_materializes_cell
edge:d0c601e53ba1ff56382d,876875bc465cc2ca757e,5dcf6c701dc5652ce4d3,b132d2fab33291e0733e,bps_webapi,3,observation_materializes_cell
edge:10c0474af6da94995172,28f2f192724c4e61dc0d,5dcfcd7efcfdb380bad7,aa7252a58f41161c17c3,bps_tpb_2024,1,observation_materializes_cell
edge:40250d2de6f603314165,5696211bb2a75b837246,5dcfcd7efcfdb380bad7,b132d2fab33291e0733e,bps_webapi,3,observation_materializes_cell
edge:ba45eb24fa864e872587,1336fa2c7a056d668866,5dd256aa3c4f391f3b58,7ba29f3a45abe1301651,bps_webapi,4,observation_materializes_cell
edge:d25424b256cba0ec69f8,59fe39c85f9efc1ae42e,5dd83317de285b8c4f95,aa7252a58f41161c17c3,bps_tpb_2024,1,observation_materializes_cell
edge:c83ed19999b1da461ce6,2041e6f1c4e58b412d15,5dd83317de285b8c4f95,b132d2fab33291e0733e,bps_webapi,3,observation_materializes_cell
edge:eef1c8e538fb0237268a,17bd3878de54ee00c609,5df440060ed6bb191d33,7ba29f3a45abe1301651,bps_webapi,4,observation_materializes_cell
edge:f74be7606f2cabea5334,cb40d495b10c0497ebf5,5e36266601dcc7d21879,7ba29f3a45abe1301651,bps_webapi,4,observation_materializes_cell
edge:6be265173e696659cc88,d99e1a33f76edc23690c,5e3de66c8e90437ded8f,7ba29f3a45abe1301651,bps_webapi,4,observation_materializes_cell
edge:dfc606722a83d0e60503,92fc029560a3896f7d60,5e3de66c8e90437ded8f,aa7252a58f41161c17c3,bps_tpb_2024,1,observation_materializes_cell
edge:50e8994636030b9b89f7,f8e560125bf81c414f9c,5e3f7df41100378a402e,aa7252a58f41161c17c3,bps_tpb_2024,1,observation_materializes_cell
edge:5c57d6f52c8a9c3f98fb,c6aae73c22278b4a2772,5e3f7df41100378a402e,b132d2fab33291e0733e,bps_webapi,3,observation_materializes_cell
edge:ecbc4e48528b1597f968,323beb41e95a2b56dbff,5e4e9730e2d2e8f9be1c,7ba29f3a45abe1301651,bps_webapi,4,observation_materializes_cell
edge:30012f514f68dab6b29f,f94fa9a06c51eb222821,5e529b16a63590d2ac0e,7ba29f3a45abe1301651,bps_webapi,4,observation_materializes_cell
edge:3470c9c28f6e1e39bfa6,d2490e599d8375ee200a,5e6667b92288018e2d10,aa7252a58f41161c17c3,bps_tpb_2024,1,observation_materializes_cell
edge:bfb3b43401d18fb46ba5,2d5270ea9d40d59728e7,5e6667b92288018e2d10,b132d2fab33291e0733e,bps_webapi,3,observation_materializes_cell
edge:2746d63d30f50d54efa8,672192d7717be986303d,5e68928a3177e3797505,7ba29f3a45abe1301651,bps_webapi,4,observation_materializes_cell
edge:be84bf8ac4ccdeb8e94c,49a18efdae14f5a690cc,5e6d36401b2a2dd60ff7,7ba29f3a45abe1301651,bps_webapi,4,observation_materializes_cell
edge:1216bf54a1328569d8aa,7a56a2374bf21be1f245,5e7d7908ec9e7257f4be,7ba29f3a45abe1301651,bps_webapi,4,observation_materializes_cell
edge:94ee02c8a1a00326a2c3,ed9112d443085f39ad97,5e7d7908ec9e7257f4be,aa7252a58f41161c17c3,bps_tpb_2024,1,observation_materializes_cell
edge:e1c0856850d8fc2ad54f,9ef5ef0cb540afaae1a3,5e8bda6f277efdc4d237,7ba29f3a45abe1301651,bps_webapi,4,observation_materializes_cell
edge:950563e57b50056875fb,0f02e1cc1bf2b6b0d5ac,5e9d088d9013fdfc37f8,7ba29f3a45abe1301651,bps_webapi,4,observation_materializes_cell
edge:aa39d9437e733cfc4265,b4163e1565a9b39dd87a,5e9e11ef2ebe38c90b1f,7ba29f3a45abe1301651,bps_webapi,4,observation_materializes_cell
edge:95eda95431124cbd1302,09f3ffa000610b6b482e,5e9e11ef2ebe38c90b1f,aa7252a58f41161c17c3,bps_tpb_2024,1,observation_materializes_cell
edge:35ebf01458e5ce452f45,bfbfce74788b544565f9,5ea61b98e69e06f1b1fd,7ba29f3a45abe1301651,bps_webapi,4,observation_materializes_cell
edge:883d11464ebaa168925f,c8391c91c980d7c4c5ea,5ea61b98e69e06f1b1fd,aa7252a58f41161c17c3,bps_tpb_2024,1,observation_materializes_cell
edge:1598fdc9ad6c6f144f4d,1218ec15082c7756e4ff,5eaa84f464e1a2ae785b,7ba29f3a45abe1301651,bps_webapi,4,observation_materializes_cell
edge:6e5a8eb8dd865358119a,9b544ebede2a5afd09b4,5eb0c01f797e6e10e171,7ba29f3a45abe1301651,bps_webapi,4,observation_materializes_cell
edge:3d9416ea1ad9e1206012,221ef35231fab1a9c99b,5eb0c01f797e6e10e171,aa7252a58f41161c17c3,bps_tpb_2024,1,observation_materializes_cell
edge:421f94239838c1b40e6e,066156e5796a113a376c,5eb99e085bec7293042d,7ba29f3a45abe1301651,bps_webapi,4,observation_materializes_cell
edge:0bd67a063791512cf810,ccf882b506db38dc05a5,5ecefe923d1e2d2e3d73,7ba29f3a45abe1301651,bps_webapi,4,observation_materializes_cell
edge:38e3fabe6f79acfd5a48,92ae5d2af538d3cc7d1b,5ecefe923d1e2d2e3d73,aa7252a58f41161c17c3,bps_tpb_2024,1,observation_materializes_cell
edge:08037f11679b56996d50,ee8df54a4b90c34d3952,5ed95721c9710afaa63c,7ba29f3a45abe1301651,bps_webapi,4,observation_materializes_cell
edge:aab7be27c324bb882d85,78554cae73c0c1ba0eff,5ee031094f81faa6b994,7ba29f3a45abe1301651,bps_webapi,4,observation_materializes_cell
edge:938b526824c4d2e6d3f8,cde9df6c6354bf486a9a,5ee95794486c30281432,7ba29f3a45abe1301651,bps_webapi,4,observation_materializes_cell
edge:37eea0443c7acc97308a,5e34fcfffcb56891bbee,5f00f89fd3ed87943ff3,7ba29f3a45abe1301651,bps_webapi,4,observation_materializes_cell
edge:9a3ea08ba3aa47862cc2,a6868b4cf55b59860da8,5f03ad72e0d66f69bdae,7ba29f3a45abe1301651,bps_webapi,4,observation_materializes_cell
edge:24406aaab72e51d0c301,42a8703deedb899af6fc,5f0967c83de0c90fd86e,7ba29f3a45abe1301651,bps_webapi,4,observation_materializes_cell
edge:ea3749476b4dc6328e40,c2fd55f1d906383204cc,5f2a7d255685a88d20c5,7ba29f3a45abe1301651,bps_webapi,4,observation_materializes_cell
edge:59f6a6cb2a950673189f,712709870fd97ba3f7ea,5f2b160a4ae077d80e7c,7ba29f3a45abe1301651,bps_webapi,4,observation_materializes_cell
edge:16556bba266d15ac8039,4d90c824b2bf5cb30d7a,5f4313617f1176192264,7ba29f3a45abe1301651,bps_webapi,4,observation_materializes_cell
edge:53ca287d0a5cad726fce,df6582532e5d7919e6c6,5f496dd7d14b1fca09b0,7ba29f3a45abe1301651,bps_webapi,4,observation_materializes_cell
edge:594b7056061574a46552,60d6a5d15fe2f30cf7c2,5f5664c92bc0428f1b0e,aa7252a58f41161c17c3,bps_tpb_2024,1,observation_materializes_cell
edge:4b6105ce4f4666d1dfdd,e4d4565a737c86e65df2,5f5664c92bc0428f1b0e,b132d2fab33291e0733e,bps_webapi,3,observation_materializes_cell
edge:7c6706ea9917b2f350dd,d800d02b59fc574430c1,5f62e9af3be35eea21e0,7ba29f3a45abe1301651,bps_webapi,4,observation_materializes_cell
edge:76792cec74d3f331bdae,02baf39e6173f9bf3b4d,5f726171562e16058d79,7ba29f3a45abe1301651,bps_webapi,4,observation_materializes_cell
edge:6bfa21526dc0178b6a93,4ea7dbc5b5c5df6b47ec,5f726171562e16058d79,aa7252a58f41161c17c3,bps_tpb_2024,1,observation_materializes_cell
edge:708b1e6a92d33918b159,64aae387fa556ddb0e45,5f7c56483d9f72ed8319,7ba29f3a45abe1301651,bps_webapi,4,observation_materializes_cell
edge:6a3c84a47d1ed70303e6,d0262254fa23e10d2e60,5f7c56483d9f72ed8319,aa7252a58f41161c17c3,bps_tpb_2024,1,observation_materializes_cell
edge:ccd48117ac4557e5e021,46687700829b2159692a,5f8718a3e486bd127010,7ba29f3a45abe1301651,bps_webapi,4,observation_materializes_cell
edge:bf48cb063e37f4525ee3,d5484aa9cc866cbe25b1,5f8718a3e486bd127010,aa7252a58f41161c17c3,bps_tpb_2024,1,observation_materializes_cell
edge:c326c7ec91784eff3f66,a1b37a4429b9a95d3ffb,5f913691dbf49c200048,7ba29f3a45abe1301651,bps_webapi,4,observation_materializes_cell
edge:167f0fee6d3d66a471a8,377f474e9aeb68594dbd,5fa197ba627f4b6f9e11,7ba29f3a45abe1301651,bps_webapi,4,observation_materializes_cell
edge:1e53555f1a50b6bc166e,be4f4c72f6083b8175f6,5fb4d697b7064b1801ab,7ba29f3a45abe1301651,bps_webapi,4,observation_materializes_cell
edge:251f35b69beb0f75412d,82bfac3c5271e1410ff0,5fdb0d9bc0db6a8e934e,aa7252a58f41161c17c3,bps_tpb_2024,1,observation_materializes_cell
edge:029ab4e6fd03218341a4,573a1323d56840aab0e0,5fdb0d9bc0db6a8e934e,b132d2fab33291e0733e,bps_webapi,3,observation_materializes_cell
edge:0c27280dcf8e800b0ca6,31a772dcbe0db3126789,5fdc016b3163a6eb91f8,7ba29f3a45abe1301651,bps_webapi,4,observation_materializes_cell
edge:478e385176267bf4ede6,e394401f06f5abce3310,5fde566c3ccc36d3e886,7ba29f3a45abe1301651,bps_webapi,4,observation_materializes_cell
edge:72e955746eea8909f01b,2dc2667f7e688ec60e1f,5fde566c3ccc36d3e886,aa7252a58f41161c17c3,bps_tpb_2024,1,observation_materializes_cell
edge:1e43c07fdbd7ecbb7582,f160631e37c6689c45f3,5fe2cf48a8ed992c0777,7ba29f3a45abe1301651,bps_webapi,4,observation_materializes_cell
edge:39356c6fe95aa3825588,fc85af325a3d68b1f497,600729dab8f0c1ef7cde,aa7252a58f41161c17c3,bps_tpb_2024,1,observation_materializes_cell
edge:fc24dccf62df626e2276,81f189011e6127f8af77,600729dab8f0c1ef7cde,b132d2fab33291e0733e,bps_webapi,3,observation_materializes_cell
edge:41f446c258c2b7d2fd61,4b196691b66d041470df,6018d5b3fe87516978e5,7ba29f3a45abe1301651,bps_webapi,4,observation_materializes_cell
edge:0fc73725dbcbdf464dfd,0c882cbcd4021be302d7,601e9268db4cefa7d8b0,7ba29f3a45abe1301651,bps_webapi,4,observation_materializes_cell
edge:74c9532111e8fda3b3fe,7ca84c8eea61cbee89b3,60282eab55ce12e71272,aa7252a58f41161c17c3,bps_tpb_2024,1,observation_materializes_cell
edge:29acc3f8502a056d91eb,216f20d9e655872e1e19,60282eab55ce12e71272,b132d2fab33291e0733e,bps_webapi,3,observation_materializes_cell
edge:75fabf4ee53136b07662,2a4936486b876ae44db5,607630112ee88b9bf563,7ba29f3a45abe1301651,bps_webapi,4,observation_materializes_cell
edge:0e4ecc61f5f37e3038f8,f2fe8a5109f4c20b4783,608e4a1e81bb763c5c85,7ba29f3a45abe1301651,bps_webapi,4,observation_materializes_cell
edge:d821fa0a02ae2281abea,8d6292b8ea2f91ede2d9,6096eb0fd4932bedb92c,7ba29f3a45abe1301651,bps_webapi,4,observation_materializes_cell
edge:8f19f11b3d7dffa48210,2116773acfd4042f0a3f,60a4481dbb89a3ac6f8a,7ba29f3a45abe1301651,bps_webapi,4,observation_materializes_cell
edge:cd78ea06399a3ac6290f,716a8aa1ec6f611de951,60a4481dbb89a3ac6f8a,aa7252a58f41161c17c3,bps_tpb_2024,1,observation_materializes_cell
edge:c7344d19bd53cfda5865,fa884b9bc757efa347c7,60afa1ec232194786d6c,7ba29f3a45abe1301651,bps_webapi,4,observation_materializes_cell
edge:142adfb93a9805dab7ba,9eb19c0c32641357a8ab,60b60eb982e35a30bfe4,aa7252a58f41161c17c3,bps_tpb_2024,1,observation_materializes_cell
edge:6eb77040623d43d2ff00,af3d62f1e881cbd41e37,60b60eb982e35a30bfe4,b132d2fab33291e0733e,bps_webapi,3,observation_materializes_cell
edge:124f855da2305dc29b6c,dc50d12795eede8de014,60ce029c8cbe5463e2e7,aa7252a58f41161c17c3,bps_tpb_2024,1,observation_materializes_cell
edge:ff1d8607830f333ddedb,297dc4d2be86e4925338,60ce029c8cbe5463e2e7,b132d2fab33291e0733e,bps_webapi,3,observation_materializes_cell
edge:a6d3b6b5980002bad76c,8f73100e161e17753257,60defd76c96a8c1c297b,7ba29f3a45abe1301651,bps_webapi,4,observation_materializes_cell
edge:2afdf86c376a763ba083,480c4b73b3cbba96dd2f,60e140c83bba80de57f7,7ba29f3a45abe1301651,bps_webapi,4,observation_materializes_cell
edge:01bf3e4b47e24603e1ed,7d49d424f58c886d483e,60e140c83bba80de57f7,aa7252a58f41161c17c3,bps_tpb_2024,1,observation_materializes_cell
edge:8af7120c06ead8143549,8723f35714da906c65b6,60e36432ec7fad02e234,7ba29f3a45abe1301651,bps_webapi,4,observation_materializes_cell
edge:d3dbde9f47ecf77947e0,b702fdeaf29db661a93c,60f21ff5b2054ec49cc4,7ba29f3a45abe1301651,bps_webapi,4,observation_materializes_cell
edge:a0a784247bd8fbd3a257,c5fa972292d422e893b5,60f33fbee446081cd7fc,7ba29f3a45abe1301651,bps_webapi,4,observation_materializes_cell
edge:7accdd0e828de3f1c366,aca3223b9d91ace66fe0,60f33fbee446081cd7fc,aa7252a58f41161c17c3,bps_tpb_2024,1,observation_materializes_cell
edge:dd933425de686d804962,944cda3b82298af063dc,611797dafeac300b7a1a,7ba29f3a45abe1301651,bps_webapi,4,observation_materializes_cell
edge:61b886f43f5d19b97a42,29dc6c899f8e869382d4,613650d9ad87e8a7d908,7ba29f3a45abe1301651,bps_webapi,4,observation_materializes_cell
edge:a0edbfa3d2b547fac406,976f3f7c8682133142a0,615ec30abcd05cdf9ea8,7ba29f3a45abe1301651,bps_webapi,4,observation_materializes_cell
edge:cd074d5f741245378587,6eb848fb60b355328848,616a95fa920b7ef78ead,7ba29f3a45abe1301651,bps_webapi,4,observation_materializes_cell
edge:f5675131e6aa6f29abc7,d88cbac3e125d4833279,616a95fa920b7ef78ead,aa7252a58f41161c17c3,bps_tpb_2024,1,observation_materializes_cell
edge:eafd171389c521bc77b1,96f7d3e9b4380559c817,6181f38fb5d6a0b18528,aa7252a58f41161c17c3,bps_tpb_2024,1,observation_materializes_cell
edge:48ddc4762646ea0c44b5,8d2883ec56f43eb641fe,6181f38fb5d6a0b18528,b132d2fab33291e0733e,bps_webapi,3,observation_materializes_cell
edge:7936536b1cc6e618f7be,507ba90796052d3072f6,61836b8b488840d1a69d,7ba29f3a45abe1301651,bps_webapi,4,observation_materializes_cell
edge:dbe905b466300f46bc58,579d39ea72ca0c75e9f0,618a8a56eb33c5e5c8d7,aa7252a58f41161c17c3,bps_tpb_2024,1,observation_materializes_cell
edge:2a1c4f6e5aec58f47f44,3998799a5fcec08b0328,618a8a56eb33c5e5c8d7,b132d2fab33291e0733e,bps_webapi,3,observation_materializes_cell
edge:4a620eda05ba0c1cbefa,ed5fc336e4264df99e2c,61a58f1dacf1a7849ec8,7ba29f3a45abe1301651,bps_webapi,4,observation_materializes_cell
edge:b94e9b2e76dc67b6e905,f9edc24ab269ee45169e,61a58f1dacf1a7849ec8,aa7252a58f41161c17c3,bps_tpb_2024,1,observation_materializes_cell
edge:845d15a2d12d5772a23d,06e3f08197d273c6d11b,61b28e9307ae9ccd510a,aa7252a58f41161c17c3,bps_tpb_2024,1,observation_materializes_cell
edge:4505b11e2a9add429b10,470e318e5409e25e333b,61b28e9307ae9ccd510a,b132d2fab33291e0733e,bps_webapi,3,observation_materializes_cell
edge:6e57e354f42d1793d4ed,773062af04c9c25353d3,61c5bcb993b34998a7fa,7ba29f3a45abe1301651,bps_webapi,4,observation_materializes_cell
edge:3234ef546e94f5d16923,79a2c7ffccdb420dda9e,61c9b7e1700f9ebcc722,7ba29f3a45abe1301651,bps_webapi,4,observation_materializes_cell
edge:e2cd7bb82e5fdec30b1c,0816f6eb0727f9a4be9b,61d4d9c6855a7dd90066,7ba29f3a45abe1301651,bps_webapi,4,observation_materializes_cell
edge:200f5039d3c6b3f319b8,9a183d7e66a4f2a3841f,61deebf053188a02bc24,7ba29f3a45abe1301651,bps_webapi,4,observation_materializes_cell
edge:4c64d56c46b1f4b584ec,b88a0f9a71ad3b70ef0b,6209c5960f01c6f6dfbb,7ba29f3a45abe1301651,bps_webapi,4,observation_materializes_cell
edge:f40b78c139900d5c49c7,2642840043204085e642,6209c5960f01c6f6dfbb,aa7252a58f41161c17c3,bps_tpb_2024,1,observation_materializes_cell
edge:ca742d8adcc31d8ad975,d40a8066b3f1f6ac26da,6210c26ba247a0e0f171,7ba29f3a45abe1301651,bps_webapi,4,observation_materializes_cell
edge:705da2b2ed899c1f7a53,afd5114d4db12a06c484,622686b18c75bfb066cb,7ba29f3a45abe1301651,bps_webapi,4,observation_materializes_cell
edge:e3467acf414413afda38,8c3e20285cd88816dd92,6228c6bf23ce22626612,aa7252a58f41161c17c3,bps_tpb_2024,1,observation_materializes_cell
edge:87116bda765972b218bb,7baf345cefc0df7fdd15,6228c6bf23ce22626612,b132d2fab33291e0733e,bps_webapi,3,observation_materializes_cell
edge:1bf5a39bda1dc2c1005b,4e4c491b392f3768d7bf,622c589c40376f9df153,7ba29f3a45abe1301651,bps_webapi,4,observation_materializes_cell
edge:9530f9ed64adad6ef06c,fc2562e17f8a3012e714,622c589c40376f9df153,aa7252a58f41161c17c3,bps_tpb_2024,1,observation_materializes_cell
edge:ec0f57180fb9b3724ea7,7a5541e90f59c1c7aa2f,622ea5aabed365a84cd1,7ba29f3a45abe1301651,bps_webapi,4,observation_materializes_cell
edge:c03ae98d7673528a2bbe,3d02aa42a8ac78f87235,6234d3199d3526fbaa46,7ba29f3a45abe1301651,bps_webapi,4,observation_materializes_cell
edge:995dcbafc2af194eee0e,1fcd6a6c759cadafafcf,623694352a59a3bf58c0,7ba29f3a45abe1301651,bps_webapi,4,observation_materializes_cell
edge:19ae925ad975c4b79d3f,240a63f9a01d8bc1e658,623a4ca4b0c0ddf000c2,aa7252a58f41161c17c3,bps_tpb_2024,1,observation_materializes_cell
edge:2ec450dc70395204f58a,55b85a181160efe1259c,623a4ca4b0c0ddf000c2,b132d2fab33291e0733e,bps_webapi,3,observation_materializes_cell
edge:d36d3ef248a4307ba5fd,62b115b82e3ab5d36c86,6258571aea21dad1d2a6,aa7252a58f41161c17c3,bps_tpb_2024,1,observation_materializes_cell
edge:a40401f38047fd02029a,fcc78c63e34e114b3372,6258571aea21dad1d2a6,b132d2fab33291e0733e,bps_webapi,3,observation_materializes_cell
edge:9fcc355eaeb9c7608cb9,662f652a3ad6ae4fcbd5,62591185f3574de3657a,aa7252a58f41161c17c3,bps_tpb_2024,1,observation_materializes_cell
edge:9d038ce18322c253d5ea,4b5285a70e681b5341d7,62591185f3574de3657a,b132d2fab33291e0733e,bps_webapi,3,observation_materializes_cell
edge:2c5983defebd3c379a3b,3a416738a47186bcc9d2,6279f59c541430dbd54b,7ba29f3a45abe1301651,bps_webapi,4,observation_materializes_cell
edge:0a2d54081a1bcf7dcb31,d1691531f751d74e38fa,627d724f7617597ce9cc,7ba29f3a45abe1301651,bps_webapi,4,observation_materializes_cell
edge:a51d321424537fc7bf32,617bcc1de8b11f4a7fba,62901cfcc43579af0e47,7ba29f3a45abe1301651,bps_webapi,4,observation_materializes_cell
edge:b10f7c5240f0a1b6b07f,d6cdcd2ff882015eb48b,62924cccfa712bc6a5fc,7ba29f3a45abe1301651,bps_webapi,4,observation_materializes_cell
edge:f03acd08c3a193ad8cd9,86640a4353b5dee4939b,62a64d5bfe9174eadaee,7ba29f3a45abe1301651,bps_webapi,4,observation_materializes_cell
edge:5875b542d89644084333,dc62df16afe8daf1f541,62a6faa3e9e69315b35a,7ba29f3a45abe1301651,bps_webapi,4,observation_materializes_cell
edge:a3479ef49556c9f5dd87,96c7b29144520dbddb38,62a6faa3e9e69315b35a,aa7252a58f41161c17c3,bps_tpb_2024,1,observation_materializes_cell
edge:29a8152c7a0755ec3e9b,b64ad2b589bb12c3d84f,62adc2586ab7df53795c,7ba29f3a45abe1301651,bps_webapi,4,observation_materializes_cell
edge:0f514ed1d3c413763a48,3b6fcf3d3f1914f8895c,62adc2586ab7df53795c,aa7252a58f41161c17c3,bps_tpb_2024,1,observation_materializes_cell
edge:15d02c2e212a4e4253a1,c5dece93471bff31a0c6,62c4d103da9d92d7c9eb,7ba29f3a45abe1301651,bps_webapi,4,observation_materializes_cell
edge:176ccecebcaa5a111780,ce709daf01147d288b68,62e1219ed19fab713ce6,7ba29f3a45abe1301651,bps_webapi,4,observation_materializes_cell
edge:659ef604b605d9d43cba,1e92e4a489e40561a1cc,62f2cad89bf65b04572d,7ba29f3a45abe1301651,bps_webapi,4,observation_materializes_cell
edge:3d7b23b08a5d8942042c,9cf803cfe6d73e73b8de,62fdd40ed2c0fd2cfea6,7ba29f3a45abe1301651,bps_webapi,4,observation_materializes_cell
edge:4cf770afcae93bf7cfb0,bc9b74e78242ae97600c,62fdd40ed2c0fd2cfea6,aa7252a58f41161c17c3,bps_tpb_2024,1,observation_materializes_cell
edge:07d8e3154325b9f3a070,cf5cda4db7bff959a83c,63052b290cff06bcfec4,7ba29f3a45abe1301651,bps_webapi,4,observation_materializes_cell
edge:019cd459e91ca6e953ab,a6afec5fb5e23b8789a4,6305bbb7be21014ac3f5,7ba29f3a45abe1301651,bps_webapi,4,observation_materializes_cell
edge:2d7f8fa0a505c2b25d25,85b4382c15de2d3f933d,63464d1cb9963bced8af,7ba29f3a45abe1301651,bps_webapi,4,observation_materializes_cell
edge:06056daab90a3ed34c71,6cadc88cbf7e2246e24f,634be85fe5d1982c0f20,7ba29f3a45abe1301651,bps_webapi,4,observation_materializes_cell
edge:b0f263b91a96bdb06208,b3fcfb8ddc49f2dd22b2,634be85fe5d1982c0f20,aa7252a58f41161c17c3,bps_tpb_2024,1,observation_materializes_cell
edge:f3f608837b046040530b,331289e8e84f11ecb5b4,634ec0e12f7657bad01c,7ba29f3a45abe1301651,bps_webapi,4,observation_materializes_cell
edge:2371963db07bca4cbe26,0b0fd94d8225012cf52e,639bfbbf0a1def302340,7ba29f3a45abe1301651,bps_webapi,4,observation_materializes_cell
edge:2be0a605c0e568cf395c,f8ee56de7e0f60da18d0,63b86d50f3e54696d814,7ba29f3a45abe1301651,bps_webapi,4,observation_materializes_cell
edge:ae2b89b1348948c4ffab,60208f2c149e3c5df718,63cab9c91eab96ccbcf8,7ba29f3a45abe1301651,bps_webapi,4,observation_materializes_cell
edge:bf004dca1c4b9602bc7b,27a267f4a8e536e5f1ec,63cda22a20f899685f53,7ba29f3a45abe1301651,bps_webapi,4,observation_materializes_cell
edge:e3f63faa62a641ff7cde,0d006b9a61e2eaee43f2,63d861bd5a0ae1492b7d,7ba29f3a45abe1301651,bps_webapi,4,observation_materializes_cell
edge:d62f2777c7aac9f690fc,6b1e03d3a782aa7ece80,63e5a660b477979016c5,7ba29f3a45abe1301651,bps_webapi,4,observation_materializes_cell
edge:4ef5558ce68c6e1af63b,83400e7806ca4abbfaf3,63e5a660b477979016c5,aa7252a58f41161c17c3,bps_tpb_2024,1,observation_materializes_cell
edge:ae6fe9f5f5e0f92189cf,1e31edacda435198cf0a,63e82c589e23b7af63dd,7ba29f3a45abe1301651,bps_webapi,4,observation_materializes_cell
edge:3c050b8b932aa2e74706,cee411416b4a86314669,63fa2372d451c2e7a348,aa7252a58f41161c17c3,bps_tpb_2024,1,observation_materializes_cell
edge:b0f076fcd667dab3c6a9,a2e00794f26d4ea3f2bd,63fa2372d451c2e7a348,b132d2fab33291e0733e,bps_webapi,3,observation_materializes_cell
edge:38fd90dc9deb4249803d,f6c239b8bcb935f31e16,64143136059d15fcf268,7ba29f3a45abe1301651,bps_webapi,4,observation_materializes_cell
edge:89fd0a956ec78c39fa45,11f69d2e08e66d869c4c,64143136059d15fcf268,aa7252a58f41161c17c3,bps_tpb_2024,1,observation_materializes_cell
edge:777726b5142ce64cf84f,3b7920499e0c45f79472,641634541d7b462bdd7b,7ba29f3a45abe1301651,bps_webapi,4,observation_materializes_cell
edge:6e42ae36a4e6f9223353,812462e3401f95465451,6432f18477b5dbdf4f41,7ba29f3a45abe1301651,bps_webapi,4,observation_materializes_cell
edge:a95633df42d68948bb1a,e82bb04c1a4e705de1d9,643a4f3137bb3b21a9f0,7ba29f3a45abe1301651,bps_webapi,4,observation_materializes_cell
edge:1524a6a7b0c081c33d8f,147bc7ccdd1dcb3a47bf,645a7009d850344ea3d0,7ba29f3a45abe1301651,bps_webapi,4,observation_materializes_cell
edge:e25a9c32cc87ac54de80,0a08c3d97b38a447260b,6463e8fbc2e8fbea49a4,7ba29f3a45abe1301651,bps_webapi,4,observation_materializes_cell
edge:11c4ef1706e2a7161d1e,726a8282e42db97ed491,646d4bec0dcce4e2c4ab,aa7252a58f41161c17c3,bps_tpb_2024,1,observation_materializes_cell
edge:d8a5afbbca8a8592d423,020a96895c330613e8cb,646d4bec0dcce4e2c4ab,b132d2fab33291e0733e,bps_webapi,3,observation_materializes_cell
edge:353a2bd4a8058923f4d3,0a21c6cdb3b4c1273f93,64753f59587de88f8155,7ba29f3a45abe1301651,bps_webapi,4,observation_materializes_cell
edge:6b9e3101d46bafad6efa,32639a7af6a87713abb0,64753f59587de88f8155,aa7252a58f41161c17c3,bps_tpb_2024,1,observation_materializes_cell
edge:bff9a1f43fad5925b8c1,140dcdbaf6ff093aac40,647eca0b32f311809bd2,7ba29f3a45abe1301651,bps_webapi,4,observation_materializes_cell
edge:4463f1f0554448a275c2,6f3c48c7c8dad48619e3,64805af5fc05ddc0a893,7ba29f3a45abe1301651,bps_webapi,4,observation_materializes_cell
edge:69f08c03acec523e0b2f,5ad50798939f35521dd4,64886f159d665b4bc663,7ba29f3a45abe1301651,bps_webapi,4,observation_materializes_cell
edge:fa5a5b9a80c7b861169c,03a850826531254063ee,648d38569b16c8d9bbd6,aa7252a58f41161c17c3,bps_tpb_2024,1,observation_materializes_cell
edge:350c7557d058d3644a1f,36af18421ff053569058,648d38569b16c8d9bbd6,b132d2fab33291e0733e,bps_webapi,3,observation_materializes_cell
edge:64a02b0cd5e3e452e993,b7738dbaf579c8a524fa,6495d41bc8de650c5873,7ba29f3a45abe1301651,bps_webapi,4,observation_materializes_cell
edge:00f2519553b373e8bceb,77848d5c158ab149adbd,649bda4c8af407cee1b4,7ba29f3a45abe1301651,bps_webapi,4,observation_materializes_cell
edge:28f4832f7dfed498f6f2,f04271d5cd734c282091,649bda4c8af407cee1b4,aa7252a58f41161c17c3,bps_tpb_2024,1,observation_materializes_cell
edge:ed4fccbbb426ad5fe66e,946940246a54917a688f,649c0b8cbd2bb36273f2,7ba29f3a45abe1301651,bps_webapi,4,observation_materializes_cell
edge:6509c9c5e2f0fb99410d,ce524a5f1b327c53b416,649d1f7f6160c64b1572,7ba29f3a45abe1301651,bps_webapi,4,observation_materializes_cell
edge:b2921ab82f2c6158d1a6,7868f59a5020de97c603,64b272fb997d7d82a5d9,aa7252a58f41161c17c3,bps_tpb_2024,1,observation_materializes_cell
edge:337edff671d84f2081e3,be690c51fdd8bbea1daf,64b272fb997d7d82a5d9,b132d2fab33291e0733e,bps_webapi,3,observation_materializes_cell
edge:4de233424d254544f3d0,5719a5a66d7941b00563,64cfb4bfc390998af23c,7ba29f3a45abe1301651,bps_webapi,4,observation_materializes_cell
edge:261de603cc291e50c137,5a19eb0d67cc257275fb,64d06e4ed0e719d8c73b,7ba29f3a45abe1301651,bps_webapi,4,observation_materializes_cell
edge:767345faad21c132a68b,023315696dd135f88ac7,64e3acc3ae8fc014b1df,7ba29f3a45abe1301651,bps_webapi,4,observation_materializes_cell
edge:58025b22fa5e13ab9613,efb9014cf6edb356980f,64ec533fa528bf257fc8,7ba29f3a45abe1301651,bps_webapi,4,observation_materializes_cell
edge:b526ea6d8ed63b745ee3,c8da27f9d5d5b74864f1,6510c0f5c7439b325186,7ba29f3a45abe1301651,bps_webapi,4,observation_materializes_cell
edge:adc52f6ce7afb3eb871b,15a6a364789d6ba06bb4,651eef0f205a7b293f14,7ba29f3a45abe1301651,bps_webapi,4,observation_materializes_cell
edge:639944e99f8e87414d22,5c7f7d0acacd75f9164b,651eef0f205a7b293f14,aa7252a58f41161c17c3,bps_tpb_2024,1,observation_materializes_cell
edge:922f0c94426be57d3808,873c66b0e6614225fea4,65371277a9a0f4dc4379,7ba29f3a45abe1301651,bps_webapi,4,observation_materializes_cell
edge:4888bda01efeea5db599,86e3a87f3d8a3079c43e,65371277a9a0f4dc4379,aa7252a58f41161c17c3,bps_tpb_2024,1,observation_materializes_cell
edge:7cb73b3a9b6b851f8e22,525315a2f190fa4e5305,6545ef08fbd919c554e3,7ba29f3a45abe1301651,bps_webapi,4,observation_materializes_cell
edge:8f7770d05bce0c487bb0,6640f3de803581860b8c,6545ef08fbd919c554e3,aa7252a58f41161c17c3,bps_tpb_2024,1,observation_materializes_cell
edge:edd9e919d99751582a79,3bc3816cc4b18bec91c5,65477a756d57208bdf18,aa7252a58f41161c17c3,bps_tpb_2024,1,observation_materializes_cell
edge:2838acdd7560a58d7dd2,109d629e0ea63d167fc8,65477a756d57208bdf18,b132d2fab33291e0733e,bps_webapi,3,observation_materializes_cell
edge:eda866efc99ad554d738,3f52bbbde7700360a630,654ad9c143c565090f17,7ba29f3a45abe1301651,bps_webapi,4,observation_materializes_cell
edge:8465d1bb2b7eaf323bd1,0a75af327332d5f368ea,6590169df53964de712a,7ba29f3a45abe1301651,bps_webapi,4,observation_materializes_cell
edge:1d80c4a3c8c3e8dd4238,e74ac3e9977385995e5b,6590169df53964de712a,aa7252a58f41161c17c3,bps_tpb_2024,1,observation_materializes_cell
edge:2559b393b119bfc02566,a3741d1725cb6bda6cc8,65dc578eee36955fa09f,7ba29f3a45abe1301651,bps_webapi,4,observation_materializes_cell
edge:1e2fef450d41ac4f02e4,af24c0e8f63cbe752c1a,65dff749c0346341b706,aa7252a58f41161c17c3,bps_tpb_2024,1,observation_materializes_cell
edge:fc6720ce4a5d63eeff2b,1af410da9af7ca52b587,65dff749c0346341b706,b132d2fab33291e0733e,bps_webapi,3,observation_materializes_cell
edge:1afae7a9f4585d9d5cc5,e56cafcfa70c6788ad58,65e8f7903a6fcc2cb5f0,7ba29f3a45abe1301651,bps_webapi,4,observation_materializes_cell
edge:b3d4536de69c786ef2a3,fcb6e8cd6bf58d1bf04a,65ebfe04264c2696a79b,7ba29f3a45abe1301651,bps_webapi,4,observation_materializes_cell
edge:09f6e78304556aadbf03,440b4f7cc74b1a26c5ec,65f767c0652a6d81edc3,7ba29f3a45abe1301651,bps_webapi,4,observation_materializes_cell
edge:f0c02a3aa66c9f92b49f,befa60cde41b83e091fb,6603ac0ce89d5265c2a1,7ba29f3a45abe1301651,bps_webapi,4,observation_materializes_cell
edge:a7778cd78edb6a76ae56,e448bbf48cd9154f007b,6604db0664068e6b1e3a,7ba29f3a45abe1301651,bps_webapi,4,observation_materializes_cell
edge:c79465e3364c1760500f,33bb3eece53be0b852f0,6604db0664068e6b1e3a,9ab2011a3892edfac889,bps_tpb_2025,2,observation_materializes_cell
edge:924ab903f7428fcddddb,eaceb0e973f74898e7fb,6604db0664068e6b1e3a,aa7252a58f41161c17c3,bps_tpb_2024,1,observation_materializes_cell
edge:792df348e120318d6b09,9e72b4f822a2538cdfe9,660bd526275e5967f8fc,7ba29f3a45abe1301651,bps_webapi,4,observation_materializes_cell
edge:eba13f00e1ee1a247f80,71b8319262bbed8815bd,66108fcd49fc5f5829b5,7ba29f3a45abe1301651,bps_webapi,4,observation_materializes_cell
edge:f2c82e77457e2f885d38,fab0b896888aba25d66c,6616a9be90a8f9aa8ffd,7ba29f3a45abe1301651,bps_webapi,4,observation_materializes_cell
edge:d69154f8e6839a4a4d88,7e1e74f6af0324c43b9f,662439f10ad0b8f37fbe,7ba29f3a45abe1301651,bps_webapi,4,observation_materializes_cell
edge:33568e9f1ce8c43271a9,db3f1e2f5f9c9e34761f,662822f53657920685dd,7ba29f3a45abe1301651,bps_webapi,4,observation_materializes_cell
edge:60044adca3bc592afb5a,9ace1baa9b95bf509c70,66290caeb85adf3a4c5b,9ab2011a3892edfac889,bps_tpb_2025,2,observation_materializes_cell
edge:de4c7725e1e8c4a8c2d6,ae3940562eb033228fa6,6629951cec17609d6b23,7ba29f3a45abe1301651,bps_webapi,4,observation_materializes_cell
edge:e428a639d4b63cbcf4e9,f09132f035efe0a2d7d4,6629951cec17609d6b23,aa7252a58f41161c17c3,bps_tpb_2024,1,observation_materializes_cell
edge:8a346bbb93e61dd2286d,3cfb14cf1a7055967122,664ea1d38c00dee37663,7ba29f3a45abe1301651,bps_webapi,4,observation_materializes_cell
edge:9bcd05ad34bdee292b43,be442372547b08c0803b,6672d1b51e124de9d88e,aa7252a58f41161c17c3,bps_tpb_2024,1,observation_materializes_cell
edge:50ec385e4ff47f759251,bff0f1b17bae7dd7cf51,6672d1b51e124de9d88e,b132d2fab33291e0733e,bps_webapi,3,observation_materializes_cell
edge:f64cf11e9b7b4be8d15a,48d57457fbe2da03b174,6673f16f05b6d262f990,7ba29f3a45abe1301651,bps_webapi,4,observation_materializes_cell
edge:01dc7b04b16f89e54b9c,1886c91557c1da31e466,6697f087c7c171db17c5,7ba29f3a45abe1301651,bps_webapi,4,observation_materializes_cell
edge:1a4dcc89211c587fd9b4,e0d3098bc094d2b7075e,669ed29f8395c04e145d,aa7252a58f41161c17c3,bps_tpb_2024,1,observation_materializes_cell
edge:a5a9471f8a9bbb960024,aa136c538f655920e4d0,669ed29f8395c04e145d,b132d2fab33291e0733e,bps_webapi,3,observation_materializes_cell
edge:e35a521e8e644ada00d2,7e5679df516efc451273,66a383b100077e196f47,7ba29f3a45abe1301651,bps_webapi,4,observation_materializes_cell
edge:448e9c65b5f863cbbce5,636424cf8b9759c22f23,66a743e0d1210db4eb61,aa7252a58f41161c17c3,bps_tpb_2024,1,observation_materializes_cell
edge:652be20a0cdddc4522fd,12c9ffd2b2fc19e59fea,66a743e0d1210db4eb61,b132d2fab33291e0733e,bps_webapi,3,observation_materializes_cell
edge:4caf44d33e59157e2db5,c3931ad9a0dd1b8d3075,66acb4942c4e93280e33,7ba29f3a45abe1301651,bps_webapi,4,observation_materializes_cell
edge:e5fca77a0b2b994f0a39,94acc72f7b49a79dfe4a,66adda237e502f2d3eee,7ba29f3a45abe1301651,bps_webapi,4,observation_materializes_cell
edge:106a828176aef10b3e4d,69cad841c20da622ede1,66af720e0ddc92b3a48e,7ba29f3a45abe1301651,bps_webapi,4,observation_materializes_cell
edge:b4df288dac56cf424d22,74b7a27f47c8b8d388ad,66b43e41a06b0480c3f6,aa7252a58f41161c17c3,bps_tpb_2024,1,observation_materializes_cell
edge:8ddf35f81475068d41e5,65d8994d69edca7e53ff,66b43e41a06b0480c3f6,b132d2fab33291e0733e,bps_webapi,3,observation_materializes_cell
edge:a8e166c0cd7422412842,9c4c2c5d99840f0fba5c,66b7945b02fa9fe24df8,7ba29f3a45abe1301651,bps_webapi,4,observation_materializes_cell
edge:07456e8895f11f8ef88c,24050a8e8f53872fb282,66b7945b02fa9fe24df8,aa7252a58f41161c17c3,bps_tpb_2024,1,observation_materializes_cell
edge:2a648a8c2ead48707e96,8176100890b5d12c5bbf,66c7885ad40715b4a465,7ba29f3a45abe1301651,bps_webapi,4,observation_materializes_cell
edge:1ca8c1fd1af0aeb892f9,eeece2710e75567445ab,66e12a207779e0be972e,7ba29f3a45abe1301651,bps_webapi,4,observation_materializes_cell
edge:331e0fef2230ce9a46e3,31e55419880daea3b5f4,66e582492a8b641dbdb4,7ba29f3a45abe1301651,bps_webapi,4,observation_materializes_cell
edge:02184f8750b28c309a75,abcdafcd1bb119a7f054,66e8ee07d11ca29ce531,7ba29f3a45abe1301651,bps_webapi,4,observation_materializes_cell
edge:cacde385ad2b1b448cb2,ae32ffe77a58054a204a,66f49a089729a2779e05,aa7252a58f41161c17c3,bps_tpb_2024,1,observation_materializes_cell
edge:b2a6ee7afcd475390196,26960f81d757ab8ec7b8,66f49a089729a2779e05,b132d2fab33291e0733e,bps_webapi,3,observation_materializes_cell
edge:033f4c0704dcd7103076,4ae6c9a6dbff4f9b898f,66f866a36fdff0c6929c,aa7252a58f41161c17c3,bps_tpb_2024,1,observation_materializes_cell
edge:8bdc4c393fcbb7c70266,cf2340c6f88353e0bb1a,66f866a36fdff0c6929c,b132d2fab33291e0733e,bps_webapi,3,observation_materializes_cell
edge:673729db67524751d887,8b22a8574f05d673a7dc,66fd15105c1a8b0ea92b,7ba29f3a45abe1301651,bps_webapi,4,observation_materializes_cell
edge:46d6d45bb561bdffa5fb,f8a034371f130f03f5d0,6700171f267db1e36d62,7ba29f3a45abe1301651,bps_webapi,4,observation_materializes_cell
edge:73836189531ecb8daa87,5c79143371569b40ad04,67055dd78f6cf444f68b,7ba29f3a45abe1301651,bps_webapi,4,observation_materializes_cell
edge:0ad96a318945e0f9abbf,62f89d3c7570717ec464,672aeb451949affba281,7ba29f3a45abe1301651,bps_webapi,4,observation_materializes_cell
edge:b94fcc53c705ab5ce31c,088d8009fa94d058846e,6734bcce1ed674523d32,7ba29f3a45abe1301651,bps_webapi,4,observation_materializes_cell
edge:91fbd4ddf686a351db6c,fe1cba1b0eb6bcfa75d2,6734bcce1ed674523d32,aa7252a58f41161c17c3,bps_tpb_2024,1,observation_materializes_cell
edge:b409b84148da74a941c3,28f68cf9b3269676e4fd,67368393349a7a1d7c00,7ba29f3a45abe1301651,bps_webapi,4,observation_materializes_cell
edge:a79c25f8e53db35f2cc3,a0d39662ed93e08cc1e0,673762c2b97654aada4c,7ba29f3a45abe1301651,bps_webapi,4,observation_materializes_cell
edge:36f892ca86254e245576,b5cf51947e3ccd017a52,673b10161506371046fd,aa7252a58f41161c17c3,bps_tpb_2024,1,observation_materializes_cell
edge:df8dcc7bbb7c12e956e7,6cd3396f39303b6ebe7a,673b10161506371046fd,b132d2fab33291e0733e,bps_webapi,3,observation_materializes_cell
edge:2eb2941f2538b10d2f91,f50cc9ac625365ea3bde,673ca1b8781e8c59a29e,aa7252a58f41161c17c3,bps_tpb_2024,1,observation_materializes_cell
edge:0fa58642e55f206ed019,c683ecfb2c21568f3131,673ca1b8781e8c59a29e,b132d2fab33291e0733e,bps_webapi,3,observation_materializes_cell
edge:ce6628356dcb8e2e23d8,fc7e74b187b77ca16116,67647dec33effbfa7eb6,7ba29f3a45abe1301651,bps_webapi,4,observation_materializes_cell
edge:00ddcc0ca6b6bccfd629,9e8db037bd5154edc11e,676e398e85aeddf863bd,7ba29f3a45abe1301651,bps_webapi,4,observation_materializes_cell
edge:2426d10ea45ef6d88297,0877111544aac499989e,677171cec4d131e037d4,7ba29f3a45abe1301651,bps_webapi,4,observation_materializes_cell
edge:c0f8f6ada696fe6941ac,4c016a50e1d91f910257,678a3a5a611617bf6185,7ba29f3a45abe1301651,bps_webapi,4,observation_materializes_cell
edge:0228edd699b392996c6d,ea29e05c0994877f3f80,678d9faf893216d3ee7b,aa7252a58f41161c17c3,bps_tpb_2024,1,observation_materializes_cell
edge:1cf0e90a6ee5fa3c60a2,314b09dece3a333712ed,678d9faf893216d3ee7b,b132d2fab33291e0733e,bps_webapi,3,observation_materializes_cell
edge:fc4032aedfc167a9c534,9b263eb0796d7f69e3fa,678e5d5dc8dc01301976,aa7252a58f41161c17c3,bps_tpb_2024,1,observation_materializes_cell
edge:5d18039f054945d8e3ca,be9d8d5fe54f8d2a7651,678e5d5dc8dc01301976,b132d2fab33291e0733e,bps_webapi,3,observation_materializes_cell
edge:d41ae984af9d453ef007,eed5a6d7d4514fcc3a70,678fcb2b30bbf0ea3038,7ba29f3a45abe1301651,bps_webapi,4,observation_materializes_cell
edge:f7036c2e20dec19830b0,85e55a1ba7eed7854dfe,6796ca4dd345888e15bb,7ba29f3a45abe1301651,bps_webapi,4,observation_materializes_cell
edge:0550e8193bf744340cc2,6eb9d6d0d5ca35ed62d0,67aad9faed8cfdd3ae4d,7ba29f3a45abe1301651,bps_webapi,4,observation_materializes_cell
edge:efbc43e22e474ec4ac2e,4348667cdce7f0c69725,67ad11f9143a2df1d42c,7ba29f3a45abe1301651,bps_webapi,4,observation_materializes_cell
edge:87b083ed4ae1171f1555,9e95ffe7ed3f685f6568,67ad11f9143a2df1d42c,aa7252a58f41161c17c3,bps_tpb_2024,1,observation_materializes_cell
edge:82b370110f2193d6557a,ded9af657e5e4ddb24cd,67d5f72ca605b5e156b7,7ba29f3a45abe1301651,bps_webapi,4,observation_materializes_cell
edge:ce5402003b4724145c57,d0adca91e463598d81ef,67db53052a9b1a747e87,7ba29f3a45abe1301651,bps_webapi,4,observation_materializes_cell
edge:b32c90374c6a141302e9,fa6e1ea97d2126a0f4d9,67e0f34789618b50f592,aa7252a58f41161c17c3,bps_tpb_2024,1,observation_materializes_cell
edge:c42ff83a36e20dbf89ed,8205d9d3aa3e6c57d9d8,67e0f34789618b50f592,b132d2fab33291e0733e,bps_webapi,3,observation_materializes_cell
edge:4c50a824e4421f254826,9ac3e96a938076ef046b,67e2d7e3f356cce4403d,7ba29f3a45abe1301651,bps_webapi,4,observation_materializes_cell
edge:5f607d0fb5cdd875c901,e9e4e425e6b29592fef9,680dd9841fc3b211d693,7ba29f3a45abe1301651,bps_webapi,4,observation_materializes_cell
edge:6beab7272517485371b7,18879db8e48123267986,680dd9841fc3b211d693,aa7252a58f41161c17c3,bps_tpb_2024,1,observation_materializes_cell
edge:f8019b12b25336b88cab,c250adb9d146b65880d1,68249869ceecaa799f41,7ba29f3a45abe1301651,bps_webapi,4,observation_materializes_cell
edge:b3fb96e052b46fdf124b,6e20a42457baa7e76aaa,6825fd0397b6b4485975,aa7252a58f41161c17c3,bps_tpb_2024,1,observation_materializes_cell
edge:6fdf90c30d28ad18b2f6,bd2c9fb7f567e28b2ca8,6825fd0397b6b4485975,b132d2fab33291e0733e,bps_webapi,3,observation_materializes_cell
edge:615cb6403a844d29a2bc,64fde37702d5a05bb1a5,6828391e74fc09e9fd5f,7ba29f3a45abe1301651,bps_webapi,4,observation_materializes_cell
edge:779c263c94a01f2fdc0c,9ddfcae3584104ab6dc9,685d60a24b1e67b003c8,7ba29f3a45abe1301651,bps_webapi,4,observation_materializes_cell
edge:9c76dc8679cbc23c7076,4a3824fae2980b5a5d3e,68665aa24383b5055362,7ba29f3a45abe1301651,bps_webapi,4,observation_materializes_cell
edge:2a077c5521b45d597fe9,45982de96c0babbf0bfb,68665aa24383b5055362,aa7252a58f41161c17c3,bps_tpb_2024,1,observation_materializes_cell
edge:279a43b5c1b769328a0e,9db4ee9856c16ca92cee,6866e95dc923a28e1ddc,aa7252a58f41161c17c3,bps_tpb_2024,1,observation_materializes_cell
edge:af61360628b79573e2b2,6823415c20ed2d1d8ebc,6866e95dc923a28e1ddc,b132d2fab33291e0733e,bps_webapi,3,observation_materializes_cell
edge:e8d875a40440d710268f,cb9696089b1c3d2fbf85,68686df07feb58646de9,7ba29f3a45abe1301651,bps_webapi,4,observation_materializes_cell
edge:907f2b968cdfd0f8a208,9395352f88bfc3036f9e,687456dab391a2c1c82b,7ba29f3a45abe1301651,bps_webapi,4,observation_materializes_cell
edge:4cce466c752ae11ac524,6f6f555f8f565b7c8a13,687456dab391a2c1c82b,aa7252a58f41161c17c3,bps_tpb_2024,1,observation_materializes_cell
edge:800e9ba6754c0823e3a2,3cf59631ddb4600ec678,6884d593cafed7ccf8dc,aa7252a58f41161c17c3,bps_tpb_2024,1,observation_materializes_cell
edge:c9cf85bea77f8b14ffe1,71be5c058559263f1136,6884d593cafed7ccf8dc,b132d2fab33291e0733e,bps_webapi,3,observation_materializes_cell
edge:b60fcad30f25d1c13817,a2c5e78bf94ec5e15958,68869e15438d6e01233c,7ba29f3a45abe1301651,bps_webapi,4,observation_materializes_cell
edge:b8534cad88aaed4906b9,06ab3281da37c54d1cfe,68869e15438d6e01233c,aa7252a58f41161c17c3,bps_tpb_2024,1,observation_materializes_cell
edge:d6d0bf2709efb1b2b3d6,6aa6dccb4e5ea53edfa7,6887a8e5dcba9420fac8,aa7252a58f41161c17c3,bps_tpb_2024,1,observation_materializes_cell
edge:953b664ea16b21386ac1,3ae4ce55253aa4db0402,6887a8e5dcba9420fac8,b132d2fab33291e0733e,bps_webapi,3,observation_materializes_cell
edge:749039c00c1e7ea9e8e2,40bd4ab8123186314318,688b42f6a837ec76141d,7ba29f3a45abe1301651,bps_webapi,4,observation_materializes_cell
edge:cee0a765ed3535186329,4d299f5365a94b0fdd06,688cf3f27bff144ba8c2,7ba29f3a45abe1301651,bps_webapi,4,observation_materializes_cell
edge:c7b1fc0691e89727d458,8de3ca698b5de238e3a4,68d8aab4e10204f58495,7ba29f3a45abe1301651,bps_webapi,4,observation_materializes_cell
edge:d78636d5f74ad917849b,49d7afbd9b114d96ad29,68ddefcd8f109247dcd5,7ba29f3a45abe1301651,bps_webapi,4,observation_materializes_cell
edge:fadc24a2943429cd3338,6fb01613a57537cb7019,68de1a213b9e7403291d,7ba29f3a45abe1301651,bps_webapi,4,observation_materializes_cell
edge:26070b15490afa0d128c,63498275486b0c906efd,68efabcb857d208d5a60,7ba29f3a45abe1301651,bps_webapi,4,observation_materializes_cell
edge:8b7ff14ead2a8589da9d,0d64fa1b2fbf82d73b92,68fe19a94825e723ab1c,aa7252a58f41161c17c3,bps_tpb_2024,1,observation_materializes_cell
edge:cd8a951c39591565c447,41cca1295ce16a514d4d,68fe19a94825e723ab1c,b132d2fab33291e0733e,bps_webapi,3,observation_materializes_cell
edge:57a2cbcb305366b6cdbc,00e0c37970e9a5cb9a43,690068317eb4de7bce89,7ba29f3a45abe1301651,bps_webapi,4,observation_materializes_cell
edge:cc383a0c60ed1781e156,9a38c5fd0379a904181d,690314b314d0729316a7,aa7252a58f41161c17c3,bps_tpb_2024,1,observation_materializes_cell
edge:e52eab3f79e6a3277cdf,a38066a5d3ba9d43b84f,690314b314d0729316a7,b132d2fab33291e0733e,bps_webapi,3,observation_materializes_cell
edge:b1084ff640c9de601e96,75a6950e27f2f56e5359,690f38e858ab8852b2ee,7ba29f3a45abe1301651,bps_webapi,4,observation_materializes_cell
edge:7e304acba32e8c2efe38,4ffc74ff1a0de3289b14,690f38e858ab8852b2ee,aa7252a58f41161c17c3,bps_tpb_2024,1,observation_materializes_cell
edge:c3be773365742bf93b0d,fbe8bf42711f0bf7dcdd,69202856f6f6dfbb161b,7ba29f3a45abe1301651,bps_webapi,4,observation_materializes_cell
edge:4cce754f2c8e5c965c5e,beffc600816386519b29,692cde7555a8cfdb2b1a,7ba29f3a45abe1301651,bps_webapi,4,observation_materializes_cell
edge:b0d5e497e51cfedd84c8,d860df0f41c29b138d88,69352f94c5bec9c595a1,7ba29f3a45abe1301651,bps_webapi,4,observation_materializes_cell
edge:2722ae15d48d010d49d7,2eaa4994c81897a85114,693c357ca2e66567e0e7,7ba29f3a45abe1301651,bps_webapi,4,observation_materializes_cell
edge:5080c4674261700638f8,54faa5a0fd106d346730,693d0713137a15321540,7ba29f3a45abe1301651,bps_webapi,4,observation_materializes_cell
edge:72bc3182d87b682815e8,4fe295413e028368e0bb,696fea6e0788ab5dc6bb,7ba29f3a45abe1301651,bps_webapi,4,observation_materializes_cell
edge:9a53a7e6f947cc860034,3f67000eb19f8e52cfd0,697df7f76ef39f431474,7ba29f3a45abe1301651,bps_webapi,4,observation_materializes_cell
edge:224f812351b6d43fdf09,cb7574657827cfed5133,6981278f4512cf2d9ba7,7ba29f3a45abe1301651,bps_webapi,4,observation_materializes_cell
edge:1d0b6d2f8e6e09425165,ce2cca8b7120416fa139,6989934cf54f82254142,7ba29f3a45abe1301651,bps_webapi,4,observation_materializes_cell
edge:e4265fb0bf43a8569748,073c1e6e2b84cc017e0e,6989934cf54f82254142,aa7252a58f41161c17c3,bps_tpb_2024,1,observation_materializes_cell
edge:b22d6b8c8a49312613e6,b017745afa1f45cbb666,6996019288a79062f143,7ba29f3a45abe1301651,bps_webapi,4,observation_materializes_cell
edge:07cd769d1bfe6235e1aa,ac7dc547c60bddf51cac,6996019288a79062f143,aa7252a58f41161c17c3,bps_tpb_2024,1,observation_materializes_cell
edge:2f062ca2b5b7c6cbbb77,861d161de04064e1d251,699661d33a3fa3be1206,7ba29f3a45abe1301651,bps_webapi,4,observation_materializes_cell
edge:d1ddfdf26dc80c56b963,665fd5089ed921571152,699a45880badf3c1d71e,7ba29f3a45abe1301651,bps_webapi,4,observation_materializes_cell
edge:d8d1e58d329648e87cb6,2c92f13e6f4b2997f978,699a45880badf3c1d71e,aa7252a58f41161c17c3,bps_tpb_2024,1,observation_materializes_cell
edge:5fe177965ab3aadedae2,9fafe0915202dbda19b2,69be84875f78c8462fe5,7ba29f3a45abe1301651,bps_webapi,4,observation_materializes_cell
edge:9545ce23643c9b3c1256,806e01c8b42cd8558acd,69be84875f78c8462fe5,aa7252a58f41161c17c3,bps_tpb_2024,1,observation_materializes_cell
edge:c001f0ba34abbe083ff6,5f2fd28ac930858d91d4,69c5eba1e99bb7287168,7ba29f3a45abe1301651,bps_webapi,4,observation_materializes_cell
edge:a67492eb9f11ef407772,0fdeae7975a4cde08fb4,69d0c64df14390083524,7ba29f3a45abe1301651,bps_webapi,4,observation_materializes_cell
edge:d1d15e377535727204f5,94f434088b27102cdd8d,69eb6a328f1283e6f1de,7ba29f3a45abe1301651,bps_webapi,4,observation_materializes_cell
edge:f7a66bb391e55f317530,30c150fa344870a0411e,69f37f26fc787a74515f,7ba29f3a45abe1301651,bps_webapi,4,observation_materializes_cell
edge:a0ca6338c0bf7729848d,0737264385e44d2a7c97,6a01eeef60ce30300e26,7ba29f3a45abe1301651,bps_webapi,4,observation_materializes_cell
edge:90494c7c4082e6c7ebdd,726c56bf50dc713fbe9d,6a0b1e8039fe6759756d,aa7252a58f41161c17c3,bps_tpb_2024,1,observation_materializes_cell
edge:2565fe08374c96c09d74,2fc6d2185dece99ec01e,6a0b1e8039fe6759756d,b132d2fab33291e0733e,bps_webapi,3,observation_materializes_cell
edge:cc9c486b1c0ba8c383f1,650a4078fe59ad0d6e5b,6a12b842085c94b0fa48,aa7252a58f41161c17c3,bps_tpb_2024,1,observation_materializes_cell
edge:ac6c70101fd41fcf0cb1,1518a66c973ce663ce3d,6a12b842085c94b0fa48,b132d2fab33291e0733e,bps_webapi,3,observation_materializes_cell
edge:3c97ab01942302523e10,256813d5279e67d230e8,6a216d664e9d315e1616,7ba29f3a45abe1301651,bps_webapi,4,observation_materializes_cell
edge:a1f4eb3e9f0fe897c1ab,9d6c1ba277d90103ef55,6a562f3ee98d5a4848bc,7ba29f3a45abe1301651,bps_webapi,4,observation_materializes_cell
edge:79f07efb85937931c747,749f5e5996009e32d5d5,6a6e7005016a6c874438,aa7252a58f41161c17c3,bps_tpb_2024,1,observation_materializes_cell
edge:da2ea69aadda98f2755e,b9bdee61817bce84a0ea,6a6e7005016a6c874438,b132d2fab33291e0733e,bps_webapi,3,observation_materializes_cell
edge:824ed9280c675e03837e,ff745cd16a9dbd547fa5,6a7606dc9863e2b8b148,7ba29f3a45abe1301651,bps_webapi,4,observation_materializes_cell
edge:720661c84f6acc86e883,6b33de177f65a8c6332f,6a8fd619688b7443d5c6,7ba29f3a45abe1301651,bps_webapi,4,observation_materializes_cell
edge:986d5cd72546934ca2f1,137a7b4ac6f4766a4fb4,6a92ea5bb45d9a2e1226,7ba29f3a45abe1301651,bps_webapi,4,observation_materializes_cell
edge:878608c4bb1dbaef7368,9b1eb7bba94098bd93d5,6aa3bbcbba72ec254ad0,9ab2011a3892edfac889,bps_tpb_2025,2,observation_materializes_cell
edge:d316e19727995c8ee561,712e1a33c58920618d86,6aad5989ed1788746557,7ba29f3a45abe1301651,bps_webapi,4,observation_materializes_cell
edge:a5fe508f48ef3c435bac,c09568ce307b558d0da8,6ab17d0606b044bcecac,aa7252a58f41161c17c3,bps_tpb_2024,1,observation_materializes_cell
edge:f8e7fa2d0df0648164bd,275b1441752f3ada4a28,6ab17d0606b044bcecac,b132d2fab33291e0733e,bps_webapi,3,observation_materializes_cell
edge:b9268a421cce137b56a5,04ee9df547309ad1ff0c,6ab68652f4cda474b705,7ba29f3a45abe1301651,bps_webapi,4,observation_materializes_cell
edge:dc1c1426f3803c4a4c24,2c73db558014709ca184,6abb1c7e30b8c16605fb,7ba29f3a45abe1301651,bps_webapi,4,observation_materializes_cell
edge:050d4d203e75a957b570,5d827fd7b086a96d8cdc,6abec263bbee83218572,7ba29f3a45abe1301651,bps_webapi,4,observation_materializes_cell
edge:260d524650578bef5453,7e66cfa4163dece3c53e,6abef52199bdf383bf77,7ba29f3a45abe1301651,bps_webapi,4,observation_materializes_cell
edge:7948a1ceb638de27b375,abbe070007a6426b2a31,6ade425fba8b812c6d7a,7ba29f3a45abe1301651,bps_webapi,4,observation_materializes_cell
edge:4c49b41bc75486541c64,2e2e47d91679d1db8573,6b038e916d2356a1ab70,7ba29f3a45abe1301651,bps_webapi,4,observation_materializes_cell
edge:0e8dcf4c58c64848282d,cdfefa2a8d45f8a85c9a,6b0eb0fb9a5a90304c84,7ba29f3a45abe1301651,bps_webapi,4,observation_materializes_cell
edge:4bc9477afc0cccbf83fc,6d1c2c82495bd27e8d8b,6b125beecf6525cd6052,7ba29f3a45abe1301651,bps_webapi,4,observation_materializes_cell
edge:eaf9c8612251d70422bf,748f15886ab44b62ec72,6b38971a401fa9f15c84,7ba29f3a45abe1301651,bps_webapi,4,observation_materializes_cell
edge:9dd5396cad10ec0c52cc,506252f4c8836321de2a,6b3f42c90151ba95dec7,7ba29f3a45abe1301651,bps_webapi,4,observation_materializes_cell
edge:66f9523eb7ff8c3d3373,eaadd29c9406eb026216,6b4546d5d3f28e08aa26,7ba29f3a45abe1301651,bps_webapi,4,observation_materializes_cell
edge:64a3e7c031f822e3101c,527c4a7ce6cf812ab715,6b4546d5d3f28e08aa26,aa7252a58f41161c17c3,bps_tpb_2024,1,observation_materializes_cell
edge:d59cb538a29d3e78a281,1db31d55e58bdae72bfa,6b4c51f54e0a610f8442,7ba29f3a45abe1301651,bps_webapi,4,observation_materializes_cell
edge:0539a213b44a16332ace,a5987fb130571ebe16aa,6b546be3d91be7349030,7ba29f3a45abe1301651,bps_webapi,4,observation_materializes_cell
edge:526d0ac1647408f9674a,38428777dc13862978a2,6b546be3d91be7349030,aa7252a58f41161c17c3,bps_tpb_2024,1,observation_materializes_cell
edge:f824aa8a8e98e6fe915c,0e9fab096b2e0b9140b9,6b658c583476b44cedea,7ba29f3a45abe1301651,bps_webapi,4,observation_materializes_cell
edge:739db08561980248219e,37d1222cec8345dde58a,6b71e3970ad7208d5966,7ba29f3a45abe1301651,bps_webapi,4,observation_materializes_cell
edge:a772f5a7cf4c142b9cc4,f58e431c89bedc78f23c,6b71e3970ad7208d5966,aa7252a58f41161c17c3,bps_tpb_2024,1,observation_materializes_cell
edge:4c1dd43070d56742a03f,ccb4aebcc1f012baeada,6b77ae334e34c22fa433,7ba29f3a45abe1301651,bps_webapi,4,observation_materializes_cell
edge:a7fb6b28458617a51083,a405a2ab32501bcef0ba,6b7ea2fb18bdb0f0f5d2,aa7252a58f41161c17c3,bps_tpb_2024,1,observation_materializes_cell
edge:6efc582743d81b8eed78,c0693bda2fbd68e5529b,6b7ea2fb18bdb0f0f5d2,b132d2fab33291e0733e,bps_webapi,3,observation_materializes_cell
edge:8cc988fc8f6e342ca9a9,2c32b5fd6858753ce787,6b860a4eabd5a389311b,7ba29f3a45abe1301651,bps_webapi,4,observation_materializes_cell
edge:8e8b63d4e4ca47129d34,ae71b87e5da468b759a3,6b9bfcff2a52c252ca45,7ba29f3a45abe1301651,bps_webapi,4,observation_materializes_cell
edge:67bd52cd207af299bb4d,55545ebec80bad8cf051,6b9f3d62fc3ecafc65e8,7ba29f3a45abe1301651,bps_webapi,4,observation_materializes_cell
edge:04df9307d0d31be02010,30ae9157f556730b374f,6bb19ae03f79a3148097,7ba29f3a45abe1301651,bps_webapi,4,observation_materializes_cell
edge:f3fd752e6586ee42b5b6,d0606fe68f87afb67c41,6bb19ae03f79a3148097,aa7252a58f41161c17c3,bps_tpb_2024,1,observation_materializes_cell
edge:25f52f2e364fb12f4c76,c2c3f1e87dd42c98d8a9,6bb85146a3ec9289e3d4,7ba29f3a45abe1301651,bps_webapi,4,observation_materializes_cell
edge:f91b757ffec1ad6644af,6109d546059b9316a703,6bdd80134c2d030d7e6a,7ba29f3a45abe1301651,bps_webapi,4,observation_materializes_cell
edge:e0390ec7caae3fffa89d,c209e7039017f8b2b3c1,6bdebff29f7242bf1452,7ba29f3a45abe1301651,bps_webapi,4,observation_materializes_cell
edge:1d41d35fba2c4c49adeb,fb2c54ba0ea8805629ac,6be4446ae6b1381e1a2b,7ba29f3a45abe1301651,bps_webapi,4,observation_materializes_cell
edge:20c1b3f9ecb427e7a792,e8f61220d558a2e7cca3,6bed609e41dbb55b8d24,7ba29f3a45abe1301651,bps_webapi,4,observation_materializes_cell
edge:7d71ec2789e3b2a12750,44406aefd52653d7ab56,6bef2d264295ad64bd98,7ba29f3a45abe1301651,bps_webapi,4,observation_materializes_cell
edge:40c12b1846d0d95e4ab5,62bf6b9cc8c0553d7e21,6bf23f618f322d75c888,7ba29f3a45abe1301651,bps_webapi,4,observation_materializes_cell
edge:657b68177417d480e663,2f74eb0950fe3f46a46b,6bf23f618f322d75c888,aa7252a58f41161c17c3,bps_tpb_2024,1,observation_materializes_cell
edge:8947d6f314cdf9ee6000,4022e2375ca1f8c2f4d7,6bf2c681546f4f4eb42a,7ba29f3a45abe1301651,bps_webapi,4,observation_materializes_cell
edge:292bcd03f1565458016a,78e28be898a3112e911c,6bf58faf9ea80bc4816b,7ba29f3a45abe1301651,bps_webapi,4,observation_materializes_cell
edge:2eedf36e0b9c169598d3,05be6d22f588d3b6bc1a,6c02dbf0b9bf24729714,7ba29f3a45abe1301651,bps_webapi,4,observation_materializes_cell
edge:0cf5e72c1d07f0577152,7f6ba276472bcde49a20,6c02dbf0b9bf24729714,aa7252a58f41161c17c3,bps_tpb_2024,1,observation_materializes_cell
edge:877c1a025a2f5fd9e8de,97477632cd97ee2fe22d,6c05071c1002ea3fdf4b,7ba29f3a45abe1301651,bps_webapi,4,observation_materializes_cell
edge:d76b810d28d325278d7a,91e28f3c5ccd3ea0e3f6,6c25725957da97d3e51a,aa7252a58f41161c17c3,bps_tpb_2024,1,observation_materializes_cell
edge:bdf225877311c1b7f9d1,3cb876d3c3f55aead2ab,6c25725957da97d3e51a,b132d2fab33291e0733e,bps_webapi,3,observation_materializes_cell
edge:b535a9b89c9cb5cb4061,b591eb13718c3319d285,6c2667a8e5e121747592,7ba29f3a45abe1301651,bps_webapi,4,observation_materializes_cell
edge:4a08acbab93d8c245ab2,961cea7022fc0485d2af,6c2a7958dd8b0b7b6810,7ba29f3a45abe1301651,bps_webapi,4,observation_materializes_cell
edge:e1e2272c5014e4cc521a,1aac992792b4374de3ba,6c365e4a32dc2fa619ef,7ba29f3a45abe1301651,bps_webapi,4,observation_materializes_cell
edge:fcf0f550ce38333a3aa1,f9958ed10983a4883981,6c365e4a32dc2fa619ef,aa7252a58f41161c17c3,bps_tpb_2024,1,observation_materializes_cell
edge:cfe7e5e8eefd6448b95e,2879df5f2a92730faa88,6c3d1a8d7d64fb02a503,aa7252a58f41161c17c3,bps_tpb_2024,1,observation_materializes_cell
edge:0aeea3374c37d2da00df,d44faa8d5b64785f2f20,6c3d1a8d7d64fb02a503,b132d2fab33291e0733e,bps_webapi,3,observation_materializes_cell
edge:79c3df66e39cd4ff167d,d93650c4ab656a1b31d3,6c4859555ac6c2c83573,7ba29f3a45abe1301651,bps_webapi,4,observation_materializes_cell
edge:9b885bf9a398be7ad4a2,5670606a6df6cc8b379d,6c4859555ac6c2c83573,9ab2011a3892edfac889,bps_tpb_2025,2,observation_materializes_cell
edge:1e2ac01fa2d5772dbcdc,6d6fd4a6fbfe059d5648,6c4859555ac6c2c83573,aa7252a58f41161c17c3,bps_tpb_2024,1,observation_materializes_cell
edge:9fc6fec532407cec4601,e4ed5d14be25dcfc5ce2,6c4ae5cc956b622fb208,7ba29f3a45abe1301651,bps_webapi,4,observation_materializes_cell
edge:f78ecd40f1f805874e94,ca4b10958e012b6115c2,6c76e91a4e0154be20c2,7ba29f3a45abe1301651,bps_webapi,4,observation_materializes_cell
edge:4ac80fe4a3213deea295,b8614b09af68c1f693f3,6c83cc4e6efb807ba46f,7ba29f3a45abe1301651,bps_webapi,4,observation_materializes_cell
edge:a7c7af627d29fb6f68b2,d354fcecc85eeace71d5,6c92710b8756a3b745e1,7ba29f3a45abe1301651,bps_webapi,4,observation_materializes_cell
edge:6e447d632fe862b63acb,c8bb914b224195c94176,6ca79d8687de010bb6f9,7ba29f3a45abe1301651,bps_webapi,4,observation_materializes_cell
edge:6f1bfdf51aef0a50b2ad,017a9144829ee871b278,6cac94d08c875c4edc1d,7ba29f3a45abe1301651,bps_webapi,4,observation_materializes_cell
edge:fdbb1186f0dd6eaf32b8,08ad8e75ee8393ce5375,6cc949f18eabdfe5a2b6,7ba29f3a45abe1301651,bps_webapi,4,observation_materializes_cell
edge:77b0e35753ce81f1e981,9631ac2d3b7bcd450ab1,6ccd5320359f6311c0c0,7ba29f3a45abe1301651,bps_webapi,4,observation_materializes_cell
edge:73551f0a26ebf05870f5,c04c6633e69ca3bf51d4,6cd066f30526f409a6e6,7ba29f3a45abe1301651,bps_webapi,4,observation_materializes_cell
edge:19c15712820627a1cce2,b463fabd9669d7a130f0,6cda0cd8041d6c9bede1,7ba29f3a45abe1301651,bps_webapi,4,observation_materializes_cell
edge:78081aaf0c3491edb468,701ed426a6b72358dab6,6cdc9a93b42e6e859d88,7ba29f3a45abe1301651,bps_webapi,4,observation_materializes_cell
edge:28bf2549ef963bc68504,ceebd23784b0caf9ed0a,6ce1c939a9ef16105d2f,7ba29f3a45abe1301651,bps_webapi,4,observation_materializes_cell
edge:cd2fee6f23913a47c9d1,094e3b36b4bb5a2b06d9,6ceacdc9c36b05c20e71,aa7252a58f41161c17c3,bps_tpb_2024,1,observation_materializes_cell
edge:54b1ee5fbb4decef213f,5217b0f938b2bf7225c9,6ceacdc9c36b05c20e71,b132d2fab33291e0733e,bps_webapi,3,observation_materializes_cell
edge:8d3dcef4e3c45acfa6b8,42cff3db57009753686d,6cf2c1f38aa499a0efa4,7ba29f3a45abe1301651,bps_webapi,4,observation_materializes_cell
edge:25f405f3c1d703594ab1,753fc228aaa8054e8441,6d0afead3b13f6fbb52d,7ba29f3a45abe1301651,bps_webapi,4,observation_materializes_cell
edge:2b7c4254d11b8c455499,9cc0d097842159902472,6d0afead3b13f6fbb52d,aa7252a58f41161c17c3,bps_tpb_2024,1,observation_materializes_cell
edge:ffc2403ecb561276df0d,0c90d0090b501ebf8526,6d0c406055ac381f93fd,7ba29f3a45abe1301651,bps_webapi,4,observation_materializes_cell
edge:e4c44f3c8adc41ee559f,c517f1e4575114e1c6e6,6d0d757a202fd3ff5fea,7ba29f3a45abe1301651,bps_webapi,4,observation_materializes_cell
edge:bb0b4eda75dceeb44fc5,38802785d6838ed0acd3,6d7012f4df683b1be735,7ba29f3a45abe1301651,bps_webapi,4,observation_materializes_cell
edge:e99d92a81bdb4dafd72b,b52ef06bfcdd8ec04be9,6d7012f4df683b1be735,aa7252a58f41161c17c3,bps_tpb_2024,1,observation_materializes_cell
edge:7f28ec6dd865c0d20fa7,08f9d269b3eab00204e7,6d7805f9611d680b0e72,7ba29f3a45abe1301651,bps_webapi,4,observation_materializes_cell
edge:63579f3d2be14be4d5c5,41e9952f4737e8b2da9a,6d96ede7d6961ccc48c3,aa7252a58f41161c17c3,bps_tpb_2024,1,observation_materializes_cell
edge:16eeef21adcd87068cf4,0d2c7dd1bf602e055407,6d96ede7d6961ccc48c3,b132d2fab33291e0733e,bps_webapi,3,observation_materializes_cell
edge:7ac3e80232f27b6e8e93,0693a710abfd97628076,6dc35c3cb3212b1872f7,7ba29f3a45abe1301651,bps_webapi,4,observation_materializes_cell
edge:7ac4486f7e4c5cc398c8,da5c1032874a0e56b44e,6dd391d2e9bd402a78d4,7ba29f3a45abe1301651,bps_webapi,4,observation_materializes_cell
edge:ad98c650b89d8b678202,0548229c89c5a0d59ba4,6dd4ff92bb57c840594d,7ba29f3a45abe1301651,bps_webapi,4,observation_materializes_cell
edge:10f9186616c5041dbd28,97adeda7daccf5c5b42e,6dd7c8098a5ba759a0fe,7ba29f3a45abe1301651,bps_webapi,4,observation_materializes_cell
edge:6f4b46d942b463946982,54930646b875ab8f9fca,6de41490a69ffd7bf5d8,7ba29f3a45abe1301651,bps_webapi,4,observation_materializes_cell
edge:5ea2322fc482b6bd1fb3,665d31a492d86feb02a1,6df3338a8e32db99f7ea,aa7252a58f41161c17c3,bps_tpb_2024,1,observation_materializes_cell
edge:131bebac5bfa5b573de2,245603dc2444fefcdb95,6df3338a8e32db99f7ea,b132d2fab33291e0733e,bps_webapi,3,observation_materializes_cell
edge:a15ee7d3c8559adb50fc,b38794abacdd5fd313f1,6df684ac904051a6b888,7ba29f3a45abe1301651,bps_webapi,4,observation_materializes_cell
edge:54ecde085331cb0eefd3,cec14d0317b6d7fc59c6,6df684ac904051a6b888,aa7252a58f41161c17c3,bps_tpb_2024,1,observation_materializes_cell
edge:c97f12b37c0b325b3b1c,59d9ee86e1baedd8e6dd,6dfb83d349dd9913c7b7,7ba29f3a45abe1301651,bps_webapi,4,observation_materializes_cell
edge:1c3f28f8d452468f884c,0c9fd1d6b24add16863f,6dfb83d349dd9913c7b7,aa7252a58f41161c17c3,bps_tpb_2024,1,observation_materializes_cell
edge:d773df852044c457c8f4,db0c964adfa1b4e9d8e4,6e1ef0cb1f82ed2abab1,aa7252a58f41161c17c3,bps_tpb_2024,1,observation_materializes_cell
edge:64c6e50d583271ef071e,4f634c4052d77e4b2619,6e1ef0cb1f82ed2abab1,b132d2fab33291e0733e,bps_webapi,3,observation_materializes_cell
edge:97a6cfe05b9e41c0058a,805b6b505fd08cee0afb,6e211f7890874ea41ba1,aa7252a58f41161c17c3,bps_tpb_2024,1,observation_materializes_cell
edge:b1032ab1ddac29d22fdf,80afd43570b447b1d729,6e211f7890874ea41ba1,b132d2fab33291e0733e,bps_webapi,3,observation_materializes_cell
edge:05f85f342fb96da7a4b5,e72daa9c939f6c51103b,6e2946545e068a2fce62,aa7252a58f41161c17c3,bps_tpb_2024,1,observation_materializes_cell
edge:fef0877095db7b185fe4,307813646e2b7a44e104,6e2946545e068a2fce62,b132d2fab33291e0733e,bps_webapi,3,observation_materializes_cell
edge:e6d3ea242969a9c3543f,a35397a27ae82a6f2bf8,6e38311046de04d244d6,aa7252a58f41161c17c3,bps_tpb_2024,1,observation_materializes_cell
edge:da0fe54e0aafdc2818ce,41053e7228151ce82eef,6e38311046de04d244d6,b132d2fab33291e0733e,bps_webapi,3,observation_materializes_cell
edge:273fbb408085a1fac6df,349ee7ed4624e430d1ef,6e3b0558305b700ebbd4,aa7252a58f41161c17c3,bps_tpb_2024,1,observation_materializes_cell
edge:bc6f2cc044bb6f8bb064,dc4d27068a189a970a94,6e3b0558305b700ebbd4,b132d2fab33291e0733e,bps_webapi,3,observation_materializes_cell
edge:dfd7c3ed53bac4d8f8af,a8d40a4da18561b93f30,6e41606f6ae2c7517c85,7ba29f3a45abe1301651,bps_webapi,4,observation_materializes_cell
edge:a779acbd53d7757a3237,ea58416f93f3cc5ea16b,6e44e88c79981d917dd5,7ba29f3a45abe1301651,bps_webapi,4,observation_materializes_cell
edge:8d1b3c833850d0f0563c,200b4dab13f3a063c694,6e7028de2ca6d88f7cbc,7ba29f3a45abe1301651,bps_webapi,4,observation_materializes_cell
edge:4e0fe123ea992c58d18d,8c3553885cd81ba514d7,6e86d2028d9796b9edb7,7ba29f3a45abe1301651,bps_webapi,4,observation_materializes_cell
edge:ef5733ddd05be5766abe,d86969b214c0f0db587c,6e86d2028d9796b9edb7,aa7252a58f41161c17c3,bps_tpb_2024,1,observation_materializes_cell
edge:e0803453a3e1293bb470,ef6a0a3b0e2f8cb32b93,6e95b9c5dde3bc0c7865,aa7252a58f41161c17c3,bps_tpb_2024,1,observation_materializes_cell
edge:e2a64d938cbe956ab049,43f01d61a424ac0866f8,6e95b9c5dde3bc0c7865,b132d2fab33291e0733e,bps_webapi,3,observation_materializes_cell
edge:e70fb078141c57a405db,7a31c6bdb15eda53de97,6eab20520961f72154f1,7ba29f3a45abe1301651,bps_webapi,4,observation_materializes_cell
edge:b95d647f0aa4f22489c5,b7bda6dc8e364da866b0,6ebb56a4c8972a1bb671,7ba29f3a45abe1301651,bps_webapi,4,observation_materializes_cell
edge:fc6d53b94e8d65f5eae7,0eb54f9d686dfdbe6345,6ed3435a42ad619b1390,7ba29f3a45abe1301651,bps_webapi,4,observation_materializes_cell
edge:99c51121b90614e13439,c9a032a97b21bf9c0684,6ed41f0c62a453b6b169,7ba29f3a45abe1301651,bps_webapi,4,observation_materializes_cell
edge:7351c8cd759d56918f32,693cc30a59183d053b3f,6ed93ea6903999accafa,7ba29f3a45abe1301651,bps_webapi,4,observation_materializes_cell
edge:c7de4f586bba1d387dbb,06f044e143ba507f69cf,6eda57baea6b7ccd1ac3,7ba29f3a45abe1301651,bps_webapi,4,observation_materializes_cell
edge:897bc8e9fab08ccd670a,f4f42c58a4b370a508c5,6eda57baea6b7ccd1ac3,aa7252a58f41161c17c3,bps_tpb_2024,1,observation_materializes_cell
edge:af588b7c7213bf746bf7,e32ff0d4f11367541198,6edd167a9668320517ea,7ba29f3a45abe1301651,bps_webapi,4,observation_materializes_cell
edge:d8a0cbed2d58980cdbb5,c181150e3bab328bfa6c,6edd167a9668320517ea,aa7252a58f41161c17c3,bps_tpb_2024,1,observation_materializes_cell
edge:5a67eb7736e65ce7f946,8dca35bd6dae2d8eed55,6ee035361435fc34384d,7ba29f3a45abe1301651,bps_webapi,4,observation_materializes_cell
edge:60e730ddced3292e10c7,b193bfacbd2b8e008ecd,6ee035361435fc34384d,aa7252a58f41161c17c3,bps_tpb_2024,1,observation_materializes_cell
edge:9ede46857e5dc2429662,7990446529be2bef0a7b,6ee5b123a8a4fa75f3aa,7ba29f3a45abe1301651,bps_webapi,4,observation_materializes_cell
edge:fe57fcb48957a1299f26,d116720e55610f723ee6,6ef2f873ddd279278357,7ba29f3a45abe1301651,bps_webapi,4,observation_materializes_cell
edge:81910acd51e8a7f1bf7d,43e0116093509081616a,6efd6d7600146b280c19,7ba29f3a45abe1301651,bps_webapi,4,observation_materializes_cell
edge:fd08b14a2a174f5c5ee6,dd12d8f1af69c53d1e7e,6f02dcee1db226036866,7ba29f3a45abe1301651,bps_webapi,4,observation_materializes_cell
edge:99a92c99fede8dd1d6f9,c74ee232a76e725a542b,6f0869c06d928598db80,7ba29f3a45abe1301651,bps_webapi,4,observation_materializes_cell
edge:b5c9655e0db94937f824,a0abb66911f6e13ed0eb,6f1dbbbe643456168fa6,7ba29f3a45abe1301651,bps_webapi,4,observation_materializes_cell
edge:52c26a004d09ca278e45,478df4cfea75ef52ee18,6f2433a153bd674ef57f,aa7252a58f41161c17c3,bps_tpb_2024,1,observation_materializes_cell
edge:78b3df4a20de234b80d1,cf2485c7de225296c62b,6f2433a153bd674ef57f,b132d2fab33291e0733e,bps_webapi,3,observation_materializes_cell
edge:b2d157243932d4a09f72,8772d457e0881e85c117,6f281c30fc5f9fa0b2fa,7ba29f3a45abe1301651,bps_webapi,4,observation_materializes_cell
edge:81436138121a7c17ca20,091fee322c955c118483,6f2b50d6fa2f310cfc41,7ba29f3a45abe1301651,bps_webapi,4,observation_materializes_cell
edge:912b2cf628552ce0fb84,717c3348433f6b648d9f,6f5b6a2e4aa0712b8af4,aa7252a58f41161c17c3,bps_tpb_2024,1,observation_materializes_cell
edge:1fe699080f3dfa7844dc,6cabdbdd28adb8c95830,6f5b6a2e4aa0712b8af4,b132d2fab33291e0733e,bps_webapi,3,observation_materializes_cell
edge:4a33c99c4d17cba3b8cc,4159757eb66a3f6f0bee,6f7de57742ce4a7a9690,7ba29f3a45abe1301651,bps_webapi,4,observation_materializes_cell
edge:0b3fedc6e8994f0f0675,1fe4884fb42553baad00,6fab5ce11e7fd4c1b2f1,7ba29f3a45abe1301651,bps_webapi,4,observation_materializes_cell
edge:a859ee4b174945c3ea4d,b424e5df09c8c39a9bb7,6fb2c56f68352b8781ec,7ba29f3a45abe1301651,bps_webapi,4,observation_materializes_cell
edge:7b002251f20b2abc7524,8bba38a7686dc91c8cc8,6fbe62311a851e56303d,7ba29f3a45abe1301651,bps_webapi,4,observation_materializes_cell
edge:c3e9fc9b84ccb3393652,6fba30dcc1473bc29f5d,6fc92f90879960fdcd7e,7ba29f3a45abe1301651,bps_webapi,4,observation_materializes_cell
edge:df37c94e99c4c4a8c563,79572abb41517da7dae7,6fca616de44cbd719d52,7ba29f3a45abe1301651,bps_webapi,4,observation_materializes_cell
edge:6bb7c63a9e54eb7fe3d8,499237dc256d3ed58bb5,6fd67dae170d56209f22,7ba29f3a45abe1301651,bps_webapi,4,observation_materializes_cell
edge:3c6c9113ef238018731c,f0ed4d1ad308ad0775de,6fef243b1d6dd1047426,7ba29f3a45abe1301651,bps_webapi,4,observation_materializes_cell
edge:c0c0013e641209d60dee,1703372eee516188b060,700c66c9899f2a64e365,7ba29f3a45abe1301651,bps_webapi,4,observation_materializes_cell
edge:6079ce0fe186038920c7,26b3352a6dc79a503667,7015026e382dbe43e7ca,7ba29f3a45abe1301651,bps_webapi,4,observation_materializes_cell
edge:8f4774969bfc7fffd02b,4e1ab316dfcd5aacd2ed,70452404251f5354fd06,7ba29f3a45abe1301651,bps_webapi,4,observation_materializes_cell
edge:df1515e1c77e29f5c76d,67afe9fe51c007811dd8,704c9f371f4236239708,aa7252a58f41161c17c3,bps_tpb_2024,1,observation_materializes_cell
edge:f71ed93a3350e422ae93,cfc81248d3d78835dbac,704c9f371f4236239708,b132d2fab33291e0733e,bps_webapi,3,observation_materializes_cell
edge:972efb595c7561a9fe8b,3588fcbf34f0ee8c94a8,704de2a038b33cf2d152,7ba29f3a45abe1301651,bps_webapi,4,observation_materializes_cell
edge:121f234b9dc5c7068e16,dc961b7661fb2bce27c4,70815782543d2c017ebd,7ba29f3a45abe1301651,bps_webapi,4,observation_materializes_cell
edge:39c6126bdc8c41d84b9a,25bc6cd8926971faeef1,708b3630ebd54f1f3fa6,7ba29f3a45abe1301651,bps_webapi,4,observation_materializes_cell
edge:28b1fc4ab8222c84759f,9ad54d779e541ad5fa49,70a0b5c8384f9d0714b5,7ba29f3a45abe1301651,bps_webapi,4,observation_materializes_cell
edge:8634e800638bed0f249d,7dd02d2dc22071e91ef0,70a0b5c8384f9d0714b5,aa7252a58f41161c17c3,bps_tpb_2024,1,observation_materializes_cell
edge:fe69f049a21d0520f7b9,ce03908d750cd3cea2c1,70a6a9ad2d086cbc046e,7ba29f3a45abe1301651,bps_webapi,4,observation_materializes_cell
edge:2e19ffbbc17e83822bce,88e7465959fd96b0f127,70a97d01f7ce5e4958b2,7ba29f3a45abe1301651,bps_webapi,4,observation_materializes_cell
edge:fe2b70187b4d3a7bf6f0,ccf04c3aa54c9f871803,70b56b3057903fdd05d3,7ba29f3a45abe1301651,bps_webapi,4,observation_materializes_cell
edge:637bd8aa91268e437ab4,669c114dfda39d519ebf,70bce66ecd22ecb49130,7ba29f3a45abe1301651,bps_webapi,4,observation_materializes_cell
edge:6a3e5ec22b6080c0070d,7b36fdf222c27c6832c4,70ce81cfdbf8999ba6f6,aa7252a58f41161c17c3,bps_tpb_2024,1,observation_materializes_cell
edge:6138b9ab4758a217ce4f,13f4bf32a27e952958c2,70ce81cfdbf8999ba6f6,b132d2fab33291e0733e,bps_webapi,3,observation_materializes_cell
edge:2fda3b3466ebf056e062,f7fef1e9752c2c64cde8,70d30f956e7fc61d7fa9,7ba29f3a45abe1301651,bps_webapi,4,observation_materializes_cell
edge:98793cf50d3b4aadedf3,f057b7e2f171aa833d64,70daafe87c3b39851e9a,7ba29f3a45abe1301651,bps_webapi,4,observation_materializes_cell
edge:f5f061eb18d6694ff24e,d41a7e45144ef142b7c2,70e5bf8a51b421176c0b,7ba29f3a45abe1301651,bps_webapi,4,observation_materializes_cell
edge:741ac1908f1144eefde3,2613548cbc871cf6765b,70e88b7b767e6ea2dd06,7ba29f3a45abe1301651,bps_webapi,4,observation_materializes_cell
edge:50e23f768f317923970f,7b2ce44ad80b83baf173,70e97b2b0f6bd98c5686,7ba29f3a45abe1301651,bps_webapi,4,observation_materializes_cell
edge:de856a5e01f651b6f719,652ecb850a7063ce34e6,70e97b2b0f6bd98c5686,aa7252a58f41161c17c3,bps_tpb_2024,1,observation_materializes_cell
edge:7cbefa55f39886466b7b,e3532cf8efda56e80b5f,70f0b0cbbdcba209ffd6,7ba29f3a45abe1301651,bps_webapi,4,observation_materializes_cell
edge:8e8d82627ae57a7c67e5,fe3ff744f07f1b5d3b83,7113b39daf4213f83efe,7ba29f3a45abe1301651,bps_webapi,4,observation_materializes_cell
edge:a5593a0006306a56e147,59497e8b4b3a8e983774,7113ffe86a78d6f93f5a,7ba29f3a45abe1301651,bps_webapi,4,observation_materializes_cell
edge:aa8cf6daf69875642d6f,aefad1b3901dc840df28,711508471505f6dac7af,7ba29f3a45abe1301651,bps_webapi,4,observation_materializes_cell
edge:f4d42b98c5a95d7511b2,03a89784e0d04b3c40aa,712c8c95f1cf0f96b095,7ba29f3a45abe1301651,bps_webapi,4,observation_materializes_cell
edge:942f4f6338407018d4f4,99296c9dd7e0ffe2a675,712e9f6727b9977368a6,7ba29f3a45abe1301651,bps_webapi,4,observation_materializes_cell
edge:cce71890383528a909a2,8db4111da232a1fba82e,71305e5ea680464cb724,7ba29f3a45abe1301651,bps_webapi,4,observation_materializes_cell
edge:927020c864f5c39f6e8e,e5e18aa542d43df19b7c,7130e6ac24f17d03d73c,7ba29f3a45abe1301651,bps_webapi,4,observation_materializes_cell
edge:45c69b6d14bd3d2b1d6a,0a19bbb53a4a12b49302,7133d3241be284772aa7,7ba29f3a45abe1301651,bps_webapi,4,observation_materializes_cell
edge:71554cf3855480392e89,55082ecb06f21593b6f1,7139a18cef312d13799a,7ba29f3a45abe1301651,bps_webapi,4,observation_materializes_cell
edge:529bf4b6513e6661b9bf,db19f9c00f35dccb7c4b,717d5a903d4e8b92ada6,7ba29f3a45abe1301651,bps_webapi,4,observation_materializes_cell
edge:147c01edea4f985b8f4f,9e46c8f79121b9aaf34c,7187f52fc6c60cdbba76,7ba29f3a45abe1301651,bps_webapi,4,observation_materializes_cell
edge:5a49c2b50457e87f425c,c5a23eb451f7d9ed0ed8,7188d4010d7bd2870fca,7ba29f3a45abe1301651,bps_webapi,4,observation_materializes_cell
edge:28bd7680d522e9d7037e,56a2ead1819bfcb03152,7192202fdd144c845973,aa7252a58f41161c17c3,bps_tpb_2024,1,observation_materializes_cell
edge:4fe966e479d78392aa2a,7f6d1571fe2752f22cd8,7192202fdd144c845973,b132d2fab33291e0733e,bps_webapi,3,observation_materializes_cell
edge:b56b9ba1ceafb371a0c2,07512281aa0a75c5f82f,71a013b45f47a8aefa7d,7ba29f3a45abe1301651,bps_webapi,4,observation_materializes_cell
edge:2272a2b24d7293c8da6d,2766cbe2cf960f73ba05,71a013b45f47a8aefa7d,aa7252a58f41161c17c3,bps_tpb_2024,1,observation_materializes_cell
edge:a406a0a39a4bc128ade7,3512827df9c3f5b053a0,71a277897e35075605a0,aa7252a58f41161c17c3,bps_tpb_2024,1,observation_materializes_cell
edge:7782980a3b1242a8279d,ed59bce6f00eda50ac5d,71a277897e35075605a0,b132d2fab33291e0733e,bps_webapi,3,observation_materializes_cell
edge:5378fb96081e4d2d1e91,21ed8f0b570cbf1c56ea,71bd845c5ba56e30c36f,7ba29f3a45abe1301651,bps_webapi,4,observation_materializes_cell
edge:029063b45fb6611409cd,22da6bacad61666fa6cd,71ca389ec74e0c872c16,7ba29f3a45abe1301651,bps_webapi,4,observation_materializes_cell
edge:4923db4843ce2dcf0b0a,ffc1177993b1631af298,71d00b60dac052d58211,7ba29f3a45abe1301651,bps_webapi,4,observation_materializes_cell
edge:b76a3e0c84ccdc8b56f2,2f20c531c1673f4b574f,71d00b60dac052d58211,aa7252a58f41161c17c3,bps_tpb_2024,1,observation_materializes_cell
edge:7b14a0c1ecc4eaf05e96,02d0130946266790d980,71db21c641f2c49090c8,7ba29f3a45abe1301651,bps_webapi,4,observation_materializes_cell
edge:b76467475d918fa6b32b,60af5df832611318bb8f,71deaf58b81cc4fc621f,7ba29f3a45abe1301651,bps_webapi,4,observation_materializes_cell
edge:900216467fd1350241ae,30298ddb180c12ee6b69,71fa1f82bef0f7a4fe38,aa7252a58f41161c17c3,bps_tpb_2024,1,observation_materializes_cell
edge:40a7d42c86981f9a1c30,3f1dc49b7ff70dbd9de3,71fa1f82bef0f7a4fe38,b132d2fab33291e0733e,bps_webapi,3,observation_materializes_cell
edge:afbd021663f80f0cab10,567898359156513df71f,71fa3f63879814c06e5a,7ba29f3a45abe1301651,bps_webapi,4,observation_materializes_cell
edge:fee53fff4ab08099f0f4,7a03b5aa3e59d27f7706,72043e298a13db7bdb9f,7ba29f3a45abe1301651,bps_webapi,4,observation_materializes_cell
edge:c6a89c8aadd6263ddbb9,ff24312fd607304d3cdc,720bbdd2de9b4394f352,7ba29f3a45abe1301651,bps_webapi,4,observation_materializes_cell
edge:68015f52a00b1f3a9776,e3489dc0ffdca7e9a756,720e10679f46bb5f633a,aa7252a58f41161c17c3,bps_tpb_2024,1,observation_materializes_cell
edge:090a6465e914fcf5234f,2dc09fd44a79f7ef752b,720e10679f46bb5f633a,b132d2fab33291e0733e,bps_webapi,3,observation_materializes_cell
edge:b538561ba4c56f53d78b,16d4882b8017ebcb724e,720ef8c077e2fc5ecdd9,7ba29f3a45abe1301651,bps_webapi,4,observation_materializes_cell
edge:0b81b6c2f53ad4e3dc1a,a7a36850a5b6081946ee,721ef684924fc190a1e9,aa7252a58f41161c17c3,bps_tpb_2024,1,observation_materializes_cell
edge:5abd6bfdd202b38a7007,41b9fbfddbc57920fb44,721ef684924fc190a1e9,b132d2fab33291e0733e,bps_webapi,3,observation_materializes_cell
edge:9427f96487a7b872b406,6af4062cd51bd0df8f5f,72229f5b2b69bd1af75a,7ba29f3a45abe1301651,bps_webapi,4,observation_materializes_cell
edge:a3f3ac6e75d18254e31f,0d22a6dce53e70772a53,72251ece71964957efd8,7ba29f3a45abe1301651,bps_webapi,4,observation_materializes_cell
edge:6c1c8fc9c6aea4fa9e7c,b7982f399cba17ae8ed8,72270404b07dd68b4578,7ba29f3a45abe1301651,bps_webapi,4,observation_materializes_cell
edge:eecd832f06cba2c9abf9,cb706f8fe4c264c820dc,722806c88a850b189534,7ba29f3a45abe1301651,bps_webapi,4,observation_materializes_cell
edge:b20c227d5209fd5d85ff,d813b2499a10f5ce0175,722806c88a850b189534,aa7252a58f41161c17c3,bps_tpb_2024,1,observation_materializes_cell
edge:f7167b1da137b91ccd67,504c48d05bbb1b2a9981,7254b2e3330aaf5bc626,7ba29f3a45abe1301651,bps_webapi,4,observation_materializes_cell
edge:d307b4a88c801fe15e46,511923ae3f4bf837a970,725ed146c14491fe7bfd,aa7252a58f41161c17c3,bps_tpb_2024,1,observation_materializes_cell
edge:40f9960f638c42e3c783,7c7e5aaebfee27110236,725ed146c14491fe7bfd,b132d2fab33291e0733e,bps_webapi,3,observation_materializes_cell
edge:208f2412ac2dd0727005,a62e81723751d04ca876,727106770d43d5cc37eb,7ba29f3a45abe1301651,bps_webapi,4,observation_materializes_cell
edge:3521e8b02d75c8395b0e,1f029790ffd7f5ecf3bb,7274021d70251590d344,7ba29f3a45abe1301651,bps_webapi,4,observation_materializes_cell
edge:76063ea5b9d866a1f0cc,73e278bcdc9d5ce2b462,7274021d70251590d344,aa7252a58f41161c17c3,bps_tpb_2024,1,observation_materializes_cell
edge:be3aa40044d3c795ea4b,e28c4fc71bdd6d4dec35,72772133174a2764d459,7ba29f3a45abe1301651,bps_webapi,4,observation_materializes_cell
edge:331d21bc883a8731079c,56726246c3a3d0adec3a,727c9a1a7afdfebd5701,7ba29f3a45abe1301651,bps_webapi,4,observation_materializes_cell
edge:8c92f24774bc92edf54f,61c7e113956ec49561cd,7292b2a781aa2dbd23aa,7ba29f3a45abe1301651,bps_webapi,4,observation_materializes_cell
edge:2d2e16a85fa2026d55c3,6a36547e56d6592855b0,72937170d21d4a9161cd,aa7252a58f41161c17c3,bps_tpb_2024,1,observation_materializes_cell
edge:74edd2b7dacc75ec9f75,39a8bd4ad74e36349195,72937170d21d4a9161cd,b132d2fab33291e0733e,bps_webapi,3,observation_materializes_cell
edge:56ca133996ba31093f08,4033eb12054e26ba955a,72a99fa28dd7674675b8,7ba29f3a45abe1301651,bps_webapi,4,observation_materializes_cell
edge:512e4fc5691f9637c326,3907b29cedbb351967b5,72a99fa28dd7674675b8,aa7252a58f41161c17c3,bps_tpb_2024,1,observation_materializes_cell
edge:af21ac2b381263ccaafa,9f26568a882cfbe1ebb7,72ac2cc1c20b1971852e,aa7252a58f41161c17c3,bps_tpb_2024,1,observation_materializes_cell
edge:371721690eceef53daf1,758369d94c74987cfdeb,72ac2cc1c20b1971852e,b132d2fab33291e0733e,bps_webapi,3,observation_materializes_cell
edge:194a2328e6d3c21a711a,9b862941656e53ea9b74,72ac509b85d4cff2aa78,aa7252a58f41161c17c3,bps_tpb_2024,1,observation_materializes_cell
edge:8b2632f7ff3231af2a9a,3ed5a98a0193d13e8866,72ac509b85d4cff2aa78,b132d2fab33291e0733e,bps_webapi,3,observation_materializes_cell
edge:48c9a91605b736fe6f3f,173ad3ea9553c07f9106,72b05ba9e626aa9ff3d4,7ba29f3a45abe1301651,bps_webapi,4,observation_materializes_cell
edge:407931a27e1b0e4e1074,9e6d3e1d9a116c31b29c,72b05ba9e626aa9ff3d4,aa7252a58f41161c17c3,bps_tpb_2024,1,observation_materializes_cell
edge:75a4c25570da1b0eda5b,474e2fddb183813fc031,72b1e2147517495ac7cf,7ba29f3a45abe1301651,bps_webapi,4,observation_materializes_cell
edge:092b23605508cbe3080f,77825da4d623417b40b6,72b23d529256057c504c,7ba29f3a45abe1301651,bps_webapi,4,observation_materializes_cell
edge:1974984fef4384f09aab,3bb1c51fb3c993dd0497,72b5d70182213d28565c,7ba29f3a45abe1301651,bps_webapi,4,observation_materializes_cell
edge:55efcffdf595fe9d1f5c,a741434f483c45e69961,72bd1210b437ca8fd53f,7ba29f3a45abe1301651,bps_webapi,4,observation_materializes_cell
edge:57f2a8eb786038946c92,e31878b79c081a082b1a,72c9547ec8c6b23a723a,7ba29f3a45abe1301651,bps_webapi,4,observation_materializes_cell
edge:0875c66a949300f2dff4,aca6d57337150812590a,72d6c0a9aae897578403,7ba29f3a45abe1301651,bps_webapi,4,observation_materializes_cell
edge:decfd4266c96ee4009ca,f24197292c833b4284cf,72d9e54a5b8cd2831fd1,7ba29f3a45abe1301651,bps_webapi,4,observation_materializes_cell
edge:04dcc591db58c4c059ef,01872a059fe5610fb33c,72d9e54a5b8cd2831fd1,aa7252a58f41161c17c3,bps_tpb_2024,1,observation_materializes_cell
edge:0e69b504284c3d6b35d2,c6e5317585e5ae77ff91,72f60478b392d2e2cd2c,7ba29f3a45abe1301651,bps_webapi,4,observation_materializes_cell
edge:a39ae145260058256f69,63b8bcc0cadd2db06884,72fb8078affc30bdea8d,7ba29f3a45abe1301651,bps_webapi,4,observation_materializes_cell
edge:4233e63ba8ca6df85cd3,a5f5fb9405d0e61ba3b6,7301299a6b45976bba92,7ba29f3a45abe1301651,bps_webapi,4,observation_materializes_cell
edge:e295dae13b9035a51d6c,7b847d13f0c159422bf8,730e2fa5d1a3de484c27,7ba29f3a45abe1301651,bps_webapi,4,observation_materializes_cell
edge:067959d99699aac095b7,9fa04b93a2e58a5ca7d4,73291e996ed02ed261ab,7ba29f3a45abe1301651,bps_webapi,4,observation_materializes_cell
edge:13511f11b6dc1f15dc2b,b4e1acff08e7b7df43a8,732d49a40e51674132b0,7ba29f3a45abe1301651,bps_webapi,4,observation_materializes_cell
edge:1de571b259385cde9446,d761e279fe6496659de6,732d49a40e51674132b0,aa7252a58f41161c17c3,bps_tpb_2024,1,observation_materializes_cell
edge:9000d8c21e26a2a40669,9bcea18b50b98e0bd5c3,732e7f2c7ac2a0658671,7ba29f3a45abe1301651,bps_webapi,4,observation_materializes_cell
edge:cd27973fbbacd3fe7aa3,d5569c7f65ef90904808,7336105d7f69a7805f03,7ba29f3a45abe1301651,bps_webapi,4,observation_materializes_cell
edge:6c837101ae7410c7848d,03f1dec4d583a56357d3,73463941ac987bc191a7,7ba29f3a45abe1301651,bps_webapi,4,observation_materializes_cell
edge:0962f27c94c80b96a33f,7a21484e72e42b1287c4,734f6d03b622fe897b44,7ba29f3a45abe1301651,bps_webapi,4,observation_materializes_cell
edge:5acff6a95f034db55057,d4b147e9e9e284bf5940,735222e3d7e0b7742a8a,aa7252a58f41161c17c3,bps_tpb_2024,1,observation_materializes_cell
edge:1eeb1eddd36dccf67cde,6fc8c3841c221ff97824,735222e3d7e0b7742a8a,b132d2fab33291e0733e,bps_webapi,3,observation_materializes_cell
edge:2e7736a3fce2b5a5902a,9793781f367d7aa3b291,73622f0c0de3d54de11f,7ba29f3a45abe1301651,bps_webapi,4,observation_materializes_cell
edge:1a14e85d72b70980bd7c,4577bcb28a506a77aa08,7365a9f321ac5654b204,aa7252a58f41161c17c3,bps_tpb_2024,1,observation_materializes_cell
edge:71bbad65909cc8c922dd,291de9b9abba3d8f8673,7365a9f321ac5654b204,b132d2fab33291e0733e,bps_webapi,3,observation_materializes_cell
edge:1d4a8b21dcb82ab56ccf,72f7fa8c592c38faeec4,7375a3d95d028cd5ebb7,7ba29f3a45abe1301651,bps_webapi,4,observation_materializes_cell
edge:f817717bbe829f1f8db3,f6c2a9f00fd829d41ea6,73760a02d240eb8ee594,aa7252a58f41161c17c3,bps_tpb_2024,1,observation_materializes_cell
edge:af9704e79cdd8c2f48af,05b2012f5fc9f1a22fe3,73760a02d240eb8ee594,b132d2fab33291e0733e,bps_webapi,3,observation_materializes_cell
edge:c41a847798540897d255,1e4889bdb3b2d8ba0c55,73773d1ba9f2810345a6,7ba29f3a45abe1301651,bps_webapi,4,observation_materializes_cell
edge:47580c1723e2a179224d,4ceb88a2bfd6e72b3959,738cceb4daf8164a4248,7ba29f3a45abe1301651,bps_webapi,4,observation_materializes_cell
edge:609ffb650aa7ae6b6168,30ace62b7f75da599537,73a5c70fc97e887c2b25,7ba29f3a45abe1301651,bps_webapi,4,observation_materializes_cell
edge:5efedabf2ab96ae6dd02,c7f08568527f806e5975,73af52472f00453e44fe,7ba29f3a45abe1301651,bps_webapi,4,observation_materializes_cell
edge:5ee4cc573c05ed9ed801,fe7eaaf5fa85f2103af7,73b0ca3d981f3e5227ce,7ba29f3a45abe1301651,bps_webapi,4,observation_materializes_cell
edge:cd34c2a736c5481cda6d,0d2f786bb9e816d05f99,73b76cf650ef49129ddf,7ba29f3a45abe1301651,bps_webapi,4,observation_materializes_cell
edge:51a3452558bfbe6fe47d,5ef9fbe3c8dd51d44f55,73bc928b3f4d7a93f11a,7ba29f3a45abe1301651,bps_webapi,4,observation_materializes_cell
edge:0ba918be4bb8a0db9104,61d20230b248912b13c6,73ccc6e8b62e1f4fc172,7ba29f3a45abe1301651,bps_webapi,4,observation_materializes_cell
edge:9ab2649af576a850d5da,2c32bd91193ab80c01bd,73db516d706e1bc82a3e,7ba29f3a45abe1301651,bps_webapi,4,observation_materializes_cell
edge:6b2e829b27b1fe992af9,233b0f0a0829cb8e6abb,73db516d706e1bc82a3e,aa7252a58f41161c17c3,bps_tpb_2024,1,observation_materializes_cell
edge:581947ca2bb9b82d597d,0315c1a37425ffb6a16a,73dd7e778bb626ddf7eb,7ba29f3a45abe1301651,bps_webapi,4,observation_materializes_cell
edge:3c8747eebe6395bd9da3,59e82858e687d709f832,73eee0300a9cb54d9281,7ba29f3a45abe1301651,bps_webapi,4,observation_materializes_cell
edge:25ce01a22df95c680612,c9a8f2624dacc9c96c49,73f79c1da7da3dc2e5be,7ba29f3a45abe1301651,bps_webapi,4,observation_materializes_cell
edge:6c3f873e908048ed4c11,7033c22136f9c89e9fc9,73fda856e5e96e1816cd,7ba29f3a45abe1301651,bps_webapi,4,observation_materializes_cell
edge:48c0764f5a97c56821d4,ff41a192c7ec42b78fb3,7401da6b51050f3dd3a7,7ba29f3a45abe1301651,bps_webapi,4,observation_materializes_cell
edge:e9c92745e2c93ff3ece8,1957774e02c83a8eaf16,7408f04af51076ca7bce,7ba29f3a45abe1301651,bps_webapi,4,observation_materializes_cell
edge:8abf869648b2738996d8,97aa5db18dc0640d70ca,741c5057396971c5f6a4,7ba29f3a45abe1301651,bps_webapi,4,observation_materializes_cell
edge:f1c9a397e3fb925ad893,a87123a93c376f068451,742291876df85e87fc87,7ba29f3a45abe1301651,bps_webapi,4,observation_materializes_cell
edge:33991e720473e56f9523,475cb7bdc03c53cbaf95,742291876df85e87fc87,aa7252a58f41161c17c3,bps_tpb_2024,1,observation_materializes_cell
edge:2ad654562de77e6e2360,2a2e38dfbb0582c0f2ef,7424a8d94c3f9a583084,aa7252a58f41161c17c3,bps_tpb_2024,1,observation_materializes_cell
edge:623796b7555c52b2a718,26a42dbb9de3bb7bd855,7424a8d94c3f9a583084,b132d2fab33291e0733e,bps_webapi,3,observation_materializes_cell
edge:9bd4a8782da7336148e9,961229acc9e0947a2513,74262fe7b59b9a2d71aa,7ba29f3a45abe1301651,bps_webapi,4,observation_materializes_cell
edge:4123caddefbba4975fa5,4626aa86166f7ade4f33,742898b2036db5353e71,7ba29f3a45abe1301651,bps_webapi,4,observation_materializes_cell
edge:1406050f2a5ee999fa54,1a182118d680a152d303,742898b2036db5353e71,aa7252a58f41161c17c3,bps_tpb_2024,1,observation_materializes_cell
edge:04c2891e1ac9b2fc1bc0,19db6d7d1a70555e10f1,74355336b12541b12cba,7ba29f3a45abe1301651,bps_webapi,4,observation_materializes_cell
edge:bcbb9ab05d233edb3d90,4aedd8b0296c5f6e99ca,743bab90577be834b880,aa7252a58f41161c17c3,bps_tpb_2024,1,observation_materializes_cell
edge:d179a414ef87f35223ce,3a3ca7c114318e67bfb0,743bab90577be834b880,b132d2fab33291e0733e,bps_webapi,3,observation_materializes_cell
edge:a596355aba2e0a35bdf3,337ae9e0f1eb06cb0663,744639979df7182c553b,7ba29f3a45abe1301651,bps_webapi,4,observation_materializes_cell
edge:d94cd4386b324508de8a,8b1846bda6d5816b954e,744639979df7182c553b,aa7252a58f41161c17c3,bps_tpb_2024,1,observation_materializes_cell
edge:844cebcc4e3967be7c66,969474ec723d64ebc63b,74483c70430db4d7bbea,7ba29f3a45abe1301651,bps_webapi,4,observation_materializes_cell
edge:1b8b8883da087404ff40,e9ce5fe216960879b22f,74483c70430db4d7bbea,aa7252a58f41161c17c3,bps_tpb_2024,1,observation_materializes_cell
edge:6a25268d36f84bd92142,a62a4667903cb0edeb42,744ba455a8c7c497c312,aa7252a58f41161c17c3,bps_tpb_2024,1,observation_materializes_cell
edge:ada1bf395d30c3ba1b82,5c5b26649c1adb8bb6f3,744ba455a8c7c497c312,b132d2fab33291e0733e,bps_webapi,3,observation_materializes_cell
edge:8cb5d8fbe8ea6ead1cc9,f779e1ce682bcf6c428c,7458c54a02ea7c31a396,7ba29f3a45abe1301651,bps_webapi,4,observation_materializes_cell
edge:1cc2ecd86a87ffba1cf3,708a1f22bce66681628b,747c0d9fd2dd3cf1afb8,7ba29f3a45abe1301651,bps_webapi,4,observation_materializes_cell
edge:81a79afe6c214f033011,44eaf094d745ef09fb0a,749293329ad365a10d29,7ba29f3a45abe1301651,bps_webapi,4,observation_materializes_cell
edge:dad9e4be3d16bc36f76e,ad7d45e46a574be2dfb2,74a2f84b216333bef976,7ba29f3a45abe1301651,bps_webapi,4,observation_materializes_cell
edge:a482909aa33deb1639df,d089aadfedcb1fa0217f,74bc460cfb77cc441e40,7ba29f3a45abe1301651,bps_webapi,4,observation_materializes_cell
edge:4308180835bc5e1da09b,b909954dfa8a66132d8d,74bc460cfb77cc441e40,9ab2011a3892edfac889,bps_tpb_2025,2,observation_materializes_cell
edge:81245ad144e24a9bbdf7,1327097d0c569ac8f279,74c36ea2f66250f8975e,7ba29f3a45abe1301651,bps_webapi,4,observation_materializes_cell
edge:23e9cca5e270806dba31,571ede0399da237485ba,74c3a83a612af72e88b2,7ba29f3a45abe1301651,bps_webapi,4,observation_materializes_cell
edge:f5c62b5c51477c1b32f7,5010e3fd5cd3c60109f4,74d1de2d9c0a6e4aa525,7ba29f3a45abe1301651,bps_webapi,4,observation_materializes_cell
edge:d273b206bff1721cc6a7,a672caccce52968a89de,74d96900a807fb3bcce8,7ba29f3a45abe1301651,bps_webapi,4,observation_materializes_cell
edge:b3fa62b596fae8b58398,2e7ad628e300449365c6,74e669d3204d44e90821,aa7252a58f41161c17c3,bps_tpb_2024,1,observation_materializes_cell
edge:7a50ec6c93f1534a1f4d,3ff3968abc7b8b3cb73e,74e669d3204d44e90821,b132d2fab33291e0733e,bps_webapi,3,observation_materializes_cell
edge:e92cdf9e975cadd3a60f,2b657d2e377630d34786,74ed275ae33368c5c0d6,7ba29f3a45abe1301651,bps_webapi,4,observation_materializes_cell
edge:10a161ea1ce84e1d7f62,c6a72d3009cf38ac4d59,74fdb1007b075e060dde,7ba29f3a45abe1301651,bps_webapi,4,observation_materializes_cell
edge:b44dae793c9c3b96c4a5,7e540ec6be5485b459f4,75083027157e53f31894,7ba29f3a45abe1301651,bps_webapi,4,observation_materializes_cell
edge:1cc06c8b6495b2ebc189,566baeca927a213f7e32,75083027157e53f31894,aa7252a58f41161c17c3,bps_tpb_2024,1,observation_materializes_cell
edge:ab6244ef8b9a11119c61,f02182c24465f7b66b16,752153885f723b61ba02,7ba29f3a45abe1301651,bps_webapi,4,observation_materializes_cell
edge:7bbc4df59a40f6b4cdd6,04bdf3d037e0feab8476,752153885f723b61ba02,aa7252a58f41161c17c3,bps_tpb_2024,1,observation_materializes_cell
edge:4a978829fd4209c4c1c9,05732225ddb0b51b7869,752e9bc59d80077db32a,7ba29f3a45abe1301651,bps_webapi,4,observation_materializes_cell
edge:d9aa44d236e111db9048,c4fab026ce3cc9ab5b82,75410d45bd4b1cb3966a,7ba29f3a45abe1301651,bps_webapi,4,observation_materializes_cell
edge:1e98363b77e29896ec2b,0b99dc625803bd6a87fc,7542d49b6ee60cd4a720,7ba29f3a45abe1301651,bps_webapi,4,observation_materializes_cell
edge:e54b4e31dc23e65f6424,050efd51d7f4b578223e,7548c0561d0b8c062e1b,7ba29f3a45abe1301651,bps_webapi,4,observation_materializes_cell
edge:51107b6ebd743aca953f,31006ce907923c7be53b,755de1a0109bb1efd85c,aa7252a58f41161c17c3,bps_tpb_2024,1,observation_materializes_cell
edge:d5b74cc239f15ecea9d8,5fdbed4cd7c8b00370dc,755de1a0109bb1efd85c,b132d2fab33291e0733e,bps_webapi,3,observation_materializes_cell
edge:739cb99d1770d31af37d,38d2cd027951f4b434c5,7561cfd8a5442f6836f3,7ba29f3a45abe1301651,bps_webapi,4,observation_materializes_cell
edge:3b1313124f19184809b0,f6cce52b88eae4fe2913,7576d78acd9033910592,7ba29f3a45abe1301651,bps_webapi,4,observation_materializes_cell
edge:9d3c574f8a31c2fc289c,19a7a09450822f5274ab,7576d78acd9033910592,aa7252a58f41161c17c3,bps_tpb_2024,1,observation_materializes_cell
edge:514ccd4c32bf258cc572,f6facfd62c346adbf731,7582d851475bb16040de,7ba29f3a45abe1301651,bps_webapi,4,observation_materializes_cell
edge:dda9a07e97043747482e,6c55f20149484046b65f,7582d851475bb16040de,aa7252a58f41161c17c3,bps_tpb_2024,1,observation_materializes_cell
edge:7d9fe61fdab3ddb3e20a,25fcd9f395008fac89e6,7594b921882d25169b70,7ba29f3a45abe1301651,bps_webapi,4,observation_materializes_cell
edge:ab3b37d12d1b3321ac9d,42d5d8b82ed1d80fdc8d,759f89effe9309bdcf65,7ba29f3a45abe1301651,bps_webapi,4,observation_materializes_cell
edge:853e2c5c997ed71f570c,721d0450143b4d03fce5,75a707ce24ebd6501d98,7ba29f3a45abe1301651,bps_webapi,4,observation_materializes_cell
edge:1f8c28cc3b7ff69dab1c,86b1d0e8f1ec207cc03b,75bbab41b3c566f7e887,7ba29f3a45abe1301651,bps_webapi,4,observation_materializes_cell
edge:859b0fd985c5b303035e,bf1b360b35f3c57f7d00,75dc3b828fef7a8b1133,aa7252a58f41161c17c3,bps_tpb_2024,1,observation_materializes_cell
edge:bcfdafc2f4a7df269bc9,b10676892dfdec03b2ca,75dc3b828fef7a8b1133,b132d2fab33291e0733e,bps_webapi,3,observation_materializes_cell
edge:c7482b6726c617899ff3,13e9c8d52a4a33a72640,7619fd8e8760330cb8a4,7ba29f3a45abe1301651,bps_webapi,4,observation_materializes_cell
edge:ce3b80d785f40a8124a7,c93ab031d0675bc895cb,7619fd8e8760330cb8a4,9ab2011a3892edfac889,bps_tpb_2025,2,observation_materializes_cell
edge:e7fcd6afeeb358933c8b,e82cf2cf09a29d1c1cd7,7619fd8e8760330cb8a4,aa7252a58f41161c17c3,bps_tpb_2024,1,observation_materializes_cell
edge:5df63408ac5df9366af8,0d4ca650322a07076530,762536d930cb9008da66,7ba29f3a45abe1301651,bps_webapi,4,observation_materializes_cell
edge:ea7d58641742fbcd6c9e,b563b07a65383835626b,762b2cc0009b8d1632d3,7ba29f3a45abe1301651,bps_webapi,4,observation_materializes_cell
edge:2a159e6f0585aaa26268,5e4e72c45696d211d000,7644527019fa9d5f47e5,7ba29f3a45abe1301651,bps_webapi,4,observation_materializes_cell
edge:3ecd5a5065cda0881ce1,218dc2ea6a8789928c3e,7645f2d0fe94d6d7f134,7ba29f3a45abe1301651,bps_webapi,4,observation_materializes_cell
edge:0f08c3d6edc218929409,39b441c438bc686ef56c,765388bc09f6e88e7bf8,aa7252a58f41161c17c3,bps_tpb_2024,1,observation_materializes_cell
edge:976b961e36d71ca257f4,ca75c21071c35b04c275,765388bc09f6e88e7bf8,b132d2fab33291e0733e,bps_webapi,3,observation_materializes_cell
edge:fd50c313977006842249,37b3137a7e77d5595176,7662f8a87c26b58c15ff,7ba29f3a45abe1301651,bps_webapi,4,observation_materializes_cell
edge:64c42d24201653cffba3,7c2bf5db9749a976a0c3,76af52e2ef2f7fa1c259,7ba29f3a45abe1301651,bps_webapi,4,observation_materializes_cell
edge:cee30b3e58b3842bfe57,87f9613d815ad669e2f7,76d4faee73b943e26060,7ba29f3a45abe1301651,bps_webapi,4,observation_materializes_cell
edge:4e2bd206dce2e6d1b6b5,0f77b756ffea74aa6d19,76d8a68ba05ddf18744f,aa7252a58f41161c17c3,bps_tpb_2024,1,observation_materializes_cell
edge:fe9551dadc96c66664e0,6ba8ca8cdb07f875143a,76d8a68ba05ddf18744f,b132d2fab33291e0733e,bps_webapi,3,observation_materializes_cell
edge:5e35449d39b9de2828b9,3148c211b1755ed27590,76e4b52e09b512660029,7ba29f3a45abe1301651,bps_webapi,4,observation_materializes_cell
edge:1ed411d20bbd401bdfde,165a72ce10668d16d5c0,76f160789b240dfb00a3,7ba29f3a45abe1301651,bps_webapi,4,observation_materializes_cell
edge:62a9297294d755ab165a,69b9e47a8de5ca7ab3b8,76f7b387d78f5c09b376,aa7252a58f41161c17c3,bps_tpb_2024,1,observation_materializes_cell
edge:dc7f81314311f2c0887f,c74ea5c6ee64ee98b061,76f7b387d78f5c09b376,b132d2fab33291e0733e,bps_webapi,3,observation_materializes_cell
edge:b11ef624051690ed0c56,e90e79820cf0313fba8c,7700144fafa7d0940189,7ba29f3a45abe1301651,bps_webapi,4,observation_materializes_cell
edge:55201252157a01490bfc,b565402956c47cc4d80f,77149d133c930801bd20,7ba29f3a45abe1301651,bps_webapi,4,observation_materializes_cell
edge:7f4b1d94dd4d425d0d5b,c74d6793a606016eb01f,771d48cd7977dd6d7a81,7ba29f3a45abe1301651,bps_webapi,4,observation_materializes_cell
edge:38fc498a9aedf5eb4f90,e4835204c946a5d3ee51,7722d40c3125aaeefc12,7ba29f3a45abe1301651,bps_webapi,4,observation_materializes_cell
edge:2acb83cb1d0219d8728a,90c4f229896629a5236d,772407741cfc720d47d6,7ba29f3a45abe1301651,bps_webapi,4,observation_materializes_cell
edge:1507f0725ee53ddd5043,dd04fbb6b7652687d1e0,772500f060865315e2ea,7ba29f3a45abe1301651,bps_webapi,4,observation_materializes_cell
edge:3d0d78b135b07477e6d5,dbe2efe6a7f07a493e67,772500f060865315e2ea,aa7252a58f41161c17c3,bps_tpb_2024,1,observation_materializes_cell
edge:b5bd4c00a1c83f2b487b,0317ec1e5f258dc0ef14,772df348b11c29b63042,7ba29f3a45abe1301651,bps_webapi,4,observation_materializes_cell
edge:46b8f687bcd567fb6bcf,7acdc46524911fee9904,772df348b11c29b63042,9ab2011a3892edfac889,bps_tpb_2025,2,observation_materializes_cell
edge:56c30ad8645f89c9f072,0f670e6e47e24ae7d4c1,7741d25f18c1c838c8f4,7ba29f3a45abe1301651,bps_webapi,4,observation_materializes_cell
edge:31af3a0306b9d46b7981,89a5e26c24bf61967243,774fad31fefcb3d0af38,aa7252a58f41161c17c3,bps_tpb_2024,1,observation_materializes_cell
edge:657ef8311d3abb544281,80e0f22cc6f329de1dc6,774fad31fefcb3d0af38,b132d2fab33291e0733e,bps_webapi,3,observation_materializes_cell
edge:cfcc614a79e2f4f2d896,5ec7628826b4e4edb2b7,7750604f17ed0a4edb2a,7ba29f3a45abe1301651,bps_webapi,4,observation_materializes_cell
edge:1320f59efac50f645e90,fa6d49840fb58d60c612,77513a79cc1f9ec26470,7ba29f3a45abe1301651,bps_webapi,4,observation_materializes_cell
edge:186b30762807162b12ca,29c771709bea7d678331,77513a79cc1f9ec26470,aa7252a58f41161c17c3,bps_tpb_2024,1,observation_materializes_cell
edge:2cd12acdae40b0dff919,64a06853cd2eef802989,77533a4a3744c56c48ee,7ba29f3a45abe1301651,bps_webapi,4,observation_materializes_cell
edge:1302652d8394e8783dfe,569ebc5de60d2259fefe,775a668f6828bd66acb0,7ba29f3a45abe1301651,bps_webapi,4,observation_materializes_cell
edge:4d21944acf4e227e5b56,05f3727342b59f1b42eb,775bc5ede0b28b080f98,7ba29f3a45abe1301651,bps_webapi,4,observation_materializes_cell
edge:74f0e9867ff163ef2867,c4b6af5292ef8542fd9c,775cfdc926659ce983ec,aa7252a58f41161c17c3,bps_tpb_2024,1,observation_materializes_cell
edge:281dc3e57a1f894b0712,56e59591b91a28dd47cf,775cfdc926659ce983ec,b132d2fab33291e0733e,bps_webapi,3,observation_materializes_cell
edge:94a3a1b2fcaa69cd3687,50c2a846d61599031c02,7766590dfb6b4caa47df,7ba29f3a45abe1301651,bps_webapi,4,observation_materializes_cell
edge:1ef1af06fca92582c523,7556a75a23665fef3353,77690fc7e358becd4dd8,7ba29f3a45abe1301651,bps_webapi,4,observation_materializes_cell
edge:2f0faa9a9ac76475ea95,3d0b67d1a41ce1dee368,776bb8c4f5412cfe6d91,7ba29f3a45abe1301651,bps_webapi,4,observation_materializes_cell
edge:40bac6132d25db7e0a59,0c23ec0db2087c7667b8,777d0c5fe767a6c462af,7ba29f3a45abe1301651,bps_webapi,4,observation_materializes_cell
edge:51adb404c6a99e2f26dd,6c88b1c53f29be783e6e,77821ae6c6d05a778e99,7ba29f3a45abe1301651,bps_webapi,4,observation_materializes_cell
edge:46319d94e7136bf09c32,405380847a6d086a6383,7789fff4b713e2b17ff0,7ba29f3a45abe1301651,bps_webapi,4,observation_materializes_cell
edge:cee4ee5f4cf5f89c3442,1234b9c64cdb057ea6a1,778a13d8d9e01945daeb,7ba29f3a45abe1301651,bps_webapi,4,observation_materializes_cell
edge:63dea26d98269643b2d7,586f5fadd61fc916db57,778a13d8d9e01945daeb,aa7252a58f41161c17c3,bps_tpb_2024,1,observation_materializes_cell
edge:55668d0e2fc4a496bdca,dd14c90acc08815e1892,779bf5aa08edfde395f0,7ba29f3a45abe1301651,bps_webapi,4,observation_materializes_cell
edge:bfc2f3c04acf0ff7a220,d1b76d9244c8ff73f19b,77a926895fa6347f050a,7ba29f3a45abe1301651,bps_webapi,4,observation_materializes_cell
edge:35729e60d8c03bb92a3f,2308cfec3fb88d30700d,77af210729b50070b167,7ba29f3a45abe1301651,bps_webapi,4,observation_materializes_cell
edge:d9bd51367a0b2841c3d9,6167b1031c347a233aa6,77c2171fd208ff142ddb,7ba29f3a45abe1301651,bps_webapi,4,observation_materializes_cell
edge:5528f1b29be38eac6253,2a024cec207e2f68aad0,77c906689623b6d37f33,7ba29f3a45abe1301651,bps_webapi,4,observation_materializes_cell
edge:9f56e712f5ddee89989c,c93dea71725759c2268d,77c906689623b6d37f33,aa7252a58f41161c17c3,bps_tpb_2024,1,observation_materializes_cell
edge:b5d3b28d54b43a22cd75,c12bbd2cb935ca742adb,77d86da8e53e5c315db2,7ba29f3a45abe1301651,bps_webapi,4,observation_materializes_cell
edge:37e28929568db8e6db52,4c1e09706c044c5bda59,77ea7db8d2e2ff7ad4f2,7ba29f3a45abe1301651,bps_webapi,4,observation_materializes_cell
edge:2f9cb1edc18d6a625f10,410ef24b2835fe2a35aa,77f88570e4be8080aeb5,7ba29f3a45abe1301651,bps_webapi,4,observation_materializes_cell
edge:2b2247f5110721c97da4,ac2626778d910b16625f,7807f52579c7b15cb147,7ba29f3a45abe1301651,bps_webapi,4,observation_materializes_cell
edge:dea339f4ef4515abfa7e,2e56f4eb9f9787a6de87,780fe0e77ec8dae6a574,7ba29f3a45abe1301651,bps_webapi,4,observation_materializes_cell
edge:1c91a87e3adf448ba7ad,bc04442627c6ecd5da2d,78157caff1f2a6a3efb5,7ba29f3a45abe1301651,bps_webapi,4,observation_materializes_cell
edge:2f1e90130cef4ffc8ae9,b2c93a400b963b823e5c,78257a367fff2c643068,7ba29f3a45abe1301651,bps_webapi,4,observation_materializes_cell
edge:ee971809bf1f30a4033f,9afe52c6f6180448076e,78257a367fff2c643068,aa7252a58f41161c17c3,bps_tpb_2024,1,observation_materializes_cell
edge:10d0ac16d984d388ebfd,9b43a5c15826907c5a6f,782eeb1f090580ba79f6,7ba29f3a45abe1301651,bps_webapi,4,observation_materializes_cell
edge:c37bc9daf99b409d057c,0af9750952a161240b86,78326b2a242aae3d69e4,7ba29f3a45abe1301651,bps_webapi,4,observation_materializes_cell
edge:301957567dc24a2b5247,d3da7ea8ca0fab842f79,783eea9b38f9b73b0b9d,7ba29f3a45abe1301651,bps_webapi,4,observation_materializes_cell
edge:06879a2ea26db3388335,a8075928e4994c29590d,7857b5d952b4696f5c2b,7ba29f3a45abe1301651,bps_webapi,4,observation_materializes_cell
edge:5d8c99a010ef382e0a5f,b6bfab3005b1384155a7,7857b5d952b4696f5c2b,aa7252a58f41161c17c3,bps_tpb_2024,1,observation_materializes_cell
edge:99f4de7305e715524736,6a7cf57e0f5cec130185,785c671024f8e8d053d2,aa7252a58f41161c17c3,bps_tpb_2024,1,observation_materializes_cell
edge:c3002cc49ed0e70068c3,91a0559a8a6b28c9dcfc,785c671024f8e8d053d2,b132d2fab33291e0733e,bps_webapi,3,observation_materializes_cell
edge:57b099aa0f29bb7ee173,7d5f2c37c00af0c34f6d,78613d838dd75497dbad,aa7252a58f41161c17c3,bps_tpb_2024,1,observation_materializes_cell
edge:0463633052a72aff3b61,3e2932555d4eab87ac00,78613d838dd75497dbad,b132d2fab33291e0733e,bps_webapi,3,observation_materializes_cell
edge:5cc0265c537eff8df47f,149c78737173a669dd5d,7883602727f88514ddf1,7ba29f3a45abe1301651,bps_webapi,4,observation_materializes_cell
edge:59e7a22af3dcf398ec13,2a64bfd8a60c88ed0928,788a2a261e11935f10af,7ba29f3a45abe1301651,bps_webapi,4,observation_materializes_cell
edge:b67744ed51ec9e4d7f4a,082cde42d8f1180d8fdd,788bb047c89280260dd8,aa7252a58f41161c17c3,bps_tpb_2024,1,observation_materializes_cell
edge:da4fd426bbfa623b88e6,14562fa55dd46be0b718,788bb047c89280260dd8,b132d2fab33291e0733e,bps_webapi,3,observation_materializes_cell
edge:a4a6c2e579b3f9c50624,38cba8f0b89d8f184627,789db676c0dc90e58047,7ba29f3a45abe1301651,bps_webapi,4,observation_materializes_cell
edge:5d63c8816d90168c1129,135670b5f6fab95b8dc6,78a249e26a0193ed48a0,7ba29f3a45abe1301651,bps_webapi,4,observation_materializes_cell
edge:fc4053668b7ae1093c92,5eb4ce0d1fe34b78a2cf,78a9a1f6acde38854c08,7ba29f3a45abe1301651,bps_webapi,4,observation_materializes_cell
edge:487a4cbd720798b787af,59fe04efb2b06b41cc50,78bffc2354f24c6faabe,7ba29f3a45abe1301651,bps_webapi,4,observation_materializes_cell
edge:e012f1c1cc46c4ab9df4,12d70b5f863e005a82d0,78c511e107cbb6f250b6,7ba29f3a45abe1301651,bps_webapi,4,observation_materializes_cell
edge:d6c3ae4d6c78fb8f9634,8f0c379931e9e978490c,78c511e107cbb6f250b6,aa7252a58f41161c17c3,bps_tpb_2024,1,observation_materializes_cell
edge:a17b9860c48472cfdd2d,a57d7b20048c9bcdcd8f,78c5d67761d77ed7bcd9,7ba29f3a45abe1301651,bps_webapi,4,observation_materializes_cell
edge:5589256acb3a6fd84373,18c79b1e3624b2f9ec53,78cb2486cc52ba32f4ed,7ba29f3a45abe1301651,bps_webapi,4,observation_materializes_cell
edge:f6909976fb48379e95ac,2b369532ebd1756485ee,78cb99217688b531f2e5,7ba29f3a45abe1301651,bps_webapi,4,observation_materializes_cell
edge:a2a97a54c449985b679f,b62a93a1720e547780a1,78d3cf01d0b31079b06e,aa7252a58f41161c17c3,bps_tpb_2024,1,observation_materializes_cell
edge:e15cc6217bb6ac64ce2c,db4bfff9fa62d8587867,78d3cf01d0b31079b06e,b132d2fab33291e0733e,bps_webapi,3,observation_materializes_cell
edge:484868cfdbf5826d4adc,67167a1b5b058d9d38f2,78da34c8cbae43e59f97,7ba29f3a45abe1301651,bps_webapi,4,observation_materializes_cell
edge:296cff8759490714c5cc,de87d3701c284cacd349,78e96ee3adfadc51ba7f,7ba29f3a45abe1301651,bps_webapi,4,observation_materializes_cell
edge:4c8fbc2c074b345b60b6,e9258df3961e45a76855,78ecb385e369ff3ed554,aa7252a58f41161c17c3,bps_tpb_2024,1,observation_materializes_cell
edge:6366bda08180257c3e99,b27a8767d663e8510fa4,78ecb385e369ff3ed554,b132d2fab33291e0733e,bps_webapi,3,observation_materializes_cell
edge:0271ce266a71f2d93564,5630358a993ee128378c,78f7592644fa2ffc67eb,7ba29f3a45abe1301651,bps_webapi,4,observation_materializes_cell
edge:fa8285a14a6ff8b23b1f,cf9502ac15e89a189b64,78fbad8401bc536c9fbe,7ba29f3a45abe1301651,bps_webapi,4,observation_materializes_cell
edge:de78629b76a91041a642,995b0b4f1c4973b02f6d,7907d78be967085a7f2d,7ba29f3a45abe1301651,bps_webapi,4,observation_materializes_cell
edge:c5fb6f72229dc8b8c38f,446bdd953ca34b14da38,7907d78be967085a7f2d,aa7252a58f41161c17c3,bps_tpb_2024,1,observation_materializes_cell
edge:59cddbac051bf8c4af9d,ae15f306e203f962649a,792745d0bceccb81ae13,7ba29f3a45abe1301651,bps_webapi,4,observation_materializes_cell
edge:3c029b9327676cf533d6,af6e32cfc86a1a904de3,793f5e19244ae7a2f020,7ba29f3a45abe1301651,bps_webapi,4,observation_materializes_cell
edge:c4493a32b1725fcc3e49,e6ab4553d2f33bb4df18,794e88f10c1b67c6927a,7ba29f3a45abe1301651,bps_webapi,4,observation_materializes_cell
edge:cda15283913447737caa,755497de7a1fedc91b98,794f075c2c7cb15fbd8e,7ba29f3a45abe1301651,bps_webapi,4,observation_materializes_cell
edge:84f5b01b5d5f049ae13c,5e154fb621bea7ae6ec9,794f075c2c7cb15fbd8e,aa7252a58f41161c17c3,bps_tpb_2024,1,observation_materializes_cell
edge:7dfbeec7263cce478bfd,c7bb1df2dd65fae0c6a2,795638606baa3242ee24,aa7252a58f41161c17c3,bps_tpb_2024,1,observation_materializes_cell
edge:a47aff6c93bfdaab764d,fa01d78804e5f03668c6,795638606baa3242ee24,b132d2fab33291e0733e,bps_webapi,3,observation_materializes_cell
edge:e3c4e7466242fafe7920,3bfa54488fdc316facd2,795a446fc601d7c1c401,7ba29f3a45abe1301651,bps_webapi,4,observation_materializes_cell
edge:00d98a120e29fa66fad2,57043f6e6ec2921f66d3,795f397b01b9e0acae08,7ba29f3a45abe1301651,bps_webapi,4,observation_materializes_cell
edge:abb14e7fb5b53271bfb4,3989732352d14f0aa46b,796ceb325513e41eb662,7ba29f3a45abe1301651,bps_webapi,4,observation_materializes_cell
edge:0b6ad1aa31eddb3f41cd,bd4bbaecef13c1d11302,796e713e920799b45ed3,7ba29f3a45abe1301651,bps_webapi,4,observation_materializes_cell
edge:c5a5dd8fe7b4234e933d,ff2d43493dc020a8022e,7981402f0fb38dd4c575,7ba29f3a45abe1301651,bps_webapi,4,observation_materializes_cell
edge:ebe0eda307349daf0ae9,e2648bc669746a74c061,798852bcfbfdb93b567d,7ba29f3a45abe1301651,bps_webapi,4,observation_materializes_cell
edge:be299974a7c91561ca34,8fbde77ea859c97f7466,79893b70c2bfb0784f55,7ba29f3a45abe1301651,bps_webapi,4,observation_materializes_cell
edge:6ae34093e99c350c656d,48884d3b3c0be763aaa1,79893b70c2bfb0784f55,aa7252a58f41161c17c3,bps_tpb_2024,1,observation_materializes_cell
edge:dc9e7c530e45f8ccaeae,44666087b6e86c024183,7997afcc4de16b28a3f4,aa7252a58f41161c17c3,bps_tpb_2024,1,observation_materializes_cell
edge:22c7daf9614c6b558c6d,d7721c24a3cda71d216b,7997afcc4de16b28a3f4,b132d2fab33291e0733e,bps_webapi,3,observation_materializes_cell
edge:9b9301d604eaab0d502b,7f3af7bb4900e6a31269,7998efe2c5313bbff30b,7ba29f3a45abe1301651,bps_webapi,4,observation_materializes_cell
edge:cd9d7aa34db79922cae5,a8a50302dd9805ebfcf2,79a3bd960ce15677e025,7ba29f3a45abe1301651,bps_webapi,4,observation_materializes_cell
edge:444cbf6003c995a7f16a,88661269a09fdbce4942,79a3bd960ce15677e025,aa7252a58f41161c17c3,bps_tpb_2024,1,observation_materializes_cell
edge:c3140bd2456f0fec0569,d96c680e2f1cf1452289,79a8068114c4cc9e1028,7ba29f3a45abe1301651,bps_webapi,4,observation_materializes_cell
edge:e487b19d6a860d7be539,ee88b20a972221fe16f5,79a8df54bfaf9a7c8159,7ba29f3a45abe1301651,bps_webapi,4,observation_materializes_cell
edge:62e8759a116d85155732,1fc00551d7aab9b49550,79b4717033128039b30f,7ba29f3a45abe1301651,bps_webapi,4,observation_materializes_cell
edge:f2483de7b1ac7153a4cd,eb3242e40f3deb734d42,79b4717033128039b30f,9ab2011a3892edfac889,bps_tpb_2025,2,observation_materializes_cell
edge:2170790e827b73c3321b,8958ce92e123daaeffbc,79b4717033128039b30f,aa7252a58f41161c17c3,bps_tpb_2024,1,observation_materializes_cell
edge:4170be7c450e003ab3cb,87e3f998f6741b8f470f,79bfe2e71abe7d071552,7ba29f3a45abe1301651,bps_webapi,4,observation_materializes_cell
edge:7902dee7b656cf62e463,3e6868261130a2b6118b,79e8a1441838694ac8cd,7ba29f3a45abe1301651,bps_webapi,4,observation_materializes_cell
edge:7a92809fdf64eeb5fb76,509dc97df4ef4d8c6823,79e8a1441838694ac8cd,aa7252a58f41161c17c3,bps_tpb_2024,1,observation_materializes_cell
edge:d64bcfb9b4727f70e163,91e4c3a41f09f54c4942,79f433cc1414f8a97f3a,aa7252a58f41161c17c3,bps_tpb_2024,1,observation_materializes_cell
edge:f6e8e6a4931af3355749,410ed9c7feacf4a27cdc,79f433cc1414f8a97f3a,b132d2fab33291e0733e,bps_webapi,3,observation_materializes_cell
edge:6b414554a9db54092ba4,10049a17898d52e3057a,7a0b145dacfa625f99c1,7ba29f3a45abe1301651,bps_webapi,4,observation_materializes_cell
edge:1815067c10ea2e430532,d5b4fa933c44553340d8,7a15ea8787c376ac1a97,aa7252a58f41161c17c3,bps_tpb_2024,1,observation_materializes_cell
edge:e28f2388228b89b80a1c,a86e1782de7477f8fbc6,7a15ea8787c376ac1a97,b132d2fab33291e0733e,bps_webapi,3,observation_materializes_cell
edge:d950c45c8c9da9a2612b,5a0be624fdd73e6909ce,7a2013b7e11db3a844f6,7ba29f3a45abe1301651,bps_webapi,4,observation_materializes_cell
edge:78985cf3e602fa22d4db,6f3b0a02d1ea722a5d3a,7a2b2a71608229309e1e,7ba29f3a45abe1301651,bps_webapi,4,observation_materializes_cell
edge:c648dac4f0aed12735e4,5c2fb08b70d4be58fd16,7a45960341a32a810706,7ba29f3a45abe1301651,bps_webapi,4,observation_materializes_cell
edge:5aaf545cd062768e3220,a07b4baa35fb50c6bb95,7a4c7cd38d89544cb271,aa7252a58f41161c17c3,bps_tpb_2024,1,observation_materializes_cell
edge:b371e0404afb8c8a9b6d,232036456d2efc97be36,7a4c7cd38d89544cb271,b132d2fab33291e0733e,bps_webapi,3,observation_materializes_cell
edge:b0281a57366e38afba6b,140299b02b3b570002f1,7a53e39f7f7336b2376f,7ba29f3a45abe1301651,bps_webapi,4,observation_materializes_cell
edge:1b4d84969853c876bce0,f70d3780f10a1f54db29,7a62a3b62873112bd29c,7ba29f3a45abe1301651,bps_webapi,4,observation_materializes_cell
edge:f05f2f76bacfc728c054,6999ca3960165e7872e0,7a6d3a7f523731ef4a37,7ba29f3a45abe1301651,bps_webapi,4,observation_materializes_cell
edge:db201e79995abcbe6519,f4fec68969e509492f50,7a7a0e358b1c2ea88d99,7ba29f3a45abe1301651,bps_webapi,4,observation_materializes_cell
edge:7c715a64038e8df51c75,4bbeef679b639c515a52,7aaa725032a1459c8fcb,7ba29f3a45abe1301651,bps_webapi,4,observation_materializes_cell
edge:b858916aa1d228ab6b20,f01f650008742a8b46b8,7ab11aa07420bfe85ca4,7ba29f3a45abe1301651,bps_webapi,4,observation_materializes_cell
edge:9fb6c919906fb3d887b2,aba3756bd542fe61a3d0,7ac2c2c5d0239663d225,7ba29f3a45abe1301651,bps_webapi,4,observation_materializes_cell
edge:3a920178b39cae3cf666,7d017579b0272ac47231,7acc07d4945fdebe2a01,7ba29f3a45abe1301651,bps_webapi,4,observation_materializes_cell
edge:44406ed15ef569ce3960,ba506954dc81102f464e,7adf7afede457233eca5,7ba29f3a45abe1301651,bps_webapi,4,observation_materializes_cell
edge:d44475a0095feca816f9,bcf6fc89cd4e8d2fb53f,7ae7e7e55a7671f88370,7ba29f3a45abe1301651,bps_webapi,4,observation_materializes_cell
edge:614088530ab1d2b641a9,ab68891337061cf41fc6,7ae9cd94c6d1bcb84de5,7ba29f3a45abe1301651,bps_webapi,4,observation_materializes_cell
edge:cdc1159beb88be7dc73d,147042000f45c833bb09,7b0240c3ae19d52280d2,aa7252a58f41161c17c3,bps_tpb_2024,1,observation_materializes_cell
edge:e34879df654e971c4d08,79656733eeac46699589,7b0240c3ae19d52280d2,b132d2fab33291e0733e,bps_webapi,3,observation_materializes_cell
edge:754d2e7374cd258b6d47,438af470a557120fafe7,7b05bc37058457cd6604,7ba29f3a45abe1301651,bps_webapi,4,observation_materializes_cell
edge:9f39b606ac84f904cc77,e530c59917dab872e672,7b081cb16f6d81d8a5af,7ba29f3a45abe1301651,bps_webapi,4,observation_materializes_cell
edge:b46840dd134d69a35c12,da027204755c23603bb4,7b0a6b30d3ec7cc13105,7ba29f3a45abe1301651,bps_webapi,4,observation_materializes_cell
edge:300fe4c165868c2a5a00,641845ff0f0ab283bfc9,7b2714d34d110813c5e3,7ba29f3a45abe1301651,bps_webapi,4,observation_materializes_cell
edge:f6d82b54c438b59a16c8,b6daa4f5ee2d79898567,7b389c8c7b14d879a929,7ba29f3a45abe1301651,bps_webapi,4,observation_materializes_cell
edge:107bee35ca46fea9abe4,72bd0076a4013317c74c,7b40f6d91050b813b3e7,7ba29f3a45abe1301651,bps_webapi,4,observation_materializes_cell
edge:c86cbe15f24f82f5601e,2653394a2316ae516104,7b4d251fa3b4308820a8,7ba29f3a45abe1301651,bps_webapi,4,observation_materializes_cell
edge:4f2d57bd4015b61152ee,4b0e53e636922fab8b7a,7b54b4ae16dd8ffac002,7ba29f3a45abe1301651,bps_webapi,4,observation_materializes_cell
edge:d8e37e31f5ee39053b35,1deacf433e557cc3df3b,7b5d418e8fd96e3b8307,7ba29f3a45abe1301651,bps_webapi,4,observation_materializes_cell
edge:db3acaf993344ab953ef,b58a3c0121a7681d9cdd,7b7563ca1b9d1661d25c,aa7252a58f41161c17c3,bps_tpb_2024,1,observation_materializes_cell
edge:704bd0a9e85a28f7b24b,729f5ab2be19a396b246,7b7563ca1b9d1661d25c,b132d2fab33291e0733e,bps_webapi,3,observation_materializes_cell
edge:e432fdea6269b75fc5a6,fd8176cda03b21769699,7b7d1e2a7f9e49603bbe,7ba29f3a45abe1301651,bps_webapi,4,observation_materializes_cell
edge:9284458d7dc4ac1821ad,37793848a93fca072a1e,7b7d1e2a7f9e49603bbe,aa7252a58f41161c17c3,bps_tpb_2024,1,observation_materializes_cell
edge:0b03ba617df5728c7218,8fc0da73e4352353a1fc,7b9452c3f6a590961afc,7ba29f3a45abe1301651,bps_webapi,4,observation_materializes_cell
edge:98fb29dc4b8574a60732,66b36c2f67d84ec152ee,7b96aed810fa54843a0e,aa7252a58f41161c17c3,bps_tpb_2024,1,observation_materializes_cell
edge:bf9f0a15ff30c711797b,c8617235ac8d4a2866ce,7b96aed810fa54843a0e,b132d2fab33291e0733e,bps_webapi,3,observation_materializes_cell
edge:70e1dfdaf4779b094c46,df6ce9770517c7501659,7b9adcd5039749dbabff,7ba29f3a45abe1301651,bps_webapi,4,observation_materializes_cell
edge:f7471fd446164b4b9091,d25fb379ede83d1124e3,7bb50cb78d49e2c17e62,7ba29f3a45abe1301651,bps_webapi,4,observation_materializes_cell
edge:b7d993dfff70b9617a3d,2f232a78847f3df5ce0e,7bb75cc1604cd5e4366b,aa7252a58f41161c17c3,bps_tpb_2024,1,observation_materializes_cell
edge:c1a22ab58387b58007bb,14ff5ac2c19e8c330693,7bb75cc1604cd5e4366b,b132d2fab33291e0733e,bps_webapi,3,observation_materializes_cell
edge:de404947c89dc40f235f,d338dad52115df586fc7,7bcd4cd35059bcd9ae24,7ba29f3a45abe1301651,bps_webapi,4,observation_materializes_cell
edge:1a8d5d7d6706158b2ac9,c8ef1ab89113ab5473a7,7be147d9d104155bc56c,7ba29f3a45abe1301651,bps_webapi,4,observation_materializes_cell
edge:618dd8634e91c7331ca2,8bee0dcf3d9bf78582ea,7be212c7a91c5fc57607,7ba29f3a45abe1301651,bps_webapi,4,observation_materializes_cell
edge:2dbe1e755f1293e53455,dd9a8c96971f848a56d1,7bf2d74a53e59b28371c,7ba29f3a45abe1301651,bps_webapi,4,observation_materializes_cell
edge:64bf79413651e5c485aa,5a1ae1b114c6d1215691,7c18c40eed5eba0be1db,7ba29f3a45abe1301651,bps_webapi,4,observation_materializes_cell
edge:7ceddad3b2f9e24d6566,f8bdc733040ae0ba4c5c,7c1c5248808f73b2f3a6,7ba29f3a45abe1301651,bps_webapi,4,observation_materializes_cell
edge:28df812cc0a413b3f46b,9fe0a3bb2baed4ce3810,7c1c5248808f73b2f3a6,aa7252a58f41161c17c3,bps_tpb_2024,1,observation_materializes_cell
edge:d4992ac6f2e771ee983c,c2d0b140511faaa16aac,7c33524869b53ae0654c,aa7252a58f41161c17c3,bps_tpb_2024,1,observation_materializes_cell
edge:500b71e05702d1ec90e0,490a6c05d768ee977655,7c33524869b53ae0654c,b132d2fab33291e0733e,bps_webapi,3,observation_materializes_cell
edge:7425d93ec5b7ed1c0978,c4bae7511a9f1fea5067,7c38e1df915f8448f5a4,7ba29f3a45abe1301651,bps_webapi,4,observation_materializes_cell
edge:f3c59d8a32b384345441,0146016f84c57fd40b69,7c38e1df915f8448f5a4,aa7252a58f41161c17c3,bps_tpb_2024,1,observation_materializes_cell
edge:f1d32988a51962dc8433,2d9b2fa55d56a894185b,7c537432caee1ea17bf1,7ba29f3a45abe1301651,bps_webapi,4,observation_materializes_cell
edge:72bf4440153c95f5eab9,8cf7fe0b604a921531be,7c537432caee1ea17bf1,aa7252a58f41161c17c3,bps_tpb_2024,1,observation_materializes_cell
edge:1a8a0c0d25fa98c36f55,9d0e1884a3c947ac2bc2,7c57c74b002aba3e76df,7ba29f3a45abe1301651,bps_webapi,4,observation_materializes_cell
edge:4f8eef1a15a7b20aae19,6c61b19c614c23fa824b,7c5bae4e9581ff26f23f,7ba29f3a45abe1301651,bps_webapi,4,observation_materializes_cell
edge:58ee1f66a8eda13dba41,73d1a1b7772246568a1e,7c5bae4e9581ff26f23f,aa7252a58f41161c17c3,bps_tpb_2024,1,observation_materializes_cell
edge:b629908499cc3e4f9fdc,2cdf14058976f09ff6a5,7c762c6d48fc8776c14a,7ba29f3a45abe1301651,bps_webapi,4,observation_materializes_cell
edge:f5be8adbe2573ff6a5dd,2467b2ef39a0b7b89898,7c7ef850c9b863a1c61a,aa7252a58f41161c17c3,bps_tpb_2024,1,observation_materializes_cell
edge:a5f240d9239bb2c84ed6,2d5450cf9319efd3b27d,7c7ef850c9b863a1c61a,b132d2fab33291e0733e,bps_webapi,3,observation_materializes_cell
edge:36d50a4115f5c4c8494f,2257fc74f6ccec20fc4e,7c81d385c3bbbd83dc40,7ba29f3a45abe1301651,bps_webapi,4,observation_materializes_cell
edge:48b08fbf41ed6750db38,4e832fe4262a9d9d5958,7c89f637141742ff0559,7ba29f3a45abe1301651,bps_webapi,4,observation_materializes_cell
edge:4c527e385b621456c74d,d4f24e8657de6d52d8f3,7c8acac8c90c04c72bb1,aa7252a58f41161c17c3,bps_tpb_2024,1,observation_materializes_cell
edge:4c2366558dc280d27b50,620922bae85508c61362,7c8acac8c90c04c72bb1,b132d2fab33291e0733e,bps_webapi,3,observation_materializes_cell
edge:fde60200e19ca5b8e455,11e8ae9d711cf6c3bf95,7ca0dd69db5903b4bdf0,7ba29f3a45abe1301651,bps_webapi,4,observation_materializes_cell
edge:1d8030b8f0eb2bf69467,a5e56185411b0dee63fb,7caec889b003c99c40aa,aa7252a58f41161c17c3,bps_tpb_2024,1,observation_materializes_cell
edge:e3670d974e674586f823,aebc5d789b20a180e6f4,7caec889b003c99c40aa,b132d2fab33291e0733e,bps_webapi,3,observation_materializes_cell
edge:9d0f7b47c736009a3e6f,6dd804c1e55ee5beb983,7cb465d1d353d075bbcb,aa7252a58f41161c17c3,bps_tpb_2024,1,observation_materializes_cell
edge:6bb22902c740810c604c,9836b8facca86ad14ee4,7cb465d1d353d075bbcb,b132d2fab33291e0733e,bps_webapi,3,observation_materializes_cell
edge:a26e224bd0ece02e9512,9f889d24cf983497ef11,7cbbec5a47fd752b6889,7ba29f3a45abe1301651,bps_webapi,4,observation_materializes_cell
edge:7490326c29b6630baef1,6f58c05b943ea0e6bb26,7cbedbfd0c972ed64153,aa7252a58f41161c17c3,bps_tpb_2024,1,observation_materializes_cell
edge:728de84307ff36cfe27c,3b47955df85b2450f423,7cbedbfd0c972ed64153,b132d2fab33291e0733e,bps_webapi,3,observation_materializes_cell
edge:7252ede7265eebf89ddb,a253d1d0be82122027df,7cdc72e0727c9571404e,7ba29f3a45abe1301651,bps_webapi,4,observation_materializes_cell
edge:b631d9eb5cfddb809c56,c6b508a4fa6127d6e2bf,7cf025b35b6ff0c832e9,aa7252a58f41161c17c3,bps_tpb_2024,1,observation_materializes_cell
edge:e76d63f5419cc0d15204,73287a062af888a6c951,7cf025b35b6ff0c832e9,b132d2fab33291e0733e,bps_webapi,3,observation_materializes_cell
edge:90223de874f137afe072,9d0bb63996410fae7245,7cfae7f84df419885230,7ba29f3a45abe1301651,bps_webapi,4,observation_materializes_cell
edge:baf3ea8c59ed6e2df3bc,08572be316c541663287,7d042823ae6be8d4a8c3,7ba29f3a45abe1301651,bps_webapi,4,observation_materializes_cell
edge:4485e5cfa3a5a0ec7ccb,caa52526e4ae8a1f955a,7d0cc5bb73463ae5b3f5,7ba29f3a45abe1301651,bps_webapi,4,observation_materializes_cell
edge:e915270196fc63af58f2,e0c0c9bc2f17f6448bba,7d1a69ca3c9b0419bd12,7ba29f3a45abe1301651,bps_webapi,4,observation_materializes_cell
edge:0abd0707af6078fc20f5,b004eec41c08316b2d06,7d31aca0690188f38ca7,7ba29f3a45abe1301651,bps_webapi,4,observation_materializes_cell
edge:65a8837b17a84ee2af7b,cf7e40f831678686d5fe,7d35903998119adc1cbf,7ba29f3a45abe1301651,bps_webapi,4,observation_materializes_cell
edge:2aba1c0f6d147f9adfae,a2377dbc98481607ec51,7d405fb65c8046461bbf,7ba29f3a45abe1301651,bps_webapi,4,observation_materializes_cell
edge:be9aabec2a2a689aac12,92e3a2929f8dd25f15f6,7d42f27c09313fabd60d,7ba29f3a45abe1301651,bps_webapi,4,observation_materializes_cell
edge:3e68cf8cc00da0ebeacc,064ffa8bb3ff1b13a9f4,7d4732d4736a585876dd,7ba29f3a45abe1301651,bps_webapi,4,observation_materializes_cell
edge:b23dbd3ee6a04e6f97f7,1d92541beb8909aa9570,7d4732d4736a585876dd,aa7252a58f41161c17c3,bps_tpb_2024,1,observation_materializes_cell
edge:c2167d1bb9248927aea6,7e2607e1cbee4e1f9b05,7d4e26346857c15cedbc,7ba29f3a45abe1301651,bps_webapi,4,observation_materializes_cell
edge:9b092ca6f06c1516ff3f,beb304ef762a844cff84,7d587c018fa32a63cd1b,aa7252a58f41161c17c3,bps_tpb_2024,1,observation_materializes_cell
edge:b39428a91bcdfcfbcce7,ad7e0609c940c44606df,7d587c018fa32a63cd1b,b132d2fab33291e0733e,bps_webapi,3,observation_materializes_cell
edge:66c468e4ca523a2115ca,954cf80adb51fe71a1fd,7d86f4f36840f7a07b57,7ba29f3a45abe1301651,bps_webapi,4,observation_materializes_cell
edge:b00e377c29432bdf7f21,411fa7b1605158c88b3f,7d86f4f36840f7a07b57,aa7252a58f41161c17c3,bps_tpb_2024,1,observation_materializes_cell
edge:a828bc43274aa752bf0a,7a1f2ec9abcbeed49616,7d8769689346582dc9a9,7ba29f3a45abe1301651,bps_webapi,4,observation_materializes_cell
edge:740ee45d34e0117343b8,ce4e0aa071d2dc35ea57,7dbc4cb6b924a4c93ae9,7ba29f3a45abe1301651,bps_webapi,4,observation_materializes_cell
edge:7477f40cb076f070e6c0,0d233a87f9f0a29ee1d7,7dbed7d56ad9e8c5522c,7ba29f3a45abe1301651,bps_webapi,4,observation_materializes_cell
edge:6aa59bbc7a4d7a7ff832,2d2a02ef8c1424cdf2ad,7dbf2b5762f563dfc9e0,7ba29f3a45abe1301651,bps_webapi,4,observation_materializes_cell
edge:fce2d5f81c167bc97490,22bf5f6166f897e1320b,7dc392c850e854e1260e,7ba29f3a45abe1301651,bps_webapi,4,observation_materializes_cell
edge:3c17d8a61d751b3b0a89,bb3dfa691519901fb676,7dc4cf4589edb03190cc,7ba29f3a45abe1301651,bps_webapi,4,observation_materializes_cell
edge:7949b88a9e430b347fe4,1aa0bc58c8fcdbca0647,7dd775de3350880350a8,7ba29f3a45abe1301651,bps_webapi,4,observation_materializes_cell
edge:fc1e66593fbcc9076c1d,f919f15bceb2f2513d9d,7de52e27abe44bc33e43,7ba29f3a45abe1301651,bps_webapi,4,observation_materializes_cell
edge:bea076f401e073586233,1d72bd91f75a8bc9c4b6,7de71254da2ec6931de7,7ba29f3a45abe1301651,bps_webapi,4,observation_materializes_cell
edge:ea927ba08d9d603717ff,396d3c130c7288e45e5d,7df306fd5ad77a684616,7ba29f3a45abe1301651,bps_webapi,4,observation_materializes_cell
edge:4c4bfdf9b51710924736,7f258ea0d95a66b13f0e,7df306fd5ad77a684616,9ab2011a3892edfac889,bps_tpb_2025,2,observation_materializes_cell
edge:95173190b490293a9eb4,c2755bcce6353c43b701,7df306fd5ad77a684616,aa7252a58f41161c17c3,bps_tpb_2024,1,observation_materializes_cell
edge:718341a02f1381ec6079,d99bc3566095bc6ee582,7e097ceb497e25947325,9ab2011a3892edfac889,bps_tpb_2025,2,observation_materializes_cell
edge:2328e5ff37ad08b80430,e313de2e0e1a97bc17ff,7e097ceb497e25947325,aa7252a58f41161c17c3,bps_tpb_2024,1,observation_materializes_cell
edge:143eb5f49fa5fee80ef8,e2422fe0fba39e7756f1,7e0f2b5cc04781b6e116,7ba29f3a45abe1301651,bps_webapi,4,observation_materializes_cell
edge:909640b17121d2cb20ef,0d96b6f751302c5ae04e,7e0f2b5cc04781b6e116,aa7252a58f41161c17c3,bps_tpb_2024,1,observation_materializes_cell
edge:4de2c87cca8a97897376,5bd9259d58c0f90cb2e2,7e3533204dfad50bce5e,7ba29f3a45abe1301651,bps_webapi,4,observation_materializes_cell
edge:04a799eed73a4681e12a,39ecf2400846ca2e2536,7e3533204dfad50bce5e,aa7252a58f41161c17c3,bps_tpb_2024,1,observation_materializes_cell
edge:5eca22c81ae1cb5e2e10,5d7e99af8b08bdff1db1,7e373a0944cdbdcb9e18,aa7252a58f41161c17c3,bps_tpb_2024,1,observation_materializes_cell
edge:328859b503f1665abd52,463a4921bc11ffa4fbb9,7e373a0944cdbdcb9e18,b132d2fab33291e0733e,bps_webapi,3,observation_materializes_cell
edge:61b905582bc0b2512d3b,7c5047e5e9dd31ff7624,7e463ed8e2676195139e,7ba29f3a45abe1301651,bps_webapi,4,observation_materializes_cell
edge:c4d2d03cc85d6908f068,df628938bda08622c9ea,7e4ac01c73167d6a1b02,aa7252a58f41161c17c3,bps_tpb_2024,1,observation_materializes_cell
edge:9e33ed49272b5bd0aec2,8b935862f0cfde5d7d34,7e4ac01c73167d6a1b02,b132d2fab33291e0733e,bps_webapi,3,observation_materializes_cell
edge:7c0b7e483e8c65dd72ce,2267e0f196a7f085b20a,7e5d359d181d0308a50b,aa7252a58f41161c17c3,bps_tpb_2024,1,observation_materializes_cell
edge:a44f7f977f573ec18348,da8b5438325324547c0c,7e5d359d181d0308a50b,b132d2fab33291e0733e,bps_webapi,3,observation_materializes_cell
edge:f0847d76ab8c90757ecd,f62fa5a0fa61bde257c5,7e645b64bf854a80ad20,7ba29f3a45abe1301651,bps_webapi,4,observation_materializes_cell
edge:cd58b0a25a2a77623ee6,9c9106b3391b61cfb158,7e80bd608fa01d89c092,7ba29f3a45abe1301651,bps_webapi,4,observation_materializes_cell
edge:b0c05b552949f56ad073,328fd8c3ab2349bb9217,7e80bd608fa01d89c092,aa7252a58f41161c17c3,bps_tpb_2024,1,observation_materializes_cell
edge:85535a2c5300407628c0,70573645eb0f9d2209b0,7e902907711c2d1afa4a,7ba29f3a45abe1301651,bps_webapi,4,observation_materializes_cell
edge:d3574928290d08e4d9cf,45111034b241866117d0,7e98f21ee46759759363,7ba29f3a45abe1301651,bps_webapi,4,observation_materializes_cell
edge:a4c6aa9b00ff8e6c6135,35594b8dce2a20418f0d,7e9f2c4ad8174d5a71a1,aa7252a58f41161c17c3,bps_tpb_2024,1,observation_materializes_cell
edge:1ab215b7026dc62f8d06,34f107225aa3fcf52036,7e9f2c4ad8174d5a71a1,b132d2fab33291e0733e,bps_webapi,3,observation_materializes_cell
edge:e34bb578b953b8cac3af,1ca559546a3da36821a8,7ea6bcc78386d6f97740,7ba29f3a45abe1301651,bps_webapi,4,observation_materializes_cell
edge:a32cacf19c6929591f23,f0fec2662b63406a95d5,7ea6bcc78386d6f97740,aa7252a58f41161c17c3,bps_tpb_2024,1,observation_materializes_cell
edge:b9be55ce09b83fb3a5e5,3360d3cf7ef4646cc878,7eae1c07a6bc35673f44,7ba29f3a45abe1301651,bps_webapi,4,observation_materializes_cell
edge:fa194cb58516139942b9,3fb2643150473d142db2,7eae1c07a6bc35673f44,aa7252a58f41161c17c3,bps_tpb_2024,1,observation_materializes_cell
edge:f616ec4ba29b770e169c,4a4dcd711ecdb84a924e,7eae4968c8e14e7d965c,7ba29f3a45abe1301651,bps_webapi,4,observation_materializes_cell
edge:71e0c24b46368ff1e122,50da27c93f586caaa12f,7eb7e8298f0679f68656,7ba29f3a45abe1301651,bps_webapi,4,observation_materializes_cell
edge:a765abc91466e90d6a6f,8675c98dcdb7dd42a71a,7ec98dfdf20001ecd438,aa7252a58f41161c17c3,bps_tpb_2024,1,observation_materializes_cell
edge:f29633dce4c814dfe2f6,c6dcf6c8f79ce88e4391,7ec98dfdf20001ecd438,b132d2fab33291e0733e,bps_webapi,3,observation_materializes_cell
edge:dc12653b737dc262d4fe,17e2c69dcf5f52977b4a,7eccf8e35c3abc932104,aa7252a58f41161c17c3,bps_tpb_2024,1,observation_materializes_cell
edge:ce5a39d73c4eabdad2de,47edd5afca6d4c67320d,7eccf8e35c3abc932104,b132d2fab33291e0733e,bps_webapi,3,observation_materializes_cell
edge:ddef1cc86f1b2f6150e1,6a48e0c8ce81e622ceb6,7ed1ac282d7cc8a1cdbe,aa7252a58f41161c17c3,bps_tpb_2024,1,observation_materializes_cell
edge:600a20756a52ffc80e0b,708951f89214c115780f,7ed1ac282d7cc8a1cdbe,b132d2fab33291e0733e,bps_webapi,3,observation_materializes_cell
edge:fa8bd59e48d7f1c0436d,34c6722f4087c9bca850,7edca397a2aa230b694b,7ba29f3a45abe1301651,bps_webapi,4,observation_materializes_cell
edge:338f2e0dd4cbc2d90118,6cb01b0e20bd592a6b06,7edeb8ce3e41dd2489f1,7ba29f3a45abe1301651,bps_webapi,4,observation_materializes_cell
edge:0538601302e59027e7f7,2d74627b0c0f70417daf,7edfc50f8a8b73d6fe1c,7ba29f3a45abe1301651,bps_webapi,4,observation_materializes_cell
edge:c85b711c5156c5e8e0fd,af4c7925aae3d36301f1,7ee2b71adca65ac30d2f,7ba29f3a45abe1301651,bps_webapi,4,observation_materializes_cell
edge:b65b02bfa915d2850e0c,e821c5f84b37d2b703f6,7ee969096430d385d41b,aa7252a58f41161c17c3,bps_tpb_2024,1,observation_materializes_cell
edge:e01108e7cc84fcf9b4a4,cc79c63e2a85201b74fd,7ee969096430d385d41b,b132d2fab33291e0733e,bps_webapi,3,observation_materializes_cell
edge:d6438273f6cd88daf86c,5b0715d43762f413b1e0,7f150276ca67a63f127b,7ba29f3a45abe1301651,bps_webapi,4,observation_materializes_cell
edge:8f001ea6d5528e1dcab7,0819277d110ae0f9af54,7f161ca480bb885cd8ea,7ba29f3a45abe1301651,bps_webapi,4,observation_materializes_cell
edge:041df5033eaa21b776ba,4075ce9f8e8a007f6498,7f18651ea6d3fa97ae1a,7ba29f3a45abe1301651,bps_webapi,4,observation_materializes_cell
edge:acd6977a0b2bc358033b,955b09d4a29a7d80ca67,7f18651ea6d3fa97ae1a,aa7252a58f41161c17c3,bps_tpb_2024,1,observation_materializes_cell
edge:082587cc73d1d697958b,76a6f60b382d01de0780,7f1892cd10c88114b349,7ba29f3a45abe1301651,bps_webapi,4,observation_materializes_cell
edge:e3643c0169dfba88d6b4,437940d1a1be549f5fa9,7f1892cd10c88114b349,aa7252a58f41161c17c3,bps_tpb_2024,1,observation_materializes_cell
edge:46cefadf7e2d1681bfd1,72abb3781495cbb8c835,7f1d5b0ef5addb0618d2,7ba29f3a45abe1301651,bps_webapi,4,observation_materializes_cell
edge:7433f0f2e64485987983,a52b117b596d4a322e01,7f3633837b91443bc83c,7ba29f3a45abe1301651,bps_webapi,4,observation_materializes_cell
edge:77d955d808f7f77b65f1,51b2561efd997481cd64,7f4ef5845c03642ef0d8,7ba29f3a45abe1301651,bps_webapi,4,observation_materializes_cell
edge:6e967c1bd9cec6f5b81e,e18246fb72d79af336ee,7f6a437d30674bc3e0fe,7ba29f3a45abe1301651,bps_webapi,4,observation_materializes_cell
edge:8d947343ef76cf0ccc20,ebc7f967b83a1b268cf4,7f6a437d30674bc3e0fe,aa7252a58f41161c17c3,bps_tpb_2024,1,observation_materializes_cell
edge:cbc09041fdf74e0050f0,a56d998fb804a73414cf,7f6b27504d433c1d724a,7ba29f3a45abe1301651,bps_webapi,4,observation_materializes_cell
edge:171f1fb39385f63d0037,3b743efc064b21149a33,7f726d3fceb895093eab,aa7252a58f41161c17c3,bps_tpb_2024,1,observation_materializes_cell
edge:7acc1965dcf79904b758,216437e6c6a3d1df7abe,7f726d3fceb895093eab,b132d2fab33291e0733e,bps_webapi,3,observation_materializes_cell
edge:cad36c90ec14ec80da5c,7e9380557a8f24ef59a0,7f8117ef44665a74a1cd,7ba29f3a45abe1301651,bps_webapi,4,observation_materializes_cell
edge:14944db4b426ccdc47d7,61f36acbfb8b39430b65,7f85576c1105bdf5ad29,7ba29f3a45abe1301651,bps_webapi,4,observation_materializes_cell
edge:2483459b9b5f957c4799,b44db59ccccdd76722ba,7fa406baeef191e482af,7ba29f3a45abe1301651,bps_webapi,4,observation_materializes_cell
edge:e28a6041557011a8a3f9,33cffc09d895723e17f3,7fa71d6eccf03bd6a718,7ba29f3a45abe1301651,bps_webapi,4,observation_materializes_cell
edge:ca37b4832c8e9930a539,012680f806904523d836,7fad90cdb9e637482580,7ba29f3a45abe1301651,bps_webapi,4,observation_materializes_cell
edge:24e2344b63b22d2b8ae3,1bdef411220058940431,7fb00a963ea298dcabd8,7ba29f3a45abe1301651,bps_webapi,4,observation_materializes_cell
edge:05b871552bbf7158ab58,58ba73ac0d0d053a68aa,7fb00a963ea298dcabd8,aa7252a58f41161c17c3,bps_tpb_2024,1,observation_materializes_cell
edge:b315dc02ee388112a202,f906121c66efe6a7ec67,7fc1ac661ed959104457,7ba29f3a45abe1301651,bps_webapi,4,observation_materializes_cell
edge:0fe592e5e2008e225019,8ee21a74acf2a16e54f2,7fc8a18fb26ac84a48c6,7ba29f3a45abe1301651,bps_webapi,4,observation_materializes_cell
edge:c033abb40487490b8538,cf58cc03a808ee1926f1,7fc8a18fb26ac84a48c6,aa7252a58f41161c17c3,bps_tpb_2024,1,observation_materializes_cell
edge:63282ceb65e134c7c423,07255644ffbf12c62c69,7fcdfb640d3d7686b155,7ba29f3a45abe1301651,bps_webapi,4,observation_materializes_cell
edge:b6ddb967fbb6f9ef4e31,148ffb28b196d9c23f78,7fd63a6df55a0ced4ce0,7ba29f3a45abe1301651,bps_webapi,4,observation_materializes_cell
edge:fedc893ee046ae85cc8e,40ecf6c42e2982579f29,7fe348c7efb7e867ebf1,7ba29f3a45abe1301651,bps_webapi,4,observation_materializes_cell
edge:ab77fd8918665b718a5a,f51a78c7987d2c187b71,7fe96717f8671210e0d9,7ba29f3a45abe1301651,bps_webapi,4,observation_materializes_cell
edge:68937591f2ecafd78302,51c33a54f61f2016cd8f,80005bc38b65df43a0fd,aa7252a58f41161c17c3,bps_tpb_2024,1,observation_materializes_cell
edge:aa5a2eeee8119a2e8e05,f597b68454adb0d2bdcc,80005bc38b65df43a0fd,b132d2fab33291e0733e,bps_webapi,3,observation_materializes_cell
edge:23d74989465bd6453eea,a2d184f6835a4e603fad,8011ae2a6d7adad06f30,7ba29f3a45abe1301651,bps_webapi,4,observation_materializes_cell
edge:3dd9aa9c49ae152e1ca3,abc4f20b0bf88fbb89f7,8021c7542a300851dd03,7ba29f3a45abe1301651,bps_webapi,4,observation_materializes_cell
edge:6f150171634695259239,24bc68dab870fb73f362,80293ae90c1687812e95,7ba29f3a45abe1301651,bps_webapi,4,observation_materializes_cell
edge:404e97e384c25555d06e,1af69fe15b21830ecc10,8031d6178cbabc338443,7ba29f3a45abe1301651,bps_webapi,4,observation_materializes_cell
edge:6f86b34d704442a3b038,02f2ae7de355359de65f,803a97f6786bbeb549e3,7ba29f3a45abe1301651,bps_webapi,4,observation_materializes_cell
edge:385c75b9d85c97732445,977c307df2941217ea3a,8048f5abc5f615568230,7ba29f3a45abe1301651,bps_webapi,4,observation_materializes_cell
edge:b1a0a55a12a67be4e0e3,ebcf4f9c821dc56620f0,805f38777ea5fda35d29,aa7252a58f41161c17c3,bps_tpb_2024,1,observation_materializes_cell
edge:0b68fc02aff5b11a5a39,d3eab804f923bbe2bace,805f38777ea5fda35d29,b132d2fab33291e0733e,bps_webapi,3,observation_materializes_cell
edge:45714052f7bf9998fcc2,2f50f982080169f9d85b,806173ef0cb3b8b507de,7ba29f3a45abe1301651,bps_webapi,4,observation_materializes_cell
edge:efe3f243920cbd82a21f,6c4c09f89beeb0590d83,806173ef0cb3b8b507de,aa7252a58f41161c17c3,bps_tpb_2024,1,observation_materializes_cell
edge:7c0de20117d9b88eaf9d,02112a8833e987103e4e,80657965a85186377f97,7ba29f3a45abe1301651,bps_webapi,4,observation_materializes_cell
edge:8ba9ad6375dea1c25ce7,9c8e294fc1c76990d1a6,8097f62ee76e44f0503c,7ba29f3a45abe1301651,bps_webapi,4,observation_materializes_cell
edge:c9e5274896198999c796,63803f9d0ee724b62fb7,8097f62ee76e44f0503c,9ab2011a3892edfac889,bps_tpb_2025,2,observation_materializes_cell
edge:020004e88e8bbd088956,983a160c21537064c113,8097f62ee76e44f0503c,aa7252a58f41161c17c3,bps_tpb_2024,1,observation_materializes_cell
edge:cf65e00d2996ec3a4628,32ead65784742ff2c35e,809e5bf35a32664c4d9c,7ba29f3a45abe1301651,bps_webapi,4,observation_materializes_cell
edge:a27c9da60702c0f9ba5b,991958aa85a5f64cef19,80aa44ee84f3997d4e1e,7ba29f3a45abe1301651,bps_webapi,4,observation_materializes_cell
edge:0fedb1a3186981c97817,516cdfcba823048e1a9b,80b1fdb1fa3594f0772d,7ba29f3a45abe1301651,bps_webapi,4,observation_materializes_cell
edge:c81d969f104a6d5c9211,4924ede01be1d32967f7,80b96a50516c0a9b586e,7ba29f3a45abe1301651,bps_webapi,4,observation_materializes_cell
edge:14569bac922e0b78ef66,e71c327d9807b47e56b8,80be8f37e4bd0d8d6aa5,7ba29f3a45abe1301651,bps_webapi,4,observation_materializes_cell
edge:ccf78fe597aaa5bccd12,81c9620c02c1327dd0ec,80bfd37b40bb57884526,aa7252a58f41161c17c3,bps_tpb_2024,1,observation_materializes_cell
edge:2f2279bae6608742a5de,69d42bb23ba16fc3cbd6,80bfd37b40bb57884526,b132d2fab33291e0733e,bps_webapi,3,observation_materializes_cell
edge:1d32249d6fdc81902183,0338ba3b91949b4e2a27,80dc3f1a3e45b29c220c,7ba29f3a45abe1301651,bps_webapi,4,observation_materializes_cell
edge:25893b9012b1560d1888,fb29c9b4b89304ac1065,80df4da372e2dc84b5c9,aa7252a58f41161c17c3,bps_tpb_2024,1,observation_materializes_cell
edge:d920b6142270b58031df,4729f8b453c281a4beb0,80df4da372e2dc84b5c9,b132d2fab33291e0733e,bps_webapi,3,observation_materializes_cell
edge:44215999926bf7432e21,71002f86bc2e7217d788,80f52ad34703cf8b2aa7,7ba29f3a45abe1301651,bps_webapi,4,observation_materializes_cell
edge:0a75b419561250db2d60,bdc54354ca8f079334a9,80f6622c2d170b33cab7,aa7252a58f41161c17c3,bps_tpb_2024,1,observation_materializes_cell
edge:851514a99ca718dd9f99,5bde1bd4ad729de82d17,80f6622c2d170b33cab7,b132d2fab33291e0733e,bps_webapi,3,observation_materializes_cell
edge:792f9b32f0ab4c300c82,9536e7eb34b5abc6904a,810ed9c1e7d1dfc46282,7ba29f3a45abe1301651,bps_webapi,4,observation_materializes_cell
edge:fd58941b8d3b0a8fd18d,833ed6b97ed3055dc476,81190a611b69acaf0de9,7ba29f3a45abe1301651,bps_webapi,4,observation_materializes_cell
edge:d493d9f2ada53e97719f,b0eee7003b00ef54b0d9,812fa6a18514aff61e52,7ba29f3a45abe1301651,bps_webapi,4,observation_materializes_cell
edge:1338a4171fdd7ac39f38,30eb867f7d8237d8fc92,812fa6a18514aff61e52,aa7252a58f41161c17c3,bps_tpb_2024,1,observation_materializes_cell
edge:a181eee0216821f6f08e,47f22499c5655ec9d5d1,813035d4c024f1b07d60,7ba29f3a45abe1301651,bps_webapi,4,observation_materializes_cell
edge:72e103ca3c5576c0df9d,ae5e5ca8a552069c6aeb,81344249511c685851bb,7ba29f3a45abe1301651,bps_webapi,4,observation_materializes_cell
edge:879135467a18725c77ac,997e67478e547e2851bb,813f6fed1acb71c4ea49,7ba29f3a45abe1301651,bps_webapi,4,observation_materializes_cell
edge:fe1ec78253edc2e29efc,9ab17f5028acdaa91a17,8141363d38f7a9b09d22,7ba29f3a45abe1301651,bps_webapi,4,observation_materializes_cell
edge:42d87f589d934d9c1430,13dd5fc81abc0d1c53fe,814743300b5477f8a8b3,7ba29f3a45abe1301651,bps_webapi,4,observation_materializes_cell
edge:3bf9c7f6c158952a3f3f,783f729cb04e82e10b89,814743300b5477f8a8b3,aa7252a58f41161c17c3,bps_tpb_2024,1,observation_materializes_cell
edge:17af7e65f7b7c0a8ed74,4584427016c80b9dbf5a,81561b07a145d4e531b2,7ba29f3a45abe1301651,bps_webapi,4,observation_materializes_cell
edge:959f91ab9693fa39182a,5ce3bbf29e82227a80b6,815bc2a302c0edebf8c0,7ba29f3a45abe1301651,bps_webapi,4,observation_materializes_cell
edge:69f24f518d88f235c7e9,f3714e3f5d05dc405668,8185137cb079e939f255,7ba29f3a45abe1301651,bps_webapi,4,observation_materializes_cell
edge:bab014e1768c39d243f7,681ee851ce6fa4fd1b0e,81a191b2b66707285b90,7ba29f3a45abe1301651,bps_webapi,4,observation_materializes_cell
edge:a319cc7b93c32387cdc5,a04731b2137c9748f6e4,81a191b2b66707285b90,aa7252a58f41161c17c3,bps_tpb_2024,1,observation_materializes_cell
edge:ab7e60f04491bbffa70a,4603aa07789c322f0992,81a74b4dfe2c27518074,7ba29f3a45abe1301651,bps_webapi,4,observation_materializes_cell
edge:ddf77baf308aed52018e,73f1d1038078089b415c,81a74b4dfe2c27518074,aa7252a58f41161c17c3,bps_tpb_2024,1,observation_materializes_cell
edge:a90d9ab85794a6c2e88f,696eb9772c9f54be4266,81c6b35c881f523cb7af,7ba29f3a45abe1301651,bps_webapi,4,observation_materializes_cell
edge:ec46fdff20911da42238,d721553d5a97d5c9a192,81d1cba32a99d9d12fd9,7ba29f3a45abe1301651,bps_webapi,4,observation_materializes_cell
edge:483569d2fc12143e4d47,603ae662e4124e8b6bba,81d1cba32a99d9d12fd9,aa7252a58f41161c17c3,bps_tpb_2024,1,observation_materializes_cell
edge:e58dffd80a5ca55c6b9f,aef079f6e14e8d95ba7c,81db40060f50d7d94a4a,aa7252a58f41161c17c3,bps_tpb_2024,1,observation_materializes_cell
edge:6b0d9e9219a4d8253476,b226123b077d9a571b33,81db40060f50d7d94a4a,b132d2fab33291e0733e,bps_webapi,3,observation_materializes_cell
edge:78d6e30707eff62bd6f4,db9d75487c16c9cc879c,81f3d0d9d417d3044b3b,7ba29f3a45abe1301651,bps_webapi,4,observation_materializes_cell
edge:a5b9aa0f62373ed6353c,a598983ddc863b3f527b,81fdc5a06545f5005ec2,7ba29f3a45abe1301651,bps_webapi,4,observation_materializes_cell
edge:2e495d04fe8ff6fe4639,dc7f9ee8721be344de89,8202ee9a71e282609196,7ba29f3a45abe1301651,bps_webapi,4,observation_materializes_cell
edge:e65b287d0d74f30a0840,16fd596b0ac918ebe1cf,8215c9fe06cfc125401f,7ba29f3a45abe1301651,bps_webapi,4,observation_materializes_cell
edge:f4dcb19a0e89bec13ff2,3a6fe181fea8ed435cb3,822da51880a6ec9b0a4d,7ba29f3a45abe1301651,bps_webapi,4,observation_materializes_cell
edge:1467af53caefda60a5a8,b32f583df8028507a183,823c018f0ee94b7894ed,7ba29f3a45abe1301651,bps_webapi,4,observation_materializes_cell
edge:cd3b6aeaf8c29d318e98,830bcc53c6038de3ee6f,824085db9801123a52f3,aa7252a58f41161c17c3,bps_tpb_2024,1,observation_materializes_cell
edge:804ec8100d62a52efe4f,63f5f7db4df33c3f2eda,824085db9801123a52f3,b132d2fab33291e0733e,bps_webapi,3,observation_materializes_cell
edge:f9f5e74764f056dee14b,43f9a74a4ccb7af7ff0d,824c7171b6ca2c7a938d,7ba29f3a45abe1301651,bps_webapi,4,observation_materializes_cell
edge:4f746f69a88c6615c323,7dd1b6636817a31ffc97,825a07fa9958215bdbfd,7ba29f3a45abe1301651,bps_webapi,4,observation_materializes_cell
edge:391c7d523ccc4063e2a9,fe3719e80b9f10509b03,826140eb670bfe2cd763,aa7252a58f41161c17c3,bps_tpb_2024,1,observation_materializes_cell
edge:9a5bd29e1e19d19c3b92,b6aac860972c1bfcec7e,826140eb670bfe2cd763,b132d2fab33291e0733e,bps_webapi,3,observation_materializes_cell
edge:078287c414b1e1a1a9a8,ea4b7239c419ef37a858,82784d0b4c1c6afe53c8,aa7252a58f41161c17c3,bps_tpb_2024,1,observation_materializes_cell
edge:3d62af0b236594cbffae,7653c9dcc5b0beeb34e0,82784d0b4c1c6afe53c8,b132d2fab33291e0733e,bps_webapi,3,observation_materializes_cell
edge:fda06e0a7f64009a8b0d,e3f56a74d2b831a13385,8289f8131258ce5b6cc8,7ba29f3a45abe1301651,bps_webapi,4,observation_materializes_cell
edge:692e37edc2ee3e29dc11,54b6c8482765585d2c63,829267c385ba98b898e8,7ba29f3a45abe1301651,bps_webapi,4,observation_materializes_cell
edge:96a34e37e993c0451ff0,a7c2baf8085582a4e1f3,829267c385ba98b898e8,aa7252a58f41161c17c3,bps_tpb_2024,1,observation_materializes_cell
edge:69b53609b89fe4b2c33e,87947a250820b1b4e0ff,82974916461391a9dc97,7ba29f3a45abe1301651,bps_webapi,4,observation_materializes_cell
edge:7e84d4d36460f6cc9a1a,7db9e57c0ef2068f317c,82af3aa51f60c1b01755,7ba29f3a45abe1301651,bps_webapi,4,observation_materializes_cell
edge:e8f370fd94770c32df4b,16d83efe74ee70a0faf8,82d201def9b9a4123988,7ba29f3a45abe1301651,bps_webapi,4,observation_materializes_cell
edge:98eccf0d63e15df8314d,01d3890ceaec847adb1f,82d212549e36ce643f3c,7ba29f3a45abe1301651,bps_webapi,4,observation_materializes_cell
edge:57540baf3adb026fe90a,cdc1934a2e497f6aa193,82d492471c09d9ead9aa,aa7252a58f41161c17c3,bps_tpb_2024,1,observation_materializes_cell
edge:4cec4aedf7189348fb06,cd428d6281217c5cf8f6,82d492471c09d9ead9aa,b132d2fab33291e0733e,bps_webapi,3,observation_materializes_cell
edge:880095d53892763a58e7,34159b7c63ea4e637209,82e4222a394fbd6b0a02,7ba29f3a45abe1301651,bps_webapi,4,observation_materializes_cell
edge:1776f86229bf27e4d999,5abe1c7809d77d9fe305,82efb7fb7d53b57c8c56,7ba29f3a45abe1301651,bps_webapi,4,observation_materializes_cell
edge:0514110fb5b8bd7fcc90,bf28b7ab7626bdf60a2c,83012fcf05128d2ed210,7ba29f3a45abe1301651,bps_webapi,4,observation_materializes_cell
edge:31d5fbdf735c069db3fd,70c8074bae51629378a4,83012fcf05128d2ed210,aa7252a58f41161c17c3,bps_tpb_2024,1,observation_materializes_cell
edge:4b292946baa785d49760,f024c17f9aa16cbeb2d6,8306bfb9653c71a20b9a,7ba29f3a45abe1301651,bps_webapi,4,observation_materializes_cell
edge:74017dbf75e157cfc82d,36442218019f09ffb025,8306bfb9653c71a20b9a,aa7252a58f41161c17c3,bps_tpb_2024,1,observation_materializes_cell
edge:e5f174531e4a88f06503,284083ee310e7aafc9d0,830d07c2f5f6b8192e05,7ba29f3a45abe1301651,bps_webapi,4,observation_materializes_cell
edge:9d0f947f4e1ca9430ecd,877f4a0f3183b5d4071f,8313166a6695dc84f673,7ba29f3a45abe1301651,bps_webapi,4,observation_materializes_cell
edge:ad61c5913fb3ac4ecbe7,6ed72fb90fd6199730f9,8315746da5f2b7878e04,7ba29f3a45abe1301651,bps_webapi,4,observation_materializes_cell
edge:ab4cbc0f77cf0310c884,99c0ed079f0d87d0c5a9,8315746da5f2b7878e04,aa7252a58f41161c17c3,bps_tpb_2024,1,observation_materializes_cell
edge:4d23efa211017935c648,269661deec6ebdef0fdd,8328f66de1da7ad842b5,7ba29f3a45abe1301651,bps_webapi,4,observation_materializes_cell
edge:00330e726ded03cce6d6,deea25ca6d95077c41d3,832f40d75f6a403373f9,7ba29f3a45abe1301651,bps_webapi,4,observation_materializes_cell
edge:659a00d364205b8f1705,49ddec49d1ce0e7e2498,8345ef93f9d1f8af2abd,7ba29f3a45abe1301651,bps_webapi,4,observation_materializes_cell
edge:feb4bbe52d7a90890d73,8fe0ea271b1c8f4abd73,834e3b057e930a639540,aa7252a58f41161c17c3,bps_tpb_2024,1,observation_materializes_cell
edge:b8f7f71036a035555186,e07038f0c28087e9c8a7,834e3b057e930a639540,b132d2fab33291e0733e,bps_webapi,3,observation_materializes_cell
edge:0ad3bcb98bece65b2eed,5279e55164be34cb4745,8354562a5491b91c5d04,7ba29f3a45abe1301651,bps_webapi,4,observation_materializes_cell
edge:7215632ce577726d81c6,5b449b605a49ffc7a764,83781ca77fca586ee144,7ba29f3a45abe1301651,bps_webapi,4,observation_materializes_cell
edge:d3a68ab819931306fa1d,ad468c8dae2ae73c9009,837fdd18969a31d6fb58,7ba29f3a45abe1301651,bps_webapi,4,observation_materializes_cell
edge:82a16a9089ad0f5f666d,e893c98173accd47a93d,8392acde9875a98fd452,7ba29f3a45abe1301651,bps_webapi,4,observation_materializes_cell
edge:d3bd2fa5c8dcfbfcf4e9,407cef2a2c03cf58c072,839f8797be44233b7a54,7ba29f3a45abe1301651,bps_webapi,4,observation_materializes_cell
edge:c310006f06f2c4d208e4,b695e35ab67401aebaa8,839f8797be44233b7a54,aa7252a58f41161c17c3,bps_tpb_2024,1,observation_materializes_cell
edge:5f5431f2f383f4f4b222,3f3d5677d697b0ef83de,839f94e04ce499219ea7,7ba29f3a45abe1301651,bps_webapi,4,observation_materializes_cell
edge:5781c491e9db166f41fc,f646a3f71fb8fe52504e,83b438bf35efbdfb18b7,7ba29f3a45abe1301651,bps_webapi,4,observation_materializes_cell
edge:922e1e09ab9573957845,5af6670b411c32d9ff86,83b438bf35efbdfb18b7,aa7252a58f41161c17c3,bps_tpb_2024,1,observation_materializes_cell
edge:da6c36b3942eef0d6152,4c95c261af4eed99d9df,83c149a5fb3e6ac4fe50,7ba29f3a45abe1301651,bps_webapi,4,observation_materializes_cell
edge:f42b53a5c2fefb0b40e9,7e72a6d5ad6b9253900f,83e130e6f5ea8f213516,7ba29f3a45abe1301651,bps_webapi,4,observation_materializes_cell
edge:d9b7cb899a0420378777,485c1cc9853caa575c8c,83e5830dab6f5415ea00,7ba29f3a45abe1301651,bps_webapi,4,observation_materializes_cell
edge:00f0a27f01c06c6ab556,2d8c41920b8201f897d6,83e642eda35045b4b54e,7ba29f3a45abe1301651,bps_webapi,4,observation_materializes_cell
edge:60e911b1ab581e2ae5cb,29fe0a8dc298e6697034,83e642eda35045b4b54e,aa7252a58f41161c17c3,bps_tpb_2024,1,observation_materializes_cell
edge:dcd92cbe79b4f178a0ee,25e2a57d959ae044d532,83ec7614bdb726b8fa19,7ba29f3a45abe1301651,bps_webapi,4,observation_materializes_cell
edge:84d3ddf3f3158874a6d1,3adbfbddf1caf0bc1f66,83f3867f5f12d824d50c,aa7252a58f41161c17c3,bps_tpb_2024,1,observation_materializes_cell
edge:ef3dd95ad98fdfbc48f3,24aa11723d0ce3793d56,83f3867f5f12d824d50c,b132d2fab33291e0733e,bps_webapi,3,observation_materializes_cell
edge:8d9a838e5618272ed79a,92d6bfd91e2c6bd8a820,83f71d895aecf6336044,aa7252a58f41161c17c3,bps_tpb_2024,1,observation_materializes_cell
edge:f811b5afb86a5630a243,e820db5a9a74f6062f04,83f71d895aecf6336044,b132d2fab33291e0733e,bps_webapi,3,observation_materializes_cell
edge:da04c01589d51f5e456c,c59cf500acb4cc34bcee,8406c6bc8a7ce1fab6f1,aa7252a58f41161c17c3,bps_tpb_2024,1,observation_materializes_cell
edge:b81cfe1e1adf04987d7b,261b2de6783f1dd5befc,8406c6bc8a7ce1fab6f1,b132d2fab33291e0733e,bps_webapi,3,observation_materializes_cell
edge:fc91dab5ae8ee3581902,367f756a9dccbba8e3c4,840c9bb777bbcbb5d2f0,aa7252a58f41161c17c3,bps_tpb_2024,1,observation_materializes_cell
edge:ed4d826ce3759ab43d77,99e3f046ca826c4d9614,840c9bb777bbcbb5d2f0,b132d2fab33291e0733e,bps_webapi,3,observation_materializes_cell
edge:3a6640d6ebf998ff7181,0503a9c764cfb9d2e82b,840d6ddf09ff3c242d59,7ba29f3a45abe1301651,bps_webapi,4,observation_materializes_cell
edge:c30d267dcdcaae238e1b,15cf7f3124e2e2f7bdb9,841537473a9a5d0067d8,7ba29f3a45abe1301651,bps_webapi,4,observation_materializes_cell
edge:c8ea862d44453f2505fa,c9fec1ca273e0a55ae2c,841fd3669de442917028,7ba29f3a45abe1301651,bps_webapi,4,observation_materializes_cell
edge:a2f5596860e366c8bf74,7140a9dde01c08a4ea19,842079a925740c3b8166,7ba29f3a45abe1301651,bps_webapi,4,observation_materializes_cell
edge:8a2d84ff024d39da4f23,d6982dc74dce61d0bc9d,842a609ac281ac22e8b1,7ba29f3a45abe1301651,bps_webapi,4,observation_materializes_cell
edge:eabe2d29bafdc958f85f,f71c84eba723833d001f,84367b1945575ddf8006,7ba29f3a45abe1301651,bps_webapi,4,observation_materializes_cell
edge:294140d888d407bdb037,309e201060256746b3c4,8449d27d9b2b13bf73df,7ba29f3a45abe1301651,bps_webapi,4,observation_materializes_cell
edge:c4e1edbebe1b753bb9d0,50793db547f24785a4ed,845eb49e7d9df3122987,7ba29f3a45abe1301651,bps_webapi,4,observation_materializes_cell
edge:d5878d7c2430272a7ff8,b9eb6395160d7b0a25fb,84638e8ce332427b3a19,7ba29f3a45abe1301651,bps_webapi,4,observation_materializes_cell
edge:bb20103dd96be36c2969,af091003c314aa82297f,846c9bdac5b8097eb6dd,7ba29f3a45abe1301651,bps_webapi,4,observation_materializes_cell
edge:e13dda6449e3c39acc35,c5201794e7d0af6e57c2,846d2b0ac14834aa8b73,7ba29f3a45abe1301651,bps_webapi,4,observation_materializes_cell
edge:b23baed3e9b3c42ff08b,a6de0e5c2d64b6297ba5,846e359695a86473faa1,7ba29f3a45abe1301651,bps_webapi,4,observation_materializes_cell
edge:2ced53938190a15a10b5,3ac1726b3bb161ebddc4,8477e8fd96183aadac03,7ba29f3a45abe1301651,bps_webapi,4,observation_materializes_cell
edge:a46b6b589a4d65124707,91f00b725b1e1a49df25,8486a7a45489429a53f2,7ba29f3a45abe1301651,bps_webapi,4,observation_materializes_cell
edge:3587149ad27293f8e292,21684e5a4d00ae859cce,849096f617e920f4718c,7ba29f3a45abe1301651,bps_webapi,4,observation_materializes_cell
edge:6f5c3ef0fd89fce4e17e,9470f94b41690c6fc111,84ac2673e06ee963a9af,7ba29f3a45abe1301651,bps_webapi,4,observation_materializes_cell
edge:005344d7b00648a45f26,60a0a565692029b6c930,84b2d91445cf4e761671,7ba29f3a45abe1301651,bps_webapi,4,observation_materializes_cell
edge:7f7f478bbced715c5208,bb7925411be9b6b512f6,84b30c24eace1e1a6dc5,7ba29f3a45abe1301651,bps_webapi,4,observation_materializes_cell
edge:e1015b337f3501660797,7d8aed390b8e2e152bfe,84b57b0fb4fc52ea0c9e,7ba29f3a45abe1301651,bps_webapi,4,observation_materializes_cell
edge:b85832174ee2dc594f61,6578653180bd2bc70f0c,84b6a5c8b48a6e233691,7ba29f3a45abe1301651,bps_webapi,4,observation_materializes_cell
edge:ac0ff9fc2b76ebadff49,36f38fea672b52726455,84b90ddc459dcf2e272a,7ba29f3a45abe1301651,bps_webapi,4,observation_materializes_cell
edge:8a48e9fed0a26ed404ac,9705face9acf4621a867,84caa9909be7212f1b10,7ba29f3a45abe1301651,bps_webapi,4,observation_materializes_cell
edge:5f585166c9877e1bab53,f6ca22a39b2a47522233,84cef692685be6f56a06,aa7252a58f41161c17c3,bps_tpb_2024,1,observation_materializes_cell
edge:5ae17d270ebc80de3d52,c53525d9a968c7f0af84,84cef692685be6f56a06,b132d2fab33291e0733e,bps_webapi,3,observation_materializes_cell
edge:41d7f6208334eecae631,14a8070f4546a32dd6b0,84d108d5c00d0e1c2929,7ba29f3a45abe1301651,bps_webapi,4,observation_materializes_cell
edge:2d2c0ffc27ec8e00fcbf,c48477f8c1bd4acdf61c,84efbee78e06c37924a2,7ba29f3a45abe1301651,bps_webapi,4,observation_materializes_cell
edge:023475bd16493b80ef97,3b13a82c33a73f7917ec,84fb35caee4af9ac435a,7ba29f3a45abe1301651,bps_webapi,4,observation_materializes_cell
edge:d64a3d8b4ebb2fe52f80,c60254f47b8eb9c4dd8d,850747e77469deef7648,7ba29f3a45abe1301651,bps_webapi,4,observation_materializes_cell
edge:bae27ed8e4289cd11881,07f54ac62b9eb51228c1,851f3345c8d466570155,7ba29f3a45abe1301651,bps_webapi,4,observation_materializes_cell
edge:8a69e8c133857e862c4e,1cc6cd71fe83107ffacb,8531dfcff122163ec367,7ba29f3a45abe1301651,bps_webapi,4,observation_materializes_cell
edge:5f3509037129c84731a8,e617ee50913d1f5949ea,8539c151cb2c166992cf,7ba29f3a45abe1301651,bps_webapi,4,observation_materializes_cell
edge:981dbfbd539747418677,be3ad9511e2ed8ca7f08,853f96daa5994c1c7dc8,aa7252a58f41161c17c3,bps_tpb_2024,1,observation_materializes_cell
edge:4f46086bdd10f9991123,ed41e90f1bc91dbc6fdb,853f96daa5994c1c7dc8,b132d2fab33291e0733e,bps_webapi,3,observation_materializes_cell
edge:be42043f902f188a764a,e0a51fac19d331159b9a,85400a52f8182aefc9a8,7ba29f3a45abe1301651,bps_webapi,4,observation_materializes_cell
edge:3c0fbc822be950069e4c,3a57706d1dea498ff8b6,8540f0ec840f6b4c944a,7ba29f3a45abe1301651,bps_webapi,4,observation_materializes_cell
edge:24530e6437415eeafa2c,1e0f071a975c25ed00f5,854bc724796171f0c4c5,7ba29f3a45abe1301651,bps_webapi,4,observation_materializes_cell
edge:0088f852ca3e4b24bba8,18703ff7021999fb490e,855d2e0a1e419b3c1255,7ba29f3a45abe1301651,bps_webapi,4,observation_materializes_cell
edge:e78fd9d45c85b0719410,4c42e49b35d1f84bd35e,8568e59e0ae45f35015c,7ba29f3a45abe1301651,bps_webapi,4,observation_materializes_cell
edge:f9f29fae805d18ee6342,75287c0279250c23990f,856a7364a4df5ed4edf2,aa7252a58f41161c17c3,bps_tpb_2024,1,observation_materializes_cell
edge:96c886578f7e19df5969,44b57cd99554307c4e63,856a7364a4df5ed4edf2,b132d2fab33291e0733e,bps_webapi,3,observation_materializes_cell
edge:bd4035363d6bd82f6ae6,483b23dec102182af51b,856bbd36aedcecb3a23c,aa7252a58f41161c17c3,bps_tpb_2024,1,observation_materializes_cell
edge:07801543f8bf9ed355a2,5ecd937db78e144156c7,856bbd36aedcecb3a23c,b132d2fab33291e0733e,bps_webapi,3,observation_materializes_cell
edge:993b3bfa5d7759444944,94c3c48cb0e8de9311b5,859ca3e64af4fdba551d,7ba29f3a45abe1301651,bps_webapi,4,observation_materializes_cell
edge:b4cc5ac7f8bee5ed92c9,98a582cafdf494f33478,859ca3e64af4fdba551d,aa7252a58f41161c17c3,bps_tpb_2024,1,observation_materializes_cell
edge:aa4055e8a9c4cb8e49b4,fa319633cdaf7e1aa244,859d440930595a3b953e,7ba29f3a45abe1301651,bps_webapi,4,observation_materializes_cell
edge:3f30d8c1aa392d55c749,6bea4a9a2719579ea1ed,85d96813a5d54232639b,7ba29f3a45abe1301651,bps_webapi,4,observation_materializes_cell
edge:f13354ddbf032a9b538f,c79e710d9b53fdceb63e,85d96813a5d54232639b,aa7252a58f41161c17c3,bps_tpb_2024,1,observation_materializes_cell
edge:2b03c7f5e8f5e927afb7,b4d2d65a15e6043dc65f,85e360ecc014b3a48668,7ba29f3a45abe1301651,bps_webapi,4,observation_materializes_cell
edge:3718fa157569ce16c50e,c615999c2e3854510732,85f0859632efa570e9ff,7ba29f3a45abe1301651,bps_webapi,4,observation_materializes_cell
edge:b5e285454ffac09ab92a,7e0ac6fadb42af9a9b8f,85f75d7d7d3898407c61,7ba29f3a45abe1301651,bps_webapi,4,observation_materializes_cell
edge:f26112525dd78b1d3b62,4f43afa72be9db499c73,85f827b7b057495edec1,7ba29f3a45abe1301651,bps_webapi,4,observation_materializes_cell
edge:24f75bd2416860d1b1d2,d42ff65a2650412c7eef,85fb3e84ab7ce1c3160c,9ab2011a3892edfac889,bps_tpb_2025,2,observation_materializes_cell
edge:ed260bf6cbc209995633,da694bfb3c758cecca44,85fdcca264b30a6d6f70,aa7252a58f41161c17c3,bps_tpb_2024,1,observation_materializes_cell
edge:87077f0bbbe2780c2096,909881baf80fa4ecb641,85fdcca264b30a6d6f70,b132d2fab33291e0733e,bps_webapi,3,observation_materializes_cell
edge:dfe334f2a3d1984fc727,34b2d42c50d157155fb4,86022025f9d0ae7ce5ce,7ba29f3a45abe1301651,bps_webapi,4,observation_materializes_cell
edge:37fbdcaa305bb9fea12b,9c34c984bcadd7193e60,8602b2d251fc54b04a3a,7ba29f3a45abe1301651,bps_webapi,4,observation_materializes_cell
edge:9136d3a0c0893f56ee7d,f8fff871594dbcd950df,860cc7cfdf03325f0567,7ba29f3a45abe1301651,bps_webapi,4,observation_materializes_cell
edge:4a5a28e1e03d34f60175,98bc363187f2f0229c9d,861f845292a5f6174c3b,7ba29f3a45abe1301651,bps_webapi,4,observation_materializes_cell
edge:10ea067cb97c99b9d079,6215b0612ced8308d00c,862390c0203992eeabcd,7ba29f3a45abe1301651,bps_webapi,4,observation_materializes_cell
edge:51cb65ba7de3fe32d502,f86dec201777d0208f59,862e0d0def2529d15a8b,7ba29f3a45abe1301651,bps_webapi,4,observation_materializes_cell
edge:da9eca56bbf55d6a0354,21e2ec0da6feda943c81,862f15441649ba83bfd2,7ba29f3a45abe1301651,bps_webapi,4,observation_materializes_cell
edge:cd58d6741a230b6fc34d,51fb3d3daa9492d60e75,862f15441649ba83bfd2,aa7252a58f41161c17c3,bps_tpb_2024,1,observation_materializes_cell
edge:95eb9e820a6c88eeabe2,7becf865eeac3f982d1e,86304656036ea5ff80cc,7ba29f3a45abe1301651,bps_webapi,4,observation_materializes_cell
edge:01518f6aaa4e3de90fab,532d418b1444cef5aed1,863b5c34f6545e1c566c,7ba29f3a45abe1301651,bps_webapi,4,observation_materializes_cell
edge:bfa7048daa3ac8f34564,d6ba8936089f8bf6c2ad,865c6b3dd1eba8672e09,7ba29f3a45abe1301651,bps_webapi,4,observation_materializes_cell
edge:14686c5dffe951ce5666,a0d327b42b18cf4a0168,8680cd9d7887b2b84197,7ba29f3a45abe1301651,bps_webapi,4,observation_materializes_cell
edge:226e7acafba50f4cb8ec,a97864da989cdab30fc3,868aaf8d0cfccb4a6a6b,7ba29f3a45abe1301651,bps_webapi,4,observation_materializes_cell
edge:ae9c7044efd07a140bda,e0c4601b480e797d8b64,868c38e4900096e087e6,7ba29f3a45abe1301651,bps_webapi,4,observation_materializes_cell
edge:87c543b07aa1ede1ffbc,f5153a9ccaf2c3afeb1e,869acb0136c7b981fa8e,aa7252a58f41161c17c3,bps_tpb_2024,1,observation_materializes_cell
edge:7b400a88f688a980cb33,cb694ad5c4d31e9cfa7a,869acb0136c7b981fa8e,b132d2fab33291e0733e,bps_webapi,3,observation_materializes_cell
edge:ebb98e8eeccf7fb69038,a2e45e36a5a919527383,86a54b31de29f568cc25,7ba29f3a45abe1301651,bps_webapi,4,observation_materializes_cell
edge:93ff45af0cf00eea3fd2,308bb783af5b4ffdf696,86a76fce254d81bce588,7ba29f3a45abe1301651,bps_webapi,4,observation_materializes_cell
edge:ae047222bbb76cc2845a,ac6e8d8ed09efcab5896,86ac5b5cb404a0e77200,7ba29f3a45abe1301651,bps_webapi,4,observation_materializes_cell
edge:27b0799b1598a8b88de8,2d0d02cfcec29d6f3d64,86b160c39d44ba12f54d,7ba29f3a45abe1301651,bps_webapi,4,observation_materializes_cell
edge:f069144f9ac321f55875,10de602b1e86fd0277c5,86bb9a6a819f54674c8d,7ba29f3a45abe1301651,bps_webapi,4,observation_materializes_cell
edge:0c1576b2868a809497b1,bef109f0ba6ceaaace4d,86c3a49343e9032a160d,7ba29f3a45abe1301651,bps_webapi,4,observation_materializes_cell
edge:645c0e17a21e0e2f12a0,bd1df1a6a62fe17d8c45,86c3a49343e9032a160d,aa7252a58f41161c17c3,bps_tpb_2024,1,observation_materializes_cell
edge:696a6a023ec7864e781e,0b79d4aa790673270777,86cff709e335818e90e4,7ba29f3a45abe1301651,bps_webapi,4,observation_materializes_cell
edge:8b77a7a01231511bc3f6,5db58d67e821e36786bf,86cff709e335818e90e4,aa7252a58f41161c17c3,bps_tpb_2024,1,observation_materializes_cell
edge:7e4de386a7149090dbd3,abd40d206373e9d3eba7,86d4e83ca2fb0c18e1b8,7ba29f3a45abe1301651,bps_webapi,4,observation_materializes_cell
edge:6b3ec5e66a260d6ce40a,b328d6d210ee9923dde0,86ef31d1e48510fefdd3,7ba29f3a45abe1301651,bps_webapi,4,observation_materializes_cell
edge:a055019491c1d5b8d35c,c27a77aa0d6cc40ed012,86ef3d11578101141302,7ba29f3a45abe1301651,bps_webapi,4,observation_materializes_cell
edge:37e77846fd0a72901d40,2f65f4995ed88f8607a6,86ef3d11578101141302,aa7252a58f41161c17c3,bps_tpb_2024,1,observation_materializes_cell
edge:5a567ddfa9b93860f183,8d1ff9cdd5433023974f,86f4a15f9692119bc94f,7ba29f3a45abe1301651,bps_webapi,4,observation_materializes_cell
edge:a730a0045dadc55cb009,9b2bc3ba0c77491c83b6,86fef56f395452441282,7ba29f3a45abe1301651,bps_webapi,4,observation_materializes_cell
edge:e2a4b09059faf9b5a45b,0af6c09977b6d2998390,870ca32aac2be6ea2b23,aa7252a58f41161c17c3,bps_tpb_2024,1,observation_materializes_cell
edge:fafca4030346b5a8d3fd,dfaabaf2c1db6f350866,870ca32aac2be6ea2b23,b132d2fab33291e0733e,bps_webapi,3,observation_materializes_cell
edge:c0e27433ef689e9307eb,93a3ce37e5980b0a805b,8723f6f69f976037fb9f,7ba29f3a45abe1301651,bps_webapi,4,observation_materializes_cell
edge:5ef4b6603a5edeea35c8,349a0528f2ac41ed3b4c,87243887019e42f8db26,7ba29f3a45abe1301651,bps_webapi,4,observation_materializes_cell
edge:46a6589a4fc4a4af905e,585839b0381d10d78ff2,8725a3347ff4b18dbc6d,7ba29f3a45abe1301651,bps_webapi,4,observation_materializes_cell
edge:dbc9b2b33a7e79b59690,5cdae297687dcf5efdf1,87296c4d9d9e8a2f8af0,7ba29f3a45abe1301651,bps_webapi,4,observation_materializes_cell
edge:f55ea5d8ec6dae707846,42e6754d0ff65fe61470,87296c4d9d9e8a2f8af0,aa7252a58f41161c17c3,bps_tpb_2024,1,observation_materializes_cell
edge:0d2b453b47e5df8e54d6,db152e81cae692f90d59,872fd7c8b4fe5fdc0054,7ba29f3a45abe1301651,bps_webapi,4,observation_materializes_cell
edge:ebaca3581a060110624f,ad1196608a546ccc7c60,872fd7c8b4fe5fdc0054,aa7252a58f41161c17c3,bps_tpb_2024,1,observation_materializes_cell
edge:54def31b43cbe6ded2bc,e7746bdb5d4d404e2e38,87345ca62b7ae33b871b,7ba29f3a45abe1301651,bps_webapi,4,observation_materializes_cell
edge:c83de94d755f3f67d36d,f38a59f71a5aed8a18dc,873ad32f793697899276,7ba29f3a45abe1301651,bps_webapi,4,observation_materializes_cell
edge:90c53759f5b3e3dfece8,a64fc58c5b023db37da4,874795b7beba269757e4,7ba29f3a45abe1301651,bps_webapi,4,observation_materializes_cell
edge:14335e5f1013cc5e07c1,e2384e20725f05d664eb,8751ae4ce6a869a22b49,7ba29f3a45abe1301651,bps_webapi,4,observation_materializes_cell
edge:8a6f25de72a1635a99de,24a001b01903c5c21747,8754f6347fa0335e5af2,7ba29f3a45abe1301651,bps_webapi,4,observation_materializes_cell
edge:2c36d8e1902aa831b266,3194335d638551068dc8,87677dbfddb757f7eb53,7ba29f3a45abe1301651,bps_webapi,4,observation_materializes_cell
edge:1fb85ae9278daadf006c,83d9ca7ff36b5a4bfefa,8788e4198f43d007511b,7ba29f3a45abe1301651,bps_webapi,4,observation_materializes_cell
edge:5663e3aadebba18cea94,86d687ccc39b5ff5e310,878ec3fb27fc76ecd2bf,7ba29f3a45abe1301651,bps_webapi,4,observation_materializes_cell
edge:28f49baa0dd9d8f39667,889ac7fc0575ba78bac0,8796748e784f18654153,7ba29f3a45abe1301651,bps_webapi,4,observation_materializes_cell
edge:3d9e08035c7529e36bbd,b128556700a6744801f0,879f106a8644cce55c7d,7ba29f3a45abe1301651,bps_webapi,4,observation_materializes_cell
edge:d543a10d0b19c90058c9,ceea1514abc9aa218e9b,87a8ca6b02a7ef57e3a4,aa7252a58f41161c17c3,bps_tpb_2024,1,observation_materializes_cell
edge:71b2892aaa2324cb4170,fc487adf0610c6da207e,87a8ca6b02a7ef57e3a4,b132d2fab33291e0733e,bps_webapi,3,observation_materializes_cell
edge:e5d5418afac02d10c558,e4966916d4b7cb31ae99,87b38c11e40b44d8c2eb,aa7252a58f41161c17c3,bps_tpb_2024,1,observation_materializes_cell
edge:29c85837f55d2e68c1ca,a40717605a1723664e5d,87b38c11e40b44d8c2eb,b132d2fab33291e0733e,bps_webapi,3,observation_materializes_cell
edge:4bc6005a5c839232eedd,27653a2395cb3ca98bef,87b94fd65ac392522ff2,7ba29f3a45abe1301651,bps_webapi,4,observation_materializes_cell
edge:66a049c121fbc31f5e76,b71b4bce182ac93f251f,87c7f384bd0b47aedebd,aa7252a58f41161c17c3,bps_tpb_2024,1,observation_materializes_cell
edge:f459874fb6a7b4be0142,26836d521954e4fb5e61,87c7f384bd0b47aedebd,b132d2fab33291e0733e,bps_webapi,3,observation_materializes_cell
edge:2aec320c318e6110ff8b,3d3fc46314c8e582c2de,87d944119e84a08a5871,7ba29f3a45abe1301651,bps_webapi,4,observation_materializes_cell
edge:c22c3f78a23b54084858,ed9e437b5004c83bd6ac,87e08774542c7a001996,7ba29f3a45abe1301651,bps_webapi,4,observation_materializes_cell
edge:8c5adf15d0133c33aa8f,35a3e4312fde67d34b0d,87e6cee845c38414bb42,7ba29f3a45abe1301651,bps_webapi,4,observation_materializes_cell
edge:a1e86da909376398ec36,57eed87d97addee716f1,87ebf0ec935afc51d627,7ba29f3a45abe1301651,bps_webapi,4,observation_materializes_cell
edge:e22421e279d7716eaa31,3807e293c73b73643469,87f176ba31b7ccbdaafe,7ba29f3a45abe1301651,bps_webapi,4,observation_materializes_cell
edge:af481ebc82f15a7d1efe,8dd53d6a98691c38b765,881134eb51434cc8ca8f,aa7252a58f41161c17c3,bps_tpb_2024,1,observation_materializes_cell
edge:c1c091b0db05a45eddbb,b1fd55fe57b266553f35,881134eb51434cc8ca8f,b132d2fab33291e0733e,bps_webapi,3,observation_materializes_cell
edge:830f84454e8dbe7a347a,3cec05055fd056d20ca3,88308d4c4e3d456e33d3,7ba29f3a45abe1301651,bps_webapi,4,observation_materializes_cell
edge:864f94102f940754fec1,d23a77be5d28673da198,8845a6e5544c8f59472a,7ba29f3a45abe1301651,bps_webapi,4,observation_materializes_cell
edge:8d21e67cd2a02ed6b9f9,8bf9ead37299815ffed8,8867a13b71c7fdcd69f1,7ba29f3a45abe1301651,bps_webapi,4,observation_materializes_cell
edge:d67c48e4ac6feb4076af,f203e9e0f1a22bd31f73,887282ca0599939cff0a,7ba29f3a45abe1301651,bps_webapi,4,observation_materializes_cell
edge:07dc02688182ec91597b,a3a7ae9d64018648f42c,88766631e03a967c1ead,7ba29f3a45abe1301651,bps_webapi,4,observation_materializes_cell
edge:b8ba31d6cd9a36c897af,0b02ecfcd2c6331e18a1,8878192d0e0451b43378,7ba29f3a45abe1301651,bps_webapi,4,observation_materializes_cell
edge:b99fc316c0fe8034af14,0eca2449c49f4a160352,88808c7dedc9b023a263,7ba29f3a45abe1301651,bps_webapi,4,observation_materializes_cell
edge:80203d14d5a2804be7bd,74249f9146cffd6756be,88808c7dedc9b023a263,aa7252a58f41161c17c3,bps_tpb_2024,1,observation_materializes_cell
edge:a6a3ef54cc47b83a4041,403946ac119d2a9ad769,8883cd08855fab151e73,7ba29f3a45abe1301651,bps_webapi,4,observation_materializes_cell
edge:13072b7fb8b5c7b2a761,54c6fc29aa2af492374d,8886eb3fe4036e96e8e1,7ba29f3a45abe1301651,bps_webapi,4,observation_materializes_cell
edge:885e36e4af3d279e48e5,a837d2e85c8d5f4c93d5,8897ed851e1897c5b2b6,7ba29f3a45abe1301651,bps_webapi,4,observation_materializes_cell
edge:6b41c0d84da819f38b13,cba1f7b85a82b302fe39,88a1d7b711674b8be11a,7ba29f3a45abe1301651,bps_webapi,4,observation_materializes_cell
edge:6e4f10b57c0e0f4d5397,3277a07f1b105a076c66,88a7711e482fea445b29,aa7252a58f41161c17c3,bps_tpb_2024,1,observation_materializes_cell
edge:e50954dbb85df123c1c0,f7c5043e23937c4be683,88a7711e482fea445b29,b132d2fab33291e0733e,bps_webapi,3,observation_materializes_cell
edge:a76a1256dbd88581fff2,59eb8e544bfa29831c69,88ae4f91b94aa17e85ce,7ba29f3a45abe1301651,bps_webapi,4,observation_materializes_cell
edge:28c77cfc3739c9bb95a1,ec6dd4f473d5a128f4b5,88ae4f91b94aa17e85ce,aa7252a58f41161c17c3,bps_tpb_2024,1,observation_materializes_cell
edge:75b5ea67f9f506453563,21bd5f30777cd5bec00c,88b496b1ec847d66ce6d,7ba29f3a45abe1301651,bps_webapi,4,observation_materializes_cell
edge:8634815a2391e0638492,85b01476d6a8d71a668e,88be60cfe4422c89883e,7ba29f3a45abe1301651,bps_webapi,4,observation_materializes_cell
edge:74bafba77f58c0c57dc1,b619f314da4371fb89df,88c390022e0928dbce38,7ba29f3a45abe1301651,bps_webapi,4,observation_materializes_cell
edge:83ece5a98dc31a8d413e,edba7be203581b7d976b,88d61857f955901e159f,7ba29f3a45abe1301651,bps_webapi,4,observation_materializes_cell
edge:a48b4f434ef80ad8204c,0ca20ac17129baaefd7e,88d754001b2495489606,aa7252a58f41161c17c3,bps_tpb_2024,1,observation_materializes_cell
edge:120bcbfa3bf55922c64e,1fc75c2d9e86ea37211e,88d754001b2495489606,b132d2fab33291e0733e,bps_webapi,3,observation_materializes_cell
edge:2b246c12057f3d3326bc,5f856a69a6d35a3fd06d,88f5074b7b9030ecac02,7ba29f3a45abe1301651,bps_webapi,4,observation_materializes_cell
edge:0d09778c039f5577b28c,7b2a86aad8052d47eb1b,890f005d23b10809dd74,aa7252a58f41161c17c3,bps_tpb_2024,1,observation_materializes_cell
edge:eef24d77a51c90358bff,697ba54114a34f35ecf3,890f005d23b10809dd74,b132d2fab33291e0733e,bps_webapi,3,observation_materializes_cell
edge:00b97fa24c2ea86865d1,c1a4673e1b6b1a8fe085,8913a43f24fd3ba4052f,7ba29f3a45abe1301651,bps_webapi,4,observation_materializes_cell
edge:8dc67334491cd29bbd9c,b93393d62c5f1ee60e12,8918b4d77a9b8d0d1a70,7ba29f3a45abe1301651,bps_webapi,4,observation_materializes_cell
edge:825966923837b7751120,e0838991078976942ef0,8918cbe1dc7caad119d1,7ba29f3a45abe1301651,bps_webapi,4,observation_materializes_cell
edge:6841efd929f24d0dcea9,982e8a16c4f6485d7272,892d09a6840dac659afd,7ba29f3a45abe1301651,bps_webapi,4,observation_materializes_cell
edge:3001919494cef064bb98,c8fd989423b1fdc00903,892e03ff9d48b6980f43,7ba29f3a45abe1301651,bps_webapi,4,observation_materializes_cell
edge:fefec91d9c95476d7951,09cfc17a5511e506b585,8932dcd00b84d322ee17,7ba29f3a45abe1301651,bps_webapi,4,observation_materializes_cell
edge:9ea3b6616de1c15696b4,a2d3329c0ef96b292405,89375534a639c41560f8,7ba29f3a45abe1301651,bps_webapi,4,observation_materializes_cell
edge:f431590d6fa86eff391c,8fdf679ba73a2efc76df,89375534a639c41560f8,aa7252a58f41161c17c3,bps_tpb_2024,1,observation_materializes_cell
edge:90e7b6b101df22992f84,64701427fdc828585082,89399413b4a06ede4466,7ba29f3a45abe1301651,bps_webapi,4,observation_materializes_cell
edge:00cb0ad0511368fe4158,13b90ace3c5b93c7a26b,893dc80723356e6dcb73,7ba29f3a45abe1301651,bps_webapi,4,observation_materializes_cell
edge:75e59ba95e02582d98ec,ab1cd0a2ea4c295295df,893dc80723356e6dcb73,aa7252a58f41161c17c3,bps_tpb_2024,1,observation_materializes_cell
edge:02a1ca7937a6e5547a10,b223e8d05aa28c3c4285,894209c5721641a97d51,7ba29f3a45abe1301651,bps_webapi,4,observation_materializes_cell
edge:11eef213042ea589aa75,5987728624f62a2522c6,894209c5721641a97d51,aa7252a58f41161c17c3,bps_tpb_2024,1,observation_materializes_cell
edge:a8f1500f94e7158fcf9f,5e06ba1a71c341a4094a,89460dd895075560805b,7ba29f3a45abe1301651,bps_webapi,4,observation_materializes_cell
edge:3ac691deccac068b974b,914fcff3606ce9149b93,89460dd895075560805b,aa7252a58f41161c17c3,bps_tpb_2024,1,observation_materializes_cell
edge:710bfa648ae737490062,54bc267bafddce5a7f7c,894846c5dbf8434b7dd8,7ba29f3a45abe1301651,bps_webapi,4,observation_materializes_cell
edge:0955c06ef31680b08e40,db47dd865a3014d6c33b,894846c5dbf8434b7dd8,aa7252a58f41161c17c3,bps_tpb_2024,1,observation_materializes_cell
edge:d3922d155974fee8eec5,3f00131875e3aded9e25,894cb82d02a8aedad34e,7ba29f3a45abe1301651,bps_webapi,4,observation_materializes_cell
edge:17ae1d163de45d85255c,6ac4ba6ee338abdd19e1,896af2f0197b31ea3573,7ba29f3a45abe1301651,bps_webapi,4,observation_materializes_cell
edge:49412dd22d39c5187f6e,11497ae6935f3e6c3ca5,89720f8edbfcb7222d01,7ba29f3a45abe1301651,bps_webapi,4,observation_materializes_cell
edge:90213e048263b817b464,8f349f4d53f72e88db52,89720f8edbfcb7222d01,aa7252a58f41161c17c3,bps_tpb_2024,1,observation_materializes_cell
edge:39d4cda4ca5ea79a9fb6,bbdfee2e0c500296462a,897cfd655024db6753e1,aa7252a58f41161c17c3,bps_tpb_2024,1,observation_materializes_cell
edge:d761b07f7498a30e3926,42aadcf1ee89f10a3efc,897cfd655024db6753e1,b132d2fab33291e0733e,bps_webapi,3,observation_materializes_cell
edge:d9f7c9556ecd64d09d2e,ef7742c74c68935a0dde,8983136db314a5741e2a,7ba29f3a45abe1301651,bps_webapi,4,observation_materializes_cell
edge:884d3fdb62587147d40f,d6154d7cb453e767951e,89a6d6b67d3e1427ceb8,aa7252a58f41161c17c3,bps_tpb_2024,1,observation_materializes_cell
edge:451fb3a2f17572774157,73a51e4782c8768418d1,89a6d6b67d3e1427ceb8,b132d2fab33291e0733e,bps_webapi,3,observation_materializes_cell
edge:404d4d75592742aa3936,27839e68711e0aee8ec8,89a8af927ffca24df67a,7ba29f3a45abe1301651,bps_webapi,4,observation_materializes_cell
edge:b1585189008d215cd53c,6baaa60a270bab3c812e,89e7afcacd257e8f98b8,7ba29f3a45abe1301651,bps_webapi,4,observation_materializes_cell
edge:cae989249f0059b0dbb8,9a7e334d1a31cd88865b,89f220dab340f9aa9147,7ba29f3a45abe1301651,bps_webapi,4,observation_materializes_cell
edge:2dcd1fb6a7e0350574c4,6ef2a6d35c4b03f6a35a,8a12031cfb8e754a173e,7ba29f3a45abe1301651,bps_webapi,4,observation_materializes_cell
edge:dd804d71fe75c5fc3caa,0925cc1288d1ce7a4b28,8a249c60dd46e405b660,7ba29f3a45abe1301651,bps_webapi,4,observation_materializes_cell
edge:a5694d8c0d9d916488a8,ad73dff01869b727c0cc,8a30b66bae38195a0e75,7ba29f3a45abe1301651,bps_webapi,4,observation_materializes_cell
edge:397d61cdae7b6f0c3b3a,60649b9ae53f1694565e,8a38daf17a875af34831,aa7252a58f41161c17c3,bps_tpb_2024,1,observation_materializes_cell
edge:86b2f4ebc279012cbd8a,8ffbf7e8905d2f6bdd22,8a38daf17a875af34831,b132d2fab33291e0733e,bps_webapi,3,observation_materializes_cell
edge:ef18356e1764a1a8059c,fec651bf0f47f0c63f8c,8a3971c417d227d6f75a,7ba29f3a45abe1301651,bps_webapi,4,observation_materializes_cell
edge:bf64f2af4f0b6f6ecc3c,8576a74204820fa4c8c7,8a45181ca76f8b726186,7ba29f3a45abe1301651,bps_webapi,4,observation_materializes_cell
edge:4c8d3ddaf72aa20ec416,5a2bbb5943944fcae0a9,8a5331565dfd814fcfd0,7ba29f3a45abe1301651,bps_webapi,4,observation_materializes_cell
edge:bdcf4054b6e8f99063ce,83f42181f1ba94d95874,8a6e5137c363c0b0b2b8,7ba29f3a45abe1301651,bps_webapi,4,observation_materializes_cell
edge:56af3997655e2e93719a,c21b3b40414c44644326,8a6e5137c363c0b0b2b8,aa7252a58f41161c17c3,bps_tpb_2024,1,observation_materializes_cell
edge:b58a914da62436a34285,4852a1a5dd0be97ef321,8ac1aecb26bdb73e683f,7ba29f3a45abe1301651,bps_webapi,4,observation_materializes_cell
edge:1ec0a7ef56fb6a213ee0,434110532b3cf61e2a94,8aed18304509cdac041e,aa7252a58f41161c17c3,bps_tpb_2024,1,observation_materializes_cell
edge:18df9f7e97a6ebe4f48c,123665e6272f64587972,8aed18304509cdac041e,b132d2fab33291e0733e,bps_webapi,3,observation_materializes_cell
edge:70e7bb40698609493687,1dee10af82a271adab57,8b01c6ccaa13bb0f68c4,7ba29f3a45abe1301651,bps_webapi,4,observation_materializes_cell
edge:800d69d3c70718e2b5e0,db9c792970c9e5bb33ae,8b22cef04937efc196c1,aa7252a58f41161c17c3,bps_tpb_2024,1,observation_materializes_cell
edge:edf533bf7c9e445daecf,61a1687fb31171fed2c2,8b22cef04937efc196c1,b132d2fab33291e0733e,bps_webapi,3,observation_materializes_cell
edge:92233b4683934cabcaaf,5dc11119e8b10662ed96,8b43b906594deb636af1,7ba29f3a45abe1301651,bps_webapi,4,observation_materializes_cell
edge:814cdbb0ff7833d1c306,6f764327af102c0ef4c6,8b4d2794a70e22826268,7ba29f3a45abe1301651,bps_webapi,4,observation_materializes_cell
edge:4f5c0c4fcc7a64e6ad0c,d8f651ab6443d0ae6b50,8b4f8c6888d9d5ddc1fd,7ba29f3a45abe1301651,bps_webapi,4,observation_materializes_cell
edge:c03d2ae689f637823e5f,b6bb1beeae6746e5dbff,8b59379eb656d060d1af,7ba29f3a45abe1301651,bps_webapi,4,observation_materializes_cell
edge:105bb54c5f089912d50f,bd75012a0bc7b6050fa8,8b5e0782e249268fd8cd,aa7252a58f41161c17c3,bps_tpb_2024,1,observation_materializes_cell
edge:2a575bbb132af5c87130,305b0a072cce31fc1516,8b5e0782e249268fd8cd,b132d2fab33291e0733e,bps_webapi,3,observation_materializes_cell
edge:28ec0c5bd0b9e90f3949,60be3d45c91d95ce06b0,8b5e0de265c20f872dde,7ba29f3a45abe1301651,bps_webapi,4,observation_materializes_cell
edge:597a2504bbb81ce1c9f0,b7f9abcd9d03cdf98056,8b70f2cab9f6684035a2,7ba29f3a45abe1301651,bps_webapi,4,observation_materializes_cell
edge:485b1c67599b801a6291,206e16e5861799f15c82,8b73f5f6b6816ca69ee9,7ba29f3a45abe1301651,bps_webapi,4,observation_materializes_cell
edge:f3e6f5991b4bd083d12e,af20dc319204aeaee52d,8b7f8a54b4525f70ed31,7ba29f3a45abe1301651,bps_webapi,4,observation_materializes_cell
edge:08a09d1868dfc69d760b,929098d02a2fb31c9776,8b80e1ac47aced1e2690,7ba29f3a45abe1301651,bps_webapi,4,observation_materializes_cell
edge:06d49ddd75677c17fcfb,56850a57f380ba4eed1f,8b98bf73d08996f1b405,7ba29f3a45abe1301651,bps_webapi,4,observation_materializes_cell
edge:c46924a8f1b834c83ef6,2de5978fad87381271e7,8b9e66a13da958b4e6bb,7ba29f3a45abe1301651,bps_webapi,4,observation_materializes_cell
edge:efc0fa05e5ecb18b6fb2,340b11a7c4cf31176822,8bbacc95f6b1cbf26107,7ba29f3a45abe1301651,bps_webapi,4,observation_materializes_cell
edge:c4ae20a7e1738779ef43,44db53f3b86f2b7fd05f,8bbef474c0509c526092,7ba29f3a45abe1301651,bps_webapi,4,observation_materializes_cell
edge:ea5497b8577d29a0fa65,2da94ee6b84df029ce9e,8bc2379dec7adebfd20c,7ba29f3a45abe1301651,bps_webapi,4,observation_materializes_cell
edge:8928d015dc7ac2f2f9df,261fa784fc5f8c629a70,8bc2379dec7adebfd20c,aa7252a58f41161c17c3,bps_tpb_2024,1,observation_materializes_cell
edge:7208f5611057cd613c16,8cbdd9e59148d5aa7dd8,8bcdc6994e6d169fdf78,7ba29f3a45abe1301651,bps_webapi,4,observation_materializes_cell
edge:3d2faf517d7f28665cf2,2ff364951387083f7323,8bd55e1770b9ecb81b60,7ba29f3a45abe1301651,bps_webapi,4,observation_materializes_cell
edge:f6a5c642142a66dde50c,2a67f3626b2824e8cb7c,8bde7438a6a22d80fc9e,7ba29f3a45abe1301651,bps_webapi,4,observation_materializes_cell
edge:322f2c599f812031a071,2e4e5fcf4271a578053e,8bf27a7c30b54793c6e4,7ba29f3a45abe1301651,bps_webapi,4,observation_materializes_cell
edge:353eb92d6c202131570b,9d2c9a4c7b4ef653d562,8bf44028288efd76c5f4,7ba29f3a45abe1301651,bps_webapi,4,observation_materializes_cell
edge:c44eb96c1d1af421fcae,57ea3059572310b6f756,8bfe2cc0fac9c1275ed4,7ba29f3a45abe1301651,bps_webapi,4,observation_materializes_cell
edge:b924a74939372d39ed2b,d81d42da5195f71800fe,8c0342cbde0290c437e7,7ba29f3a45abe1301651,bps_webapi,4,observation_materializes_cell
edge:55a57e8ce914c182ac08,5d00433e44a03bebe4ea,8c0342cbde0290c437e7,9ab2011a3892edfac889,bps_tpb_2025,2,observation_materializes_cell
edge:95d8481757639dbcd57f,4fcc16920a62d10b2c95,8c1c33db58c5e10e5f82,7ba29f3a45abe1301651,bps_webapi,4,observation_materializes_cell
edge:8ad81eb4e6db4cb9c6d9,2591e739be815d756456,8c3dfbe764e5d75395f1,7ba29f3a45abe1301651,bps_webapi,4,observation_materializes_cell
edge:ec813038d82630e96ece,85311e419e93ec4d4b02,8c4adfc96ab8fa6a86b2,7ba29f3a45abe1301651,bps_webapi,4,observation_materializes_cell
edge:99330a42d838f5318adf,785c3d0ed6c12d5d2933,8c70aa7a51620d941abd,7ba29f3a45abe1301651,bps_webapi,4,observation_materializes_cell
edge:0e2f314f8438afa463b0,651ae88bbe7d4f578f65,8c8366ee2a2ae5b06e49,7ba29f3a45abe1301651,bps_webapi,4,observation_materializes_cell
edge:bfdd4836ad787193a103,b350c649b7cf8dc1a2d6,8c98e94f33d144faf220,7ba29f3a45abe1301651,bps_webapi,4,observation_materializes_cell
edge:059fdcdc65ba6a0cc352,2629ea0d2f45918eb38d,8cbbc688090e70eafb72,7ba29f3a45abe1301651,bps_webapi,4,observation_materializes_cell
edge:1c953f01cd82cae8d73d,ca1ce64f9f2b3d88da5a,8cbbc688090e70eafb72,aa7252a58f41161c17c3,bps_tpb_2024,1,observation_materializes_cell
edge:fdd8a3a7f63669fc8f9b,e8aabd1d1cba2aae6b9c,8cbde3d54a5adb345fb5,7ba29f3a45abe1301651,bps_webapi,4,observation_materializes_cell
edge:9001e86ed671fb621584,93cf3cfed3f123d63413,8cd57f0a28a77f803b0a,7ba29f3a45abe1301651,bps_webapi,4,observation_materializes_cell
edge:6558f21e8960dfade05f,8b0025eccce5c0eb0d27,8cfabb34533cf7522a48,7ba29f3a45abe1301651,bps_webapi,4,observation_materializes_cell
edge:5bc01f28542d3ed0fa20,476b24c60116197c9633,8cfd1d0a732d6ccb67ae,7ba29f3a45abe1301651,bps_webapi,4,observation_materializes_cell
edge:87b510c024ff6d6b9c31,966d4a19cea8f2c6373c,8cfd1d0a732d6ccb67ae,9ab2011a3892edfac889,bps_tpb_2025,2,observation_materializes_cell
edge:4af056e0e529f1ec14b0,53b4a432a9e4b9f4c82d,8cfd1d0a732d6ccb67ae,aa7252a58f41161c17c3,bps_tpb_2024,1,observation_materializes_cell
edge:8a88b0fc074d0e8989f5,61901240f684be160983,8d08c66f66e257e5dd34,7ba29f3a45abe1301651,bps_webapi,4,observation_materializes_cell
edge:0f1f749dd614ad644b72,180536972b84e410156f,8d09afe725d40870510b,7ba29f3a45abe1301651,bps_webapi,4,observation_materializes_cell
edge:86d77692547bd2feb29a,567df030cdf022886d3c,8d179b15149b86f315ee,aa7252a58f41161c17c3,bps_tpb_2024,1,observation_materializes_cell
edge:83afd5121819d09abcbd,8461a9b384bd4c911571,8d179b15149b86f315ee,b132d2fab33291e0733e,bps_webapi,3,observation_materializes_cell
edge:15c7c5ff5a5078826f5d,5b575b610856ebaab010,8d1e547dd9373ac3d3da,7ba29f3a45abe1301651,bps_webapi,4,observation_materializes_cell
edge:72dbd1e19a405a0e0d10,e7daa56059fb54d990a0,8d4d4a3433e4272d934f,7ba29f3a45abe1301651,bps_webapi,4,observation_materializes_cell
edge:eaff7da6ae1e270b9a80,96b235c59f6a8d46f185,8d4fd6c947e037f38ef2,7ba29f3a45abe1301651,bps_webapi,4,observation_materializes_cell
edge:8cd76d7ae41194e50889,43b5791b92def71be18e,8d635050a764afb581b5,7ba29f3a45abe1301651,bps_webapi,4,observation_materializes_cell
edge:52b6b9ad62baba2bf0de,be479dbe15017d7bf3be,8d6414807b8ce2c28538,7ba29f3a45abe1301651,bps_webapi,4,observation_materializes_cell
edge:7150af85e715d8a2cde7,96462ebba6a69c18c40d,8d64b167b35e69450f3e,aa7252a58f41161c17c3,bps_tpb_2024,1,observation_materializes_cell
edge:8cdd200ebf8df26e6e31,100b645fb3cb89f60ad0,8d64b167b35e69450f3e,b132d2fab33291e0733e,bps_webapi,3,observation_materializes_cell
edge:60ad86a793a333f8361b,d77fb3ddc703e60213e8,8d6ff39ff854c46d61eb,7ba29f3a45abe1301651,bps_webapi,4,observation_materializes_cell
edge:eb401ff283e0cbd23164,51d5066e121939c29b31,8d7037a1f893db2a957a,7ba29f3a45abe1301651,bps_webapi,4,observation_materializes_cell
edge:61fab5b71a6607943350,55d3433aab59b76eab70,8d7373dbbd95d9372f05,7ba29f3a45abe1301651,bps_webapi,4,observation_materializes_cell
edge:1e2926c1303f5a492d19,49a10fffe03d3bf84dd9,8da5725c230fde2736e3,7ba29f3a45abe1301651,bps_webapi,4,observation_materializes_cell
edge:22a24664fa39abb8fc9b,8eb7014ce1d4fd94a81f,8da5725c230fde2736e3,aa7252a58f41161c17c3,bps_tpb_2024,1,observation_materializes_cell
edge:41569a9ebac2306f49c7,ee846451ed636d58d611,8db89df1e9ff85e078c4,7ba29f3a45abe1301651,bps_webapi,4,observation_materializes_cell
edge:4fce5dc05c44a49b289b,4d15a6961d0219ba93d5,8dc004078e84530be89b,aa7252a58f41161c17c3,bps_tpb_2024,1,observation_materializes_cell
edge:1225faa215724b2a7028,636e588f16e76552d2e4,8dc004078e84530be89b,b132d2fab33291e0733e,bps_webapi,3,observation_materializes_cell
edge:f86fa7de63b9a378e771,f357b6c5e6635cdf2a1e,8dc2822c8b7b7bfded2b,7ba29f3a45abe1301651,bps_webapi,4,observation_materializes_cell
edge:dfbbe4a0296de07ed813,7071f6ebf0183a4cf012,8dc55f27e3baefa5e4c6,aa7252a58f41161c17c3,bps_tpb_2024,1,observation_materializes_cell
edge:f9306be0c5224be5b38f,6e69ff72935c182cb6cf,8dc55f27e3baefa5e4c6,b132d2fab33291e0733e,bps_webapi,3,observation_materializes_cell
edge:e0adc261c9cb3877dfea,f2ff86cd3d58464ed99f,8dcc6aaf1f382c69cee5,7ba29f3a45abe1301651,bps_webapi,4,observation_materializes_cell
edge:7e232dc031874309698c,be664c063fb8c5d0e889,8dcccff0c057693dd693,aa7252a58f41161c17c3,bps_tpb_2024,1,observation_materializes_cell
edge:4b561f2c5e54fe99a0c3,93a8a41037bda0c184b3,8dcccff0c057693dd693,b132d2fab33291e0733e,bps_webapi,3,observation_materializes_cell
edge:b621eb81afd3f52acc20,7237fb835e2c3ca9ecd0,8dd1567f0bbff9279f58,7ba29f3a45abe1301651,bps_webapi,4,observation_materializes_cell
edge:3050cae00c0840a5a8f3,4f979974baea7f3207bb,8dfa670496c64c050fca,aa7252a58f41161c17c3,bps_tpb_2024,1,observation_materializes_cell
edge:5f592176a689ded3e71c,54b9c9335b7e266492b9,8dfa670496c64c050fca,b132d2fab33291e0733e,bps_webapi,3,observation_materializes_cell
edge:fdddc86900fbacef510e,d416b4df0771b1bbf9ba,8dfe1cf32301bf5e58ba,aa7252a58f41161c17c3,bps_tpb_2024,1,observation_materializes_cell
edge:f69ef45c09701dfb8ceb,efcfc8cb300493224dca,8dfe1cf32301bf5e58ba,b132d2fab33291e0733e,bps_webapi,3,observation_materializes_cell
edge:9925dc2ddcee50f61920,8f5d0ca171893eeda15e,8e0657aaf7c5afd71012,7ba29f3a45abe1301651,bps_webapi,4,observation_materializes_cell
edge:1984c0142f98a32fcc66,691e62f08bc4e6a15b77,8e0752cd01aa17b43da4,7ba29f3a45abe1301651,bps_webapi,4,observation_materializes_cell
edge:65443e6f4cd65834a32a,28182baa16d10a4327ea,8e09018f12030cebb8bc,7ba29f3a45abe1301651,bps_webapi,4,observation_materializes_cell
edge:1f03f2c9f5d7ec763569,63b506bf4cda9a127593,8e32a16ccb8169074b3b,7ba29f3a45abe1301651,bps_webapi,4,observation_materializes_cell
edge:22a7cfbe4f8f75f420e4,762f9eb9eb174dbfef01,8e44f099722cead9df65,7ba29f3a45abe1301651,bps_webapi,4,observation_materializes_cell
edge:3654641714741610da5b,eef99e7fb6be1b155740,8e48876c4d6093c63ca2,aa7252a58f41161c17c3,bps_tpb_2024,1,observation_materializes_cell
edge:cf8a73366b0a828a602a,b2a9e47a4da6b183b1a3,8e48876c4d6093c63ca2,b132d2fab33291e0733e,bps_webapi,3,observation_materializes_cell
edge:f0b3a87f1abdc3ab4ce6,9d151b48da35087160f0,8e4f9031a90a1e1eeb36,7ba29f3a45abe1301651,bps_webapi,4,observation_materializes_cell
edge:671996fde6962415b615,ce4b8053f1f14286db1d,8e6312ae633f2e8b7838,7ba29f3a45abe1301651,bps_webapi,4,observation_materializes_cell
edge:6adf6bdc5d6eafd46afe,0781facd7233b73df61e,8e6b33bcc3c609a1dd05,7ba29f3a45abe1301651,bps_webapi,4,observation_materializes_cell
edge:b3aedf2c70993181d1b2,640a8e0e8f519c7efcd7,8e8a79d0254d7765a1d0,7ba29f3a45abe1301651,bps_webapi,4,observation_materializes_cell
edge:0362f7a6fbd5f0812291,dc03d21f13f61c4adcbf,8e9a175365290292cf1a,7ba29f3a45abe1301651,bps_webapi,4,observation_materializes_cell
edge:454a04a386031060cebc,7867b600c9d214de866d,8e9ab1b5fe8f38a16451,7ba29f3a45abe1301651,bps_webapi,4,observation_materializes_cell
edge:a4ebd6f5c116cdc43fbf,267e94d67d26853a3b89,8ea2c01a84eb373e49c6,7ba29f3a45abe1301651,bps_webapi,4,observation_materializes_cell
edge:dc3f82754ad8119fa76e,0ca03acc9a7ecd8bccdc,8eaefc8f243b57fb0524,7ba29f3a45abe1301651,bps_webapi,4,observation_materializes_cell
edge:4b479a5272e879e9b692,140fd822afd45239bb2b,8ee9f2d371e251089a2a,7ba29f3a45abe1301651,bps_webapi,4,observation_materializes_cell
edge:d36c28a77799f9dcb90c,8f66dc9904dc518df8b6,8ef786b3a88fcc3d061e,7ba29f3a45abe1301651,bps_webapi,4,observation_materializes_cell
edge:418350889f42d512b390,cb1f8beec64873193dcf,8efb72d20f6d722adfb4,7ba29f3a45abe1301651,bps_webapi,4,observation_materializes_cell
edge:aac44aa879a498592b84,60ec3c1ed8d376b03b50,8f20566f771313e0023e,7ba29f3a45abe1301651,bps_webapi,4,observation_materializes_cell
edge:9c3ab8bdddf43cb51085,7e51b37e1048c181d3b0,8f39628da391cccaab6c,7ba29f3a45abe1301651,bps_webapi,4,observation_materializes_cell
edge:370f86e62e1e2f27acbf,4c2f2d71708d94b31956,8f4d9605ab0d24a3cb88,7ba29f3a45abe1301651,bps_webapi,4,observation_materializes_cell
edge:ffddc8e83823724fbc1f,0036a3c956c3c316b87d,8f4fe238ce37f0dec388,7ba29f3a45abe1301651,bps_webapi,4,observation_materializes_cell
edge:4b42f5f5512d260b864b,95142644674a21f57bc3,8f4fe238ce37f0dec388,aa7252a58f41161c17c3,bps_tpb_2024,1,observation_materializes_cell
edge:087b8247d6aa7d6265fe,9380c0012253a4e92552,8f51a6c10a9b87c78e76,7ba29f3a45abe1301651,bps_webapi,4,observation_materializes_cell
edge:654da7f0d9953437ee6f,6c4ecfed0373a5d5d7be,8f5b965225bf055a8f41,7ba29f3a45abe1301651,bps_webapi,4,observation_materializes_cell
edge:638c6395352ebdd78bd3,d04fecb3a5047c41d95f,8f6252e4267d1e669f25,aa7252a58f41161c17c3,bps_tpb_2024,1,observation_materializes_cell
edge:335688d1586d7a583933,f70dec5c9de51fd7090e,8f6252e4267d1e669f25,b132d2fab33291e0733e,bps_webapi,3,observation_materializes_cell
edge:9ce1788d75294ed2007f,2dfd302cf8229c1336e9,8f64885e3128bb7568e0,7ba29f3a45abe1301651,bps_webapi,4,observation_materializes_cell
edge:70697ff37b274f8f134c,f6d0b04cab85088aea28,8f83154ce68471f625fd,7ba29f3a45abe1301651,bps_webapi,4,observation_materializes_cell
edge:8111ea151f16253f69d6,b03626eb582978e9e06b,8f873a17ed7627cbde77,7ba29f3a45abe1301651,bps_webapi,4,observation_materializes_cell
edge:4907dfb0bfb486babea4,77c767d1d9a2cd3a6525,8f91fb9909faf066a5f2,7ba29f3a45abe1301651,bps_webapi,4,observation_materializes_cell
edge:9d2bb26d3eeb2847f4ed,0e1bc137ab5dd5caf7cc,8fbbedf67766eb0f8b90,7ba29f3a45abe1301651,bps_webapi,4,observation_materializes_cell
edge:9b89bf5a35e9a908d876,a4df05cd1c390f631a00,8fbeae610fb83a11a405,7ba29f3a45abe1301651,bps_webapi,4,observation_materializes_cell
edge:71942a7c5445fbe275a3,d5e97dc19aa6fd6ed211,8fe46b928d08a3ad522c,7ba29f3a45abe1301651,bps_webapi,4,observation_materializes_cell
edge:6fe9e03bb9e1f17c4f86,ad5029da3798c854fd43,8ff12d5ac4c43ac1927c,7ba29f3a45abe1301651,bps_webapi,4,observation_materializes_cell
edge:d3824641f01f1a62b576,3e1e5fb9abb4198f1ec7,8ff12d5ac4c43ac1927c,aa7252a58f41161c17c3,bps_tpb_2024,1,observation_materializes_cell
edge:1ae5472d3643bd624013,c5c59a53171af87721a6,900b5f7170b9d4f38ded,7ba29f3a45abe1301651,bps_webapi,4,observation_materializes_cell
edge:001c3b7bd9d3cafb55f7,9b3f1579ebfb945934a7,900ca5e04106c1a2a2a0,7ba29f3a45abe1301651,bps_webapi,4,observation_materializes_cell
edge:c3a54e8360172869c6ef,e80526b206332c7fb200,9023a52c432a69c174ab,7ba29f3a45abe1301651,bps_webapi,4,observation_materializes_cell
edge:ae07ade7007002fcf1c9,570ef2eeee5e2154af04,9023a52c432a69c174ab,aa7252a58f41161c17c3,bps_tpb_2024,1,observation_materializes_cell
edge:8477541030e783dda2d8,35b12d6cfddb0e7d6dc0,9025dcabf9b0bf1b5495,7ba29f3a45abe1301651,bps_webapi,4,observation_materializes_cell
edge:f3cb6aa7d46e48e25060,6952276fd4c66621773b,90409fe341a6103e08ab,aa7252a58f41161c17c3,bps_tpb_2024,1,observation_materializes_cell
edge:149e82c01f093210f0be,c94d9a6d1ac3425d76ae,90409fe341a6103e08ab,b132d2fab33291e0733e,bps_webapi,3,observation_materializes_cell
edge:66ab47fca430f1417db7,c970f97387eda3d2a407,904193bc3fbd00a53b90,7ba29f3a45abe1301651,bps_webapi,4,observation_materializes_cell
edge:9e7ffc441cedca88257c,75c3e960e0682a861f07,904193bc3fbd00a53b90,aa7252a58f41161c17c3,bps_tpb_2024,1,observation_materializes_cell
edge:e057bf6e4af2bb5f6235,d394604eec5d39790c40,904a4ae3b2ae6bbabe6f,7ba29f3a45abe1301651,bps_webapi,4,observation_materializes_cell
edge:550d4b610bbc0642e16e,4e8cf0c0a3c90a97b3ff,90667e31e326c78bc682,7ba29f3a45abe1301651,bps_webapi,4,observation_materializes_cell
edge:6d0ce090ecdad99c2a53,6ffb2b4261aabd97b301,908536661915dc53a184,7ba29f3a45abe1301651,bps_webapi,4,observation_materializes_cell
edge:5b2cb9cbc6928fd96caf,1c695c1f3bdaa8ecd7e5,90855a44b1b6ece1d00c,7ba29f3a45abe1301651,bps_webapi,4,observation_materializes_cell
edge:3de59fe1b87e7e76049f,71aa1eb37d0cb3c34fc4,90924492c607c45a8615,7ba29f3a45abe1301651,bps_webapi,4,observation_materializes_cell
edge:2784a4ca1a6ca2f51ca4,f73e4e0d0715ee75abde,909d5f58def074889c11,7ba29f3a45abe1301651,bps_webapi,4,observation_materializes_cell
edge:2269f683640e81df1b1d,d1a6fadcc2334ed715c8,90a3159b8a7b4bd4e061,7ba29f3a45abe1301651,bps_webapi,4,observation_materializes_cell
edge:57cf3867f77806582643,c49d1fff1407c32d3f42,90b64dac22d4c76c6fd3,7ba29f3a45abe1301651,bps_webapi,4,observation_materializes_cell
edge:f10d1624d6cfdb058bf9,5b697791258017fda8ea,90b7688a5f2a7551b5b2,7ba29f3a45abe1301651,bps_webapi,4,observation_materializes_cell
edge:bc867ac3564e613c4516,df7300eae5ff163b1d66,90bd46c07e5aa76426bd,7ba29f3a45abe1301651,bps_webapi,4,observation_materializes_cell
edge:09904af12cc57cdc39e4,38516ccfdef905810689,90ce9c7f2b85471d54b1,7ba29f3a45abe1301651,bps_webapi,4,observation_materializes_cell
edge:24abece2e50208d2b850,f06573ca34de51541b8e,90cfa13b0120ea55c7b6,7ba29f3a45abe1301651,bps_webapi,4,observation_materializes_cell
edge:cd136bd25302c6b00ee4,d9cb6b75bd16954c17ce,90d0dc9da338d7c77a06,7ba29f3a45abe1301651,bps_webapi,4,observation_materializes_cell
edge:f4af258a363a92de35b1,bb3ea5a54e390989d034,90d38f13e5f65cf1d0d9,7ba29f3a45abe1301651,bps_webapi,4,observation_materializes_cell
edge:13d609a1b4fb90514c7e,13068716c41c916f9474,90e1cd23d4e5a01ea5ba,7ba29f3a45abe1301651,bps_webapi,4,observation_materializes_cell
edge:2e7be26d1978557870b2,becb260294854489cf5c,90f157c3300f904e81b5,7ba29f3a45abe1301651,bps_webapi,4,observation_materializes_cell
edge:c853f47a0c4fa03b20f4,401c33d070f728050a94,9107b7a5cc95e0e7977d,7ba29f3a45abe1301651,bps_webapi,4,observation_materializes_cell
edge:48051313ebe68242d3c3,8ae2ac87cd9672827063,91096a052defa773d4e9,7ba29f3a45abe1301651,bps_webapi,4,observation_materializes_cell
edge:fd019ce08eac7852cab3,cd5e2b7371d876b2d01d,913031e85d90c19fb137,7ba29f3a45abe1301651,bps_webapi,4,observation_materializes_cell
edge:8e23333724a27fd29346,1c693b11ef93b6a4c264,913b9308bfb9fc0f7598,7ba29f3a45abe1301651,bps_webapi,4,observation_materializes_cell
edge:698866e804710adc83b8,acdff6fb84e74f9d0eff,91535b9d6e9dad0083ca,7ba29f3a45abe1301651,bps_webapi,4,observation_materializes_cell
edge:39b869e8d73770d45079,d6114567f5b9ed92d6f2,915659dc5c3ab0a90b64,7ba29f3a45abe1301651,bps_webapi,4,observation_materializes_cell
edge:11e2a761a8674824abd9,76ab9b484a61f00295ef,915a1a94c3ef207a3645,7ba29f3a45abe1301651,bps_webapi,4,observation_materializes_cell
edge:c518a2a57c14fd865f6a,c4351b9da5166a3f35ed,915a1a94c3ef207a3645,aa7252a58f41161c17c3,bps_tpb_2024,1,observation_materializes_cell
edge:d6aff63dae62fbfd4f83,de71131f60af812ef7b0,915e5fa75091c3c7ceb5,7ba29f3a45abe1301651,bps_webapi,4,observation_materializes_cell
edge:2784180b79bdf8e22aff,0ae61519047765c1efd6,915f398f3c19d56074a0,7ba29f3a45abe1301651,bps_webapi,4,observation_materializes_cell
edge:1bc562767e969ecf9cae,dccade340c80dd40e3ba,917999b20720b0da8fdf,aa7252a58f41161c17c3,bps_tpb_2024,1,observation_materializes_cell
edge:30032ce44b46b612c303,a9d366af7f4075f53aa6,917999b20720b0da8fdf,b132d2fab33291e0733e,bps_webapi,3,observation_materializes_cell
edge:961b65ccadb1baa063bc,0e6738e5dc12180c7b51,918c5209914c1d255a0e,aa7252a58f41161c17c3,bps_tpb_2024,1,observation_materializes_cell
edge:13d369b7b7fba8697af2,1ed4ed9adaa40d5606b8,918c5209914c1d255a0e,b132d2fab33291e0733e,bps_webapi,3,observation_materializes_cell
edge:24cdbace85f069e87556,42577b90b6de88be2a0d,918ff9d62546489fa986,aa7252a58f41161c17c3,bps_tpb_2024,1,observation_materializes_cell
edge:003e511f73be7605886b,2a2a745df8799e0a4bfe,918ff9d62546489fa986,b132d2fab33291e0733e,bps_webapi,3,observation_materializes_cell
edge:74f7dab6115e9a131496,bcb3f402324d3666ad2e,919c9a41acdf45df0468,aa7252a58f41161c17c3,bps_tpb_2024,1,observation_materializes_cell
edge:4ea37ec73227d9ba89aa,7389b32b4116ce048e51,919c9a41acdf45df0468,b132d2fab33291e0733e,bps_webapi,3,observation_materializes_cell
edge:0f904b75244c8be9d665,743f8f0488ad20fba57a,919ea9726eca1d3ca20f,7ba29f3a45abe1301651,bps_webapi,4,observation_materializes_cell
edge:15834870760b504677b6,cee9f97ab23037655837,91b8bb295f9cf2181938,7ba29f3a45abe1301651,bps_webapi,4,observation_materializes_cell
edge:7ecb6f3051f7bc8a9a36,2a5295623ca13bda059c,91c29324b161e34e467b,7ba29f3a45abe1301651,bps_webapi,4,observation_materializes_cell
edge:d66dbad24997e3cfe111,de0108f7c0038f0a414b,91c29324b161e34e467b,aa7252a58f41161c17c3,bps_tpb_2024,1,observation_materializes_cell
edge:ae71a95719dc7fef5ddc,7bc2490504257bee800c,91d1a8fe6e270e8e6a94,7ba29f3a45abe1301651,bps_webapi,4,observation_materializes_cell
edge:031db42e28309595d2a9,e14db62d2a8816e9346c,91d1a8fe6e270e8e6a94,aa7252a58f41161c17c3,bps_tpb_2024,1,observation_materializes_cell
edge:dd28d6e0f2d442d40b7d,d611856c3c61c2419c71,91d544c3458075d7fb7e,7ba29f3a45abe1301651,bps_webapi,4,observation_materializes_cell
edge:9e31d4509d7fea126632,a567e05de6839dafc6e4,91d69a5e1dcb3f57f736,7ba29f3a45abe1301651,bps_webapi,4,observation_materializes_cell
edge:f94ef48be0536655cde7,b58eecf10a2637f656cb,91d71a779a47db1c23e2,7ba29f3a45abe1301651,bps_webapi,4,observation_materializes_cell
edge:58dcd17f2a4b8b9ec76f,aec0adeb84ad046f7975,91d95763b856be87b5bb,7ba29f3a45abe1301651,bps_webapi,4,observation_materializes_cell
edge:3af0bfb31a045cce5a38,058587541d7b38f0b581,91d97f15704c86b9613e,7ba29f3a45abe1301651,bps_webapi,4,observation_materializes_cell
edge:0c26a00e16b2a712ec5c,569aae3c0ef0bbc99c7c,91d97f15704c86b9613e,9ab2011a3892edfac889,bps_tpb_2025,2,observation_materializes_cell
edge:d9db150ebd31e5bd9bd7,9405d8905834e4250e7c,91d97f15704c86b9613e,aa7252a58f41161c17c3,bps_tpb_2024,1,observation_materializes_cell
edge:f91c7aa6a11232230456,ab5590b84ad907a5e013,91db1894dd1c8f5475ce,7ba29f3a45abe1301651,bps_webapi,4,observation_materializes_cell
edge:5c409841235b2bac1ef0,1ffa74da76b42cf44cfc,91e403fcfb5b79c94ce2,7ba29f3a45abe1301651,bps_webapi,4,observation_materializes_cell
edge:1e0b4dd27933e4ff016a,909a02e7af7aae2f4443,91f043312a017b7ac698,7ba29f3a45abe1301651,bps_webapi,4,observation_materializes_cell
edge:f55a955b27759c2b4b7b,3339f9735570237ad4b6,91fdbe08b181b6779397,7ba29f3a45abe1301651,bps_webapi,4,observation_materializes_cell
edge:8f21628403f0bae11227,99aed20b91a063ab4641,920af18d2ccfc8aa4658,7ba29f3a45abe1301651,bps_webapi,4,observation_materializes_cell
edge:37695feb30c939cdcca3,7bc1b9f1dcc4e2473047,920af18d2ccfc8aa4658,aa7252a58f41161c17c3,bps_tpb_2024,1,observation_materializes_cell
edge:1afdc6e5bb632cbf247d,b2015f38f5d3329c2ef3,922bd996db43ff68a2a9,7ba29f3a45abe1301651,bps_webapi,4,observation_materializes_cell
edge:ed5a01cd8c7a195f5ff0,aee5c24185f3d03927e6,922cba0e415242d73e27,7ba29f3a45abe1301651,bps_webapi,4,observation_materializes_cell
edge:707f44758a952caa2469,e1f4633773c12ed91f87,922f1ef6971bdba3c131,aa7252a58f41161c17c3,bps_tpb_2024,1,observation_materializes_cell
edge:154d9cad02dcd287f9e5,3c303560dec175910807,922f1ef6971bdba3c131,b132d2fab33291e0733e,bps_webapi,3,observation_materializes_cell
edge:240293a892141a786657,143933aac9417950a85f,9232779ad75265f96dc9,7ba29f3a45abe1301651,bps_webapi,4,observation_materializes_cell
edge:33046805ae02962a356c,b206bdd606050cc92ba0,923b3dd05b60268058fc,7ba29f3a45abe1301651,bps_webapi,4,observation_materializes_cell
edge:0f6358d50163c0fc4520,84873bac43211f3aab2c,924a0e291b2300624280,7ba29f3a45abe1301651,bps_webapi,4,observation_materializes_cell
edge:fa19e10b7795f11453db,14bca75f6980066d743d,9257fe042ff5c8153265,7ba29f3a45abe1301651,bps_webapi,4,observation_materializes_cell
edge:91bd57add6331736c06a,40ec78468b7856929539,927cfb11f3120ec3ad03,7ba29f3a45abe1301651,bps_webapi,4,observation_materializes_cell
edge:a3b4d096c7040b70d4b2,6f6806935250afef3869,928864af57129ab230b1,7ba29f3a45abe1301651,bps_webapi,4,observation_materializes_cell
edge:84737b673b936574a456,d93eaa49f13921dec496,9289b63f29bbb5060247,7ba29f3a45abe1301651,bps_webapi,4,observation_materializes_cell
edge:68c3f5dc1f85b2e35675,39fafe3f4ffbaff69bf4,9299c09313af856f7562,7ba29f3a45abe1301651,bps_webapi,4,observation_materializes_cell
edge:d299818abc271fedbbe9,bc7e20ac8b71fb46b570,92a6790219fbe4bc894e,7ba29f3a45abe1301651,bps_webapi,4,observation_materializes_cell
edge:bec7a5dec9061d17267f,dd548c5b6ffd1b7f005e,92af183e46db4d8e054f,7ba29f3a45abe1301651,bps_webapi,4,observation_materializes_cell
edge:209dd496d1e88faf868f,8b5d935e1247461ed522,92c0657b3ce8c9a1f491,7ba29f3a45abe1301651,bps_webapi,4,observation_materializes_cell
edge:52bdbe7e7fdf5fdc58a7,3cad1d5f63089eba42cf,92c29a27de1e08dbb71c,7ba29f3a45abe1301651,bps_webapi,4,observation_materializes_cell
edge:c9a0fa5622d40b6a9d0e,e6480ba3b3c453e894ae,92ca6ed8d34ffc7d6667,7ba29f3a45abe1301651,bps_webapi,4,observation_materializes_cell
edge:4242a95410c394c87f5c,3fb087ea346d3beea94d,92daba09569ffb183df0,7ba29f3a45abe1301651,bps_webapi,4,observation_materializes_cell
edge:82b7f072e8186cbcd25d,ed70e25201d3916eee39,92e54e65d778411fe753,7ba29f3a45abe1301651,bps_webapi,4,observation_materializes_cell
edge:2e2b685e4660413a265f,a68e88607c133f5a4021,92f5bffecb68c664436c,7ba29f3a45abe1301651,bps_webapi,4,observation_materializes_cell
edge:1f35d1fb8d926636124f,160e33d1d3919106cc73,92fe1c1f7c9cf0bc5479,7ba29f3a45abe1301651,bps_webapi,4,observation_materializes_cell
edge:6849414134d1c31853a9,92c633e824fe87de88b9,93048a30aa9b0d17d45f,7ba29f3a45abe1301651,bps_webapi,4,observation_materializes_cell
edge:7902336ed372cab500ac,88d67d6a5591e03e566f,932480995b9812c03753,aa7252a58f41161c17c3,bps_tpb_2024,1,observation_materializes_cell
edge:99c3d9378574c2532204,58d9ffb8f6008b7a5d59,932480995b9812c03753,b132d2fab33291e0733e,bps_webapi,3,observation_materializes_cell
edge:ed8580756914be7711c9,7bc538008c8e9163f99e,935091b4043d609937d2,7ba29f3a45abe1301651,bps_webapi,4,observation_materializes_cell
edge:12dcc1922da8aa211064,d03607e2fafa4e1e535f,9353c563793a3020f6f2,7ba29f3a45abe1301651,bps_webapi,4,observation_materializes_cell
edge:250a5794e1d5ed2490db,da3d314e4b5df593f5e0,93683d4bbe55c6920384,7ba29f3a45abe1301651,bps_webapi,4,observation_materializes_cell
edge:70740d1276615910848d,af23a64ccf88a06a2bcb,936f5862445bbd160e6d,7ba29f3a45abe1301651,bps_webapi,4,observation_materializes_cell
edge:bdcb3b786db9c43f6696,1f09b0afa469a8ec3fea,937d082f9fa66e47fe95,7ba29f3a45abe1301651,bps_webapi,4,observation_materializes_cell
edge:57e8c1cb73362a2bc9d8,3e21e0a469ca759cf289,9385f7126fcf2b93d5c2,7ba29f3a45abe1301651,bps_webapi,4,observation_materializes_cell
edge:21a3f76244d87ced7a57,d3724e3263e39a9dbd87,9386a1c6a9d6c407f337,7ba29f3a45abe1301651,bps_webapi,4,observation_materializes_cell
edge:f910e5f4c948c80a7077,cacabd4ca74b2b928157,9386a1c6a9d6c407f337,aa7252a58f41161c17c3,bps_tpb_2024,1,observation_materializes_cell
edge:5c91419efb0c1404c3cf,525c542f691b3c2d4137,939185f20540be78f115,7ba29f3a45abe1301651,bps_webapi,4,observation_materializes_cell
edge:16abd18241cf5b94959a,7c3be38e00a99d556914,939185f20540be78f115,aa7252a58f41161c17c3,bps_tpb_2024,1,observation_materializes_cell
edge:7adcc22cba864c05a076,921f3765f9aefd04bf8c,939228a9534f0183fbec,7ba29f3a45abe1301651,bps_webapi,4,observation_materializes_cell
edge:85c34dbb093893d29b36,924cad124022ea6a7303,939228a9534f0183fbec,aa7252a58f41161c17c3,bps_tpb_2024,1,observation_materializes_cell
edge:79162725f7f191174669,a1f129575111f0b8e936,93a97d8b1652b86e8507,7ba29f3a45abe1301651,bps_webapi,4,observation_materializes_cell
edge:cddf38ac9370792a9471,ecbbd5bb61b5647d0646,93b99381cbe8e4c468d6,7ba29f3a45abe1301651,bps_webapi,4,observation_materializes_cell
edge:2e4199dc4ef17ef87281,9ffecbc896fa9bec2ba6,93c8e75c68b5f8458290,7ba29f3a45abe1301651,bps_webapi,4,observation_materializes_cell
edge:0c9c1c040023f310933f,51ac58e38e4e492022dd,93ce68a45f0edad41402,7ba29f3a45abe1301651,bps_webapi,4,observation_materializes_cell
edge:6c0c7670093f527a8cd3,900e96dabf2a45543a28,93cf1a2edf7ad6ebb2d3,7ba29f3a45abe1301651,bps_webapi,4,observation_materializes_cell
edge:fc2b5559afe4c3d73533,6f2225cb237a2241a262,93d4f7feb6c28c133d00,7ba29f3a45abe1301651,bps_webapi,4,observation_materializes_cell
edge:523bb14c143e855ea459,3af0ed9d270518bb5411,93eb5812c82a6188420e,7ba29f3a45abe1301651,bps_webapi,4,observation_materializes_cell
edge:24440c3e0cfc975de21d,7cc8c7657c129578b2cc,93fed3b38f492447f3fc,7ba29f3a45abe1301651,bps_webapi,4,observation_materializes_cell
edge:dd5463ad9c14940ef5d6,3347ada4e70dea418072,93fed3b38f492447f3fc,aa7252a58f41161c17c3,bps_tpb_2024,1,observation_materializes_cell
edge:2c350df76612d3205e4c,1d2ad56e8dfcc6fbc8f8,941200e9e7d70bd2e4a9,aa7252a58f41161c17c3,bps_tpb_2024,1,observation_materializes_cell
edge:c2e087ae96dd685b11a5,26279a963e9ef6cd3a51,941200e9e7d70bd2e4a9,b132d2fab33291e0733e,bps_webapi,3,observation_materializes_cell
edge:f921ccf93a85ff882a0e,f567e445299961a4d459,9413fdc82d9711ba9886,7ba29f3a45abe1301651,bps_webapi,4,observation_materializes_cell
edge:d10e9753c1ab3b03e547,06b96e549d888deb6bda,942e478b82f18e084a7f,7ba29f3a45abe1301651,bps_webapi,4,observation_materializes_cell
edge:8ab7c7f9c9e434e99c7a,23bc74ea221a13c25f4d,94317f8f84ca8c3c2ad8,7ba29f3a45abe1301651,bps_webapi,4,observation_materializes_cell
edge:43c78be32ff0546047d2,7ddf3aca5ef76c1da71c,944151e4cea22ffa6a72,7ba29f3a45abe1301651,bps_webapi,4,observation_materializes_cell
edge:3ebed90da2550caa4f63,56522ec96e7a4b522c65,944151e4cea22ffa6a72,9ab2011a3892edfac889,bps_tpb_2025,2,observation_materializes_cell
edge:618ac72a09918fadcd5c,4421e94e6a2d2389012a,944151e4cea22ffa6a72,aa7252a58f41161c17c3,bps_tpb_2024,1,observation_materializes_cell
edge:166bd1f3a525ed89f922,c6ed0c2b0a009dbaf66a,944a2c6c87b29bb0870d,7ba29f3a45abe1301651,bps_webapi,4,observation_materializes_cell
edge:c0d901fa122f13e77c2a,721023be9f6217200374,944a2d47ce947b4da0f8,aa7252a58f41161c17c3,bps_tpb_2024,1,observation_materializes_cell
edge:629055243d1b4805a402,9450f88f83e69adfabcb,944a2d47ce947b4da0f8,b132d2fab33291e0733e,bps_webapi,3,observation_materializes_cell
edge:0115f25a701c3ac5c3ae,81fea24c0ecf45497041,944ffb9035190e6ff533,7ba29f3a45abe1301651,bps_webapi,4,observation_materializes_cell
edge:765fa35003a2847c1646,1b5441d2701117f076b4,9462127e5273f99ebfd4,7ba29f3a45abe1301651,bps_webapi,4,observation_materializes_cell
edge:708664b958641b8a6eaf,d3aa56273aead768e53c,94651a48df17d3b56a1b,7ba29f3a45abe1301651,bps_webapi,4,observation_materializes_cell
edge:81c8fc1b2773bcd9d000,6fbf4aae1b9a6de0051a,94651a48df17d3b56a1b,aa7252a58f41161c17c3,bps_tpb_2024,1,observation_materializes_cell
edge:047c3bee3250e796c6be,3ba354b6413b333cefb2,946aa6815aefbeb9d862,7ba29f3a45abe1301651,bps_webapi,4,observation_materializes_cell
edge:d6761af063f754671c6d,7a31d03f408f1ee5c2ca,947c2056a8ece26f4f59,aa7252a58f41161c17c3,bps_tpb_2024,1,observation_materializes_cell
edge:e138856497a8495b4779,4d8ab831ace6347987ad,947c2056a8ece26f4f59,b132d2fab33291e0733e,bps_webapi,3,observation_materializes_cell
edge:c3ec3cc36a45a9f1db43,339f811cefd933d4681c,947e0b0f8516677f4029,7ba29f3a45abe1301651,bps_webapi,4,observation_materializes_cell
edge:d9f45733c4cb9933c8f1,2d4fd04769ad03149231,947e32ffe1c8424befd0,7ba29f3a45abe1301651,bps_webapi,4,observation_materializes_cell
edge:49ca2c3ca5d3705c3963,71d972c5916c64dbf901,947ef5c73b39e3dc435f,7ba29f3a45abe1301651,bps_webapi,4,observation_materializes_cell
edge:946ddbb24633173aefab,86738fe7a7716b41ac98,948e1e70f50c0d3993b7,7ba29f3a45abe1301651,bps_webapi,4,observation_materializes_cell
edge:27eb5dab4df5a866fd29,501c3e2063b86fce44a8,948e26aba1eeab239c27,aa7252a58f41161c17c3,bps_tpb_2024,1,observation_materializes_cell
edge:579583e6fc50b6990bdb,bae48b244584e24b1d9d,948e26aba1eeab239c27,b132d2fab33291e0733e,bps_webapi,3,observation_materializes_cell
edge:0f74141269ddcd99ab2d,fe9bd36d1f65acff3964,94992e11711ef4f286ef,7ba29f3a45abe1301651,bps_webapi,4,observation_materializes_cell
edge:f5cf0a9630eee290e78a,29f0b1382881353b3a92,949bde09ab6c15fa362f,7ba29f3a45abe1301651,bps_webapi,4,observation_materializes_cell
edge:c5af356afecece105a3e,f5cb3aca38be04e5b112,94a58b80965f88f4f112,7ba29f3a45abe1301651,bps_webapi,4,observation_materializes_cell
edge:42467915aae23bc539b5,10e5a9bfa172ae90f2cf,94a916d927777b42eb0e,aa7252a58f41161c17c3,bps_tpb_2024,1,observation_materializes_cell
edge:548cdd49ae340169c068,6b4860ee915149ceacc0,94a916d927777b42eb0e,b132d2fab33291e0733e,bps_webapi,3,observation_materializes_cell
edge:e018b1ec955a8201c0f2,0eea9675633446f6c338,94b1d817d8691617284c,7ba29f3a45abe1301651,bps_webapi,4,observation_materializes_cell
edge:a63a63b82183785abdb5,b0d8293618c9d1ff0460,94b6f79d16ec031d0faa,aa7252a58f41161c17c3,bps_tpb_2024,1,observation_materializes_cell
edge:1c254c8473b3da093cd9,76c48014369d8e34bde3,94b6f79d16ec031d0faa,b132d2fab33291e0733e,bps_webapi,3,observation_materializes_cell
edge:7695d85255fe2293aebf,fa58cc0b2e141a0099d0,94ba73e2e07795d691bc,7ba29f3a45abe1301651,bps_webapi,4,observation_materializes_cell
edge:88363e73247f8a5356ef,34a615a780612fed44fa,94c8c090754def038ed8,7ba29f3a45abe1301651,bps_webapi,4,observation_materializes_cell
edge:abbcf7a6cf37b5c88a36,68c85d9607f92eb41e29,94cf2db07902a852b96d,7ba29f3a45abe1301651,bps_webapi,4,observation_materializes_cell
edge:727e70434254fca7c1f3,7348da41c8626512fdf2,94dbd85c37b0dc849d6d,7ba29f3a45abe1301651,bps_webapi,4,observation_materializes_cell
edge:500699df9eca98d162a4,f48775c61334362421de,94dd99190afa77fa612c,7ba29f3a45abe1301651,bps_webapi,4,observation_materializes_cell
edge:e6e0464d4ca3dda3f840,4377c0b182e9c05ef8c0,94dd99190afa77fa612c,aa7252a58f41161c17c3,bps_tpb_2024,1,observation_materializes_cell
edge:891fb257b99ae8cc607b,f5792021046800daded6,94df953f389e81ba6afa,7ba29f3a45abe1301651,bps_webapi,4,observation_materializes_cell
edge:321daa22fa79a65d4b00,46f55bab3c81ad117271,94e258b334e3f1f677e7,7ba29f3a45abe1301651,bps_webapi,4,observation_materializes_cell
edge:bdd1b197a0bc1df9e275,1efa6803c3d4a3343430,94eb01bbfa70d6b4065d,aa7252a58f41161c17c3,bps_tpb_2024,1,observation_materializes_cell
edge:21b2a8ec143bdf301634,2ea3d8c7d2a61a36db7d,94eb01bbfa70d6b4065d,b132d2fab33291e0733e,bps_webapi,3,observation_materializes_cell
edge:0276534d2ae3a8a9a932,c4672ba8e7a36bc568cc,95035dcba55ddd8f2beb,7ba29f3a45abe1301651,bps_webapi,4,observation_materializes_cell
edge:8e8f0debec8beccae2c9,6f98da1bb5ccd646deed,951b47098fdbdea6c4d6,aa7252a58f41161c17c3,bps_tpb_2024,1,observation_materializes_cell
edge:c87a53e2be6587c67777,4b338525af2227323861,951b47098fdbdea6c4d6,b132d2fab33291e0733e,bps_webapi,3,observation_materializes_cell
edge:6c6ccb05af18b9b52a72,313ce7e4b099c2dfe808,951b9310cdef5afe164e,7ba29f3a45abe1301651,bps_webapi,4,observation_materializes_cell
edge:3d81d2208799f0c156d2,d8eaf8db6b976f7fe234,95398770b47a6eb71c50,7ba29f3a45abe1301651,bps_webapi,4,observation_materializes_cell
edge:cd3badc69ee28d805d69,a04a3ead56d12e779be6,9546168784f9d22e8094,7ba29f3a45abe1301651,bps_webapi,4,observation_materializes_cell
edge:15888187aa45f8c5673c,4c15f257bd6b0cc9c291,9555ea58ae9600c07a01,7ba29f3a45abe1301651,bps_webapi,4,observation_materializes_cell
edge:e6162e53c5ae632f2623,0f925ff84ff4ce37624b,9555ea58ae9600c07a01,aa7252a58f41161c17c3,bps_tpb_2024,1,observation_materializes_cell
edge:ff96fe7578bc1cbf8096,bb690fc0b735dbb97a10,9556cfb8ddac7ef57484,7ba29f3a45abe1301651,bps_webapi,4,observation_materializes_cell
edge:19800cd54653a871c83e,37b152f9e91317710f31,9573600f6e8b49cd10af,7ba29f3a45abe1301651,bps_webapi,4,observation_materializes_cell
edge:caf51973659ee96d69c8,3c5f696e45a97671075a,958f78aa61ee72430392,7ba29f3a45abe1301651,bps_webapi,4,observation_materializes_cell
edge:bc8e8422004bc64fe595,537c15502ee0c36926c1,9598082a650b8cbf9668,7ba29f3a45abe1301651,bps_webapi,4,observation_materializes_cell
edge:457341b7c660296e9f84,712608e98d08beb35681,959c4f64d930636959d8,7ba29f3a45abe1301651,bps_webapi,4,observation_materializes_cell
edge:46d40b0c999f29f99cc6,b8d40ba336eb76a5b4d7,959dc92ce56c77d7bbd5,7ba29f3a45abe1301651,bps_webapi,4,observation_materializes_cell
edge:16ae571c0a9efa27d3eb,045ed34feb991f21ebfd,95bf591ae97b3957aa5e,7ba29f3a45abe1301651,bps_webapi,4,observation_materializes_cell
edge:381778b033939ac8d32b,76701af1278257d63225,95bf591ae97b3957aa5e,aa7252a58f41161c17c3,bps_tpb_2024,1,observation_materializes_cell
edge:fe91dec5fab5010147b9,fc30145e2d57ae049ede,95c15177775064fbd1e1,aa7252a58f41161c17c3,bps_tpb_2024,1,observation_materializes_cell
edge:11a04616eebe52f1ada8,8c1e65b5bfcf91959d63,95c15177775064fbd1e1,b132d2fab33291e0733e,bps_webapi,3,observation_materializes_cell
edge:b721c7f0e359220a37d5,aab110859170d6f2fea7,95ce489d28ae2ef9c6e3,7ba29f3a45abe1301651,bps_webapi,4,observation_materializes_cell
edge:8c3e2d38bbbff98bb1e8,06a26e28ca917f43b088,95cf9463151f703db4c2,aa7252a58f41161c17c3,bps_tpb_2024,1,observation_materializes_cell
edge:648bcbd0c960da497238,6f9416c324aea31ff5d3,95cf9463151f703db4c2,b132d2fab33291e0733e,bps_webapi,3,observation_materializes_cell
edge:51ee1a13482c4225d77e,fd95a0b351b5e1dd1da9,95e79fa89bd27083bea9,7ba29f3a45abe1301651,bps_webapi,4,observation_materializes_cell
edge:395947ac262ff419cec0,7cf236872a68f826b37f,95e867310b10a3db6c61,7ba29f3a45abe1301651,bps_webapi,4,observation_materializes_cell
edge:aad4c43d17a31cae2572,be4c42e2fce95a6111f8,95f84e89adb63da33c1a,7ba29f3a45abe1301651,bps_webapi,4,observation_materializes_cell
edge:f491a6e5e69ef4aefa5f,5658679ada027a480d7a,95fea7c0c5f23bdfdf1f,7ba29f3a45abe1301651,bps_webapi,4,observation_materializes_cell
edge:c1084483a689313cfbb6,43cfc5d32cf543e18f1d,96062ea00c64325e9fdd,7ba29f3a45abe1301651,bps_webapi,4,observation_materializes_cell
edge:31b66dade9c5c1a118a7,2fae8ae2a0168a7b75ad,960829513501fed25fb9,7ba29f3a45abe1301651,bps_webapi,4,observation_materializes_cell
edge:f611810172417b586120,67fa444cce94b655d336,961e7ebb412ffc7339d4,7ba29f3a45abe1301651,bps_webapi,4,observation_materializes_cell
edge:7136dc93df5311478926,a343e4aba7bc2f7817a9,9627f4a1cfcd6b70e86d,7ba29f3a45abe1301651,bps_webapi,4,observation_materializes_cell
edge:8f5b2dd70a117c09845f,e3c7472dd1bebba946cb,9629d94bc42bbc00297f,aa7252a58f41161c17c3,bps_tpb_2024,1,observation_materializes_cell
edge:a2e051f157303ccb19c0,44d3a6ecb0776a8386a9,9629d94bc42bbc00297f,b132d2fab33291e0733e,bps_webapi,3,observation_materializes_cell
edge:e62bb39efe6f2faf30bf,098071791f2bab95527b,96311183972d1b8e190e,7ba29f3a45abe1301651,bps_webapi,4,observation_materializes_cell
edge:b9ce81e13bc617743eb0,b26a15a38f41cd48b767,964d4f80c3840cec013b,7ba29f3a45abe1301651,bps_webapi,4,observation_materializes_cell
edge:eaf6b51e045a4e82c999,e42ce2abc042ec308109,96528dc3af973a4b6bff,9ab2011a3892edfac889,bps_tpb_2025,2,observation_materializes_cell
edge:77a234789f0a4e357c4d,17f7b7f4550b0af62d32,96528dc3af973a4b6bff,aa7252a58f41161c17c3,bps_tpb_2024,1,observation_materializes_cell
edge:2112ba6e47d6d1b486d1,c642dd47d660601a0d98,965b02cd4bad4dc8ef3a,7ba29f3a45abe1301651,bps_webapi,4,observation_materializes_cell
edge:17ae2701ebe4140f3e2f,6c0178d29b85cc9cfb4b,967b7af2879544fc371f,7ba29f3a45abe1301651,bps_webapi,4,observation_materializes_cell
edge:c71ecd7f9220815b1a7e,d2c4a78aece6f1691833,9681f09c6a4fa544fddd,7ba29f3a45abe1301651,bps_webapi,4,observation_materializes_cell
edge:6eda8a03ca96326bbaec,bcafc6864a3e760a9774,9688d89a184475faad7f,aa7252a58f41161c17c3,bps_tpb_2024,1,observation_materializes_cell
edge:b565679050150b097c3e,f60d5e32075c00fbad4f,9688d89a184475faad7f,b132d2fab33291e0733e,bps_webapi,3,observation_materializes_cell
edge:83f06f2b3fd44b01af84,a0b9fb060a35667d24d8,96937dda15f989d10d4c,7ba29f3a45abe1301651,bps_webapi,4,observation_materializes_cell
edge:8eb5a8d3b025f5442953,63ae92995b1a244bbe7e,9694d3b1d099b3499fb7,7ba29f3a45abe1301651,bps_webapi,4,observation_materializes_cell
edge:bc7dbbf04f0fb0c76804,82ecb6b389dc2894c093,9694d3b1d099b3499fb7,aa7252a58f41161c17c3,bps_tpb_2024,1,observation_materializes_cell
edge:fa1d0e6dd51ae6f0547c,2b2fb426bb4d782de8d4,969c781916d479a2c559,7ba29f3a45abe1301651,bps_webapi,4,observation_materializes_cell
edge:b4021d6e8206dde5ad8c,937a31e12ced2b63c83a,969dd294c4c546626bce,aa7252a58f41161c17c3,bps_tpb_2024,1,observation_materializes_cell
edge:43d459aaf31dd94a462d,63db05482d70488e4067,969dd294c4c546626bce,b132d2fab33291e0733e,bps_webapi,3,observation_materializes_cell
edge:61dd6dc049d86a707d86,6d769e16cf17326d3b65,96a9db67ef7ee03dc4e1,7ba29f3a45abe1301651,bps_webapi,4,observation_materializes_cell
edge:73d99b82d991d9865ceb,47e1885bd9e5b62ec80d,96a9db67ef7ee03dc4e1,aa7252a58f41161c17c3,bps_tpb_2024,1,observation_materializes_cell
edge:a728efbdc4340c884e00,830d0b7efef62d66e1ac,96c065ede846d1d0126e,7ba29f3a45abe1301651,bps_webapi,4,observation_materializes_cell
edge:f98828da6ff59cc414b3,0ca569e3e09e6e945b76,96d46df5a7bb9ce9c51f,7ba29f3a45abe1301651,bps_webapi,4,observation_materializes_cell
edge:a14dc938f9e7cbb582ab,bf8a7bf9c082a5426327,96e17adf2ded8702b8c9,7ba29f3a45abe1301651,bps_webapi,4,observation_materializes_cell
edge:947505283a41246699e7,9d4015300d62b6e88763,96e17adf2ded8702b8c9,aa7252a58f41161c17c3,bps_tpb_2024,1,observation_materializes_cell
edge:e2c0e40761b56391802b,ab3eb3482c466e4fc6f9,96e2caa1d9d7c3f83fe7,7ba29f3a45abe1301651,bps_webapi,4,observation_materializes_cell
edge:4b049f8247b149d77e98,dedf21996fbe7b08fd20,96e2caa1d9d7c3f83fe7,aa7252a58f41161c17c3,bps_tpb_2024,1,observation_materializes_cell
edge:bf93ae58f273aff053c4,c69246e1b5d2b5304a82,96f4d85d54383f772a50,7ba29f3a45abe1301651,bps_webapi,4,observation_materializes_cell
edge:43c3c90554beb371d2e7,fd359a042ee50fa2ecfd,96f595fe315d693aa623,7ba29f3a45abe1301651,bps_webapi,4,observation_materializes_cell
edge:cec1055eff0843af7d11,0c9859197c258ca04c84,96fa8c1d074384bd699e,7ba29f3a45abe1301651,bps_webapi,4,observation_materializes_cell
edge:1104cf3e55691855bd3c,c3f05342f4bd8c472f7a,96fcd230ed63f492feb3,7ba29f3a45abe1301651,bps_webapi,4,observation_materializes_cell
edge:ad5d6bb658ae0a4851bf,ddb735f7867b53ea714e,9704a6fd8fd190de93ae,7ba29f3a45abe1301651,bps_webapi,4,observation_materializes_cell
edge:cfdb9fcc06a9eba413be,6f2666f843bc31c671ae,9706d0bf3c6f32397483,7ba29f3a45abe1301651,bps_webapi,4,observation_materializes_cell
edge:8937795ef97c170a5376,c54b016ecf6dc9e01ec4,97089c077a080360746f,7ba29f3a45abe1301651,bps_webapi,4,observation_materializes_cell
edge:d4960e8f98fea86c7917,cdaf5aabfe12485f22bd,970b5d2ed6759c100e7c,7ba29f3a45abe1301651,bps_webapi,4,observation_materializes_cell
edge:bdced1fbd4490e39a5ba,00d9f1b8d2a42ba3ae77,971e9d4debc5b44fb61c,7ba29f3a45abe1301651,bps_webapi,4,observation_materializes_cell
edge:ed986fc8bf3ddd6ee5c0,17e43a908122e81ba751,973057e11dbb667edc6d,aa7252a58f41161c17c3,bps_tpb_2024,1,observation_materializes_cell
edge:203a0055bb34db3391b6,009ab5b1c72fd6c9fcea,973057e11dbb667edc6d,b132d2fab33291e0733e,bps_webapi,3,observation_materializes_cell
edge:07454794ea5cb088fb02,688ae2dd17c9e0e59ca0,973c72580f2602f46e64,7ba29f3a45abe1301651,bps_webapi,4,observation_materializes_cell
edge:b9344d56dbef3ccc986f,b969a3435393d7a3b840,973f0c3cc6b70b13567f,aa7252a58f41161c17c3,bps_tpb_2024,1,observation_materializes_cell
edge:4eae799ae8fddb549dc2,ea7b1c268b6fb428d04c,973f0c3cc6b70b13567f,b132d2fab33291e0733e,bps_webapi,3,observation_materializes_cell
edge:23d9b5da1556dd7c058c,38caa50215b40645b341,97481b4a3f5d7ffa63a6,7ba29f3a45abe1301651,bps_webapi,4,observation_materializes_cell
edge:1b90597150eb322094d6,9372573ffd6b005a5a80,9748d4fe37ab6126c9bc,7ba29f3a45abe1301651,bps_webapi,4,observation_materializes_cell
edge:88e2fa85b3a68cbfbf2c,7f3b10bcf0999303422c,974ca6bff849700e48c9,7ba29f3a45abe1301651,bps_webapi,4,observation_materializes_cell
edge:86f03feec5ec02efd1c9,d12cac0f151ecb54ff62,97606d47d79322493199,7ba29f3a45abe1301651,bps_webapi,4,observation_materializes_cell
edge:e0850fae0411f771dd6a,dd77273d596805197c94,978267a5f199db29076a,7ba29f3a45abe1301651,bps_webapi,4,observation_materializes_cell
edge:7647eb273e31bb0db2d3,171f567e94333cac99d7,9784929c29b2408bf29a,aa7252a58f41161c17c3,bps_tpb_2024,1,observation_materializes_cell
edge:63459a3859abfa1400fd,da131001837be3327894,9784929c29b2408bf29a,b132d2fab33291e0733e,bps_webapi,3,observation_materializes_cell
edge:aa78db0fbfb67a1a7690,12187b6bd6de33e2c624,978addec623a727b42fc,7ba29f3a45abe1301651,bps_webapi,4,observation_materializes_cell
edge:f9878617d3bd170cd716,5bb55f25ae00b67b75f9,97929847b7c21e99c200,7ba29f3a45abe1301651,bps_webapi,4,observation_materializes_cell
edge:35f96a01433fe745157f,4a97c71b8316ad5e2486,979ab912bee229934c04,7ba29f3a45abe1301651,bps_webapi,4,observation_materializes_cell
edge:5e07943d9528d8cc7e8a,faf65bf015fe0df4b683,979ab912bee229934c04,aa7252a58f41161c17c3,bps_tpb_2024,1,observation_materializes_cell
edge:ffb3aabf774aa56e0be9,d16961b5ff67e4dd1ec3,97a422093efeb6409d4f,7ba29f3a45abe1301651,bps_webapi,4,observation_materializes_cell
edge:92e7bcfab4a36895a457,c17e0675137a091af431,97a556ff37d2440d9a79,aa7252a58f41161c17c3,bps_tpb_2024,1,observation_materializes_cell
edge:3d31659b19b2ccde8c15,6ea5c498c241cdd917ee,97a556ff37d2440d9a79,b132d2fab33291e0733e,bps_webapi,3,observation_materializes_cell
edge:256bd826c6e5f65fa550,81169f0426f9d85d3469,97b29f51608682632cfe,7ba29f3a45abe1301651,bps_webapi,4,observation_materializes_cell
edge:5a4e269c13c2c807d725,d428ac7b2038b0dab22c,97b758acfde764021f67,7ba29f3a45abe1301651,bps_webapi,4,observation_materializes_cell
edge:24473fc92d58abbe1895,aa000b1a90311f05fa34,97b8b6b641b5669e3675,aa7252a58f41161c17c3,bps_tpb_2024,1,observation_materializes_cell
edge:5b6a2871e8d36cd4df49,5b2ad4770cb7c4fa7b1d,97b8b6b641b5669e3675,b132d2fab33291e0733e,bps_webapi,3,observation_materializes_cell
edge:c0f0fea19a3a2c865814,cc28dde890e095532692,97b91391620663323ece,7ba29f3a45abe1301651,bps_webapi,4,observation_materializes_cell
edge:95fc668c5baa23680d56,a96a85fb0c3cd2a1f512,97c6611b1d09cb93bb08,7ba29f3a45abe1301651,bps_webapi,4,observation_materializes_cell
edge:cd8073783f997bb4efa8,676dfc79b10de5befc68,97d48a48f2a79dc5b0c7,7ba29f3a45abe1301651,bps_webapi,4,observation_materializes_cell
edge:9ddc9c7ee0609ebe7ee1,9ba6d44124c91d39f7e4,97d48a48f2a79dc5b0c7,aa7252a58f41161c17c3,bps_tpb_2024,1,observation_materializes_cell
edge:691cb36485d497cd0c15,888782f9d2e922e526d7,97e03b8d82366fa42e27,aa7252a58f41161c17c3,bps_tpb_2024,1,observation_materializes_cell
edge:60fc747a65108366a2ce,3c06b64a1c98ce8ffb6f,97e03b8d82366fa42e27,b132d2fab33291e0733e,bps_webapi,3,observation_materializes_cell
edge:0741873edf6b95fcd243,0d8c4b285029bc9af59a,97e05b51314a7e35669d,7ba29f3a45abe1301651,bps_webapi,4,observation_materializes_cell
edge:b2fc5d61455f3c537905,2d7dc6efd894289c5736,97e306c3115b6061dfd5,7ba29f3a45abe1301651,bps_webapi,4,observation_materializes_cell
edge:b994e3a9a533ce4553dc,816e3645cb1dac1df79c,980662c1b53d73018528,7ba29f3a45abe1301651,bps_webapi,4,observation_materializes_cell
edge:d5ac5c5d3db07359fe2c,95a0e4b9b75047de4eb1,98152dd465e77ae8513c,7ba29f3a45abe1301651,bps_webapi,4,observation_materializes_cell
edge:877cd186c892f1a3c214,8b775fd288b8f331de63,981ddd84f3a3e960b633,7ba29f3a45abe1301651,bps_webapi,4,observation_materializes_cell
edge:99c26d2db024ce37431c,d3412f7a9dcd872c8091,981e236b32bcc4fe644a,7ba29f3a45abe1301651,bps_webapi,4,observation_materializes_cell
edge:85eabd4a51f89b9d35bb,bafcfda846dd0110e898,981f7c6c9909f303b6f3,7ba29f3a45abe1301651,bps_webapi,4,observation_materializes_cell
edge:92330b32d0de62816044,d421893e4b29046453f0,98293656bd4baefdfbdd,7ba29f3a45abe1301651,bps_webapi,4,observation_materializes_cell
edge:4cedef78f9066399b510,9725cf0563e3425526e9,982b70f5b8fb7a8b3620,7ba29f3a45abe1301651,bps_webapi,4,observation_materializes_cell
edge:0096bbfad15170c7f62d,70db8712975181087c21,98377c3a0270812cd286,7ba29f3a45abe1301651,bps_webapi,4,observation_materializes_cell
edge:13c162507a878c9baf3f,f8549746d8e817a43b1b,98377c3a0270812cd286,aa7252a58f41161c17c3,bps_tpb_2024,1,observation_materializes_cell
edge:a7649f6ebf648d39f07f,21447b6c3c2dbbdf250d,9840c262116abcd1ecd9,7ba29f3a45abe1301651,bps_webapi,4,observation_materializes_cell
edge:fe93446111e2b2cd1a15,641eefe99973283aa18f,9845b1ca9bf824dfc3ef,7ba29f3a45abe1301651,bps_webapi,4,observation_materializes_cell
edge:0b1d6660126400ba4453,95fee99fa7d66db0f903,984c7dd15ff56a7e756b,aa7252a58f41161c17c3,bps_tpb_2024,1,observation_materializes_cell
edge:de51204003fb4a3dfeb4,b2c41e8564394f04f8af,984c7dd15ff56a7e756b,b132d2fab33291e0733e,bps_webapi,3,observation_materializes_cell
edge:1ec88f3e845353b7e40d,dd01645ad072efb34418,984fcc147d4da428bd30,7ba29f3a45abe1301651,bps_webapi,4,observation_materializes_cell
edge:19cf588e113d88f318b6,e7d4c852ef82c0434b47,984fcc147d4da428bd30,aa7252a58f41161c17c3,bps_tpb_2024,1,observation_materializes_cell
edge:cef863ebe8525f39daf7,68807f8701cf0e373773,9850b7976e4c702cdfe8,7ba29f3a45abe1301651,bps_webapi,4,observation_materializes_cell
edge:497c8ccae8363f47b0d4,adb665a27839b8be057c,9850b7976e4c702cdfe8,aa7252a58f41161c17c3,bps_tpb_2024,1,observation_materializes_cell
edge:a9ee1107c67612e59dc6,511201cf11cb35d628ad,98c82c2771062960a814,7ba29f3a45abe1301651,bps_webapi,4,observation_materializes_cell
edge:78eb916dc7da21f6edf1,d6354ba7a47c607281dc,98cb83721f06a2d0a441,7ba29f3a45abe1301651,bps_webapi,4,observation_materializes_cell
edge:98637b924fa8275e97ba,6636b46170843c5c5286,98d79994909911cdfc4e,7ba29f3a45abe1301651,bps_webapi,4,observation_materializes_cell
edge:0fb36803fb3708545e21,b6b912d43a36e0506892,991d56754d06f19a0980,7ba29f3a45abe1301651,bps_webapi,4,observation_materializes_cell
edge:2850a870fed8a46bee6b,589b7d15f9b288c6b2a4,9942c22afce12c59f224,7ba29f3a45abe1301651,bps_webapi,4,observation_materializes_cell
edge:443972e1a74df9d763ee,6f80e1fcd0cf62497c14,9948b99e1bfb55802fcb,aa7252a58f41161c17c3,bps_tpb_2024,1,observation_materializes_cell
edge:67f089ba0dfadd48d374,073f3665dc154f2d339f,9948b99e1bfb55802fcb,b132d2fab33291e0733e,bps_webapi,3,observation_materializes_cell
edge:afafd31b8a1b0684d4b5,ce2d51ce0ff9d811369e,994bc825ef2a6edfc05e,7ba29f3a45abe1301651,bps_webapi,4,observation_materializes_cell
edge:83ad1b63903af970f6b9,faf4bdfc184ce51671f7,996af96b98b15bf71f62,7ba29f3a45abe1301651,bps_webapi,4,observation_materializes_cell
edge:fa86df2cc66edcebc512,c33f7b3a0d97f2b8212f,9970cf07899282e42f64,7ba29f3a45abe1301651,bps_webapi,4,observation_materializes_cell
edge:9abfb7de69d422f8f80a,08a8b156f6d335fde4a3,9979a997734074a21ca3,7ba29f3a45abe1301651,bps_webapi,4,observation_materializes_cell
edge:8f292d8fc5eccb08c3bc,9ab10670de780a955fb7,9980a8976413c69f5261,7ba29f3a45abe1301651,bps_webapi,4,observation_materializes_cell
edge:188b39f0e4e4ca60bd9b,df7b278d37d68191ea40,9986c1b16528e6270e24,7ba29f3a45abe1301651,bps_webapi,4,observation_materializes_cell
edge:b7a0728e7dc94277441a,f0686f207d5b37a8e8b7,99a3b848ec38732eecb0,aa7252a58f41161c17c3,bps_tpb_2024,1,observation_materializes_cell
edge:40aacdd619bab2007c67,472765757360289241f6,99a3b848ec38732eecb0,b132d2fab33291e0733e,bps_webapi,3,observation_materializes_cell
edge:e79d5aa931734be46cb9,a8f04917037f028cc167,99ad298c1df2d4e53850,7ba29f3a45abe1301651,bps_webapi,4,observation_materializes_cell
edge:2d5c1f69e8c8600d2bd1,703efe9cd71d831a6fc1,99b34f81056aff2086a5,7ba29f3a45abe1301651,bps_webapi,4,observation_materializes_cell
edge:66860189d4dac9f81a70,80121d948a0e56fcc6a4,99bb5db1e02dc94dd11f,aa7252a58f41161c17c3,bps_tpb_2024,1,observation_materializes_cell
edge:24850e7101f8554c840f,61cb734f97eba996e118,99bb5db1e02dc94dd11f,b132d2fab33291e0733e,bps_webapi,3,observation_materializes_cell
edge:1969eef8131348c16981,7cc116c8d4c277632af0,99c1696e47391f2b32ab,7ba29f3a45abe1301651,bps_webapi,4,observation_materializes_cell
edge:1dfce8d10e755e3c2318,5af1ac17ea6c0838fe81,99c667bf90bfbbf9f528,aa7252a58f41161c17c3,bps_tpb_2024,1,observation_materializes_cell
edge:abb4d90ae8f13158f8bc,67f9727ce604f383544d,99c667bf90bfbbf9f528,b132d2fab33291e0733e,bps_webapi,3,observation_materializes_cell
edge:e9e2177ac4e8b818cbc8,241be935991f09a386b0,99cbb5a927628222a0ba,7ba29f3a45abe1301651,bps_webapi,4,observation_materializes_cell
edge:e7ddc5b2c292eac6e8a6,36b9eab8e11566a41ce0,99d4063a2b8f375a4c9c,7ba29f3a45abe1301651,bps_webapi,4,observation_materializes_cell
edge:cbbc6b0d18d9f3a016c6,cf82b62f492f03b5ff7e,99d8b68ec5cd183c8bfc,aa7252a58f41161c17c3,bps_tpb_2024,1,observation_materializes_cell
edge:fd4e1e10ff779534604f,8e99d03758f2c7c6ba30,99d8b68ec5cd183c8bfc,b132d2fab33291e0733e,bps_webapi,3,observation_materializes_cell
edge:a3ffde1e4199775a28b1,e87d778a77e732a431c0,99d998a36dd37911bbcb,7ba29f3a45abe1301651,bps_webapi,4,observation_materializes_cell
edge:d401e3ac8e37b2318e54,b7e65e47f6e8ac451618,99dbe64914b199de9832,7ba29f3a45abe1301651,bps_webapi,4,observation_materializes_cell
edge:950e09f832b8b8fbc4ad,1650abb4e9fcbe4634aa,99dbe64914b199de9832,aa7252a58f41161c17c3,bps_tpb_2024,1,observation_materializes_cell
edge:fd5da135fc6f4a97570c,262826f27a7b2e62e8a4,99de4e018f07b5a5f8b2,7ba29f3a45abe1301651,bps_webapi,4,observation_materializes_cell
edge:5617604cbcffbe45a58b,d76819bc6476b5ecc168,99df2d40b91b42616b03,aa7252a58f41161c17c3,bps_tpb_2024,1,observation_materializes_cell
edge:dfbafac8fe4246f62086,f2b4d3ef741c60e66aa6,99df2d40b91b42616b03,b132d2fab33291e0733e,bps_webapi,3,observation_materializes_cell
edge:375e79a37563b6382932,71763900b4b0a1bc80ec,99f0ce8da181fe87bb8d,7ba29f3a45abe1301651,bps_webapi,4,observation_materializes_cell
edge:4b2c16e5a64d62109cd6,f9ef019a0b1dbd41e32b,99f4641388a6cfee4fa2,7ba29f3a45abe1301651,bps_webapi,4,observation_materializes_cell
edge:4f40768c57a245280978,bb0536f3803b0e55f237,99f94acce0fa5b546ff2,7ba29f3a45abe1301651,bps_webapi,4,observation_materializes_cell
edge:c5a230c4e4fff8c8adbf,f630e1fa69f7e35f8da6,99fd2b6af33a5a3e6fb6,7ba29f3a45abe1301651,bps_webapi,4,observation_materializes_cell
edge:773811f906c16a4547aa,44009651da3f9ad8a227,99fd2b6af33a5a3e6fb6,aa7252a58f41161c17c3,bps_tpb_2024,1,observation_materializes_cell
edge:745a11c4780fe3525bd9,50c04ace718bcdfb085a,99fd6a56f9512d2fc84d,7ba29f3a45abe1301651,bps_webapi,4,observation_materializes_cell
edge:694f2e10ddbe945e6359,803f7a3de5897714eccf,9a06e530650404e9ff3c,aa7252a58f41161c17c3,bps_tpb_2024,1,observation_materializes_cell
edge:277279ff4d0346c37641,b715e8786c7f270b0853,9a06e530650404e9ff3c,b132d2fab33291e0733e,bps_webapi,3,observation_materializes_cell
edge:2d79c97500b62a52f73b,e52a90830a1281621385,9a0d0e64835c994aa87f,7ba29f3a45abe1301651,bps_webapi,4,observation_materializes_cell
edge:46066bdf00b5fe78b62f,3517a0341f3224493fa4,9a1cba62a39c40d2c8c7,7ba29f3a45abe1301651,bps_webapi,4,observation_materializes_cell
edge:751f44123d95961329cb,8bb84ff771d364308c74,9a22d043a31cab5acd66,7ba29f3a45abe1301651,bps_webapi,4,observation_materializes_cell
edge:4f9ed3771d9be8f61d73,04d6317f26e5a6cbed07,9a29d6dd196292053ca9,7ba29f3a45abe1301651,bps_webapi,4,observation_materializes_cell
edge:9a617573e7135cd92803,000da16709110011930c,9a31a9bca72236754b90,7ba29f3a45abe1301651,bps_webapi,4,observation_materializes_cell
edge:5d8fd9aee3d96b0a61aa,61cf939480bdc867727c,9a439c60215c6fd46da9,7ba29f3a45abe1301651,bps_webapi,4,observation_materializes_cell
edge:041d8013145a443ec94f,68baafb6d1ea0835c6f6,9a439c60215c6fd46da9,aa7252a58f41161c17c3,bps_tpb_2024,1,observation_materializes_cell
edge:a05a53b1b4f809f0c073,b0459981710901d588bb,9a4f1d656de8b245cd73,aa7252a58f41161c17c3,bps_tpb_2024,1,observation_materializes_cell
edge:06d14c4c82bdf3bb4f61,b3e19792283465301793,9a4f1d656de8b245cd73,b132d2fab33291e0733e,bps_webapi,3,observation_materializes_cell
edge:ca315a90c08dbba5e617,c43b9318bcbf50c4c99f,9a52aefe45a551d0f7f2,7ba29f3a45abe1301651,bps_webapi,4,observation_materializes_cell
edge:400cd2e072df3497054a,743de54d978f5ee124b8,9a588265096a7e239221,7ba29f3a45abe1301651,bps_webapi,4,observation_materializes_cell
edge:e89ba66d2447d1d736ba,44c06e6491ca04bf75f0,9a6119aabc36918793a5,7ba29f3a45abe1301651,bps_webapi,4,observation_materializes_cell
edge:c80a30f67ffef4f4e659,a224d88fb239241c835b,9a6792ea9410cf004455,7ba29f3a45abe1301651,bps_webapi,4,observation_materializes_cell
edge:bb9290df42c77e189d74,3b3fa0f0ed9b975cfedf,9a6792ea9410cf004455,aa7252a58f41161c17c3,bps_tpb_2024,1,observation_materializes_cell
edge:8969447eb0cfc3ba100e,616d06a68f9d5e3d5862,9a77c861d6636794db4a,7ba29f3a45abe1301651,bps_webapi,4,observation_materializes_cell
edge:9735e3c2b5a373866f8b,749551b66478dbeb0a46,9a77c861d6636794db4a,aa7252a58f41161c17c3,bps_tpb_2024,1,observation_materializes_cell
edge:52ec8214ee30f20e3322,af68828eba8b5a9a0a75,9a83b9d46aa7a65864d7,7ba29f3a45abe1301651,bps_webapi,4,observation_materializes_cell
edge:babd139a8f0c92e009d7,ed2e3a10d1d2b6c32ffe,9a9274cbcf38ec24e15f,7ba29f3a45abe1301651,bps_webapi,4,observation_materializes_cell
edge:74f217f8ad9566673017,2825517b200997e8407c,9aa7c4b9fa3f6227962f,7ba29f3a45abe1301651,bps_webapi,4,observation_materializes_cell
edge:bccf7728aafc68d6ef08,dbdda0220f0bf394d627,9ab032e69b4ec691fb10,aa7252a58f41161c17c3,bps_tpb_2024,1,observation_materializes_cell
edge:a38b8570744a8caa0f2a,1b048f45d29f1db35c3c,9ab032e69b4ec691fb10,b132d2fab33291e0733e,bps_webapi,3,observation_materializes_cell
edge:b4f0979e1ec7aeda1ee8,e244c9b1de127c0754e4,9ab351a177fb3e55be63,7ba29f3a45abe1301651,bps_webapi,4,observation_materializes_cell
edge:e3954f527c5708d123fb,407354a06f5cce3f7cae,9acf600980fdea5a4974,aa7252a58f41161c17c3,bps_tpb_2024,1,observation_materializes_cell
edge:b8e7f705f677234f5f5a,bdeda5a904f7025ddc5a,9acf600980fdea5a4974,b132d2fab33291e0733e,bps_webapi,3,observation_materializes_cell
edge:6388486a91cc7b0c4110,94c1b65b6317d5a455f5,9ad796cc442b365d8e10,7ba29f3a45abe1301651,bps_webapi,4,observation_materializes_cell
edge:be5731baa5a8f444bfea,84c941bfcc7cd2d95887,9afdb7c8f94c48f2b19b,7ba29f3a45abe1301651,bps_webapi,4,observation_materializes_cell
edge:e04c7e499a8fbe52892c,bcfc3f6761be0b104af4,9b019c1c748b2b65299e,aa7252a58f41161c17c3,bps_tpb_2024,1,observation_materializes_cell
edge:767766662a7c8079bd1e,daec0ba32c89e7182f6e,9b019c1c748b2b65299e,b132d2fab33291e0733e,bps_webapi,3,observation_materializes_cell
edge:14c91d59d4ff74f228f0,c9c728c081a5f8903afb,9b03ef3406117cb73709,aa7252a58f41161c17c3,bps_tpb_2024,1,observation_materializes_cell
edge:d8cb667f13c60df18127,9512cad7065261d9952e,9b03ef3406117cb73709,b132d2fab33291e0733e,bps_webapi,3,observation_materializes_cell
edge:d347baea2f4eca216ec0,df57a3b39c29a46f0a19,9b0b9a1e4343e0a8a12a,7ba29f3a45abe1301651,bps_webapi,4,observation_materializes_cell
edge:d67a61ade432cbc81a8c,7848eb277f508b0bc99b,9b2a7d979f9d6b28bb03,aa7252a58f41161c17c3,bps_tpb_2024,1,observation_materializes_cell
edge:0556b11cdfac334b8bc4,14f42a6502cbe62a2428,9b2a7d979f9d6b28bb03,b132d2fab33291e0733e,bps_webapi,3,observation_materializes_cell
edge:e7b9bd8032d6c76e988e,18643992c6c2f5527732,9b30271d116c607b9d8b,7ba29f3a45abe1301651,bps_webapi,4,observation_materializes_cell
edge:29ceb96407a54fa3dd7c,a1f64e56ff718e8cfa89,9b30c8dd6a0273a6eabf,7ba29f3a45abe1301651,bps_webapi,4,observation_materializes_cell
edge:c21e631a39725373d00e,b5ed9b4e584b96ac7af0,9b333c1a7bc9ed793bef,7ba29f3a45abe1301651,bps_webapi,4,observation_materializes_cell
edge:3b43a6726a7325f76c44,f9f5f20c784afb5339e4,9b361630fbd7648612ef,7ba29f3a45abe1301651,bps_webapi,4,observation_materializes_cell
edge:65c9c04c320057aa5b33,92cf3a31ba4b597a08a8,9b3b60207d30af6f9bd2,7ba29f3a45abe1301651,bps_webapi,4,observation_materializes_cell
edge:101c52ee6d1af64af545,fd4d46dfad537ff72c03,9b3de6709d9cd0cab1bd,7ba29f3a45abe1301651,bps_webapi,4,observation_materializes_cell
edge:82d72a27e979a59ea37b,74cbbc1c8f9dcf07cb44,9b452d6dc3d35f1154b4,7ba29f3a45abe1301651,bps_webapi,4,observation_materializes_cell
edge:5f1535683d36bd686699,d5c657787c8abe57a28c,9b48693996166615d13c,aa7252a58f41161c17c3,bps_tpb_2024,1,observation_materializes_cell
edge:026966d7b790626045fc,2f5eb12b8626ae2816f9,9b48693996166615d13c,b132d2fab33291e0733e,bps_webapi,3,observation_materializes_cell
edge:34ba812e950a2273b5d5,95a61d766cff381d6af5,9b5404445e90e8e0dce8,7ba29f3a45abe1301651,bps_webapi,4,observation_materializes_cell
edge:9aee66bde235f9611d5b,028fb3030d494a091481,9b5404445e90e8e0dce8,aa7252a58f41161c17c3,bps_tpb_2024,1,observation_materializes_cell
edge:45812c4170aaa65d411f,30ab527ab2405ed135d8,9b68b19599b1d8da5483,7ba29f3a45abe1301651,bps_webapi,4,observation_materializes_cell
edge:f8b789776aa747de7bbc,6980c1457df590d210d4,9b6da800f60a66336c98,7ba29f3a45abe1301651,bps_webapi,4,observation_materializes_cell
edge:aa59fef46d43c28ef752,f508aca97d5e9914b0f6,9b6da800f60a66336c98,aa7252a58f41161c17c3,bps_tpb_2024,1,observation_materializes_cell
edge:711b7737b9f644defcb9,62d40b75f0381dcf0748,9b7d3aa75b8ab2eb212f,7ba29f3a45abe1301651,bps_webapi,4,observation_materializes_cell
edge:a0d00751ee3ce96a0d6d,b50b6d4160aeca41c76a,9b8a468f55277989b90a,7ba29f3a45abe1301651,bps_webapi,4,observation_materializes_cell
edge:f31846edee0d9b8b4425,f57fd8e45e85573bbcaf,9b8d279955f049ded799,7ba29f3a45abe1301651,bps_webapi,4,observation_materializes_cell
edge:b677cbde4aed27e891db,0b991367373b8d3d5aaa,9b94230b4fff50bba775,7ba29f3a45abe1301651,bps_webapi,4,observation_materializes_cell
edge:799501eb242d0e815adb,020eafd59c12f8448a47,9b9f2688d5a0e0aa6582,7ba29f3a45abe1301651,bps_webapi,4,observation_materializes_cell
edge:a711db16957b0bddd300,ca3bfe178fcd235b7832,9ba448a58f736c04bbd0,7ba29f3a45abe1301651,bps_webapi,4,observation_materializes_cell
edge:8fa74909a1d0b3844b5e,2836c8828df479f23555,9ba4f178936a4c8752c9,7ba29f3a45abe1301651,bps_webapi,4,observation_materializes_cell
edge:858222bb4539a451e582,e29afd565cddc0d21145,9baa8297587bffb0d0a4,7ba29f3a45abe1301651,bps_webapi,4,observation_materializes_cell
edge:8a24fa84d20982641de4,cb2b00327970c8cc0237,9bb0e9e2a8f21412d326,7ba29f3a45abe1301651,bps_webapi,4,observation_materializes_cell
edge:f051ec60198bbba61ea6,d0d03499b48ba7f6d383,9bbdea62605768ecfab8,7ba29f3a45abe1301651,bps_webapi,4,observation_materializes_cell
edge:7b483e189e22b815d33a,4e40fac950c725fe3fd4,9bc20f4892a092e9ece3,7ba29f3a45abe1301651,bps_webapi,4,observation_materializes_cell
edge:8b0fca5708a6ed11f1bb,a12f4a0a4e1d44f3775b,9bd44ff8f8e520986143,7ba29f3a45abe1301651,bps_webapi,4,observation_materializes_cell
edge:a8a8bad1d18105a7efa1,5e4ad53ef01ad9f6ee1f,9be07704c92ebdd3cf48,7ba29f3a45abe1301651,bps_webapi,4,observation_materializes_cell
edge:5a5c378eee6250c247e7,eed1e84b5bf3a643707a,9be777b3d972ce128ef7,7ba29f3a45abe1301651,bps_webapi,4,observation_materializes_cell
edge:1241eea6fcaa3d56988c,5347102503f99d0c1764,9bf3f08a61d844712a2b,7ba29f3a45abe1301651,bps_webapi,4,observation_materializes_cell
edge:0e0302b3147963315d9a,d5c0258988cb89a3ed3c,9bf3f08a61d844712a2b,aa7252a58f41161c17c3,bps_tpb_2024,1,observation_materializes_cell
edge:f124e916c1743453be99,6e5410196857fbb277a5,9bf6ec558f0e591d18b3,7ba29f3a45abe1301651,bps_webapi,4,observation_materializes_cell
edge:33da8797a6853229b8ed,020bdb5493381e7d3dfd,9bfa76e224f8c0a9fc9a,7ba29f3a45abe1301651,bps_webapi,4,observation_materializes_cell
edge:8e22e38a4f9e56b1a405,36336e7094def355392c,9bfdc72266657f85acce,aa7252a58f41161c17c3,bps_tpb_2024,1,observation_materializes_cell
edge:8c65d3d0d747b82d06be,3e630a8b0f56d99a7bc2,9bfdc72266657f85acce,b132d2fab33291e0733e,bps_webapi,3,observation_materializes_cell
edge:aa89c80d5b48fb561310,3e573990b328a5e81529,9c04003f81a07795f231,7ba29f3a45abe1301651,bps_webapi,4,observation_materializes_cell
edge:544d4b3e829e724c747a,95a2d8a10b7196f7ad67,9c154cb318fa19907d8e,aa7252a58f41161c17c3,bps_tpb_2024,1,observation_materializes_cell
edge:474ab9b6cadaeb44ce26,1c98ee14da33518365e9,9c154cb318fa19907d8e,b132d2fab33291e0733e,bps_webapi,3,observation_materializes_cell
edge:15a56bf7f9f07fa6c115,40e0ae63fe422c38cf0e,9c1bf81a9c91f5e3fe1b,7ba29f3a45abe1301651,bps_webapi,4,observation_materializes_cell
edge:6f37e0a974ce9be2f05e,03e385e532f6747d7033,9c1ececcb94f382b4a55,7ba29f3a45abe1301651,bps_webapi,4,observation_materializes_cell
edge:46cf5705f4ec542a78a7,66a5ea7302d3f2769070,9c263807fbaaad53418c,7ba29f3a45abe1301651,bps_webapi,4,observation_materializes_cell
edge:f33fc8128406b2a16172,1a97d8b62e1b727210a2,9c3374db2c0b3fde419b,7ba29f3a45abe1301651,bps_webapi,4,observation_materializes_cell
edge:7b7d3df126be914b74c2,641373772b1c7e1f621d,9c3374db2c0b3fde419b,aa7252a58f41161c17c3,bps_tpb_2024,1,observation_materializes_cell
edge:90388e6288f51427332f,52738698a9328720715b,9c3e2ff504ce3a1e9e5b,7ba29f3a45abe1301651,bps_webapi,4,observation_materializes_cell
edge:d245602bd6bdd7c902e1,e685d56accbc7d2d8c3d,9c437b4b36e4a726988c,7ba29f3a45abe1301651,bps_webapi,4,observation_materializes_cell
edge:ea0955e7d7d5e960f460,410375b5b48df13de159,9c4e371715de2b51d64b,7ba29f3a45abe1301651,bps_webapi,4,observation_materializes_cell
edge:002e874769d00ca68764,39232a36ae941fd72c61,9c76ad9175ce1a86a5fd,7ba29f3a45abe1301651,bps_webapi,4,observation_materializes_cell
edge:b64c99b09365b713fc19,073013fc2a2d1189c90c,9c97621bfaa02b18ddbb,7ba29f3a45abe1301651,bps_webapi,4,observation_materializes_cell
edge:db93284220eb7e87d70f,7874629df9bd3bbadd42,9c99098cd3f2a000b3c9,7ba29f3a45abe1301651,bps_webapi,4,observation_materializes_cell
edge:b7b8e2b3252734bcd082,40e45adfe5b54932f01d,9c9e431a966dec0ecc18,7ba29f3a45abe1301651,bps_webapi,4,observation_materializes_cell
edge:e9ea1ccf256c1538510f,01eef6012cc2b5316c11,9c9e431a966dec0ecc18,aa7252a58f41161c17c3,bps_tpb_2024,1,observation_materializes_cell
edge:d7cce616c3a4cd273160,91837efabdf6bb05373b,9c9fbf56bcfd1b530deb,7ba29f3a45abe1301651,bps_webapi,4,observation_materializes_cell
edge:37386cf562c5c3079b21,4def9c9b8131057d9935,9ca677ea433cf99a66dd,7ba29f3a45abe1301651,bps_webapi,4,observation_materializes_cell
edge:11552224963b5403c3d8,0cba33b49e7a27e30246,9cbb04491b7d7b83e9ea,7ba29f3a45abe1301651,bps_webapi,4,observation_materializes_cell
edge:2c39766e33b85b921898,f3055c88a4189dca6b41,9cbb04491b7d7b83e9ea,aa7252a58f41161c17c3,bps_tpb_2024,1,observation_materializes_cell
edge:9311a93efa31895bdc98,aa952f8f5d02fc6e2491,9cc1d4e77b4a2a93d839,aa7252a58f41161c17c3,bps_tpb_2024,1,observation_materializes_cell
edge:e19ba1a6655663817746,ee131a55840f8a3089da,9cc1d4e77b4a2a93d839,b132d2fab33291e0733e,bps_webapi,3,observation_materializes_cell
edge:e09e03137cc5bf1c0e75,26d8d900fcab4588fd4c,9cc696ef502e34acade8,7ba29f3a45abe1301651,bps_webapi,4,observation_materializes_cell
edge:bb27a9192f8bc3dd19b2,070039c2cd9e73738096,9cc696ef502e34acade8,aa7252a58f41161c17c3,bps_tpb_2024,1,observation_materializes_cell
edge:75a71f25f4c8d45dc530,e6d7ad4c29aaabcece12,9cd07286452032db0136,7ba29f3a45abe1301651,bps_webapi,4,observation_materializes_cell
edge:147d942828923aab9a66,0f85dd14285d22517066,9cd486b6f4048429c30c,7ba29f3a45abe1301651,bps_webapi,4,observation_materializes_cell
edge:52f21857a17f9f9394d1,cb294608141d97916989,9cd625dc7b837d539809,7ba29f3a45abe1301651,bps_webapi,4,observation_materializes_cell
edge:bfcffafc7030f5db03d0,39e27eb2236d674ed5e0,9cd625dc7b837d539809,aa7252a58f41161c17c3,bps_tpb_2024,1,observation_materializes_cell
edge:41071f54c9a89a89686b,67ba202207171b0b4f8b,9cea0582c7889ee7d6a9,aa7252a58f41161c17c3,bps_tpb_2024,1,observation_materializes_cell
edge:55791381281bee7e4914,57f0c0165d1d71f8ba11,9cea0582c7889ee7d6a9,b132d2fab33291e0733e,bps_webapi,3,observation_materializes_cell
edge:b0d3b532698b904ac4e6,6fc8ef255ccf3f3695a6,9cf79cd58b191ef2e17c,7ba29f3a45abe1301651,bps_webapi,4,observation_materializes_cell
edge:e3c3274c7e36bb5cac86,4cbc440397ccc81d693d,9cf905d2c8c7e4d2aea1,7ba29f3a45abe1301651,bps_webapi,4,observation_materializes_cell
edge:f445b8d2e7bd4542bf5a,0ba7a507fd37ae4fff7a,9cf905d2c8c7e4d2aea1,aa7252a58f41161c17c3,bps_tpb_2024,1,observation_materializes_cell
edge:eef63bb082366cb942eb,7414247847d28e9827c6,9d01144c9b994a9d0ddb,7ba29f3a45abe1301651,bps_webapi,4,observation_materializes_cell
edge:21b32c4acffca2b9dbe0,0750c65a295f46c0733f,9d01144c9b994a9d0ddb,aa7252a58f41161c17c3,bps_tpb_2024,1,observation_materializes_cell
edge:d5afb445426246996175,0c55799aa3a9a932105a,9d289ce62edb8709fdb9,7ba29f3a45abe1301651,bps_webapi,4,observation_materializes_cell
edge:dc5206d9ab39749863a9,352205b05b1791c886d5,9d330b244ebfc7702ae6,7ba29f3a45abe1301651,bps_webapi,4,observation_materializes_cell
edge:27962a504abcac208c64,c937fd8c8ff858d61b85,9d3a2c3f7098972e0f9f,7ba29f3a45abe1301651,bps_webapi,4,observation_materializes_cell
edge:5470b1d1bc51010670ef,8150bf8f9cabe17f1efb,9d40dc4e1cedf51a82d7,7ba29f3a45abe1301651,bps_webapi,4,observation_materializes_cell
edge:228c1e91db59c178edc8,695416047e13d096ac16,9d46b8a866a9bf7eaeec,7ba29f3a45abe1301651,bps_webapi,4,observation_materializes_cell
edge:2ff75dbb18bb846bdc33,b7d63c96f3abfb556175,9d4905418a37c2d7e4a8,7ba29f3a45abe1301651,bps_webapi,4,observation_materializes_cell
edge:23ea7df78df16a2e288f,70089a80153cbc149542,9d4ba6b827259b03e709,7ba29f3a45abe1301651,bps_webapi,4,observation_materializes_cell
edge:4865dd5e5636b475f873,54d44859fbc9b585221b,9d5564616029c3acefe3,7ba29f3a45abe1301651,bps_webapi,4,observation_materializes_cell
edge:2d6333d5b6cfb1b91bbe,a748bfebf98c08d23610,9d5d72ec1441e1818306,aa7252a58f41161c17c3,bps_tpb_2024,1,observation_materializes_cell
edge:0ce722ac828adb5750c5,3bdd5924c6986ee0523e,9d5d72ec1441e1818306,b132d2fab33291e0733e,bps_webapi,3,observation_materializes_cell
edge:a7c583ecde11eec270a8,1e48da988b9c3204b02f,9d6223e88bacabe85a5c,7ba29f3a45abe1301651,bps_webapi,4,observation_materializes_cell
edge:fbbffb23167ca19ded4e,5830b147339608e41934,9d6f1ef0069907d0b7c2,7ba29f3a45abe1301651,bps_webapi,4,observation_materializes_cell
edge:106e9c275c0fa2ac72c5,9d6de0ef1c6222a43a79,9d7e0313663f9360bee6,7ba29f3a45abe1301651,bps_webapi,4,observation_materializes_cell
edge:a8c33b2c1cce980241ca,0280ef425d935c3bbaba,9d932ea177d154c1f037,7ba29f3a45abe1301651,bps_webapi,4,observation_materializes_cell
edge:3df3028b9d28908691fa,f7221dac9acd16fcc116,9d942812a835ab2e5fc3,7ba29f3a45abe1301651,bps_webapi,4,observation_materializes_cell
edge:c2b1daec9df6fd367f96,e7c92cfeebeab9bd114a,9db02b17b16afe9c186c,7ba29f3a45abe1301651,bps_webapi,4,observation_materializes_cell
edge:00749bff16fa641a8c99,5af2cd7ff094c59d9176,9db7d3afa2ad509f910e,7ba29f3a45abe1301651,bps_webapi,4,observation_materializes_cell
edge:9d928e50afbfbe8a2597,013ea68c371712324495,9dbd42e2592be387b69e,7ba29f3a45abe1301651,bps_webapi,4,observation_materializes_cell
edge:811bde6216ebfc0d3a7c,9aaf9bc06244e1c2927f,9dbd42e2592be387b69e,aa7252a58f41161c17c3,bps_tpb_2024,1,observation_materializes_cell
edge:79b7e3438df4c523f309,3c305fb1149f0e41eed4,9de0e4be25b8d4630d4f,7ba29f3a45abe1301651,bps_webapi,4,observation_materializes_cell
edge:396d0cebaa944058d9e7,eeffc81d34eb25a92d16,9de29ebf81979c398599,7ba29f3a45abe1301651,bps_webapi,4,observation_materializes_cell
edge:06d40722d1b0acbf1d6e,62ff791a4088603829ce,9df42838d7559a9b2c34,7ba29f3a45abe1301651,bps_webapi,4,observation_materializes_cell
edge:28bf942d95cfe6a553cd,3ebbad864ccb1a1e4bca,9e0627619c312e5a10b8,7ba29f3a45abe1301651,bps_webapi,4,observation_materializes_cell
edge:8516caaa1a7c1393a798,206ec6df77271e63cf2f,9e0e107748e841dcdd8f,7ba29f3a45abe1301651,bps_webapi,4,observation_materializes_cell
edge:390b3aeb9cd466e3a282,8c161113922e53e9a408,9e1a8f3ba32dd1f07cfe,7ba29f3a45abe1301651,bps_webapi,4,observation_materializes_cell
edge:8f567e6db2a3815f6790,176fbf3aae5d9df0c157,9e1d3361775e569fecc9,7ba29f3a45abe1301651,bps_webapi,4,observation_materializes_cell
edge:41130150ff1bd8a1fe22,6d9ac2728bf7b18fe67f,9e3529603c5d059396cb,7ba29f3a45abe1301651,bps_webapi,4,observation_materializes_cell
edge:5054526d82fbe00f3a3a,29d817fba2b990b686f7,9e4752446b48d011e99d,7ba29f3a45abe1301651,bps_webapi,4,observation_materializes_cell
edge:45c8d921c745a6731788,5baf43d1a4ce2f3282b7,9e489abcac33db6fddb1,7ba29f3a45abe1301651,bps_webapi,4,observation_materializes_cell
edge:25662984b0ecac3565f0,81ab0707f08b06001001,9e489abcac33db6fddb1,aa7252a58f41161c17c3,bps_tpb_2024,1,observation_materializes_cell
edge:544b329d741361ff10b4,92ec201ebf258fb51e4c,9e7008f22b6bd156d658,aa7252a58f41161c17c3,bps_tpb_2024,1,observation_materializes_cell
edge:0b033b2ee1e96de63aaf,40224dbf4ab93502d916,9e7008f22b6bd156d658,b132d2fab33291e0733e,bps_webapi,3,observation_materializes_cell
edge:ca2b9493dc12a151a9c3,dd3c6f58879dcbb41b26,9e70f85fc028e26fd80a,7ba29f3a45abe1301651,bps_webapi,4,observation_materializes_cell
edge:dbe60fbd8bfe35e350ea,e51b23fa1e291d36aa36,9e7224c3566401835538,aa7252a58f41161c17c3,bps_tpb_2024,1,observation_materializes_cell
edge:79a75f00cc1756134221,767ee108b9ad07930bec,9e7224c3566401835538,b132d2fab33291e0733e,bps_webapi,3,observation_materializes_cell
edge:1cc8aaa6aa653badc59d,6c0d564fb6d074e3ff9b,9e7bb7d032b44ab16e32,7ba29f3a45abe1301651,bps_webapi,4,observation_materializes_cell
edge:9338181af7d6d7583c26,55ea501782beda4a2430,9e7bb7d032b44ab16e32,aa7252a58f41161c17c3,bps_tpb_2024,1,observation_materializes_cell
edge:fc89a8d858b345f0d062,5c39f3b0988b3cb3965b,9e8086923b37d69aec6f,7ba29f3a45abe1301651,bps_webapi,4,observation_materializes_cell
edge:fcc1dd041b2b9eb320b0,7569bcc2853e324642bc,9e8377b3dd6aea3b6eba,7ba29f3a45abe1301651,bps_webapi,4,observation_materializes_cell
edge:d692c7418614353b9c5b,3d8b4c077641c33cf901,9eb560de8e683bc912e4,7ba29f3a45abe1301651,bps_webapi,4,observation_materializes_cell
edge:1889f4ba1110f07f0575,d2a4eefffa49809dfb52,9ec1b2875128efd45b01,7ba29f3a45abe1301651,bps_webapi,4,observation_materializes_cell
edge:33f8fa27cbc69492dc5c,1eeb8cf3bfd30d7a0799,9ed3bfef9e49e89d90da,7ba29f3a45abe1301651,bps_webapi,4,observation_materializes_cell
edge:e4caf00d79b286242b3b,84d01e22be1cd23da900,9ee109ebe05e04aaea91,7ba29f3a45abe1301651,bps_webapi,4,observation_materializes_cell
edge:9042c47be6aae129481a,fe2533a14685f23b1465,9ee4d0f5ed6d885af731,aa7252a58f41161c17c3,bps_tpb_2024,1,observation_materializes_cell
edge:0d23d9642d4991761f8c,115f2dc4e10d2ae8436e,9ee4d0f5ed6d885af731,b132d2fab33291e0733e,bps_webapi,3,observation_materializes_cell
edge:54432623884cc2922e30,62a3698d3a299b01dd01,9eeb8c86b94b804a84d9,7ba29f3a45abe1301651,bps_webapi,4,observation_materializes_cell
edge:ea1433960087500d20a7,3f544ed0a4b526dbac92,9ef2546b21c2e899c638,7ba29f3a45abe1301651,bps_webapi,4,observation_materializes_cell
edge:681a1b2ef265c74a7b12,6752fe8f61c5036e5e84,9ef483b0e5c0a5c6081d,aa7252a58f41161c17c3,bps_tpb_2024,1,observation_materializes_cell
edge:affcb95dcfaf2050dfe5,b227846715ab08fdc4a1,9ef483b0e5c0a5c6081d,b132d2fab33291e0733e,bps_webapi,3,observation_materializes_cell
edge:c8c48634eca67e2449c8,e0be84a5a10eb2d2829c,9ef9e23a7c6cbece344b,7ba29f3a45abe1301651,bps_webapi,4,observation_materializes_cell
edge:97f0a56bc97d8d65e048,79d5a4ed1bb30c87b9c1,9ef9e23a7c6cbece344b,aa7252a58f41161c17c3,bps_tpb_2024,1,observation_materializes_cell
edge:110065ba68fd84f3e473,8d12704b431566fd504f,9efce0265d4a81e92a9d,7ba29f3a45abe1301651,bps_webapi,4,observation_materializes_cell
edge:f8b8597bc8b73d14f67c,1f9d3ee20996c415af5c,9f06bd6749daf1dbabaf,7ba29f3a45abe1301651,bps_webapi,4,observation_materializes_cell
edge:ff30569e8bffc9722cf7,0c3b2d4c52d9496278ad,9f11f9205b502a07a4c2,aa7252a58f41161c17c3,bps_tpb_2024,1,observation_materializes_cell
edge:69652f46b605659bb268,910aab1ec068f80a1f66,9f11f9205b502a07a4c2,b132d2fab33291e0733e,bps_webapi,3,observation_materializes_cell
edge:c0618ab8a5e0a824b8c0,ee860a81b0b33df13fdb,9f18d11198b22493b046,7ba29f3a45abe1301651,bps_webapi,4,observation_materializes_cell
edge:92e3a6946d304bb82940,a1c771341a77505bf74b,9f242d96cfa54183efa1,aa7252a58f41161c17c3,bps_tpb_2024,1,observation_materializes_cell
edge:85ba103fb94c2df699c7,73a6c350ba9046154537,9f242d96cfa54183efa1,b132d2fab33291e0733e,bps_webapi,3,observation_materializes_cell
edge:b7256e526b458ed1929d,52adaa8aaa4672c1ebb1,9f3ecb0b4ab821781123,7ba29f3a45abe1301651,bps_webapi,4,observation_materializes_cell
edge:a1039971c88720c5ec59,0965f3fc49d061111629,9f4e85e519fcacbf6424,7ba29f3a45abe1301651,bps_webapi,4,observation_materializes_cell
edge:68807c3bd9ae1ed903e8,baa5ddce2a8acd5f730f,9f58f266515dfdb0fd3f,7ba29f3a45abe1301651,bps_webapi,4,observation_materializes_cell
edge:b4928c88ce1858af0cd9,e44338cdcc18521efcc3,9f7a88b4644bc5da5b26,7ba29f3a45abe1301651,bps_webapi,4,observation_materializes_cell
edge:9cf994c1e4e85482cc62,d33a38bdfa6aaeff2a70,9f828676cc6e1284467c,7ba29f3a45abe1301651,bps_webapi,4,observation_materializes_cell
edge:892aab27189239922d1a,b2e2860febab9dc9bdcc,9f8cdf15ff459385518d,7ba29f3a45abe1301651,bps_webapi,4,observation_materializes_cell
edge:36eab1368d4b6148f653,2039e3a84c06db9b36cd,9f8d2e81e612733e317f,aa7252a58f41161c17c3,bps_tpb_2024,1,observation_materializes_cell
edge:bd5803d4bf8b3a208a61,b14149bb4eb95e72bc8c,9f8d2e81e612733e317f,b132d2fab33291e0733e,bps_webapi,3,observation_materializes_cell
edge:f1bf5d30438633255c6f,9e01d72434a28f683282,9f90450ded6657e3448b,7ba29f3a45abe1301651,bps_webapi,4,observation_materializes_cell
edge:6ec9e53b2bd1fe9eaecb,8bbdd80806b18d1b5dd7,9f944e3bd69ddf064723,7ba29f3a45abe1301651,bps_webapi,4,observation_materializes_cell
edge:c1c3b6f3e2de98ddaf6c,7551b83f608fbe46e62c,9f9c145688cc193859a2,7ba29f3a45abe1301651,bps_webapi,4,observation_materializes_cell
edge:62086f912457610a8673,fe58f311123a813f8285,9faa7b3c2b00d5cdc842,7ba29f3a45abe1301651,bps_webapi,4,observation_materializes_cell
edge:6363a052df1c484ef0b5,3d6d47713bce480c9f3d,9fb31b5bdca43dc76da7,7ba29f3a45abe1301651,bps_webapi,4,observation_materializes_cell
edge:439befb0d72f3db01de9,8034c1b75bce494faf9e,9fb31b5bdca43dc76da7,aa7252a58f41161c17c3,bps_tpb_2024,1,observation_materializes_cell
edge:831a9631c28ff0c982ed,9eb7c860feec13e539f3,9fb8ec2ecbefabbe3dba,7ba29f3a45abe1301651,bps_webapi,4,observation_materializes_cell
edge:e2b32932325a3a721ec7,7312686b850130f772ff,9fb8ec2ecbefabbe3dba,aa7252a58f41161c17c3,bps_tpb_2024,1,observation_materializes_cell
edge:be2749c052863c3e91a8,edca42f1596926d43601,9fbb269c79150c213294,7ba29f3a45abe1301651,bps_webapi,4,observation_materializes_cell
edge:d6a4282fdf9c1d4a72ac,1bcec96a100a33890119,9fbf48d3c3f489f4252f,7ba29f3a45abe1301651,bps_webapi,4,observation_materializes_cell
edge:30458651a6fa6f48063b,7a5f91ab34409d2fd6c7,9fbf48d3c3f489f4252f,aa7252a58f41161c17c3,bps_tpb_2024,1,observation_materializes_cell
edge:5558d87db71355c9b106,f8706db0d5134549d1c4,9fc84f94bc404f01422f,aa7252a58f41161c17c3,bps_tpb_2024,1,observation_materializes_cell
edge:3fb0e0f7eaffdbfddcb9,b26826bffd5b4e1cf11b,9fc84f94bc404f01422f,b132d2fab33291e0733e,bps_webapi,3,observation_materializes_cell
edge:21f1cbc1dc75aa0d4136,e24a22378d3daa96dbdf,9fd320a81eaac1dca25b,7ba29f3a45abe1301651,bps_webapi,4,observation_materializes_cell
edge:8a10b7b7da7ddb5bc5eb,cae73917620c9d97bc83,9fd320a81eaac1dca25b,aa7252a58f41161c17c3,bps_tpb_2024,1,observation_materializes_cell
edge:0c90d15889d772c3c98c,da01c8702ca9406e7c5d,9fd4ab3cfaf51c8e974c,7ba29f3a45abe1301651,bps_webapi,4,observation_materializes_cell
edge:ee4cd9b684596cd27674,e29921dad7b865900534,9fdcc78f0019b6dffabc,7ba29f3a45abe1301651,bps_webapi,4,observation_materializes_cell
edge:618a82fdde67b45e4148,370c5a55cd3098338ba3,9fdfb122d4b363fe8c75,aa7252a58f41161c17c3,bps_tpb_2024,1,observation_materializes_cell
edge:ea4a541d7c23ed50468a,fb34ef96afe472fbc83a,9fdfb122d4b363fe8c75,b132d2fab33291e0733e,bps_webapi,3,observation_materializes_cell
edge:a2c6ddde96affd136a4e,26651b218b84b010d65d,9fe3eff152e36a597a3d,aa7252a58f41161c17c3,bps_tpb_2024,1,observation_materializes_cell
edge:cbe1a032be1ef73bbad7,37649129b1c93cd842e4,9fe3eff152e36a597a3d,b132d2fab33291e0733e,bps_webapi,3,observation_materializes_cell
edge:9679535ae76fb96bcec7,1ce6273f2d2ae8d4ee03,9fea26423510e2784862,aa7252a58f41161c17c3,bps_tpb_2024,1,observation_materializes_cell
edge:18aa323c4fb5d52e5b51,11fb7ed9fa2020d86f4f,9fea26423510e2784862,b132d2fab33291e0733e,bps_webapi,3,observation_materializes_cell
edge:da415e0ca033d39bd7ce,1b4d063c5d840719cf97,9feff9f594802594c188,7ba29f3a45abe1301651,bps_webapi,4,observation_materializes_cell
edge:9f4454d77e76d4ca2be7,409005af3c0256fcd65b,a01bffc3fcabc68379b4,7ba29f3a45abe1301651,bps_webapi,4,observation_materializes_cell
edge:40cbb610235f07795ffd,ff10bd3be9786f290e9d,a020ed56eb29c7a41072,7ba29f3a45abe1301651,bps_webapi,4,observation_materializes_cell
edge:54d79c446fa2d5a21042,b9c03a8ebda70ea254cb,a020ed56eb29c7a41072,aa7252a58f41161c17c3,bps_tpb_2024,1,observation_materializes_cell
edge:8307ea02da2de3d39278,c84bcd53de460eb1c27d,a0225d364522a53015f8,7ba29f3a45abe1301651,bps_webapi,4,observation_materializes_cell
edge:204beaf8fb30d1bddd49,eb31fe7a5e69c9268b15,a022fb3a201e23bc8cdb,7ba29f3a45abe1301651,bps_webapi,4,observation_materializes_cell
edge:bf1e0156bb85f3647e22,f10048891ec0e4f7264b,a0252a84e87a60246abc,7ba29f3a45abe1301651,bps_webapi,4,observation_materializes_cell
edge:ddd31e679618515980da,7d08ef605a14bb5018db,a02b609d77610f92424c,7ba29f3a45abe1301651,bps_webapi,4,observation_materializes_cell
edge:c7fa0566455e15a836f6,32d6cd194a457097fdf4,a02b609d77610f92424c,aa7252a58f41161c17c3,bps_tpb_2024,1,observation_materializes_cell
edge:5873dc7bde444f7ab458,78741ea76983497a85d6,a0334a42ef6a7d93a72b,7ba29f3a45abe1301651,bps_webapi,4,observation_materializes_cell
edge:f436dede90b88031082f,9cfb8426512045ea8102,a05528d51add6c74c01f,7ba29f3a45abe1301651,bps_webapi,4,observation_materializes_cell
edge:0c185e883001ab0b036e,6e853a8bd9f0eeb93336,a05d7e9a2f7ecad0967e,7ba29f3a45abe1301651,bps_webapi,4,observation_materializes_cell
edge:5534689cbe7e2e8f7e95,40f7989e261792a90363,a0663f9ded160e407b98,7ba29f3a45abe1301651,bps_webapi,4,observation_materializes_cell
edge:6867f156b3e1898d50d9,65f509011185f83a6b5a,a06e3607ad148714df59,7ba29f3a45abe1301651,bps_webapi,4,observation_materializes_cell
edge:bc4c2abd685052277262,6d7b4f296866fe40bf80,a072a769b2c9bc00c487,7ba29f3a45abe1301651,bps_webapi,4,observation_materializes_cell
edge:14388f1cd3fc1d2c996c,77a881c1bf8e5210341d,a07ba457319ce16bc701,aa7252a58f41161c17c3,bps_tpb_2024,1,observation_materializes_cell
edge:c7d8a2a0cfd9713d21eb,29f99f657a6b7179e0dc,a07ba457319ce16bc701,b132d2fab33291e0733e,bps_webapi,3,observation_materializes_cell
edge:117fcc5718dbb547bfd0,4fe6aae258fa17443e05,a09261b8fb4208ec51cf,aa7252a58f41161c17c3,bps_tpb_2024,1,observation_materializes_cell
edge:a3117feeb0eb2ab6f097,ed29987e3303c391703f,a09261b8fb4208ec51cf,b132d2fab33291e0733e,bps_webapi,3,observation_materializes_cell
edge:b664beb209cd7eba2944,7ced13e6cbfa123da101,a097c3c63e53119e1f1f,7ba29f3a45abe1301651,bps_webapi,4,observation_materializes_cell
edge:21f8ca11eff6c687d82f,8e1441595c1002a42f4e,a0a4b7e2718e8487782d,7ba29f3a45abe1301651,bps_webapi,4,observation_materializes_cell
edge:aa4ca73584c147e294ef,0e255c31e606a876eda5,a0a6e32341a90ac72196,7ba29f3a45abe1301651,bps_webapi,4,observation_materializes_cell
edge:1240311f105f06d3b1b8,b261ff1ecd6c18336054,a0b134e894b0a62867ae,7ba29f3a45abe1301651,bps_webapi,4,observation_materializes_cell
edge:a1751dbd8e5fea85759b,1b17b411f31487956db8,a0b134e894b0a62867ae,aa7252a58f41161c17c3,bps_tpb_2024,1,observation_materializes_cell
edge:15182c1f8377517ce3e3,a71008ab1da5f91d86f6,a0bcb97a898272d18e86,7ba29f3a45abe1301651,bps_webapi,4,observation_materializes_cell
edge:750afff6a45d99fc7e49,b5a084236d8a7e17b289,a0ca957ed7ef8c2a2e95,7ba29f3a45abe1301651,bps_webapi,4,observation_materializes_cell
edge:9c0348e5f541c282bd97,878591599e2a8a4c4928,a0cce9974a62a9549a30,7ba29f3a45abe1301651,bps_webapi,4,observation_materializes_cell
edge:e13a5607e03ef465b564,17d7df66bd1f7dccf4c3,a0cce9974a62a9549a30,9ab2011a3892edfac889,bps_tpb_2025,2,observation_materializes_cell
edge:638041318c6345f8b813,3c9a9b2a9a31c244e202,a0cce9974a62a9549a30,aa7252a58f41161c17c3,bps_tpb_2024,1,observation_materializes_cell
edge:849bdc78082264ce1628,682663e5c52a97ce61c2,a110da16fcd1bc993d9e,aa7252a58f41161c17c3,bps_tpb_2024,1,observation_materializes_cell
edge:48c4c2d871ed02301214,cf966024a71a6ef4048c,a110da16fcd1bc993d9e,b132d2fab33291e0733e,bps_webapi,3,observation_materializes_cell
edge:b475e6a6168b7798d057,60d58cbce5f86e2e648e,a11b3144311e2c7151c6,7ba29f3a45abe1301651,bps_webapi,4,observation_materializes_cell
edge:29c32be63a1b90b4325c,3db01ac39f9e86420fbd,a11b3144311e2c7151c6,aa7252a58f41161c17c3,bps_tpb_2024,1,observation_materializes_cell
edge:cdfb00e6355c2b7cfc35,45c24e8849769297d505,a12e23bc4a634fba7b45,7ba29f3a45abe1301651,bps_webapi,4,observation_materializes_cell
edge:e1507822524142881692,d3a1aec3feb7b4fb0b59,a13b7eda8e5da0ca741e,7ba29f3a45abe1301651,bps_webapi,4,observation_materializes_cell
edge:c5083234eac142be6bbe,b40375ee1263b46a99ac,a149fff06422986dace9,aa7252a58f41161c17c3,bps_tpb_2024,1,observation_materializes_cell
edge:b15f9dda0b939719cf6b,0b3056ffe6deafcca769,a149fff06422986dace9,b132d2fab33291e0733e,bps_webapi,3,observation_materializes_cell
edge:404f2b69cd6070c4a507,37d0f4ba5ea72b30c19b,a1518304fa1d11bf8cf7,7ba29f3a45abe1301651,bps_webapi,4,observation_materializes_cell
edge:dc6e1e3bc6d2a53aa406,8cff0a6da611980c3482,a158de8bbf1b0344849c,7ba29f3a45abe1301651,bps_webapi,4,observation_materializes_cell
edge:802de18e95397517f429,26cefcf4ae9be6021e29,a158de8bbf1b0344849c,aa7252a58f41161c17c3,bps_tpb_2024,1,observation_materializes_cell
edge:0d136f883dbc41b9f404,e476cbb1109f51697714,a18d8962eb64a9298a44,7ba29f3a45abe1301651,bps_webapi,4,observation_materializes_cell
edge:9b6425bfccbe0f23aa2f,c10665ffb35ddce8b4db,a1a33d76fa7222ec28a1,7ba29f3a45abe1301651,bps_webapi,4,observation_materializes_cell
edge:464210ae51aaa20b73bd,fe2312aab713d073b88f,a1b3737cbad827ae8556,7ba29f3a45abe1301651,bps_webapi,4,observation_materializes_cell
edge:7f4feb07da7e52f4ab71,eeb3233d3ff682cd92a9,a1b6a7198e4ee464c7b4,aa7252a58f41161c17c3,bps_tpb_2024,1,observation_materializes_cell
edge:7094732d4ddcc26a0b76,ddd652455f5040a8bc9b,a1b6a7198e4ee464c7b4,b132d2fab33291e0733e,bps_webapi,3,observation_materializes_cell
edge:5c446d0f48af588751e7,60d1850075580778087d,a1bd0b2c93d3afc07c77,7ba29f3a45abe1301651,bps_webapi,4,observation_materializes_cell
edge:2f41c3883e167bf52428,822b0134dab65412d23b,a1ceaed426893011c281,7ba29f3a45abe1301651,bps_webapi,4,observation_materializes_cell
edge:0700a22e3aa35ab6a6e0,1f91d6fca1013a3f4012,a1ceaed426893011c281,aa7252a58f41161c17c3,bps_tpb_2024,1,observation_materializes_cell
edge:96f98e0c87a9755f4f72,fd86a0d448bfa71f5e17,a1d374fcee5091bbcde6,aa7252a58f41161c17c3,bps_tpb_2024,1,observation_materializes_cell
edge:56ee400c5fe0be8db35b,4b2c88514f190bdec505,a1d374fcee5091bbcde6,b132d2fab33291e0733e,bps_webapi,3,observation_materializes_cell
edge:e8775b51af61c5af8b2e,a7df2b39404b6860e6c3,a1dd23d68335ee6ae071,7ba29f3a45abe1301651,bps_webapi,4,observation_materializes_cell
edge:893eac6cd426738926b4,2f84594e4787b6339276,a1f0c9b9c16fa98e5e9a,aa7252a58f41161c17c3,bps_tpb_2024,1,observation_materializes_cell
edge:6c254abd55996729dff8,0aa364f895a50441f305,a1f0c9b9c16fa98e5e9a,b132d2fab33291e0733e,bps_webapi,3,observation_materializes_cell
edge:7c01bb74becfc7fa16a7,50e4063ec0fd4609757b,a1fa84fe9ec56a667c11,7ba29f3a45abe1301651,bps_webapi,4,observation_materializes_cell
edge:39625ce6c8fd693c91f7,0d47b359b23529e5ba87,a22527f0d2b62f8f3566,7ba29f3a45abe1301651,bps_webapi,4,observation_materializes_cell
edge:393b9165af48ebf7c10f,7f190bc2f077aa5c1fe0,a22ac4e7c2f6710b1f3c,7ba29f3a45abe1301651,bps_webapi,4,observation_materializes_cell
edge:1a225053a11191f665aa,9b25f582253efb386139,a22d29e2432f99340ea9,7ba29f3a45abe1301651,bps_webapi,4,observation_materializes_cell
edge:28ce7bc6f4d12e2aa85d,9a5279f00a24a535881b,a22ed6b74132720eb563,7ba29f3a45abe1301651,bps_webapi,4,observation_materializes_cell
edge:221a33dfba4048be2c31,8099568534e8d9cfac5d,a23ea771dfe28365f499,aa7252a58f41161c17c3,bps_tpb_2024,1,observation_materializes_cell
edge:3ca925f5cc67405ed645,d00974fa09e4b14d389b,a23ea771dfe28365f499,b132d2fab33291e0733e,bps_webapi,3,observation_materializes_cell
edge:16f1d29f37eef2a04815,d61121c219bd4d714a53,a2421fef523e4ba7cca3,7ba29f3a45abe1301651,bps_webapi,4,observation_materializes_cell
edge:4ccce1231afed07d4904,f18204505f284abebada,a2577f98ca729d990e74,7ba29f3a45abe1301651,bps_webapi,4,observation_materializes_cell
edge:763c3f35b9eac453e909,48c7d790f08f1dc9adeb,a26b2546c5b78cee3c6c,7ba29f3a45abe1301651,bps_webapi,4,observation_materializes_cell
edge:d5f594ccacc244a70fe1,2fd6f4bc0873e883b85a,a26b2546c5b78cee3c6c,aa7252a58f41161c17c3,bps_tpb_2024,1,observation_materializes_cell
edge:47c911393f638572fd28,eb1e2beac27857b86bd3,a2707d79ffe64f5c426d,7ba29f3a45abe1301651,bps_webapi,4,observation_materializes_cell
edge:ca22909ca109163fa681,c9baca655955150000c4,a280d66ffac0b2a7b6a3,7ba29f3a45abe1301651,bps_webapi,4,observation_materializes_cell
edge:c42db32158486bfd87bc,3f5095dca23499b86157,a280d66ffac0b2a7b6a3,aa7252a58f41161c17c3,bps_tpb_2024,1,observation_materializes_cell
edge:efad5ff9b72c743b8bf5,1b0dbd560ad499c321df,a29329ab0d3e4377f7d9,aa7252a58f41161c17c3,bps_tpb_2024,1,observation_materializes_cell
edge:ced7887352a4057d4c65,6f5df9f78d0b182a4a06,a29329ab0d3e4377f7d9,b132d2fab33291e0733e,bps_webapi,3,observation_materializes_cell
edge:8a45d89a0aca28ab37d6,6e404abc5be2633bf38a,a2aad23ce570274bd725,7ba29f3a45abe1301651,bps_webapi,4,observation_materializes_cell
edge:331b154d605ac2fbd9cc,00bcccf0ced66027324b,a2af7f656894c7bc9fd4,7ba29f3a45abe1301651,bps_webapi,4,observation_materializes_cell
edge:b6902928535fcd9244af,05f31fd8de9cf7dd6ec7,a2e4b07ea3380eb0a79c,7ba29f3a45abe1301651,bps_webapi,4,observation_materializes_cell
edge:8bde45f6e9248de1119f,170e052190e210c65ae5,a2eb099bf305ed00c6c2,7ba29f3a45abe1301651,bps_webapi,4,observation_materializes_cell
edge:e5243bb4b629bcf8e43f,12a0661a0fc77f3f5e34,a2f007ec32e6f72a74d8,aa7252a58f41161c17c3,bps_tpb_2024,1,observation_materializes_cell
edge:6a51127510cdfa616c38,5e6e1c91589ae52a921d,a2f007ec32e6f72a74d8,b132d2fab33291e0733e,bps_webapi,3,observation_materializes_cell
edge:87a20c6930c41461379e,956a3373288ff8cc9512,a2f4357dbab0ca58cdba,7ba29f3a45abe1301651,bps_webapi,4,observation_materializes_cell
edge:19377b08dc6f14b83cf7,0e709a8add8e90492cb5,a2f52208c682e9e99db6,7ba29f3a45abe1301651,bps_webapi,4,observation_materializes_cell
edge:71396e3a045345f3ef62,b26a3fe2be5290d311fa,a3230322e3c9349e9b3d,7ba29f3a45abe1301651,bps_webapi,4,observation_materializes_cell
edge:674f63e8e2cf8cbd5fbe,66fa86c684a4f1172382,a3230322e3c9349e9b3d,aa7252a58f41161c17c3,bps_tpb_2024,1,observation_materializes_cell
edge:aafa85f58418172180e2,1b373fdf5b950571fdbf,a323b2cc7412af15500c,7ba29f3a45abe1301651,bps_webapi,4,observation_materializes_cell
edge:069bd178c6d9e6600e69,a408b442883d5cb16331,a3271916dc3e0fd0bba2,aa7252a58f41161c17c3,bps_tpb_2024,1,observation_materializes_cell
edge:9a1407f627e9addd0aaa,19c4444e4d67743b6c04,a3271916dc3e0fd0bba2,b132d2fab33291e0733e,bps_webapi,3,observation_materializes_cell
edge:3aa43ce204215c78a348,84f7217379fae551d526,a32d2c736b34d9ff58ea,7ba29f3a45abe1301651,bps_webapi,4,observation_materializes_cell
edge:e3b0e8c58d447712eb9a,1c4b371d8dce0dada127,a3409b3c9627656b7190,7ba29f3a45abe1301651,bps_webapi,4,observation_materializes_cell
edge:79af04e834150ed38782,fbe0958577f334ebbd7e,a348e5c53229ec11d2eb,aa7252a58f41161c17c3,bps_tpb_2024,1,observation_materializes_cell
edge:7637cf5c09408797923b,e487ef7989b26b79869e,a348e5c53229ec11d2eb,b132d2fab33291e0733e,bps_webapi,3,observation_materializes_cell
edge:a535d19ff61e6154e14a,d6fca8c7870a76fd79df,a34a655aa8e527dad416,7ba29f3a45abe1301651,bps_webapi,4,observation_materializes_cell
edge:da976cf8fa250a30fe42,f1de0df436b41b16a5a3,a34b9d74b3d50e601bc4,7ba29f3a45abe1301651,bps_webapi,4,observation_materializes_cell
edge:de1b1624a0eea27d0771,8cb5c3a67fdb9c48bf94,a34d616e7346f1115b5f,7ba29f3a45abe1301651,bps_webapi,4,observation_materializes_cell
edge:ff44359fd909bccff678,3704c9cbc85637dadfbc,a3541ea56631e1550b40,7ba29f3a45abe1301651,bps_webapi,4,observation_materializes_cell
edge:bdeb96c8de31ae9cf998,355450a9170725d03c31,a35b8b562c0a38c2907b,7ba29f3a45abe1301651,bps_webapi,4,observation_materializes_cell
edge:421e7b838c77f56a2090,2cbcb352d15c246d79e2,a35b8b562c0a38c2907b,aa7252a58f41161c17c3,bps_tpb_2024,1,observation_materializes_cell
edge:ba32a75a08955f16d2fd,4e5a29ce44d366eb5886,a3619a03f1180d929b5a,7ba29f3a45abe1301651,bps_webapi,4,observation_materializes_cell
edge:0f68290abbee0668d88d,74d20a77b7549a182f4f,a36282f2db75e0821590,aa7252a58f41161c17c3,bps_tpb_2024,1,observation_materializes_cell
edge:29ea374b23a2ffa24d89,7075e7dbfb88db81088f,a36282f2db75e0821590,b132d2fab33291e0733e,bps_webapi,3,observation_materializes_cell
edge:d2d14597734e91ce25ee,1322c8aa9bfdf9ffb173,a36bcd79900f0c3873c2,7ba29f3a45abe1301651,bps_webapi,4,observation_materializes_cell
edge:d5c8facc5fe5e0228407,2c1563975c8f35ebfbed,a36bddbe4811c91a61aa,7ba29f3a45abe1301651,bps_webapi,4,observation_materializes_cell
edge:b7fb87051832bab5639c,73940cbdfac74a08abbb,a377aeaa7f64c1f6ff27,aa7252a58f41161c17c3,bps_tpb_2024,1,observation_materializes_cell
edge:018ab843f47aef729a6c,f3266ec0a8df0f4dab97,a3a2116614e7f464cd1f,7ba29f3a45abe1301651,bps_webapi,4,observation_materializes_cell
edge:db638e9f759de45f370a,f4083476c6bf87f59648,a3a9a46237b7fe36f981,aa7252a58f41161c17c3,bps_tpb_2024,1,observation_materializes_cell
edge:8387922308bb07ac122a,55d4e3f87ac952a316ea,a3a9a46237b7fe36f981,b132d2fab33291e0733e,bps_webapi,3,observation_materializes_cell
edge:83060307b6d71c29e6f2,7f33b102180c2a86ee27,a3b33cb0a3c8d1ae7221,7ba29f3a45abe1301651,bps_webapi,4,observation_materializes_cell
edge:a73922eaacd39f9b6e99,e5f0e38890c41e12f0e5,a3b8cf95ec760e559e87,7ba29f3a45abe1301651,bps_webapi,4,observation_materializes_cell
edge:935f489cbe789cdd1db9,bbb05235d9efc0b3bc3c,a3d2f9e535db7620a825,7ba29f3a45abe1301651,bps_webapi,4,observation_materializes_cell
edge:2ba680d41e07e80e1eab,eba959e54331ac68f301,a3f16c45440e0971d6dd,7ba29f3a45abe1301651,bps_webapi,4,observation_materializes_cell
edge:3aab779e4ce77ec9a548,768a97c2d24c56f8f4a0,a3f3b4509d1e288705d2,7ba29f3a45abe1301651,bps_webapi,4,observation_materializes_cell
edge:da2b79b1dcbd908e2b9b,a18c053f635b5582e5a3,a4009d8d267f3e6f29e0,7ba29f3a45abe1301651,bps_webapi,4,observation_materializes_cell
edge:59a68e515537b3bda669,181cfd588caf9284d4b9,a411990c51b12cc2ce31,7ba29f3a45abe1301651,bps_webapi,4,observation_materializes_cell
edge:2f112271c4e38b5a9c8d,e3df5466a1a36a012dd2,a4178d101c7820ecaf5a,7ba29f3a45abe1301651,bps_webapi,4,observation_materializes_cell
edge:3d7b61f87bb03fc7b524,c93350579b4608074910,a42f4f4d79b54e2955d6,7ba29f3a45abe1301651,bps_webapi,4,observation_materializes_cell
edge:d1c932e248a1e737b1f0,63a76adbe062fba458ab,a42f7d85774c3f9645b2,7ba29f3a45abe1301651,bps_webapi,4,observation_materializes_cell
edge:f66e15a099b3062d9638,dbac94c32bd670140722,a4321b6799bfa7dee3bc,7ba29f3a45abe1301651,bps_webapi,4,observation_materializes_cell
edge:adf7b5a59b734511ed42,38864a4260515a58bd0f,a43aef4cdbef9590ed26,7ba29f3a45abe1301651,bps_webapi,4,observation_materializes_cell
edge:da48c2bfab5ee4a82b43,f1d4038b8c0c54e55923,a45af506fb7225e2fb53,aa7252a58f41161c17c3,bps_tpb_2024,1,observation_materializes_cell
edge:f8ed4836a851d5c5e445,ee698726b8f0fe7340ff,a45af506fb7225e2fb53,b132d2fab33291e0733e,bps_webapi,3,observation_materializes_cell
edge:7bad7ed78e5387d5e000,6d22aa1435bd48227c54,a45b088ea48e47676d98,7ba29f3a45abe1301651,bps_webapi,4,observation_materializes_cell
edge:55f7089cc1313e9d6667,58a4d3a8902930cb4ca9,a45d91c58000942d4181,7ba29f3a45abe1301651,bps_webapi,4,observation_materializes_cell
edge:3ceec74f8fffeb41e70a,1c0340ec9cded0335b58,a46e91c20aaa78c63e25,7ba29f3a45abe1301651,bps_webapi,4,observation_materializes_cell
edge:06c907b608fa7fb9d8d0,5d9fdacc2b368f78ff33,a4911e5da0733bbab032,7ba29f3a45abe1301651,bps_webapi,4,observation_materializes_cell
edge:053b1d93798f98865028,631e7aae1716d168b33b,a4911e5da0733bbab032,aa7252a58f41161c17c3,bps_tpb_2024,1,observation_materializes_cell
edge:29769e332bf622f234d9,a4bd416ca356ba6aa842,a4b35fab4a433539b2b6,7ba29f3a45abe1301651,bps_webapi,4,observation_materializes_cell
edge:c6b517881111ec8c8ed7,42781d50ecaa3848bb9c,a4ca4b28cc9683057323,7ba29f3a45abe1301651,bps_webapi,4,observation_materializes_cell
edge:de0c58ac1a8b82498390,0e59bdef2c5c8a07186b,a4d033ebc472ca1dfd71,aa7252a58f41161c17c3,bps_tpb_2024,1,observation_materializes_cell
edge:9cc8b86960ec8bdf3b17,411cd9ac7dc14b30e750,a4d033ebc472ca1dfd71,b132d2fab33291e0733e,bps_webapi,3,observation_materializes_cell
edge:417c47db284e50ae3dd9,1c3245fabac819f2960c,a4d3f06bd779b622bcff,7ba29f3a45abe1301651,bps_webapi,4,observation_materializes_cell
edge:6313f5ba881367497fc6,2d2174d34d2ecdafcafd,a4d3f06bd779b622bcff,aa7252a58f41161c17c3,bps_tpb_2024,1,observation_materializes_cell
edge:3c08e67493f7877c20d6,ef54e391034b98e33be7,a4d861c8f516a8944ae8,7ba29f3a45abe1301651,bps_webapi,4,observation_materializes_cell
edge:d97f991b3388a0254f65,51ac2d54b819caf90ad8,a4dd23556820df6595c7,aa7252a58f41161c17c3,bps_tpb_2024,1,observation_materializes_cell
edge:051965072b6d56c90899,19ecb26ca078bb5abaae,a4dd23556820df6595c7,b132d2fab33291e0733e,bps_webapi,3,observation_materializes_cell
edge:c568eafa93470e9b2530,ab6809de66c5a737bf7b,a4de53cd2301770c253d,7ba29f3a45abe1301651,bps_webapi,4,observation_materializes_cell
edge:d7aa92812051c01c22eb,89788fa50b3d57c88fd9,a5067a3ab556095e035d,aa7252a58f41161c17c3,bps_tpb_2024,1,observation_materializes_cell
edge:3f0fa4f4c1f0766a12bb,bed6af59ce92ec4b5ae1,a5067a3ab556095e035d,b132d2fab33291e0733e,bps_webapi,3,observation_materializes_cell
edge:a12bb9b2f190c4b16bae,a587adf338fef5f63d55,a50865217f88663673a6,aa7252a58f41161c17c3,bps_tpb_2024,1,observation_materializes_cell
edge:46f61bc01ba18d97070f,8491921e72c8c01f8036,a50865217f88663673a6,b132d2fab33291e0733e,bps_webapi,3,observation_materializes_cell
edge:af0b91236e5c532cab91,76cfd9cdb04195965a43,a516e585fc62a7b48bfc,7ba29f3a45abe1301651,bps_webapi,4,observation_materializes_cell
edge:6023b936f32eb4a20fce,318f8d027353a33cd6f3,a5302b63687da6178ca4,aa7252a58f41161c17c3,bps_tpb_2024,1,observation_materializes_cell
edge:9aa27be4b500695ec9cf,b9159f6c4e108f2d1b7e,a5302b63687da6178ca4,b132d2fab33291e0733e,bps_webapi,3,observation_materializes_cell
edge:b8a91151ab5bac1a1b3a,174d0991c52016cdfcf6,a53625c6f5b8be6366b1,aa7252a58f41161c17c3,bps_tpb_2024,1,observation_materializes_cell
edge:3430b12033040c210e33,b5f8df0463cec9b220d7,a53625c6f5b8be6366b1,b132d2fab33291e0733e,bps_webapi,3,observation_materializes_cell
edge:42a35f7a6c0d94aea27b,0aff489c2ab71a8adab9,a58c7ef9c1e3f8abf79a,7ba29f3a45abe1301651,bps_webapi,4,observation_materializes_cell
edge:80335a994df618ae3b52,69fb02f354d69e7bdada,a58c7ef9c1e3f8abf79a,aa7252a58f41161c17c3,bps_tpb_2024,1,observation_materializes_cell
edge:13e0af93e1dfd729247a,2f531242f8d142fe2c73,a59804ce6b1d7fe4a218,7ba29f3a45abe1301651,bps_webapi,4,observation_materializes_cell
edge:f1dcd2ef55b25bdf784b,5f83ca8af61b42888a19,a59c30ca2102fe5ec9e3,7ba29f3a45abe1301651,bps_webapi,4,observation_materializes_cell
edge:1e52d8ce0055b43a6bd1,d84d1bf91663976698dc,a5b4eece3a6beb6e4cea,7ba29f3a45abe1301651,bps_webapi,4,observation_materializes_cell
edge:7d274ccf617d51e52a10,7e08367d81f48a80ccc6,a5b63035e90c6f6fda86,7ba29f3a45abe1301651,bps_webapi,4,observation_materializes_cell
edge:26ccb39f5c0dd07d7cc3,285c69598a38c13a0596,a5c4d89a7b4f95686788,7ba29f3a45abe1301651,bps_webapi,4,observation_materializes_cell
edge:292a0c99a7eeee6872bc,65275fe2dab515331655,a5c559a6634f18650efd,7ba29f3a45abe1301651,bps_webapi,4,observation_materializes_cell
edge:56184f13787324993df1,d9d6ae989de7f0900704,a5e1892d09ff6cfb0faa,7ba29f3a45abe1301651,bps_webapi,4,observation_materializes_cell
edge:5212ec84211cd70f9487,12bb0399e2521b904e30,a5e92a596fc464ec0a65,7ba29f3a45abe1301651,bps_webapi,4,observation_materializes_cell
edge:2dad4b76d89bd092ff7a,95e443a8f8dae544fa8b,a5e92a596fc464ec0a65,aa7252a58f41161c17c3,bps_tpb_2024,1,observation_materializes_cell
edge:e7e35e1922f1988a3a71,07f8bf2d9e3249009cee,a5e99a45b745da0240bf,7ba29f3a45abe1301651,bps_webapi,4,observation_materializes_cell
edge:5c044159ec475074c0d1,3c1057a83185421d523d,a5f437af5127e91bb019,7ba29f3a45abe1301651,bps_webapi,4,observation_materializes_cell
edge:07c71ff7bf1f5f276039,d6a9127ab78f26b286c2,a60f7c994d8fcc907208,7ba29f3a45abe1301651,bps_webapi,4,observation_materializes_cell
edge:b0747f642f57ccc139c3,9fed1094c33b88879592,a60f7c994d8fcc907208,aa7252a58f41161c17c3,bps_tpb_2024,1,observation_materializes_cell
edge:ee8502cc18bb20c0a5bf,25a7bd688c04d3eaabcb,a60f83a106c72fdbf2cf,7ba29f3a45abe1301651,bps_webapi,4,observation_materializes_cell
edge:fe62386f1306d2ccdcd0,28751b2d883af3c4d4c6,a60f83a106c72fdbf2cf,aa7252a58f41161c17c3,bps_tpb_2024,1,observation_materializes_cell
edge:3293158fd41cbc8fc7ca,abda00699303933f9792,a61375b637c2fdeb0847,7ba29f3a45abe1301651,bps_webapi,4,observation_materializes_cell
edge:758924ba3bac2bf3b864,30212c7e5dc274daae96,a61d694252dff4a0f55d,7ba29f3a45abe1301651,bps_webapi,4,observation_materializes_cell
edge:a1471f82d2dd003ecc50,b6d2e878302e7a77a64a,a645fe9283f01f105e99,aa7252a58f41161c17c3,bps_tpb_2024,1,observation_materializes_cell
edge:2419c5c666ced9e98dcf,e3dee1571e1671f1cec1,a645fe9283f01f105e99,b132d2fab33291e0733e,bps_webapi,3,observation_materializes_cell
edge:251fc075182209a8f853,d3a104e2bb06ab0e8cac,a651de9a4d52de940ddf,7ba29f3a45abe1301651,bps_webapi,4,observation_materializes_cell
edge:c33f12d43359fbcf0343,5fcb95755bb18ab71e1b,a652a2c04c118e69e0d4,7ba29f3a45abe1301651,bps_webapi,4,observation_materializes_cell
edge:0de04703b4e8c43c0b15,81b5ce009149ad624d55,a654bd20c891a44cc450,aa7252a58f41161c17c3,bps_tpb_2024,1,observation_materializes_cell
edge:f538a0ce0b6457a91652,81cde432a6be16e29c29,a654bd20c891a44cc450,b132d2fab33291e0733e,bps_webapi,3,observation_materializes_cell
edge:5c21c6be067b435c5a4d,5241287f9571d5bc4682,a656e6fcb53ea7bb4687,7ba29f3a45abe1301651,bps_webapi,4,observation_materializes_cell
edge:b4e2aa1a93edae75398e,0629fcb2d184f29b0e9e,a656e6fcb53ea7bb4687,aa7252a58f41161c17c3,bps_tpb_2024,1,observation_materializes_cell
edge:05c19ed6955c938d4e2a,fe644938de9098156c4f,a6624661c181a4a0fec8,7ba29f3a45abe1301651,bps_webapi,4,observation_materializes_cell
edge:afa7d9835bf2c4f2c558,bd45e065fdc1be76ff71,a6b0fd8e839bd57c539f,7ba29f3a45abe1301651,bps_webapi,4,observation_materializes_cell
edge:69c1ef42eb4cdccb2f0d,eebcf86de3dbbd8bcf8d,a6b745d66e26ae357fd5,7ba29f3a45abe1301651,bps_webapi,4,observation_materializes_cell
edge:6525cbf837fc17a6ace6,aad0c48ba3f2bf05a232,a6b8fca2907b0ee183fb,aa7252a58f41161c17c3,bps_tpb_2024,1,observation_materializes_cell
edge:e69d6a857dadfe928a98,9e4cc9d46dd543895c04,a6b8fca2907b0ee183fb,b132d2fab33291e0733e,bps_webapi,3,observation_materializes_cell
edge:275313562d1050990f72,10758e03c6e5ae971b10,a6be613aed52de6685c5,7ba29f3a45abe1301651,bps_webapi,4,observation_materializes_cell
edge:7b5183d1ca32b88f44c8,c20705da21afc1ffd72b,a6cc97b535fd1e9cfae2,7ba29f3a45abe1301651,bps_webapi,4,observation_materializes_cell
edge:b4fd4c1c4efa58beafc1,b90c98056bfd0b161077,a6ce7a55c42c3fb312c3,7ba29f3a45abe1301651,bps_webapi,4,observation_materializes_cell
edge:b0b10169fe825cb9aebd,58659c94b50f43863c01,a6e0e364966d0a7ebf4c,7ba29f3a45abe1301651,bps_webapi,4,observation_materializes_cell
edge:41f321c5d8dd21e8aea1,19a5e58de642c5ee2b7a,a6ea1d4207b8731e41a9,7ba29f3a45abe1301651,bps_webapi,4,observation_materializes_cell
edge:7ad8fe8c1193ff18d300,fe49b5bea752d7bb41f2,a6f0ad2c33fd979b6456,7ba29f3a45abe1301651,bps_webapi,4,observation_materializes_cell
edge:14494bec0354768ac280,11efb796664c1c556d48,a6f9f6078635acfb1546,7ba29f3a45abe1301651,bps_webapi,4,observation_materializes_cell
edge:0f135d01e1b37d5b62c4,7a4e856ee52c05ae4a0f,a701255fcfcec3d9f2c2,7ba29f3a45abe1301651,bps_webapi,4,observation_materializes_cell
edge:a4dd85ce16567e020801,98be1b86b2eae05c3367,a7018bdfef2b5beb6d22,7ba29f3a45abe1301651,bps_webapi,4,observation_materializes_cell
edge:c8aaabef9466de5e07d2,14baa6772a83ea50ff16,a7018bdfef2b5beb6d22,aa7252a58f41161c17c3,bps_tpb_2024,1,observation_materializes_cell
edge:98f7023cc2b4c1338eae,1301dfbb7d89a742d541,a716e2ef0be11424b488,7ba29f3a45abe1301651,bps_webapi,4,observation_materializes_cell
edge:698c33641cfbfc8af3c2,3d5e52ea2a12568c3390,a72cca0ddc370aaf89db,7ba29f3a45abe1301651,bps_webapi,4,observation_materializes_cell
edge:014b2a367890ada883f3,e67cf146eb7e33ab9483,a7315d1dcf2572c222ee,7ba29f3a45abe1301651,bps_webapi,4,observation_materializes_cell
edge:1a9c2daecbf8115cc6bb,c14a5a80cde55aa5a6df,a76e435de706e01ce11c,aa7252a58f41161c17c3,bps_tpb_2024,1,observation_materializes_cell
edge:abb1a7013b2127c64ab2,4ea71319cfc201eaf00e,a76e435de706e01ce11c,b132d2fab33291e0733e,bps_webapi,3,observation_materializes_cell
edge:b40c3c51f619d058b3b0,f2d0f1030620d0493031,a77768aa779729f2c041,7ba29f3a45abe1301651,bps_webapi,4,observation_materializes_cell
edge:81d0cf8d39dcf1d19d79,458ac30b165e5bed720f,a7781d3f045c69563327,7ba29f3a45abe1301651,bps_webapi,4,observation_materializes_cell
edge:efbb0ac4f47c659d8240,ed4c06cdfb008d765107,a77a884e2734711f6843,aa7252a58f41161c17c3,bps_tpb_2024,1,observation_materializes_cell
edge:ee0c6c1e255e9642c8ad,a062f3c61694b9b8e8c4,a77a884e2734711f6843,b132d2fab33291e0733e,bps_webapi,3,observation_materializes_cell
edge:187ca0946f3b16ad84ed,dff4eaf9aa90804821bc,a77de5473f7147813a27,7ba29f3a45abe1301651,bps_webapi,4,observation_materializes_cell
edge:0914a3a915db3e3c64a0,42e0d6a6d304895f3245,a77de5473f7147813a27,aa7252a58f41161c17c3,bps_tpb_2024,1,observation_materializes_cell
edge:08659da6c4888443e4b8,2ed80b2331f4d4902005,a782d51f64d3d73ef430,7ba29f3a45abe1301651,bps_webapi,4,observation_materializes_cell
edge:c895aaadb0d3ab6f0981,bc9e5e86f436e2707843,a796a692674b51a285aa,7ba29f3a45abe1301651,bps_webapi,4,observation_materializes_cell
edge:e4b4d3abc70c24a0e948,f861c0d342a7fd0e2979,a79a7ae4e2833a6d602d,7ba29f3a45abe1301651,bps_webapi,4,observation_materializes_cell
edge:43953c580dee311709e8,d58054e2407158f0569b,a7b0808b85b5b8acf1c3,7ba29f3a45abe1301651,bps_webapi,4,observation_materializes_cell
edge:76c834b9192d7fcef53a,5db952f8651a6ac8aac8,a7e5a206261c2e54d2d6,aa7252a58f41161c17c3,bps_tpb_2024,1,observation_materializes_cell
edge:4df588715bceea78ca3f,0252975a5ba83d666f24,a7e5a206261c2e54d2d6,b132d2fab33291e0733e,bps_webapi,3,observation_materializes_cell
edge:45f523c6f882c83e2441,c575efcf306884e1f210,a7f46066a1a0552ad9fc,7ba29f3a45abe1301651,bps_webapi,4,observation_materializes_cell
edge:53f2a813089613502d9f,a0444d1fe7d2fd75bb80,a7fc5cc12ad1f604b653,7ba29f3a45abe1301651,bps_webapi,4,observation_materializes_cell
edge:437703b778e3426a0cc8,5b6a4f3ad32a3f6c1dcb,a804a6c8190455a25c06,7ba29f3a45abe1301651,bps_webapi,4,observation_materializes_cell
edge:e5103e7062b27496cc2f,98e178dbe3271ee0793a,a8176398c8b6e6a68b54,7ba29f3a45abe1301651,bps_webapi,4,observation_materializes_cell
edge:5ac4b16cbcd32304282f,64a4e6dada00f27cea71,a822997284cca3ccde2e,7ba29f3a45abe1301651,bps_webapi,4,observation_materializes_cell
edge:d25326784c1d6a73ebad,c2c8e0adbcbbe4e0f9ad,a827424c48a2291edd51,7ba29f3a45abe1301651,bps_webapi,4,observation_materializes_cell
edge:9ca40b1cdae5ffbe7163,799c591dfb8adfaf7344,a8357ad0ce9851ff57ff,7ba29f3a45abe1301651,bps_webapi,4,observation_materializes_cell
edge:e3ebcecde87e04ab584e,e0a3181cf4ba945dec3a,a84acbc2c33c76121034,7ba29f3a45abe1301651,bps_webapi,4,observation_materializes_cell
edge:602659532f9cdffa3f09,1e401b4089bee5dd02b3,a85ce7107014c74e39ef,7ba29f3a45abe1301651,bps_webapi,4,observation_materializes_cell
edge:fe0a0d61aabca6c9d3c3,04c380e961615e4e8040,a86031db7d8188ecc27c,7ba29f3a45abe1301651,bps_webapi,4,observation_materializes_cell
edge:22e2ebc0e311fd5c161d,835b149deaed8cea994a,a8622f7881bbecccb5ca,7ba29f3a45abe1301651,bps_webapi,4,observation_materializes_cell
edge:ed630b4cd3be021bfb6a,d0edae75855dfa90118f,a86684faf0eac2e8e378,7ba29f3a45abe1301651,bps_webapi,4,observation_materializes_cell
edge:cda0c76bba8b06bc599a,9015b15a2727d2e8cb18,a874571f9dec2f68744d,7ba29f3a45abe1301651,bps_webapi,4,observation_materializes_cell
edge:235fef8bc6bba331ddf4,14c4f781efb8ae20fafc,a87e7209e55cd0f522f1,7ba29f3a45abe1301651,bps_webapi,4,observation_materializes_cell
edge:b5dd92691d4cbf60fb9e,b6bb1226a2daad94349b,a88235e1d416d7754961,7ba29f3a45abe1301651,bps_webapi,4,observation_materializes_cell
edge:ccb219f63beeb37f86fe,f20ca3ed2d6006d61693,a88680cb8872297838c2,7ba29f3a45abe1301651,bps_webapi,4,observation_materializes_cell
edge:529e3c7b397856fa9c65,243694e58366c68b27ac,a8a5a2408fe96d3f3b18,7ba29f3a45abe1301651,bps_webapi,4,observation_materializes_cell
edge:f015e6f60e2e0ccd7d9e,a4ec97f5149ebed3dd6b,a8b19f30eef9c04a2d11,7ba29f3a45abe1301651,bps_webapi,4,observation_materializes_cell
edge:31ad3a7356e3da0295f4,f2284397a72673c53726,a8ba5820755131652bda,7ba29f3a45abe1301651,bps_webapi,4,observation_materializes_cell
edge:ce7fd314f31111476f53,4df0960b2aedbc4eab45,a8bed14fd2610afe6ab5,7ba29f3a45abe1301651,bps_webapi,4,observation_materializes_cell
edge:bda4c012aa0b1eba1a20,71f97f91b168db96b746,a8bf177c86ee57fd70d4,7ba29f3a45abe1301651,bps_webapi,4,observation_materializes_cell
edge:5de97d10a15c9b33e091,ba36a5e28251430ca6c7,a8bf177c86ee57fd70d4,aa7252a58f41161c17c3,bps_tpb_2024,1,observation_materializes_cell
edge:c27fcf0d0c3996e30d11,d1e43298572497152274,a8db406a17168685d97b,7ba29f3a45abe1301651,bps_webapi,4,observation_materializes_cell
edge:d900966f4ed54fa09781,3c84f37293f982e5b488,a8e9be4716189a361464,7ba29f3a45abe1301651,bps_webapi,4,observation_materializes_cell
edge:c33d28726b738a4780a1,2058f80f910977b98e12,a8fedd98684553000deb,7ba29f3a45abe1301651,bps_webapi,4,observation_materializes_cell
edge:78d4b6ff2bd4993bc8e8,1ebdf0a2be034ef7ddc8,a9056efc453e7f88ce63,7ba29f3a45abe1301651,bps_webapi,4,observation_materializes_cell
edge:b93f22ddcfdc92abf59d,59269c23c534d858ea63,a9056efc453e7f88ce63,aa7252a58f41161c17c3,bps_tpb_2024,1,observation_materializes_cell
edge:1564b8981d2c271bcf4c,1cb6fc8ecaa7d59f99e0,a90888d16c4270a1f474,7ba29f3a45abe1301651,bps_webapi,4,observation_materializes_cell
edge:a3c9f3ca0774cef5b74f,aee503a3bf74bf53195c,a90bb7428af65465ffbc,aa7252a58f41161c17c3,bps_tpb_2024,1,observation_materializes_cell
edge:f5622c12fa6e0dc70855,40f5aa05978b71c81c3f,a90bb7428af65465ffbc,b132d2fab33291e0733e,bps_webapi,3,observation_materializes_cell
edge:eab63358be76ac7459fd,17918b3dc0a4ff50a32e,a924b6676b7779eb3ce9,7ba29f3a45abe1301651,bps_webapi,4,observation_materializes_cell
edge:15481bc3f5bfa5cc0f36,2c6ea9b1712343bb503a,a93b4eaae25d4a447d10,7ba29f3a45abe1301651,bps_webapi,4,observation_materializes_cell
edge:7c873789171439f78e24,6e10ef8663922ae7a8d9,a954a69277406508bb95,7ba29f3a45abe1301651,bps_webapi,4,observation_materializes_cell
edge:1ced87088b41ea9853bc,ad0b3e9f360484eca696,a96a7192b56aa1f537c2,7ba29f3a45abe1301651,bps_webapi,4,observation_materializes_cell
edge:4c1b9618eb73477000f5,6742330d4c1bbbf5a459,a973f7d698c8907eb4f8,7ba29f3a45abe1301651,bps_webapi,4,observation_materializes_cell
edge:8d24b06f0a94d6f4c67b,d2f3bccc083635891588,a99ee64115dfc4b52c0d,7ba29f3a45abe1301651,bps_webapi,4,observation_materializes_cell
edge:dc0c11ff5b59b9f17cd4,26aeba08630601d8ff0f,a9aa9c2f68caf2912aaf,7ba29f3a45abe1301651,bps_webapi,4,observation_materializes_cell
edge:ba272b0c010c344dbe67,50b5c150a6a62f5f71e7,a9c1b36b568d965fe4ca,7ba29f3a45abe1301651,bps_webapi,4,observation_materializes_cell
edge:e7e3781497adf1ebbd96,ff017d7021398d8d13b6,a9c1b36b568d965fe4ca,aa7252a58f41161c17c3,bps_tpb_2024,1,observation_materializes_cell
edge:b35a66b9d131f29dc59b,325fd47ee348efceb090,a9deb302f21249feef1a,7ba29f3a45abe1301651,bps_webapi,4,observation_materializes_cell
edge:6ba2a9a8763da3c37df8,54fb464decd6e21f6e01,a9eecd722f9c0f25cf5c,7ba29f3a45abe1301651,bps_webapi,4,observation_materializes_cell
edge:f1196f394cc1274331f8,6fdd22d45976ac217224,a9eef96ccc940f0b2e38,7ba29f3a45abe1301651,bps_webapi,4,observation_materializes_cell
edge:34869b238fd2a5622cb4,cfa0d20d1ad23e4819ff,a9f00f7a5f7e2235aca5,7ba29f3a45abe1301651,bps_webapi,4,observation_materializes_cell
edge:85e57df6ee85e34ea4d0,eccc57e05a31da407030,aa0c306522816a1459ab,7ba29f3a45abe1301651,bps_webapi,4,observation_materializes_cell
edge:2b25f1da1de0ebe84d43,ad4412aa9fa08571eb3e,aa219f87bc04f86c8773,7ba29f3a45abe1301651,bps_webapi,4,observation_materializes_cell
edge:48b97ae63430328916d4,a9a542fc55a5e7aa6a37,aa22b2a1562401b08737,7ba29f3a45abe1301651,bps_webapi,4,observation_materializes_cell
edge:eb354194fb9c61a16ab8,c58f6d0864825ec7cbbc,aa2f4a130eb68eb10da0,7ba29f3a45abe1301651,bps_webapi,4,observation_materializes_cell
edge:baef74bf64ad8ac6b84c,2a42d566727b6a41ff53,aa2fcfc8c8ffe34f6bec,7ba29f3a45abe1301651,bps_webapi,4,observation_materializes_cell
edge:8c15ef613ce9bc1f21d0,6cea08a0ba08a43811c2,aa32e8f58223897ba5a3,7ba29f3a45abe1301651,bps_webapi,4,observation_materializes_cell
edge:e76b2b956b717e542aa9,6fc66e44272fad0affd6,aa3768254df6e3a2b1cf,7ba29f3a45abe1301651,bps_webapi,4,observation_materializes_cell
edge:6cf74116409b50a37490,699c64190a4e49d2b1cf,aa431932e4d4ac18dbdf,aa7252a58f41161c17c3,bps_tpb_2024,1,observation_materializes_cell
edge:20ae2d9ca9c2e97af672,c54a28000c01bbb92247,aa431932e4d4ac18dbdf,b132d2fab33291e0733e,bps_webapi,3,observation_materializes_cell
edge:d0c5841c479dc010363d,e6d0d665ebd410db039e,aa4be20fbfe2bf52d029,7ba29f3a45abe1301651,bps_webapi,4,observation_materializes_cell
edge:b3b82ec48fa51383b30e,68f80c89cc9fbeb4aaa6,aa67d96e8e9e39b436c7,7ba29f3a45abe1301651,bps_webapi,4,observation_materializes_cell
edge:f6fc5d1194705ab2516d,48675982f2ff1d9dccf1,aa67d96e8e9e39b436c7,aa7252a58f41161c17c3,bps_tpb_2024,1,observation_materializes_cell
edge:f0072f3c55d3043cf742,76148904dc9bafdd6ec0,aa698d5ceda5a76ec8cd,7ba29f3a45abe1301651,bps_webapi,4,observation_materializes_cell
edge:4e023891281b899a8e3a,f0c464f4a01815d434df,aa6cc007ac0a28454bc3,7ba29f3a45abe1301651,bps_webapi,4,observation_materializes_cell
edge:6e89ab9bb0a8fbd8cef7,4418783bfc2f4cb26dfb,aa7264a5680d92c21a25,7ba29f3a45abe1301651,bps_webapi,4,observation_materializes_cell
edge:b2d82dbbc96d26e11506,3bb09ae459aa3712ea1b,aa773c83466b7333b0f6,7ba29f3a45abe1301651,bps_webapi,4,observation_materializes_cell
edge:49a1a831fb140df01a75,a29469cff18c9d435250,aa8025d6b448cd053364,7ba29f3a45abe1301651,bps_webapi,4,observation_materializes_cell
edge:3bd26b2abc1948a3f982,5732d768350e0b373ad7,aa8025d6b448cd053364,aa7252a58f41161c17c3,bps_tpb_2024,1,observation_materializes_cell
edge:2c03acd12a93bd06cf5e,b98d4c61af63bc545f4b,aa8a02ac54469a7e967a,7ba29f3a45abe1301651,bps_webapi,4,observation_materializes_cell
edge:d0f5ada6638375053cb9,e2af4c17c62e5376d920,aa9c8780810d840bfe17,7ba29f3a45abe1301651,bps_webapi,4,observation_materializes_cell
edge:22d9513a86c2e806413c,ae7d4fdc34143e1d1990,aa9e2b3eb7e1ad64c674,7ba29f3a45abe1301651,bps_webapi,4,observation_materializes_cell
edge:491b12a6b2dee5bef28c,0a80658aad3b6103634f,aaa6abeae908413e0875,7ba29f3a45abe1301651,bps_webapi,4,observation_materializes_cell
edge:7856b9ce1fbe412a6dc1,58605593a14b1fe02232,aab08a4fe3d26ebdb845,7ba29f3a45abe1301651,bps_webapi,4,observation_materializes_cell
edge:a5f7de8215b87b2341a9,016d7f6e35b759b80e50,aabc0731157fbc1675b5,7ba29f3a45abe1301651,bps_webapi,4,observation_materializes_cell
edge:e78980b560383e9c204b,9af35088ea54909bbc50,aac3c4c3b8504b5da23c,7ba29f3a45abe1301651,bps_webapi,4,observation_materializes_cell
edge:0992708fadd7d27e744a,7651c5ef6b8bb71ea523,aacd9566f862f748e16f,7ba29f3a45abe1301651,bps_webapi,4,observation_materializes_cell
edge:dd3f056aea3b921323b6,ae969af3abb588b49f51,aad87473822d9320f158,7ba29f3a45abe1301651,bps_webapi,4,observation_materializes_cell
edge:f0bcead6c9c4572497a1,bf1a1d34601e008c0a1a,aaeba8c93384e16e4e5a,7ba29f3a45abe1301651,bps_webapi,4,observation_materializes_cell
edge:0ea4e8f21fed3826b856,c45391fb40e6b2292f73,aaebb99da2b70e59ecfb,7ba29f3a45abe1301651,bps_webapi,4,observation_materializes_cell
edge:05fc1593174d81cc01f4,28d81a40ac7aba3d46b7,aaf0a85d3604640901a6,7ba29f3a45abe1301651,bps_webapi,4,observation_materializes_cell
edge:51725ae6a74965111376,bd1a9402affc094f2527,aaf4f3b57a3675a613a9,7ba29f3a45abe1301651,bps_webapi,4,observation_materializes_cell
edge:069ed70ef15ef0037ca0,ce4f788527a0f6b6c179,aaf4f3b57a3675a613a9,aa7252a58f41161c17c3,bps_tpb_2024,1,observation_materializes_cell
edge:a1944bce872731bc3582,c525afeb3b1ab15a6a5b,aaf5ab8b6d3fb6c68624,7ba29f3a45abe1301651,bps_webapi,4,observation_materializes_cell
edge:afb7cdf1e634a2f30657,b9ce68c9b72f47e7ae7d,aaf779fa1feb090fa19f,aa7252a58f41161c17c3,bps_tpb_2024,1,observation_materializes_cell
edge:9671a922c010b7f7d201,64930874c13ab6b27ef7,aaf779fa1feb090fa19f,b132d2fab33291e0733e,bps_webapi,3,observation_materializes_cell
edge:c242b0eed68863627d0c,7fdc2073a55ba8f37a81,ab07d530fe4fbca63c1b,7ba29f3a45abe1301651,bps_webapi,4,observation_materializes_cell
edge:8d069b1e64b4eb7a4cd9,315f07d6bdb0da31a9c2,ab07d530fe4fbca63c1b,aa7252a58f41161c17c3,bps_tpb_2024,1,observation_materializes_cell
edge:ffec4cdfacdca2e7cec0,cd5be2deabe158a5c93a,ab0d35dd208c5575e3a0,7ba29f3a45abe1301651,bps_webapi,4,observation_materializes_cell
edge:3d6c91241714f3fe9992,e020ba43653dda618165,ab113b9377713d0a7ce7,7ba29f3a45abe1301651,bps_webapi,4,observation_materializes_cell
edge:fb338dcf3f6c5775bee6,09d144e47493cfc2d26f,ab345ccfd9d1adae8fc8,aa7252a58f41161c17c3,bps_tpb_2024,1,observation_materializes_cell
edge:0044ae05c1e3430c1b39,0d6701b8abee1427e19b,ab345ccfd9d1adae8fc8,b132d2fab33291e0733e,bps_webapi,3,observation_materializes_cell
edge:d1bc53a2cfc8b1af4aaa,f22df0e53dee3180ecb7,ab4759f5f6acd5b1edbf,7ba29f3a45abe1301651,bps_webapi,4,observation_materializes_cell
edge:f94fd8675a032d8d3b53,3900dd6a31c87e7c88c4,ab56d979834a5e21cbc9,7ba29f3a45abe1301651,bps_webapi,4,observation_materializes_cell
edge:04c42c4df484cfc082e8,87ce08e0d2788e77c08a,ab57ccd40970b85626e3,7ba29f3a45abe1301651,bps_webapi,4,observation_materializes_cell
edge:bf67bed0441de2b71063,787fdd8250be3a1dbbee,ab601cb34278b50a36af,7ba29f3a45abe1301651,bps_webapi,4,observation_materializes_cell
edge:62a3906fe62354e876c5,66c8bfc875f1e6e31d36,ab617f35390bb5123831,7ba29f3a45abe1301651,bps_webapi,4,observation_materializes_cell
edge:4af0fa06a2a35969135f,3aeacb6178f334a023e8,ab8238e8f0b96e8d5b27,7ba29f3a45abe1301651,bps_webapi,4,observation_materializes_cell
edge:1e86f3db0e58ecabeb3d,f92712333309614b6fe6,ab971e032ce4bc1b216e,7ba29f3a45abe1301651,bps_webapi,4,observation_materializes_cell
edge:9b6626f91c1d98c8a3a7,241cec75962876eae0ea,aba14b767e314e5236cb,7ba29f3a45abe1301651,bps_webapi,4,observation_materializes_cell
edge:3209ecde062562c1ebc3,c0bfcd9c6b325e831c74,abb0c5b53789c9326120,7ba29f3a45abe1301651,bps_webapi,4,observation_materializes_cell
edge:000ef73fe26cf2a89326,8fe62779b9a7b72ae88d,abb3ec8a268af88fd20f,aa7252a58f41161c17c3,bps_tpb_2024,1,observation_materializes_cell
edge:a45aede0b6b7b0f1c860,7d43d5fc7d700535daa4,abb3ec8a268af88fd20f,b132d2fab33291e0733e,bps_webapi,3,observation_materializes_cell
edge:31d9d4b335c3198e37a4,cbda33d7d4effeee2e2c,abc3aa23541bfd198e9a,7ba29f3a45abe1301651,bps_webapi,4,observation_materializes_cell
edge:e5f78b7dae3a52d79926,9501a609e73004005c05,abcab2e9c03128b0c88d,7ba29f3a45abe1301651,bps_webapi,4,observation_materializes_cell
edge:6dce42e3ca64c0f12b35,44148b9b7dd1626bfbd4,abd6de0193362d05e802,aa7252a58f41161c17c3,bps_tpb_2024,1,observation_materializes_cell
edge:ff4307dc9bda47ab6a4c,7505a66d102a9cd9a491,abd6de0193362d05e802,b132d2fab33291e0733e,bps_webapi,3,observation_materializes_cell
edge:a70a3af5001e327301e7,61628fa295cda17f186e,abdca80b68ed8a4ac556,7ba29f3a45abe1301651,bps_webapi,4,observation_materializes_cell
edge:f09817888aff14297d28,9d22fb4aa70eb7635673,abebf0242102ca532957,7ba29f3a45abe1301651,bps_webapi,4,observation_materializes_cell
edge:3df97b5f79c6a5cc3957,6087c67faf3dfa309500,abf2522773c55c5efe4d,7ba29f3a45abe1301651,bps_webapi,4,observation_materializes_cell
edge:06d12537b16eca8ad507,4c7f64438c2e5e836aa9,abf904cbe442136fff5e,7ba29f3a45abe1301651,bps_webapi,4,observation_materializes_cell
edge:127d37c6d746b43d3446,5e18230335ecd8c98c2e,ac039aefe2bc5e07aa87,7ba29f3a45abe1301651,bps_webapi,4,observation_materializes_cell
edge:5e854932ff4a2de48900,ed1f083bd5cde2c32b29,ac1befc4f761beebcd0f,7ba29f3a45abe1301651,bps_webapi,4,observation_materializes_cell
edge:9e1af8d0b72a90455202,ce58faa1e8266f5cc95e,ac26da15f37e794a1959,7ba29f3a45abe1301651,bps_webapi,4,observation_materializes_cell
edge:6c3371b19bb913ccd5cb,9abd61a8b89216d5cea0,ac3f962aee37bbb2b234,aa7252a58f41161c17c3,bps_tpb_2024,1,observation_materializes_cell
edge:8d5c05c922029273f6ec,d71016b5df9eb1b39ff5,ac3f962aee37bbb2b234,b132d2fab33291e0733e,bps_webapi,3,observation_materializes_cell
edge:fa286819d3c9d4f125f1,5600aaecaa0c9228f468,ac51018528353cef04d9,7ba29f3a45abe1301651,bps_webapi,4,observation_materializes_cell
edge:c1c542c5107b83023918,fe206ee0307e2d76014e,ac559040eb698a87240f,7ba29f3a45abe1301651,bps_webapi,4,observation_materializes_cell
edge:ceb7956179775df90e02,8112a81ef230f610aa47,ac59858fb71dc0238a58,7ba29f3a45abe1301651,bps_webapi,4,observation_materializes_cell
edge:b762b8f402d0c0747d98,96e03442e31f86c52882,ac6ed55e54041e2e103d,7ba29f3a45abe1301651,bps_webapi,4,observation_materializes_cell
edge:5abc8b6ed8106edb8e98,f3f1ea7b59509cac9e19,ac6f8fed7af5d1a1bcda,7ba29f3a45abe1301651,bps_webapi,4,observation_materializes_cell
edge:7ac6fe71aa0e8da5ae5d,a7b24e84f3006076d496,ac7c218a60fe15ab91b2,aa7252a58f41161c17c3,bps_tpb_2024,1,observation_materializes_cell
edge:42b3dbe812026b3b6f25,6fa766c7bed9639681b5,ac7c218a60fe15ab91b2,b132d2fab33291e0733e,bps_webapi,3,observation_materializes_cell
edge:72c3bd78ee9ca0307be8,609343dbfdaa5d20ad51,ac90354e5416effe2cd6,7ba29f3a45abe1301651,bps_webapi,4,observation_materializes_cell
edge:b0e33335a5abfa598035,8a56bc1905287b0fcd8e,aca7e62575517940a15b,aa7252a58f41161c17c3,bps_tpb_2024,1,observation_materializes_cell
edge:fd5eee0586d613cec09f,9dc81f019afa20c32d7f,aca7e62575517940a15b,b132d2fab33291e0733e,bps_webapi,3,observation_materializes_cell
edge:01792949e2f2313fbd70,687f7a4b441c79c5a477,acb7a4aa739142347663,7ba29f3a45abe1301651,bps_webapi,4,observation_materializes_cell
edge:7ee16559c31135eddb67,a870505bb7d19b7a75d0,acb7a4aa739142347663,9ab2011a3892edfac889,bps_tpb_2025,2,observation_materializes_cell
edge:9cfd0657c31bb3c75b50,87944fb270808ba6f83b,accb25c5b25630e1028b,7ba29f3a45abe1301651,bps_webapi,4,observation_materializes_cell
edge:0b03e6073cb16d779a42,e863e2f6217d28697bf8,acd683eb7e52ae39f1ab,7ba29f3a45abe1301651,bps_webapi,4,observation_materializes_cell
edge:c99e0cfc30a1ae6bf0f3,4f63d73cf76f59715086,acdd5a11b6b561c41696,7ba29f3a45abe1301651,bps_webapi,4,observation_materializes_cell
edge:7caf2ca80d0fb8495650,0ceb4bdc0a2a9faf6632,acefa2afc5b8ccb467bc,7ba29f3a45abe1301651,bps_webapi,4,observation_materializes_cell
edge:5931846b68a13a0abe5e,e283ae6588d7c1584f55,acefa2afc5b8ccb467bc,aa7252a58f41161c17c3,bps_tpb_2024,1,observation_materializes_cell
edge:b8527f9e135c01f38679,6bca73a4674211c99f05,ad0e6f765130691f009a,7ba29f3a45abe1301651,bps_webapi,4,observation_materializes_cell
edge:05160fd5658ce29f3f63,49f66051be7637ac274b,ad0e6f765130691f009a,aa7252a58f41161c17c3,bps_tpb_2024,1,observation_materializes_cell
edge:b8acfc93fe812fd1fc43,6417417fdbf15b8e71c6,ad12587849ac8559d77b,7ba29f3a45abe1301651,bps_webapi,4,observation_materializes_cell
edge:4c757a556b2411bd2585,0dab1e6ff462d9d4f89d,ad260d271cb9a7ced6e0,7ba29f3a45abe1301651,bps_webapi,4,observation_materializes_cell
edge:ede629ffe66b4343b53f,6fee9bef293235df2fe5,ad260d271cb9a7ced6e0,aa7252a58f41161c17c3,bps_tpb_2024,1,observation_materializes_cell
edge:717d34c93d01cf1ea5c9,7364e34f47dcb7572dbe,ad2c9fa34817af0fd1ae,7ba29f3a45abe1301651,bps_webapi,4,observation_materializes_cell
edge:238f672136c62389395d,fe60c763d06565826000,ad2f5ba1391603269174,7ba29f3a45abe1301651,bps_webapi,4,observation_materializes_cell
edge:e0506587d471f8f0ae19,a1a79907c598cdd1e0cb,ad3eb205206b9b9f33a6,7ba29f3a45abe1301651,bps_webapi,4,observation_materializes_cell
edge:bb1fcde8c0d3f8b8c753,6f96e517435f353709f5,ad4c64e330e94427b240,7ba29f3a45abe1301651,bps_webapi,4,observation_materializes_cell
edge:b29959fdea653228cd25,359501730be24bdf23c3,ad4c9525385b228f4f09,7ba29f3a45abe1301651,bps_webapi,4,observation_materializes_cell
edge:5f16e9337fc2d185b442,88625f2036c737eb687e,ad59f35675dd1340f273,7ba29f3a45abe1301651,bps_webapi,4,observation_materializes_cell
edge:b38f9e19f060d2149de7,c9766d346ec7a5a5419f,ad762cf52f3c74621914,7ba29f3a45abe1301651,bps_webapi,4,observation_materializes_cell
edge:c382c3f5bedf729947d8,10f262162479582f60bc,ad9e51f8518db50941e2,7ba29f3a45abe1301651,bps_webapi,4,observation_materializes_cell
edge:a71dff844749b0e88ebd,fd96e9726813b79e1118,adaaab7d7d99f443def8,aa7252a58f41161c17c3,bps_tpb_2024,1,observation_materializes_cell
edge:add96985894c53a7dd2f,685a6add30bb8ce0e4ba,adaaab7d7d99f443def8,b132d2fab33291e0733e,bps_webapi,3,observation_materializes_cell
edge:6e54caff4a722419a5d5,b7c9679d600fc361ae61,adaf3f65ab16e2b33851,7ba29f3a45abe1301651,bps_webapi,4,observation_materializes_cell
edge:4204886b906f1a9294bf,2b660737ebe6d0d59f65,adb2a5b081a1332bd14f,7ba29f3a45abe1301651,bps_webapi,4,observation_materializes_cell
edge:b03753092b3ed1735393,26c43871a3193aa6e1b0,adb35a8359f138a7e979,7ba29f3a45abe1301651,bps_webapi,4,observation_materializes_cell
edge:518638a5d80182a2dc3e,9dab3144462f35761da4,adc04cbc99b7a7b7590b,7ba29f3a45abe1301651,bps_webapi,4,observation_materializes_cell
edge:9a6428dce326aa672ef5,d5e65ab0c7d7cbc0dbc9,add1c601b953824f5bc3,7ba29f3a45abe1301651,bps_webapi,4,observation_materializes_cell
edge:61d228cee02173c20ac0,a18547e1caac1e4fa7e4,add767e625b023dc59fa,7ba29f3a45abe1301651,bps_webapi,4,observation_materializes_cell
edge:fb507032a3c4c8965235,83b443b594295f648ae6,add767e625b023dc59fa,aa7252a58f41161c17c3,bps_tpb_2024,1,observation_materializes_cell
edge:ee6796b53ff04530f081,43a333059faa3f8bf8d4,ade1d60f655f5c340ac4,aa7252a58f41161c17c3,bps_tpb_2024,1,observation_materializes_cell
edge:ce05a41bb5806459e6df,3ac65c2f471d859415d7,ade1d60f655f5c340ac4,b132d2fab33291e0733e,bps_webapi,3,observation_materializes_cell
edge:762d1d6bb3391e7f2166,38901701282eef5f3d21,ade3836688d09e2bde1f,7ba29f3a45abe1301651,bps_webapi,4,observation_materializes_cell
edge:09c34453d9daa75c8633,7a40f299049e6d3bebfc,adead6e3b1df0ecd33b5,7ba29f3a45abe1301651,bps_webapi,4,observation_materializes_cell
edge:6ccaba3626042c59d133,d333737384899e75c952,adead6e3b1df0ecd33b5,aa7252a58f41161c17c3,bps_tpb_2024,1,observation_materializes_cell
edge:984cbb2122aba169c242,40ec879b4c03f6ec713b,adf5b4f045ebfcf91ed9,aa7252a58f41161c17c3,bps_tpb_2024,1,observation_materializes_cell
edge:b4167f4ddf954b99c5a5,b5339229d842db32d85c,adf5b4f045ebfcf91ed9,b132d2fab33291e0733e,bps_webapi,3,observation_materializes_cell
edge:711d741b402f952f262a,f9b13c9ec4405840528a,adfb654bd216b3bd96f2,7ba29f3a45abe1301651,bps_webapi,4,observation_materializes_cell
edge:c39d31027047df12ff44,5099ed98df18938e5c0c,ae02f7a77eced046ee71,7ba29f3a45abe1301651,bps_webapi,4,observation_materializes_cell
edge:590edfb2b47950b35caa,0b5046a4d1f26da1f40e,ae02f7a77eced046ee71,aa7252a58f41161c17c3,bps_tpb_2024,1,observation_materializes_cell
edge:b8d0176fdd7138eb1c95,e4b42855674f4bde44da,ae077628fa3b2a096527,7ba29f3a45abe1301651,bps_webapi,4,observation_materializes_cell
edge:d10b9702d99f9da8c742,beca2f17c7be1a575d6f,ae077628fa3b2a096527,aa7252a58f41161c17c3,bps_tpb_2024,1,observation_materializes_cell
edge:7ce1726be4c9a0e55f8a,05f4c798667b345a3706,ae0a665f4f3f52d7a256,7ba29f3a45abe1301651,bps_webapi,4,observation_materializes_cell
edge:46c24b8e93650205376b,28b9e85735708b87067c,ae0a665f4f3f52d7a256,aa7252a58f41161c17c3,bps_tpb_2024,1,observation_materializes_cell
edge:f8aeee8ac6302332279c,1bd3647e742972fc5419,ae1e7ba46036b1f4181f,aa7252a58f41161c17c3,bps_tpb_2024,1,observation_materializes_cell
edge:12c395a28ea810f3bdbe,e9eaf4f88e97bfa99bb7,ae1e7ba46036b1f4181f,b132d2fab33291e0733e,bps_webapi,3,observation_materializes_cell
edge:b658999ec5dafc90deec,1fbe99c1056725b2fb89,ae52caf412a38c8fcbc5,7ba29f3a45abe1301651,bps_webapi,4,observation_materializes_cell
edge:94eaaf0f88a57f827d81,4d04157cc622d539bdc3,ae54f34d6e7fb00f870d,7ba29f3a45abe1301651,bps_webapi,4,observation_materializes_cell
edge:97e5aff58f30edd0c336,cebf39b86388246addd5,ae54f34d6e7fb00f870d,aa7252a58f41161c17c3,bps_tpb_2024,1,observation_materializes_cell
edge:ce49c72a44634e9cead0,3570fd214c7909c2458e,ae5c99332efb02571188,7ba29f3a45abe1301651,bps_webapi,4,observation_materializes_cell
edge:880a06348b30a1234c66,64eaefdb403dbde4f4af,ae744709b28b35821a5a,7ba29f3a45abe1301651,bps_webapi,4,observation_materializes_cell
edge:041a81497349c348e831,0a0fe3e073e30259a1d1,ae863125e0966ae38ee2,7ba29f3a45abe1301651,bps_webapi,4,observation_materializes_cell
edge:3b4b5003b1ae150e84b2,ff0cb577e31d5caf9dd7,ae8d73274c5ff3795c23,7ba29f3a45abe1301651,bps_webapi,4,observation_materializes_cell
edge:08ebab7763f0173f9fb0,c73423f0b39e6d3e9819,ae9685154a878fb0bf58,7ba29f3a45abe1301651,bps_webapi,4,observation_materializes_cell
edge:5abbbc3b05ee6d02bea3,75c0c30ad7d064f9ffcf,aeadabd3a322a932f5a9,7ba29f3a45abe1301651,bps_webapi,4,observation_materializes_cell
edge:6519d828bdf8ab6d2926,8f1859f56e25a04a7daf,aeb5b811cd62fbbe94cb,7ba29f3a45abe1301651,bps_webapi,4,observation_materializes_cell
edge:fa04b38aa0660c9769e8,fc694b68c30afebeaad5,aeb5b811cd62fbbe94cb,9ab2011a3892edfac889,bps_tpb_2025,2,observation_materializes_cell
edge:6babc94f8908cc1f8af1,00d040cd40b6da11bbe9,aeb5b811cd62fbbe94cb,aa7252a58f41161c17c3,bps_tpb_2024,1,observation_materializes_cell
edge:6ef207c5a2f923cf0365,b3a568fa19d599d7ccc2,aeb7b1c6af3a98d78aca,7ba29f3a45abe1301651,bps_webapi,4,observation_materializes_cell
edge:0d2eaeb12bd297d4c3b5,66efb9131e9b7bb66dfb,aeb9748d2ab4a8e9f765,7ba29f3a45abe1301651,bps_webapi,4,observation_materializes_cell
edge:72b466b4dee5e6e2088d,a1b739b4e6c5f0ca1471,aeb9748d2ab4a8e9f765,aa7252a58f41161c17c3,bps_tpb_2024,1,observation_materializes_cell
edge:bc2abe3ee92674218210,50dbae114faa4f00f89a,aeb975e98897d16a61e9,7ba29f3a45abe1301651,bps_webapi,4,observation_materializes_cell
edge:01fa3d32df43f3667f9a,bc53befe982e7edcae27,aeb975e98897d16a61e9,aa7252a58f41161c17c3,bps_tpb_2024,1,observation_materializes_cell
edge:3ba6fc7283f356014acc,ff0d272f9970ae063257,aecd0b77bcd77d46e745,7ba29f3a45abe1301651,bps_webapi,4,observation_materializes_cell
edge:ac48996a93fed0350609,4f83741ffa16fccc58e4,aecdaccc7012d0f93b55,7ba29f3a45abe1301651,bps_webapi,4,observation_materializes_cell
edge:6c7f8ad8e06b203ca8ab,456afdd3ef1d6e664b1c,aedf7dbdad7f85ebbf11,7ba29f3a45abe1301651,bps_webapi,4,observation_materializes_cell
edge:ad7142e840dea42fc691,6b3251325f8d13c7e846,aee3507ae95be7256247,7ba29f3a45abe1301651,bps_webapi,4,observation_materializes_cell
edge:8380329d94f477b2d8f7,511ca7fbc21c961d2237,aee85cc0c05f1b1be10b,7ba29f3a45abe1301651,bps_webapi,4,observation_materializes_cell
edge:9e70cd983b3a4d63c06d,eaf56e8d04bdf0f8ec41,aee85cc0c05f1b1be10b,aa7252a58f41161c17c3,bps_tpb_2024,1,observation_materializes_cell
edge:6aa8eee275f26ce18a6e,17e2efcdd0ec73f3dfcc,aeee7b22052273700e69,7ba29f3a45abe1301651,bps_webapi,4,observation_materializes_cell
edge:538cef0ad7b3ad0919af,d3d190294bd752f035a6,af0cb49168f40adf623c,7ba29f3a45abe1301651,bps_webapi,4,observation_materializes_cell
edge:3415ecc49943a9ed9197,e45abf54837b9f92b059,af0cb49168f40adf623c,aa7252a58f41161c17c3,bps_tpb_2024,1,observation_materializes_cell
edge:6428384e5cd501a480d3,c1845d5b2179db01a7ff,af12d1ae8c1555d899be,7ba29f3a45abe1301651,bps_webapi,4,observation_materializes_cell
edge:8cac4725792c5768e4b0,a34fc65bf470c1e7ce20,af12d1ae8c1555d899be,aa7252a58f41161c17c3,bps_tpb_2024,1,observation_materializes_cell
edge:51ebd061d093e148cb84,352c6929cf32d7604f16,af1ad9ef57298b0dd99c,aa7252a58f41161c17c3,bps_tpb_2024,1,observation_materializes_cell
edge:b7c981a51a8ed414ca42,d30b83fe444b1883f4ba,af1ad9ef57298b0dd99c,b132d2fab33291e0733e,bps_webapi,3,observation_materializes_cell
edge:4867e3942698d1c5f839,61afb4948e44066c9b7b,af1e23fb02308f8f1f35,7ba29f3a45abe1301651,bps_webapi,4,observation_materializes_cell
edge:15a44c570edb4fc0cd12,cbec7fb53e45533ebc59,af1e23fb02308f8f1f35,aa7252a58f41161c17c3,bps_tpb_2024,1,observation_materializes_cell
edge:f0102e7bc5e56cd9d2d7,cfc4fa06a0dee30d89ba,af248f41782bd860a7a5,7ba29f3a45abe1301651,bps_webapi,4,observation_materializes_cell
edge:60f35bf929380e6b12d9,cdd57e34dffc5c4eb487,af26c16d0040c6b8c52f,7ba29f3a45abe1301651,bps_webapi,4,observation_materializes_cell
edge:c6200bcbb131223d6edf,791c913a481d56d0e610,af26c16d0040c6b8c52f,aa7252a58f41161c17c3,bps_tpb_2024,1,observation_materializes_cell
edge:c60818c0ec3e65159879,23220d8cbffecff7dbcf,af537380721d14939de4,aa7252a58f41161c17c3,bps_tpb_2024,1,observation_materializes_cell
edge:2098a37c544d3036a056,61e5b588e4d949d3281a,af537380721d14939de4,b132d2fab33291e0733e,bps_webapi,3,observation_materializes_cell
edge:889f2819a66f67641133,4e899339d73db39a3628,af55cd13d97c873b1a0a,7ba29f3a45abe1301651,bps_webapi,4,observation_materializes_cell
edge:19ee0ae75ae10b8b9bf5,690af52b5936a0bdfd15,af57c19979a318bdceff,7ba29f3a45abe1301651,bps_webapi,4,observation_materializes_cell
edge:603058c0e0c636747ad1,3b0b7f9bf141883f9d2a,af61c34425a8daa3cfa7,7ba29f3a45abe1301651,bps_webapi,4,observation_materializes_cell
edge:469ce330095721161c27,19eb4daef892d5aea805,af6813372574baf5edc2,9ab2011a3892edfac889,bps_tpb_2025,2,observation_materializes_cell
edge:fc3f1e883bfd07816415,8056820dc20148850625,af77dbaf156f2f16bb82,7ba29f3a45abe1301651,bps_webapi,4,observation_materializes_cell
edge:35c06de4134c5347e956,96bdf3662be3442e9517,af7cfffb6dac3bcdcea3,7ba29f3a45abe1301651,bps_webapi,4,observation_materializes_cell
edge:b3a1dbe2f217f3da5a8b,5d9264291d425a280e4c,af7d8824a049a856630d,7ba29f3a45abe1301651,bps_webapi,4,observation_materializes_cell
edge:e5282d229bceef0f97c9,281907218c8c3b1b875f,af80094c9ab2ecdb12ab,7ba29f3a45abe1301651,bps_webapi,4,observation_materializes_cell
edge:6b66a8a9b22a529cfaed,d016fb0bfd73e049de79,af8032c9b50bf4722968,7ba29f3a45abe1301651,bps_webapi,4,observation_materializes_cell
edge:9686b8101de0b99a3159,f26cececb1da551734ba,af886bf7c374dee49df0,7ba29f3a45abe1301651,bps_webapi,4,observation_materializes_cell
edge:1b946227242626acb2a6,f5bc9b062ded91f89981,af9adfb68f26c5546197,7ba29f3a45abe1301651,bps_webapi,4,observation_materializes_cell
edge:61a3fbe74b2b13168339,7c30b3680018b28ad0c1,afbab449dfde1000d9f0,7ba29f3a45abe1301651,bps_webapi,4,observation_materializes_cell
edge:3e461645211956139f10,06dfc0ec773606dd3b9f,afbab449dfde1000d9f0,aa7252a58f41161c17c3,bps_tpb_2024,1,observation_materializes_cell
edge:7788a9fb03622701cb99,581ca328dc6f96d388d9,afdc09ae53e3cca263c0,aa7252a58f41161c17c3,bps_tpb_2024,1,observation_materializes_cell
edge:c75d3274553b635c809f,76945af76a5f127caf67,afdc09ae53e3cca263c0,b132d2fab33291e0733e,bps_webapi,3,observation_materializes_cell
edge:e62c8744caf773ef4229,3d74038dcbdb6838e2fd,afee697f1c1ba8e04d87,aa7252a58f41161c17c3,bps_tpb_2024,1,observation_materializes_cell
edge:5f563960614b4ae1e17e,46ee7d5ff8ced533a0e1,afee697f1c1ba8e04d87,b132d2fab33291e0733e,bps_webapi,3,observation_materializes_cell
edge:3af7bb7db64cb19e6ef0,d5e4e2a7fa980e381050,aff87f11e5e3d8dbed23,7ba29f3a45abe1301651,bps_webapi,4,observation_materializes_cell
edge:086b988190592efaf0a3,b7c9b1d4e995cd360cf8,affba06923a6721569e8,7ba29f3a45abe1301651,bps_webapi,4,observation_materializes_cell
edge:edc4a6ebd18775c1a887,a316012f5f1fdbacd413,b009999b9b7d557df262,7ba29f3a45abe1301651,bps_webapi,4,observation_materializes_cell
edge:0626d1f91fb25a300106,cf5a78e513a966a375cd,b009999b9b7d557df262,aa7252a58f41161c17c3,bps_tpb_2024,1,observation_materializes_cell
edge:753b8c61488cc4ee503c,1106c2e9c782f5cee233,b00afb06f2d083ba35bb,7ba29f3a45abe1301651,bps_webapi,4,observation_materializes_cell
edge:b8c4f9ba40f33245400b,d06a64b3e0c2f49ffa99,b00afb06f2d083ba35bb,aa7252a58f41161c17c3,bps_tpb_2024,1,observation_materializes_cell
edge:054266816831ac9be238,0db22f05ac9a9963bc37,b00c71d46519bcb431fc,7ba29f3a45abe1301651,bps_webapi,4,observation_materializes_cell
edge:4c55061f57dc09dc67fc,01d12240ea2ff4ffd8bd,b017c9034c1cdb729562,aa7252a58f41161c17c3,bps_tpb_2024,1,observation_materializes_cell
edge:d2cd3bd9ef889810f6d5,1ce53238d3137532b0fc,b017c9034c1cdb729562,b132d2fab33291e0733e,bps_webapi,3,observation_materializes_cell
edge:f10b1e8d7f676e1b1531,c4e14e5c278fe2c0f9b0,b033bc3b659eb2b7f1be,7ba29f3a45abe1301651,bps_webapi,4,observation_materializes_cell
edge:339899eec42f75dac0f6,6fd8da95ede483087dbe,b05089c4442f89b21fc1,7ba29f3a45abe1301651,bps_webapi,4,observation_materializes_cell
edge:fb8140bfd29e69919034,088f8cd9a73d24be02ad,b07f2cd68aa05fbf7908,7ba29f3a45abe1301651,bps_webapi,4,observation_materializes_cell
edge:7cb4f78a06f0114dc40e,c2b3fb09e4b1ecbeaac1,b0934b48a8c29e1fa847,aa7252a58f41161c17c3,bps_tpb_2024,1,observation_materializes_cell
edge:b9dc5281d3d64e0645e6,cbafbb46d8cc0c62cf29,b0934b48a8c29e1fa847,b132d2fab33291e0733e,bps_webapi,3,observation_materializes_cell
edge:27d80f0dd2ff07c04bd9,7a1415f7c3841fa22072,b0974e677fe1d1e601e3,7ba29f3a45abe1301651,bps_webapi,4,observation_materializes_cell
edge:c40fc05f37d51d506196,0a9f817da97a1f0af151,b0a0517e71ef8110df71,7ba29f3a45abe1301651,bps_webapi,4,observation_materializes_cell
edge:3f4c7915f8b362d1402f,ac96e40edcf289da9b22,b0a65ddff57685bcba48,7ba29f3a45abe1301651,bps_webapi,4,observation_materializes_cell
edge:03080750b7784047c4dc,5ba77f002e544f284f4d,b0b9c112cc122a64ede2,7ba29f3a45abe1301651,bps_webapi,4,observation_materializes_cell
edge:3488d84498745d89566f,259b7d225412388df4a8,b0ca2ce4518dbb141130,aa7252a58f41161c17c3,bps_tpb_2024,1,observation_materializes_cell
edge:d2553c5720eb5a6d7a8a,dbd7d30363c7b0d506b1,b0ca2ce4518dbb141130,b132d2fab33291e0733e,bps_webapi,3,observation_materializes_cell
edge:d85726fe22aba75b66b9,acb85cff32024ae66afa,b0dd6a1e7797d52f2b22,7ba29f3a45abe1301651,bps_webapi,4,observation_materializes_cell
edge:f7dfa2c96523f3055729,8f70b2cb79119340a163,b0dfcea3e5fabfc0df82,7ba29f3a45abe1301651,bps_webapi,4,observation_materializes_cell
edge:e1520cfc91027cad52f4,1536271b3fedda42daad,b0e5e59480926a268eea,7ba29f3a45abe1301651,bps_webapi,4,observation_materializes_cell
edge:8cec2c66b826814529ca,d99800a3d31773df6363,b103eef1f49df0995679,aa7252a58f41161c17c3,bps_tpb_2024,1,observation_materializes_cell
edge:cca4041cf898fdb22cf6,8c31dddd0eb00e2c6254,b103eef1f49df0995679,b132d2fab33291e0733e,bps_webapi,3,observation_materializes_cell
edge:67b652a0912342ce99bb,5a15733fd7fa95ddf447,b1138bb5b10265c94d9b,7ba29f3a45abe1301651,bps_webapi,4,observation_materializes_cell
edge:971b59da555dc4de790a,4f17504c9b005db1a2b6,b1190be92a820197188a,aa7252a58f41161c17c3,bps_tpb_2024,1,observation_materializes_cell
edge:e87933be27b58c8f3fe7,33f3f4eb2e9b69721fe7,b1190be92a820197188a,b132d2fab33291e0733e,bps_webapi,3,observation_materializes_cell
edge:570fb7a974cf6ef5f7c4,167a7732ceec23fc4e66,b1214c91dbbca97c7f96,7ba29f3a45abe1301651,bps_webapi,4,observation_materializes_cell
edge:f0e109dcb769061e348a,64d34d44f83cf4575751,b12db27c9912476ea2bd,aa7252a58f41161c17c3,bps_tpb_2024,1,observation_materializes_cell
edge:3ddc747705ebcbb78e20,4bd2c1de447607a34ea4,b12db27c9912476ea2bd,b132d2fab33291e0733e,bps_webapi,3,observation_materializes_cell
edge:2c34a8e6099a79a851b4,a48c7227b54f0eead289,b139b79adbab95193934,7ba29f3a45abe1301651,bps_webapi,4,observation_materializes_cell
edge:7a5557817c63d503bba0,08fbfb693623f640a530,b1515c42aac04edfc4f6,aa7252a58f41161c17c3,bps_tpb_2024,1,observation_materializes_cell
edge:a3eaa9a42cdf2ab9ee1a,b0056933d6c5b349bc11,b1515c42aac04edfc4f6,b132d2fab33291e0733e,bps_webapi,3,observation_materializes_cell
edge:9e76e469bf18de8c5cb9,0ed1bfcf8ff7fa135422,b159ee256f2230bebf47,7ba29f3a45abe1301651,bps_webapi,4,observation_materializes_cell
edge:1163de122bebb30685e9,fedbd09664f7e5542b9a,b159ee256f2230bebf47,aa7252a58f41161c17c3,bps_tpb_2024,1,observation_materializes_cell
edge:1f2643d3bcf418c91444,5124851ef89f02fd957a,b165c9ea9924e37bad6a,aa7252a58f41161c17c3,bps_tpb_2024,1,observation_materializes_cell
edge:da0684a20ce0fd4c9128,69c6e1a14a7a364c87da,b165c9ea9924e37bad6a,b132d2fab33291e0733e,bps_webapi,3,observation_materializes_cell
edge:15046afb70a9f261cf2a,5385eb010a95c8667c36,b185fa55adc4420c921c,aa7252a58f41161c17c3,bps_tpb_2024,1,observation_materializes_cell
edge:6df850f0fefbb6457cae,fdc2626195bc2b6975c4,b185fa55adc4420c921c,b132d2fab33291e0733e,bps_webapi,3,observation_materializes_cell
edge:3444aeae2c4c06322980,9c7b12dbd388d31dffef,b18d183b115d8deb4d87,7ba29f3a45abe1301651,bps_webapi,4,observation_materializes_cell
edge:97a95eca5e11dd4843b2,40a21121fcbfa2d4d0e9,b19448170f3bcdc02c46,7ba29f3a45abe1301651,bps_webapi,4,observation_materializes_cell
edge:9717b953e84837f9ea3e,04cee0f0372beb8faa28,b195e5660d6cf816046a,7ba29f3a45abe1301651,bps_webapi,4,observation_materializes_cell
edge:d0a343d6edd46c7cd3fe,c08170113efc2bccecd3,b195e5660d6cf816046a,9ab2011a3892edfac889,bps_tpb_2025,2,observation_materializes_cell
edge:72cd082102c3379787f2,e21d102a2c2e4f907f65,b195e5660d6cf816046a,aa7252a58f41161c17c3,bps_tpb_2024,1,observation_materializes_cell
edge:c62ccc11cd06914200e2,98fff1cb8a02b38494d2,b1970378cad23585b03d,7ba29f3a45abe1301651,bps_webapi,4,observation_materializes_cell
edge:ea6e9d88bb3c8f7a4155,bace75221cb90e3626e0,b1980d65aa0f97855a90,7ba29f3a45abe1301651,bps_webapi,4,observation_materializes_cell
edge:5712a0bd1814852493ee,13a40be9ee329890f595,b1980d65aa0f97855a90,aa7252a58f41161c17c3,bps_tpb_2024,1,observation_materializes_cell
edge:c1d4390752f9ffa7e7dd,ce15b3b69dd40a1eb818,b1a81dfb808268f13fc2,7ba29f3a45abe1301651,bps_webapi,4,observation_materializes_cell
edge:482873347784391d1e12,648584b8e3a493319163,b1a9897facb20ad26089,7ba29f3a45abe1301651,bps_webapi,4,observation_materializes_cell
edge:183d8d1329b426ffe3e9,fe675b7a12a10ac41e3a,b1a9897facb20ad26089,aa7252a58f41161c17c3,bps_tpb_2024,1,observation_materializes_cell
edge:5a1f4c71b838e7e64241,f2686f6f4aa9fdd0d878,b1c0cd7a74144ce6c7e3,9ab2011a3892edfac889,bps_tpb_2025,2,observation_materializes_cell
edge:dc8ce58e5402c172a2ed,a5db80ab09dff2c88fec,b1c0cd7a74144ce6c7e3,aa7252a58f41161c17c3,bps_tpb_2024,1,observation_materializes_cell
edge:8f9b068c9745931ea7b3,5709f9a271006c747bf3,b1cd31cb65ca97d5d1ff,7ba29f3a45abe1301651,bps_webapi,4,observation_materializes_cell
edge:c5061c99ea4179c40292,9e53ab792c68f9d51092,b1d94149f971023ec273,7ba29f3a45abe1301651,bps_webapi,4,observation_materializes_cell
edge:d6c8e2848999b829ca3c,6c1fd34a52dec4103c04,b1d94149f971023ec273,aa7252a58f41161c17c3,bps_tpb_2024,1,observation_materializes_cell
edge:f90f83e9e1bd39292bfb,72a5603599b3423d6a7f,b1e2dbe34733bb724122,7ba29f3a45abe1301651,bps_webapi,4,observation_materializes_cell
edge:20bed41902c9ca015f4b,2aad217ca6e9c932f34c,b1e5432af270c3076a0e,7ba29f3a45abe1301651,bps_webapi,4,observation_materializes_cell
edge:27256c477f537fdc0a71,2f5e7f40a17647d30736,b1e8d84c01ec0dbffd29,7ba29f3a45abe1301651,bps_webapi,4,observation_materializes_cell
edge:a9ba4a542533af0c3ca8,7c63ec34114ca4e7c3c8,b20ca4e9ae2a927d5595,7ba29f3a45abe1301651,bps_webapi,4,observation_materializes_cell
edge:9bd9202f6219737be03c,fe1834dd52be4187997f,b220f8019281933e5437,7ba29f3a45abe1301651,bps_webapi,4,observation_materializes_cell
edge:8797bcfa2842ac693370,7d9641e4e7f0f02d3179,b22375137b570b22caab,7ba29f3a45abe1301651,bps_webapi,4,observation_materializes_cell
edge:bdec4bdec34cf7e00d54,54a7d4f7a9b9a39e0b07,b22c5a544c695c57f3b8,7ba29f3a45abe1301651,bps_webapi,4,observation_materializes_cell
edge:6b55dce599591a67e562,d5cb6950ba516b223a7c,b22c5a544c695c57f3b8,aa7252a58f41161c17c3,bps_tpb_2024,1,observation_materializes_cell
edge:2d1938b59834f5a04454,ea262160ceb7b011716e,b23c93aabd62894d0f74,7ba29f3a45abe1301651,bps_webapi,4,observation_materializes_cell
edge:094a4d43f2ea69bc180f,13b36211095511c456ca,b244cc27c4affde75a0a,7ba29f3a45abe1301651,bps_webapi,4,observation_materializes_cell
edge:1c30b4ccc783169acbe1,c058de8cfee2d0aaaea2,b2506cba05eecb523661,7ba29f3a45abe1301651,bps_webapi,4,observation_materializes_cell
edge:6b67f477fe0aca795e90,e13e48b814e85adcf3a1,b2511bbe25b134a361b4,7ba29f3a45abe1301651,bps_webapi,4,observation_materializes_cell
edge:b1c58285d1675fdadb52,0774bfeb22bb08476237,b256bb607f2369a0bbd6,7ba29f3a45abe1301651,bps_webapi,4,observation_materializes_cell
edge:c7c4fe60ff7c16c8fe69,b3c90447c1f2383a74b3,b266ff410f2cf8d3cc5c,7ba29f3a45abe1301651,bps_webapi,4,observation_materializes_cell
edge:c7a0e1d680d18f74e726,f96cf70246ca006dd04d,b26ab1adaf0d74ff72fe,7ba29f3a45abe1301651,bps_webapi,4,observation_materializes_cell
edge:1554193f412689b360fb,d3f5d31a23be74b726c8,b282cc02ba70a0cbb050,7ba29f3a45abe1301651,bps_webapi,4,observation_materializes_cell
edge:62bd3d7b1f313028a262,035be10296424cebd103,b28948ae994fa0ad1fd6,aa7252a58f41161c17c3,bps_tpb_2024,1,observation_materializes_cell
edge:f8db7bbac0135febf09c,240c76d8907338db562d,b28948ae994fa0ad1fd6,b132d2fab33291e0733e,bps_webapi,3,observation_materializes_cell
edge:581046bafa5bfdb0fc79,b43ec2df5ae93aa6a184,b29074895f7a33958124,aa7252a58f41161c17c3,bps_tpb_2024,1,observation_materializes_cell
edge:538e9054ae20f386d7da,f5cddbc366198a07a994,b29074895f7a33958124,b132d2fab33291e0733e,bps_webapi,3,observation_materializes_cell
edge:b0d57b856d00e5d8f38e,2f4fafd99d0c7c3dd686,b292d94f9accb4b836d2,7ba29f3a45abe1301651,bps_webapi,4,observation_materializes_cell
edge:2003477025d219d3b1d2,3c898413ee46b772324a,b292d94f9accb4b836d2,aa7252a58f41161c17c3,bps_tpb_2024,1,observation_materializes_cell
edge:bf1514ea49022360e03e,de39bded41eaddabd84c,b29e16ed5ef06eaf65d1,7ba29f3a45abe1301651,bps_webapi,4,observation_materializes_cell
edge:b52253bc9e3da95f3ac5,671b270e75eca0cc975b,b2b2d647b6b5a5550643,aa7252a58f41161c17c3,bps_tpb_2024,1,observation_materializes_cell
edge:c47f1f75bc6ba1a188f6,ed3e21a62dfbf62e973d,b2b2d647b6b5a5550643,b132d2fab33291e0733e,bps_webapi,3,observation_materializes_cell
edge:aba6b2d6cf38cdb21011,b0b1e37d0afb386381d9,b2ca9c277012a5fea740,7ba29f3a45abe1301651,bps_webapi,4,observation_materializes_cell
edge:6ec0fc2426fbea4e19eb,1d69de1be559aabc5602,b2d6ac338fece1f05b6b,7ba29f3a45abe1301651,bps_webapi,4,observation_materializes_cell
edge:7ab2cd348a3851ed64ff,ddae7550dc6571980e79,b2e6fd8afebf635f3dcb,7ba29f3a45abe1301651,bps_webapi,4,observation_materializes_cell
edge:3a88790e9f633851c563,56bdac81f37cfdfcfdae,b2eccc4ecdf13dbf1a36,7ba29f3a45abe1301651,bps_webapi,4,observation_materializes_cell
edge:6bf7b0135d7da95466b1,ea15a9cf3da7daad0fa8,b2f402dd59b5323d02cc,7ba29f3a45abe1301651,bps_webapi,4,observation_materializes_cell
edge:5447c2d5d2190f0fd744,4b701a97ae755517aad0,b2f402dd59b5323d02cc,9ab2011a3892edfac889,bps_tpb_2025,2,observation_materializes_cell
edge:711331de052f1e87cc62,fa9220c0654aa1ccd48d,b2f402dd59b5323d02cc,aa7252a58f41161c17c3,bps_tpb_2024,1,observation_materializes_cell
edge:ab75842404396755b228,3be1728261bde0182128,b2fb8f705f845b2cb50a,7ba29f3a45abe1301651,bps_webapi,4,observation_materializes_cell
edge:0ba86326731dfdbbd49c,86cbf093dc5c55d67d2e,b30a6cecfdddf18e650c,aa7252a58f41161c17c3,bps_tpb_2024,1,observation_materializes_cell
edge:abd35deb5546f5b8d3a7,4945434c5e6ca1c83a90,b30a6cecfdddf18e650c,b132d2fab33291e0733e,bps_webapi,3,observation_materializes_cell
edge:b550326c615a167fa377,a552186cd78eda4b9028,b3138a287d2fbf39b9d1,7ba29f3a45abe1301651,bps_webapi,4,observation_materializes_cell
edge:d3c3e786664616d3ef27,967b7802a69b79763c0b,b3138a287d2fbf39b9d1,aa7252a58f41161c17c3,bps_tpb_2024,1,observation_materializes_cell
edge:43b9776db7bac4c9c03b,9db25b0b228796231f42,b32dd259e6db4964a7ce,7ba29f3a45abe1301651,bps_webapi,4,observation_materializes_cell
edge:ab5d81044011515a9cda,2bd0c5b513302ccbc204,b33df99601f271b4c7ba,7ba29f3a45abe1301651,bps_webapi,4,observation_materializes_cell
edge:2c051af55e655624aaea,08df4bbc77642272d0ae,b3443ff98ffa41bd8bb5,7ba29f3a45abe1301651,bps_webapi,4,observation_materializes_cell
edge:1e0cf96a51684cc611bc,10db459fbd3d7d3accbb,b34be0d4867a0e8cb9e6,aa7252a58f41161c17c3,bps_tpb_2024,1,observation_materializes_cell
edge:2cebfa85d8361a8639aa,75772d945b55181fb04a,b34be0d4867a0e8cb9e6,b132d2fab33291e0733e,bps_webapi,3,observation_materializes_cell
edge:38f84c914e823f75d722,c46ba5d1f3486b030741,b356d13f28f508a41ddc,7ba29f3a45abe1301651,bps_webapi,4,observation_materializes_cell
edge:535cc2ea5c102271b859,1d0507138bd113c8bad1,b35a4a1c54a06075338b,7ba29f3a45abe1301651,bps_webapi,4,observation_materializes_cell
edge:6dddf1c277aaf4410706,6696310a60f6d73c669c,b38d96afaafc45502f59,aa7252a58f41161c17c3,bps_tpb_2024,1,observation_materializes_cell
edge:f3e25bba49266ac78374,b1e69945b537f581cee1,b38d96afaafc45502f59,b132d2fab33291e0733e,bps_webapi,3,observation_materializes_cell
edge:0f1e2aa27eb226a15efa,f4d734f6f290d4f08097,b394d45f93354deb3e33,aa7252a58f41161c17c3,bps_tpb_2024,1,observation_materializes_cell
edge:38f613dc7f046a4e60d5,e24b6c768e6e8c7167cc,b394d45f93354deb3e33,b132d2fab33291e0733e,bps_webapi,3,observation_materializes_cell
edge:f760dfa73bbf9c516b5f,02ecedac900d2d9c22fe,b39dfee6f05497b05251,7ba29f3a45abe1301651,bps_webapi,4,observation_materializes_cell
edge:3a50d3288c23a067f361,a02e5117aaa784232270,b39e03b69890a4d97089,aa7252a58f41161c17c3,bps_tpb_2024,1,observation_materializes_cell
edge:4a32edd67aecd4b62104,e0457e4216486cb22202,b39e03b69890a4d97089,b132d2fab33291e0733e,bps_webapi,3,observation_materializes_cell
edge:414a72484ac5135c6285,909e933efb312dc9d685,b3accb6f1cdb89b8d6bb,7ba29f3a45abe1301651,bps_webapi,4,observation_materializes_cell
edge:cb6ee1fd943fdebd7f75,33383b4679daa97fdb9f,b3b327e643f2ec611ae1,7ba29f3a45abe1301651,bps_webapi,4,observation_materializes_cell
edge:78f41c8b7db7b6f3943f,78b3b41983c2fa81977b,b3b36f9347a6e299f7fb,7ba29f3a45abe1301651,bps_webapi,4,observation_materializes_cell
edge:ba5d248b3c9b821d36d7,c0c61dceacf365588ffc,b3b4b82f0cd82df0bb6f,7ba29f3a45abe1301651,bps_webapi,4,observation_materializes_cell
edge:da60f64101babf4e2242,0ac4c397027da1c04a92,b3bc8ad6372afee11dbf,7ba29f3a45abe1301651,bps_webapi,4,observation_materializes_cell
edge:facb912e4c1b2e39a4d4,a34d4549729f80d247a0,b3bc8ad6372afee11dbf,aa7252a58f41161c17c3,bps_tpb_2024,1,observation_materializes_cell
edge:f289c03a1b16378421e4,24b10fe0beb34267e459,b3c53e632ba095220382,7ba29f3a45abe1301651,bps_webapi,4,observation_materializes_cell
edge:180b8ba32cdef4358952,e1e23dad7dd43c4f0c5a,b3cd7dc90e86423ddaec,7ba29f3a45abe1301651,bps_webapi,4,observation_materializes_cell
edge:7d06c2dbad9977872c4c,8a1d1f3fd3d0f3c302ac,b3db9a2604076be2ca8d,7ba29f3a45abe1301651,bps_webapi,4,observation_materializes_cell
edge:6a011d4718f2fa79283d,fc7336085dc66d6f9984,b42269f0fa54dd770bdf,7ba29f3a45abe1301651,bps_webapi,4,observation_materializes_cell
edge:8eba47642756946ad778,b032b1e04aea247e3a67,b42269f0fa54dd770bdf,aa7252a58f41161c17c3,bps_tpb_2024,1,observation_materializes_cell
edge:0facd3e126423656e69f,0919fdcba62c3129164d,b426d27fa274b8057e07,7ba29f3a45abe1301651,bps_webapi,4,observation_materializes_cell
edge:97aa4999c07b9c394a9c,8e60f303044d293a9ef9,b4283201907beea08cf9,7ba29f3a45abe1301651,bps_webapi,4,observation_materializes_cell
edge:7785c653dbe865dd42a4,70775e2cd6d2af3a6a1d,b4283201907beea08cf9,aa7252a58f41161c17c3,bps_tpb_2024,1,observation_materializes_cell
edge:9eb7f0cf9632e161a6cc,ea5694edabdad86e5aeb,b4303c307c7ad05952b1,7ba29f3a45abe1301651,bps_webapi,4,observation_materializes_cell
edge:7eb9e6edb443e817ce12,ced0d9bde3d5b9d178c0,b4303c307c7ad05952b1,aa7252a58f41161c17c3,bps_tpb_2024,1,observation_materializes_cell
edge:4c8aecf8214c385baa92,b653c9b34c3c699d4390,b4464fce1508db09c100,7ba29f3a45abe1301651,bps_webapi,4,observation_materializes_cell
edge:8c6a795958b80fb6352d,16fc37ada45dff4a9d9d,b44c60201e8949580389,7ba29f3a45abe1301651,bps_webapi,4,observation_materializes_cell
edge:2aff29b5671af629879d,6fd2f5a7e35efe25506f,b44df48ab7efda789e2f,aa7252a58f41161c17c3,bps_tpb_2024,1,observation_materializes_cell
edge:efbc99eb48da25364b0f,2d649fc156e8f6b651d9,b44df48ab7efda789e2f,b132d2fab33291e0733e,bps_webapi,3,observation_materializes_cell
edge:e82e8ac985ed85908130,02bd9c029068ced2cb62,b466ba75d020202d210a,7ba29f3a45abe1301651,bps_webapi,4,observation_materializes_cell
edge:19d4ae5a395a06face91,a5a79e6e0dd0b0bd4a49,b4700a6ed195abc96d83,7ba29f3a45abe1301651,bps_webapi,4,observation_materializes_cell
edge:59b19090981dde1bf85f,7ae64ab07a968244295f,b4722575e6919c51ed75,7ba29f3a45abe1301651,bps_webapi,4,observation_materializes_cell
edge:4723256384560c71a0ef,277f0421386d7efc519c,b4771b7d8b616f0e9e09,7ba29f3a45abe1301651,bps_webapi,4,observation_materializes_cell
edge:d4bb235b019e5f5ff026,1748be2ce58b0eae96c2,b47854bae79e07081d25,7ba29f3a45abe1301651,bps_webapi,4,observation_materializes_cell
edge:32c0b8758409aab9867c,2113a6372b3890b8ecbc,b48073ea4d3c9ab2c033,7ba29f3a45abe1301651,bps_webapi,4,observation_materializes_cell
edge:afec8a8c9bc6ab43c6f2,8b208990ebeb7779f397,b48c55b22a5152280b4e,7ba29f3a45abe1301651,bps_webapi,4,observation_materializes_cell
edge:c495f129a95291b933ea,0cb5bef301a5e8b8dfdc,b4a18cdc9f83a55e59e9,7ba29f3a45abe1301651,bps_webapi,4,observation_materializes_cell
edge:6f16d453261f0f6c0b6e,9fd8782eb9732a952c66,b4a2edf5f6987819c598,aa7252a58f41161c17c3,bps_tpb_2024,1,observation_materializes_cell
edge:a4c2d3f0e47259e4973f,698f3327ebd71a8c45b2,b4a2edf5f6987819c598,b132d2fab33291e0733e,bps_webapi,3,observation_materializes_cell
edge:5d55fbecb66ab1c87041,4082ac7e194f2d647cd8,b4a3043e68a92a0036d3,7ba29f3a45abe1301651,bps_webapi,4,observation_materializes_cell
edge:ef37aa6c70f0f8916224,6dfb0af401732a2da2e9,b4a4d9a1d1b726f60842,aa7252a58f41161c17c3,bps_tpb_2024,1,observation_materializes_cell
edge:36ab9d6a196fd5969127,860c5762ca553fbb0af2,b4a4d9a1d1b726f60842,b132d2fab33291e0733e,bps_webapi,3,observation_materializes_cell
edge:5eab49018c49a3c870d4,01ebd7209d8d36be7ef1,b4a90a41f50b9dabdd58,7ba29f3a45abe1301651,bps_webapi,4,observation_materializes_cell
edge:17ecb8319f9610423a73,83b0ab9e116500aa485c,b4bc36eaa64469f429a5,7ba29f3a45abe1301651,bps_webapi,4,observation_materializes_cell
edge:466ee0e2e3ec9e821692,21a312f7e83ed5aefed7,b4c1d581b2a734fe0787,7ba29f3a45abe1301651,bps_webapi,4,observation_materializes_cell
edge:194cab9ccb4772b12007,f853360edc3710c41d4c,b4cd1b0563a110b3fe19,7ba29f3a45abe1301651,bps_webapi,4,observation_materializes_cell
edge:b9d8b781d991aa8eb63c,54725b9d243699e0754d,b4cf79a9b0f15cc34b54,7ba29f3a45abe1301651,bps_webapi,4,observation_materializes_cell
edge:5f84bd086c44b7b896ba,39a8713168b2348c7c3b,b4cf79a9b0f15cc34b54,aa7252a58f41161c17c3,bps_tpb_2024,1,observation_materializes_cell
edge:1298aa57dee942709fb2,f8aeb0b02433abedff77,b4cf8c6777af3fcfe1b6,7ba29f3a45abe1301651,bps_webapi,4,observation_materializes_cell
edge:3c69ecd6d23e11c5d577,98bafabe72f98a6b0a5a,b4d4b85dbf281a9fcc62,aa7252a58f41161c17c3,bps_tpb_2024,1,observation_materializes_cell
edge:dbab02bf19aff49ef8da,d9cdaa651132820be573,b4d4b85dbf281a9fcc62,b132d2fab33291e0733e,bps_webapi,3,observation_materializes_cell
edge:c7f578f72b7a3e015708,557c4706af43b84465c2,b4da409c4e2525ea3247,7ba29f3a45abe1301651,bps_webapi,4,observation_materializes_cell
edge:5c7641083b40f1ea9216,39a248d6955ae064cc42,b4f42d6b35c4f78456bd,7ba29f3a45abe1301651,bps_webapi,4,observation_materializes_cell
edge:b05a3fad658d166cb160,87274f1f7db9d0a5adcf,b4ff7afd4b8e2ee749bb,7ba29f3a45abe1301651,bps_webapi,4,observation_materializes_cell
edge:5b80c6d80450dc2af59d,f0d7298c19349a0a2ea0,b4ff7afd4b8e2ee749bb,aa7252a58f41161c17c3,bps_tpb_2024,1,observation_materializes_cell
edge:80d59733cad7c611ffde,15c9d025481d138f36eb,b501c73441b32d9dcc95,7ba29f3a45abe1301651,bps_webapi,4,observation_materializes_cell
edge:06bbfaa18177e1d3e99d,c22b7721cf95176e20e4,b507083aab09b475fdd2,7ba29f3a45abe1301651,bps_webapi,4,observation_materializes_cell
edge:93ade5263e7c36a1c614,e5034a5ef8c3fd906ca4,b527225ded9041b0ef7f,7ba29f3a45abe1301651,bps_webapi,4,observation_materializes_cell
edge:e6600a8249a0d9b7f852,40a1cebd0b585377f6df,b52e39f15044ef074cf1,7ba29f3a45abe1301651,bps_webapi,4,observation_materializes_cell
edge:4c7abe46c22ff527712c,0fe7825dfee65756f009,b54234ab41c7ab5a0110,7ba29f3a45abe1301651,bps_webapi,4,observation_materializes_cell
edge:76767da24988ba30ca5d,926d21f588c9deb3bc23,b54234ab41c7ab5a0110,aa7252a58f41161c17c3,bps_tpb_2024,1,observation_materializes_cell
edge:475c2e46f4e3b4552b36,ca62cd10787da8ce3eea,b54e3a53a7e386defb7a,7ba29f3a45abe1301651,bps_webapi,4,observation_materializes_cell
edge:52ca885d7aa5feb3d7a1,490d005fc06cdf2657c7,b554a3ff0cffbbb5d611,7ba29f3a45abe1301651,bps_webapi,4,observation_materializes_cell
edge:d5defe64f6aa337e6ce2,ba97544bc23708a0ccc7,b567033ee9c174a52b5f,7ba29f3a45abe1301651,bps_webapi,4,observation_materializes_cell
edge:1a9890eb41897d8fa907,deed798154872df14d21,b58cb3c0ffb34e8445fc,7ba29f3a45abe1301651,bps_webapi,4,observation_materializes_cell
edge:c264227f4bf1b136ccec,c384534da489829fc35e,b5b96140d05ec462d22c,7ba29f3a45abe1301651,bps_webapi,4,observation_materializes_cell
edge:a075a973cdfe1559df1e,d3de29c3b73b31099b6c,b5b96140d05ec462d22c,aa7252a58f41161c17c3,bps_tpb_2024,1,observation_materializes_cell
edge:54cb08d8d7f94a4bc2d3,4866670c26e7c142a6d0,b5ba305341ed7d752dd2,7ba29f3a45abe1301651,bps_webapi,4,observation_materializes_cell
edge:38b67aacb5d748f16605,2f417e1c6967b750e723,b5c6e37242bf6751f394,7ba29f3a45abe1301651,bps_webapi,4,observation_materializes_cell
edge:f5b9d4d4d1651b6207af,5d3ff1f2d0a622f378ac,b5c7d91be3431dc02677,aa7252a58f41161c17c3,bps_tpb_2024,1,observation_materializes_cell
edge:0ef1c1d300c7442ac830,e3347a8bff2a84ff0c26,b5c7d91be3431dc02677,b132d2fab33291e0733e,bps_webapi,3,observation_materializes_cell
edge:aa0e6b2385eacf966a05,e5cad374b35809487ddb,b5d2533dd8e20b3f1338,7ba29f3a45abe1301651,bps_webapi,4,observation_materializes_cell
edge:84cdf1cced88b4bd77cc,353b3d626f714585f7d3,b5e22720f58d24f2e20c,7ba29f3a45abe1301651,bps_webapi,4,observation_materializes_cell
edge:5d7ea7dfd13b593cc066,20ed92007297e2fd8853,b5f9659af53517d99799,7ba29f3a45abe1301651,bps_webapi,4,observation_materializes_cell
edge:3cb67ff5231bb6dd508d,de39c4f8e28d4b1dce54,b5fac02701edf37c6d39,7ba29f3a45abe1301651,bps_webapi,4,observation_materializes_cell
edge:bc3f09772e53c2186a9c,963fa7d696646df6e0c2,b6067aa4eb2dff6aa6b9,7ba29f3a45abe1301651,bps_webapi,4,observation_materializes_cell
edge:112beef7a4cb6ed9b4ee,e6c159db556c9d75e6a1,b62213cacf48b170e6f1,7ba29f3a45abe1301651,bps_webapi,4,observation_materializes_cell
edge:2e5c4375bdc0916676e4,2232e18cb52158183a41,b623c6d37200cfcf76ad,7ba29f3a45abe1301651,bps_webapi,4,observation_materializes_cell
edge:361bb893877de79df827,66d5b3cf2dcddf7408c6,b62e4e06cf8c20af2cd8,7ba29f3a45abe1301651,bps_webapi,4,observation_materializes_cell
edge:ed96191d2c9907d7bfa4,f23ca2d2b93f206287fc,b6427aeecc0651890102,7ba29f3a45abe1301651,bps_webapi,4,observation_materializes_cell
edge:32e5f28dffd5f992d125,53ddf7cfa792cd9647e9,b6474bf6cbe018620785,7ba29f3a45abe1301651,bps_webapi,4,observation_materializes_cell
edge:70cc8cfa1b6df5682524,ca4bef0d888db38d550e,b64ca4cd9d013e9fcde4,7ba29f3a45abe1301651,bps_webapi,4,observation_materializes_cell
edge:f0c174480657d8231270,b90d579e12acbd2ef728,b65d92df3e18cb8574c1,aa7252a58f41161c17c3,bps_tpb_2024,1,observation_materializes_cell
edge:38ae24bd0f2688bbc76f,c28a4a0ff4e31485491d,b65d92df3e18cb8574c1,b132d2fab33291e0733e,bps_webapi,3,observation_materializes_cell
edge:be894779ec38509d98f5,3d9800a7c4fe0c259c09,b65ee1c6f908124246e5,7ba29f3a45abe1301651,bps_webapi,4,observation_materializes_cell
edge:aee3150694c76a57ce19,efde8c014bc49ef1ebfe,b66034871b2d61736ffb,7ba29f3a45abe1301651,bps_webapi,4,observation_materializes_cell
edge:47bba41ccfa5d5513ee6,b18a2e7da307083979ff,b66ae47b7fac4dbc9126,7ba29f3a45abe1301651,bps_webapi,4,observation_materializes_cell
edge:2c887e0b8b941092df3f,fb5381b3282c9b9f5b3a,b69716245d4b2793db22,7ba29f3a45abe1301651,bps_webapi,4,observation_materializes_cell
edge:e38fdaefa8ccb06a122c,4afe522d4c5140b52dd4,b69c9e014283899123d3,7ba29f3a45abe1301651,bps_webapi,4,observation_materializes_cell
edge:618cad7286ac5b4e149f,215cae27420b8be42f73,b69c9e014283899123d3,aa7252a58f41161c17c3,bps_tpb_2024,1,observation_materializes_cell
edge:e87bcd30fdaf233178c1,8d92944408ad0f8fb669,b6b06f826b820c3babb8,7ba29f3a45abe1301651,bps_webapi,4,observation_materializes_cell
edge:7fb32faf77548eaa639a,63bb9f9074111f337b2f,b6ba43c80c756b4a09bd,7ba29f3a45abe1301651,bps_webapi,4,observation_materializes_cell
edge:c01f1a79d02497a02a89,9d933c13fbf05d198f3e,b6c8750e3fcf63d75190,7ba29f3a45abe1301651,bps_webapi,4,observation_materializes_cell
edge:3712e637fbe48bdc0a85,bc2aa66de667615c8939,b6cdf20808c13c049faf,7ba29f3a45abe1301651,bps_webapi,4,observation_materializes_cell
edge:8f3e81427f7831934026,ed6fb3db67a5760210b8,b6dcc441a1f39dded7cd,7ba29f3a45abe1301651,bps_webapi,4,observation_materializes_cell
edge:c7580368963d198832f0,b28efa6b5157e597801a,b6dcc441a1f39dded7cd,aa7252a58f41161c17c3,bps_tpb_2024,1,observation_materializes_cell
edge:9f22b34db9468c820624,4841983a4aba3587dabf,b6f9694be4f6385de0f4,7ba29f3a45abe1301651,bps_webapi,4,observation_materializes_cell
edge:9323d78ab0a0de6b57b5,12618bbe0f9cb8546db9,b6fb23a1bf2f8894fc40,7ba29f3a45abe1301651,bps_webapi,4,observation_materializes_cell
edge:581ee26cc98411c48aaf,fbe04da2304661cd9010,b70df5abc965a220496d,7ba29f3a45abe1301651,bps_webapi,4,observation_materializes_cell
edge:650e0d34307458009432,fc206779b6e19c6045a2,b73a14086a70bdd6c71e,7ba29f3a45abe1301651,bps_webapi,4,observation_materializes_cell
edge:5f6072a4d774bafe88a2,c17c97a0b7df9d3698a7,b73a14086a70bdd6c71e,aa7252a58f41161c17c3,bps_tpb_2024,1,observation_materializes_cell
edge:18a0089e00827762d7e9,bde9fee322b263e54f75,b73d8c80c9f3f40f8132,7ba29f3a45abe1301651,bps_webapi,4,observation_materializes_cell
edge:619b30ce070af033855e,ca8f9e3d54284a48fb65,b74aaf3a1e950bba9756,7ba29f3a45abe1301651,bps_webapi,4,observation_materializes_cell
edge:00fe68506268f7c424e8,a279d32b8129ccf9d247,b77949aedfa5158b7e74,7ba29f3a45abe1301651,bps_webapi,4,observation_materializes_cell
edge:a7c8c7b90127e890f436,780dcec43c8f36f329bf,b77e6071724a6c06ee06,7ba29f3a45abe1301651,bps_webapi,4,observation_materializes_cell
edge:9631ea52978e24b9d832,ba5cbd3cd83f21aab3d8,b77e6071724a6c06ee06,aa7252a58f41161c17c3,bps_tpb_2024,1,observation_materializes_cell
edge:b2e53ff79da6d442c542,6d382c0e152ac749dc99,b784e12878d8af653349,aa7252a58f41161c17c3,bps_tpb_2024,1,observation_materializes_cell
edge:ec452cbaaeb8f356eee9,feff152a399afb7a8309,b784e12878d8af653349,b132d2fab33291e0733e,bps_webapi,3,observation_materializes_cell
edge:8cf4f631ca7d333852a9,565f76f26414545cfddd,b78e8e37d8d2f2d1d389,7ba29f3a45abe1301651,bps_webapi,4,observation_materializes_cell
edge:945f71e048127587c0de,8a84853bc774d5c3c656,b79d4dbd1279ace4e44a,7ba29f3a45abe1301651,bps_webapi,4,observation_materializes_cell
edge:2bf4ac58e42b4e5aeee6,a72418d893ed24e9ed34,b7b76bc6a0ac21998a99,7ba29f3a45abe1301651,bps_webapi,4,observation_materializes_cell
edge:14de1e06a046569ec7ed,c7ef36bcbc6facd173c4,b7c2f31988ad022a9ac3,7ba29f3a45abe1301651,bps_webapi,4,observation_materializes_cell
edge:368cb37ab0fd5cbe06d2,d27c757e9d3c64180ce2,b7e1a95255c5b389406a,7ba29f3a45abe1301651,bps_webapi,4,observation_materializes_cell
edge:d6eca2d11f6befd6161f,e0b6824dc68af8d59210,b7eb8861e0711da30bf9,aa7252a58f41161c17c3,bps_tpb_2024,1,observation_materializes_cell
edge:02f88d151e4d59bc1a8b,a6024ab65024243e749e,b7eb8861e0711da30bf9,b132d2fab33291e0733e,bps_webapi,3,observation_materializes_cell
edge:737cc0a9ab935c1cc472,b933ba706438f7a8c692,b7f282017edd3864fa6b,aa7252a58f41161c17c3,bps_tpb_2024,1,observation_materializes_cell
edge:ce1184fe2cec01ec7dd4,53026ae73c4f7396c6e8,b7f282017edd3864fa6b,b132d2fab33291e0733e,bps_webapi,3,observation_materializes_cell
edge:118ea68bf054b6340a24,14356d367f5725e5a613,b7f567d22d0088b2e94d,7ba29f3a45abe1301651,bps_webapi,4,observation_materializes_cell
edge:5d536eda4e121688610e,2085fbb502bb97aae90e,b7fa3009d306a83d4cce,7ba29f3a45abe1301651,bps_webapi,4,observation_materializes_cell
edge:e97aca2b6516ec2c077f,c7ff4d890b76c951d52b,b7ffa72a2acf908ea1e5,9ab2011a3892edfac889,bps_tpb_2025,2,observation_materializes_cell
edge:9042f83aea71fd7e093f,278f1f47d0cf691a1fe0,b7ffa72a2acf908ea1e5,aa7252a58f41161c17c3,bps_tpb_2024,1,observation_materializes_cell
edge:ae8106405bfca91b44bb,dac64b1c30279c34a288,b8182e023064c844a76a,7ba29f3a45abe1301651,bps_webapi,4,observation_materializes_cell
edge:635b2dfa67e2bdc470ac,8aada9a097b29cd336ea,b81f68d70c064803c6b3,7ba29f3a45abe1301651,bps_webapi,4,observation_materializes_cell
edge:8cf757257f3d2f23cdaf,8524737c6749cce073b6,b8337544f0af990ee882,7ba29f3a45abe1301651,bps_webapi,4,observation_materializes_cell
edge:5bfea05e38b3d4cecb95,914f3f2c3c5bdb482f1e,b83a77aa21e10290c1d6,aa7252a58f41161c17c3,bps_tpb_2024,1,observation_materializes_cell
edge:dd29d0a6fa5f9c4322e3,b39be838572ad0619644,b83a77aa21e10290c1d6,b132d2fab33291e0733e,bps_webapi,3,observation_materializes_cell
edge:21e05360e401540947fd,37ca7d9d2b23514602ac,b86a71eee013c1dafcf2,7ba29f3a45abe1301651,bps_webapi,4,observation_materializes_cell
edge:c3f6c818b2b95832e894,5a00e6cc8a05c2acd281,b86ea9193848a468ebc3,7ba29f3a45abe1301651,bps_webapi,4,observation_materializes_cell
edge:771c343950dab409375c,1c8a97d4b3fdd4a1b615,b870e7660c2f08ca63b0,aa7252a58f41161c17c3,bps_tpb_2024,1,observation_materializes_cell
edge:0c98004482df184a215e,c984802f9693832da860,b870e7660c2f08ca63b0,b132d2fab33291e0733e,bps_webapi,3,observation_materializes_cell
edge:d9ae8ed141e59fadcc8b,75819c7a74ab83097b7c,b88173d80eea37271a92,7ba29f3a45abe1301651,bps_webapi,4,observation_materializes_cell
edge:b3fffe81c0cd1cb1ef87,4e17e43e717347550bb0,b896fce5aaaa6b1f4f0d,7ba29f3a45abe1301651,bps_webapi,4,observation_materializes_cell
edge:1bc6473a7ed41dee2417,5b4510503d220e8e9af3,b89df9c3823b71953628,7ba29f3a45abe1301651,bps_webapi,4,observation_materializes_cell
edge:dc80651e7a23307751b9,4cdcf6c5a5bd7173d3a5,b89fed997b8bd96f43d3,7ba29f3a45abe1301651,bps_webapi,4,observation_materializes_cell
edge:9641e8c16d0a290a0286,1282e4918a5dd8608689,b8ac57d34fa50504e12b,7ba29f3a45abe1301651,bps_webapi,4,observation_materializes_cell
edge:c5bea85fcdfaf2bc3096,54f480c967a4118791ff,b8add953203b8d0c006c,aa7252a58f41161c17c3,bps_tpb_2024,1,observation_materializes_cell
edge:78b69162eec6cbe9f39c,f7370ff85c0094bfec43,b8add953203b8d0c006c,b132d2fab33291e0733e,bps_webapi,3,observation_materializes_cell
edge:0cf26734f51708fbcc43,c16b20c18ecade200db7,b8b6a5bb6de0e0471e50,7ba29f3a45abe1301651,bps_webapi,4,observation_materializes_cell
edge:a497cea0948d3154bdbd,e6e5c01ab225caa4f87b,b8b6a5bb6de0e0471e50,aa7252a58f41161c17c3,bps_tpb_2024,1,observation_materializes_cell
edge:44070c5f8e93456687c5,f693d98ad5c8541b9c3a,b8bd2f4e3710f2808eea,7ba29f3a45abe1301651,bps_webapi,4,observation_materializes_cell
edge:36c254667df8135e1da0,77d6ca9e7cfd0d6f94a6,b8ff9f4014597f242b29,7ba29f3a45abe1301651,bps_webapi,4,observation_materializes_cell
edge:148619d897c9f30dbf0f,4ae1d34e871421ecf068,b8ffbb03736ca36d3dfd,7ba29f3a45abe1301651,bps_webapi,4,observation_materializes_cell
edge:bf9feea0605269bf3c24,f33f5c9e74525627bc42,b904075ee666208f0e76,7ba29f3a45abe1301651,bps_webapi,4,observation_materializes_cell
edge:823e68ba8565053ac04f,25a12bf712196ac80ef8,b9093d1775a6b74c69ab,7ba29f3a45abe1301651,bps_webapi,4,observation_materializes_cell
edge:5ebed7ecda891fda93c9,41ce870787847624dee8,b90b2b7d09b5c24f0963,7ba29f3a45abe1301651,bps_webapi,4,observation_materializes_cell
edge:04d00afbd8e695befba3,8843c3a8677271199073,b9105bee3a61fbb6b3cb,7ba29f3a45abe1301651,bps_webapi,4,observation_materializes_cell
edge:85f28bb19d43874c8174,7c53b198d8f7ee3eb7ba,b91ea7452b78a11ca7ce,7ba29f3a45abe1301651,bps_webapi,4,observation_materializes_cell
edge:15a396cf575f5b8491f0,dedf9f20fafd719478a1,b936f2e0ff41cf1d73bd,7ba29f3a45abe1301651,bps_webapi,4,observation_materializes_cell
edge:8f4085d378932d16b66e,627d3dc55ea62fc67a17,b94378ee1b2948899f38,7ba29f3a45abe1301651,bps_webapi,4,observation_materializes_cell
edge:ecf8388b4b8380c925ea,670e7ba7cad5f384d58a,b9452dbf898ad6590ce7,aa7252a58f41161c17c3,bps_tpb_2024,1,observation_materializes_cell
edge:0e6f8a39edf79cf8d7d5,2b56bd2d1cbaa7d42162,b9452dbf898ad6590ce7,b132d2fab33291e0733e,bps_webapi,3,observation_materializes_cell
edge:7cb5573a7d96cd83abd5,a5d61cabd6ad3929e5a3,b94de5bbcbf76002f83e,aa7252a58f41161c17c3,bps_tpb_2024,1,observation_materializes_cell
edge:efa67b60ec2d34b34b13,2ec2e8078cbf6ba173dd,b94de5bbcbf76002f83e,b132d2fab33291e0733e,bps_webapi,3,observation_materializes_cell
edge:2a23bb5bbb71f3dadfcb,61e00b4a309d0bb3dbce,b961c3e4ab237138b5c0,7ba29f3a45abe1301651,bps_webapi,4,observation_materializes_cell
edge:7c9a8d1b14326832fdee,d26e6d8c2dbd16f98794,b9ae67760b3acd656ce0,7ba29f3a45abe1301651,bps_webapi,4,observation_materializes_cell
edge:e7c40a62c38e48469a5a,7d3675bfcbb2c6780061,b9be3e7bf20a9b7d8658,7ba29f3a45abe1301651,bps_webapi,4,observation_materializes_cell
edge:7f356cfb2798bd8a1a0b,3138bbcd262b59695006,b9ce56daedb8f3b29343,aa7252a58f41161c17c3,bps_tpb_2024,1,observation_materializes_cell
edge:78ef5e6d57c182bd1224,e96edaa725fcbf6f0a76,b9ce56daedb8f3b29343,b132d2fab33291e0733e,bps_webapi,3,observation_materializes_cell
edge:51777cbe28d6a4289afc,ca9ea21af9d8f3d1b982,b9d17a3768a6ca0d7a95,7ba29f3a45abe1301651,bps_webapi,4,observation_materializes_cell
edge:07e611499f085592264e,85883ae95c58cd9b1a2f,b9d1d2c6d924a5af2c95,7ba29f3a45abe1301651,bps_webapi,4,observation_materializes_cell
edge:a895ae348a504ed9913e,bd86357b955e06e6d55e,b9d1d2c6d924a5af2c95,aa7252a58f41161c17c3,bps_tpb_2024,1,observation_materializes_cell
edge:2de6cbee7021917de7c0,8bc62fc22f66238fdeb6,b9db3297179613d2b7b4,7ba29f3a45abe1301651,bps_webapi,4,observation_materializes_cell
edge:7fe39bf50931ec31dae5,b1f24e5e40ff5b81cfc1,b9f9d79930df85eb0f07,aa7252a58f41161c17c3,bps_tpb_2024,1,observation_materializes_cell
edge:c599c440d14ce22ce95d,11596b8000e99ff9262e,b9f9d79930df85eb0f07,b132d2fab33291e0733e,bps_webapi,3,observation_materializes_cell
edge:6d305dd0221f52e87c46,6d20d8ecfe641f92b831,b9fae63b3abe2ece32b8,aa7252a58f41161c17c3,bps_tpb_2024,1,observation_materializes_cell
edge:47ba45d59b79f528ab46,1a6c400af45fb925c0a7,b9fae63b3abe2ece32b8,b132d2fab33291e0733e,bps_webapi,3,observation_materializes_cell
edge:53d57c45fa589074b6f0,2d38faaf33969e3c577b,b9fb2bffb741c1b65b9e,aa7252a58f41161c17c3,bps_tpb_2024,1,observation_materializes_cell
edge:3a4ba8513f9675116d76,f6c5e1a3c9f93a46106b,b9fb2bffb741c1b65b9e,b132d2fab33291e0733e,bps_webapi,3,observation_materializes_cell
edge:064718128502e1142dfb,15afb2fc8abde3287cc3,ba03974c3a678426c6c3,aa7252a58f41161c17c3,bps_tpb_2024,1,observation_materializes_cell
edge:cc0bc50f876987828f89,a755f297881f325ab701,ba03974c3a678426c6c3,b132d2fab33291e0733e,bps_webapi,3,observation_materializes_cell
edge:cba3ddc11bb9e199dfb8,8019d4248a43d8959434,ba0529fe665d3db3382c,7ba29f3a45abe1301651,bps_webapi,4,observation_materializes_cell
edge:586674da39f82ee7c4b8,95d7fd67c325e7e92ce6,ba2abdd1a1666b6d5dbb,7ba29f3a45abe1301651,bps_webapi,4,observation_materializes_cell
edge:a9e60705b60b63974f55,6e756e776d736afb7288,ba33fb88d1d662127332,7ba29f3a45abe1301651,bps_webapi,4,observation_materializes_cell
edge:a396bcf9ca6afeafaa71,77b099b6f9cb823e3149,ba44b01eebdf9aad3a4b,7ba29f3a45abe1301651,bps_webapi,4,observation_materializes_cell
edge:01e9f7634db169d33954,0b38aa8064195b0c6208,ba6406a2b1ca58942d62,7ba29f3a45abe1301651,bps_webapi,4,observation_materializes_cell
edge:b9b8c8a9d8b8cfaf846d,079dc12ef71e6f3e1d96,ba8bf05a1faa18e5281e,aa7252a58f41161c17c3,bps_tpb_2024,1,observation_materializes_cell
edge:5187bf05b67762ba0dfb,a2da0637a333466c382a,ba8bf05a1faa18e5281e,b132d2fab33291e0733e,bps_webapi,3,observation_materializes_cell
edge:b688be21783c53d23950,5a9ee73346d13187967b,ba9121a186405fd63051,7ba29f3a45abe1301651,bps_webapi,4,observation_materializes_cell
edge:40c6728866c8873dce15,0b4db38f91757a416682,ba97464e8362fb8312c2,7ba29f3a45abe1301651,bps_webapi,4,observation_materializes_cell
edge:7717b83af8d423d14f2c,cb8885ca687f9b6b3285,baa9ac13a1e27d701eeb,7ba29f3a45abe1301651,bps_webapi,4,observation_materializes_cell
edge:0b2b7715a248ea9310c4,c301f6ec2abad2a515ba,babd36b0280ffadfcaea,7ba29f3a45abe1301651,bps_webapi,4,observation_materializes_cell
edge:78b0cd87ae828610b0ae,94d729b537dfa3e799fc,bae84d6ad4cb444a8fa6,7ba29f3a45abe1301651,bps_webapi,4,observation_materializes_cell
edge:82b6eba1fc1f6b6c224d,6c10150662b5d30cab72,baf63ad97193f6867bb9,aa7252a58f41161c17c3,bps_tpb_2024,1,observation_materializes_cell
edge:577bea7f92b2d24ec0a7,4297ce78417ac1d95a67,baf63ad97193f6867bb9,b132d2fab33291e0733e,bps_webapi,3,observation_materializes_cell
edge:5d67c5eaeb013f3a84d8,24e4047cc28d60b506b7,bafe026b813f6f57f2d2,7ba29f3a45abe1301651,bps_webapi,4,observation_materializes_cell
edge:438403e7bbc09d8366c4,4cfa5e3df12f98b5264e,bb294028008d50437ccd,7ba29f3a45abe1301651,bps_webapi,4,observation_materializes_cell
edge:9ced1229b890baf83750,41fb3b78d2327f666d77,bb294028008d50437ccd,aa7252a58f41161c17c3,bps_tpb_2024,1,observation_materializes_cell
edge:63619e9523c7670c666d,0847d3dc83ccbaab59e5,bb41842d62823e957d7c,7ba29f3a45abe1301651,bps_webapi,4,observation_materializes_cell
edge:8309b5ccf6f84eb2f87b,71c5c2b46ed0c67bb27d,bb46ad915a02904e60c1,7ba29f3a45abe1301651,bps_webapi,4,observation_materializes_cell
edge:66d69c518d9f6c344471,574dea781ef762209d65,bb46e1a5455fc46141d6,7ba29f3a45abe1301651,bps_webapi,4,observation_materializes_cell
edge:c3d75a6721dbf1f6afd8,4c2901235e8c62d7ebf2,bb54cc31c78f0b7f13e9,7ba29f3a45abe1301651,bps_webapi,4,observation_materializes_cell
edge:3e0c89a5ae826f05d551,5b0f083f7a8cee366250,bb56e2c32a318984caeb,7ba29f3a45abe1301651,bps_webapi,4,observation_materializes_cell
edge:42bdb8b0e499d2d51cdd,0f3d4de6370b444f0193,bb588dc17b1fe8cc6d18,7ba29f3a45abe1301651,bps_webapi,4,observation_materializes_cell
edge:eaee86de58abf93cb646,18961e3b27200bd08db8,bb5b1d6e5947122f3528,7ba29f3a45abe1301651,bps_webapi,4,observation_materializes_cell
edge:d1b63628379eae1a11e7,883e4cd0ee9befd3dfe7,bb5b1d6e5947122f3528,aa7252a58f41161c17c3,bps_tpb_2024,1,observation_materializes_cell
edge:b9cc4ab723f258ef970e,82c0aaedbc00c7b5026d,bb67b1f950733407924b,7ba29f3a45abe1301651,bps_webapi,4,observation_materializes_cell
edge:ce105b01d25d507bd10e,f31d83f16d816180de24,bb779910eb7f6c7fb8c3,7ba29f3a45abe1301651,bps_webapi,4,observation_materializes_cell
edge:063a7364cec1b572dcb8,282436f457f5e8f1731c,bb779910eb7f6c7fb8c3,aa7252a58f41161c17c3,bps_tpb_2024,1,observation_materializes_cell
edge:b5eef46722db31f935c9,d82c39aac4863a0b1bd9,bb8fce4f147f65b443bc,aa7252a58f41161c17c3,bps_tpb_2024,1,observation_materializes_cell
edge:b84b6ee9457ef1574cf2,8eb296f2838fc6f2ff3f,bb8fce4f147f65b443bc,b132d2fab33291e0733e,bps_webapi,3,observation_materializes_cell
edge:f793bb70dba8625d0f02,c744776595f662487433,bb92abf70a7b462c634f,7ba29f3a45abe1301651,bps_webapi,4,observation_materializes_cell
edge:76f5b3712232eb142d96,bcd77f0816781ae14229,bb9ffc54eb6f446ef358,7ba29f3a45abe1301651,bps_webapi,4,observation_materializes_cell
edge:60379f876db76bb82ba5,fdcf152dfb8dd1178de0,bbc690beba53d8b73f14,7ba29f3a45abe1301651,bps_webapi,4,observation_materializes_cell
edge:d2b508a1afeb746fc12c,f468d03bde38fbd63e69,bbc6d875ca8c6a106b3e,aa7252a58f41161c17c3,bps_tpb_2024,1,observation_materializes_cell
edge:48a1ef99547ff388f610,b8366591658c51e249bc,bbc6d875ca8c6a106b3e,b132d2fab33291e0733e,bps_webapi,3,observation_materializes_cell
edge:4a080c3784ce3d797108,6961211354c656604af4,bbd0d6af07b1841c3410,7ba29f3a45abe1301651,bps_webapi,4,observation_materializes_cell
edge:cdbac38f87c2b61f48a9,1f7ad409c999f3ea94f1,bbdafc63344611d8c95a,7ba29f3a45abe1301651,bps_webapi,4,observation_materializes_cell
edge:6684e0be8fb29c3681e3,66d04349578dc26121b9,bbddcd6a281bf527272b,aa7252a58f41161c17c3,bps_tpb_2024,1,observation_materializes_cell
edge:73c486126e78052d70d0,d5fa6a569edff15c8b38,bbddcd6a281bf527272b,b132d2fab33291e0733e,bps_webapi,3,observation_materializes_cell
edge:f75b60f04cb33d2ad6d7,8dfae7ff68978e82ca88,bbe035775ff895b6a6cb,7ba29f3a45abe1301651,bps_webapi,4,observation_materializes_cell
edge:af287d84eea9a4a28200,6e3766abb40fd5d65595,bbe2f705fc875008233e,7ba29f3a45abe1301651,bps_webapi,4,observation_materializes_cell
edge:d0744825e95dc37e4e48,7eac327c2f814fc2831a,bbeb7baa9cde1c515d9a,7ba29f3a45abe1301651,bps_webapi,4,observation_materializes_cell
edge:6c93aaf87c371ba05c4f,57da9d3ac91516158e9f,bbeb7baa9cde1c515d9a,aa7252a58f41161c17c3,bps_tpb_2024,1,observation_materializes_cell
edge:59da95fc48fbf64ced73,e549860a4b06e9cf099a,bbf0cddf366f88ab6c65,7ba29f3a45abe1301651,bps_webapi,4,observation_materializes_cell
edge:f011d6e6e6416baa46ca,7f100aecb76353c29037,bbf0e2c9762c0cc1fc0c,7ba29f3a45abe1301651,bps_webapi,4,observation_materializes_cell
edge:3a452f906c5500eb76c2,0f275bbd21e7ec65d433,bc058ae2e0cba86f78c6,7ba29f3a45abe1301651,bps_webapi,4,observation_materializes_cell
edge:1e3fe361924c54e55af0,c071f6a63076139a3d97,bc225cd66515e0c46c60,7ba29f3a45abe1301651,bps_webapi,4,observation_materializes_cell
edge:34f7ae16da39ce246744,118e5f3615ada5cea66c,bc22cad48d3204ce7d28,7ba29f3a45abe1301651,bps_webapi,4,observation_materializes_cell
edge:4a675db9160d0ee748c4,9efdb4dd728bd6da914b,bc4321f056bb20f42752,7ba29f3a45abe1301651,bps_webapi,4,observation_materializes_cell
edge:8e5927652f5e49493399,b2b61a92baf9864ccb7e,bc4321f056bb20f42752,aa7252a58f41161c17c3,bps_tpb_2024,1,observation_materializes_cell
edge:2954d993dd2a5e875d98,a1c230dcc27f3866acbe,bc5537bcfda37c14b0f9,7ba29f3a45abe1301651,bps_webapi,4,observation_materializes_cell
edge:6a3385434e0620a7463c,d5582c59be51026e81cf,bc5537bcfda37c14b0f9,aa7252a58f41161c17c3,bps_tpb_2024,1,observation_materializes_cell
edge:2780a5e3d5d1ba115a7c,b02ceeddf4fdc5acb409,bc73b93a22e680ac17ab,7ba29f3a45abe1301651,bps_webapi,4,observation_materializes_cell
edge:dc326f9c3ddd354d60ae,733ea2f4e18c6958531b,bc91be55fa99ce94e756,7ba29f3a45abe1301651,bps_webapi,4,observation_materializes_cell
edge:ebd4a9210c3b6df4f251,200959998fd5920cc76d,bc92fb6bd8e0174a3861,7ba29f3a45abe1301651,bps_webapi,4,observation_materializes_cell
edge:902b9677e0bfbd96e037,e6a37f4756dd7dbd1b08,bc92fb6bd8e0174a3861,aa7252a58f41161c17c3,bps_tpb_2024,1,observation_materializes_cell
edge:312e291ee9677e3d9267,875ed49537dd725a94cb,bc959ea08a8908df1e12,7ba29f3a45abe1301651,bps_webapi,4,observation_materializes_cell
edge:462659b77a25c40a0432,190b0bbea6743aca68e1,bca81c5c369a9eec8fac,7ba29f3a45abe1301651,bps_webapi,4,observation_materializes_cell
edge:86ea7764cc3815521db5,e790c18c9d9c44c82f90,bcb9cb454cade0cf916e,7ba29f3a45abe1301651,bps_webapi,4,observation_materializes_cell
edge:49f2e67c46ab0615c0d7,072412967eb719fa8f5e,bcbb7190167b9533b8c7,7ba29f3a45abe1301651,bps_webapi,4,observation_materializes_cell
edge:81a12aef63e041bed695,d70eeda82d38e3d0f97b,bcbb7190167b9533b8c7,aa7252a58f41161c17c3,bps_tpb_2024,1,observation_materializes_cell
edge:151bd750d80d44685881,550b9c5ad1ab004896bd,bcdd524db87a0e36330c,7ba29f3a45abe1301651,bps_webapi,4,observation_materializes_cell
edge:5a55f9cca8e54385b4d0,730130a42205d47cd655,bcdd524db87a0e36330c,aa7252a58f41161c17c3,bps_tpb_2024,1,observation_materializes_cell
edge:b5157f34e711bc8af87c,674544c7cdf6e25222bb,bd0519ff8218aba2b000,7ba29f3a45abe1301651,bps_webapi,4,observation_materializes_cell
edge:b132c2d970f40b80ce30,6ac47cc579478c816a42,bd138c4e06cdfb3e13c8,7ba29f3a45abe1301651,bps_webapi,4,observation_materializes_cell
edge:a826a5b019a5e18fac63,ba7800e621ce1f4b20ba,bd1486cd0df976e9c169,7ba29f3a45abe1301651,bps_webapi,4,observation_materializes_cell
edge:49dbeaeaf3cfacdd7cbb,3a25f71536abf740ab1c,bd1486cd0df976e9c169,aa7252a58f41161c17c3,bps_tpb_2024,1,observation_materializes_cell
edge:4d1a90af4de8140e6647,f6d450d7d72f2a307b31,bd17ddddfbe3aff5b5bc,aa7252a58f41161c17c3,bps_tpb_2024,1,observation_materializes_cell
edge:60c871342f86ea4a110e,7012f3142d1ab7990e28,bd17ddddfbe3aff5b5bc,b132d2fab33291e0733e,bps_webapi,3,observation_materializes_cell
edge:1414f2926dfdaf042d8e,ac60700f05dd40f23cd1,bd28d37a813872988637,7ba29f3a45abe1301651,bps_webapi,4,observation_materializes_cell
edge:fb09818a70d418dcdc1e,e73f662fb8fcb1381d28,bd28d37a813872988637,aa7252a58f41161c17c3,bps_tpb_2024,1,observation_materializes_cell
edge:545ca54bd0263dc45e37,39942e8635283125fb33,bd399aaa055fbc87ffbd,7ba29f3a45abe1301651,bps_webapi,4,observation_materializes_cell
edge:a5b15d44c7b2e9971f84,46879df03974a8d8e582,bd3bb3e66680d66414fa,7ba29f3a45abe1301651,bps_webapi,4,observation_materializes_cell
edge:a753b9e548f57757aece,04b6fdd7667e67c3cdc9,bd3f09b57bdc890d0d80,7ba29f3a45abe1301651,bps_webapi,4,observation_materializes_cell
edge:736d4c28e4d2b3d17040,c3791a0015e7db416b3c,bd550895ea79ff64e030,7ba29f3a45abe1301651,bps_webapi,4,observation_materializes_cell
edge:01df256a85318990cfee,e4e088012cb8de549fca,bd550895ea79ff64e030,aa7252a58f41161c17c3,bps_tpb_2024,1,observation_materializes_cell
edge:6c0d63d23bccebd3052d,6048355c7d2adc9f22a8,bd5871f29bebb89cfe23,7ba29f3a45abe1301651,bps_webapi,4,observation_materializes_cell
edge:8fe1249bf3553f7c4edc,d1f3163f9da613986cd5,bd58a2a9f34d01481bbd,7ba29f3a45abe1301651,bps_webapi,4,observation_materializes_cell
edge:b5a749b2031fa48b00c4,cef0faa0bc7a1301eee0,bd58f2a224ee5d6a0a13,7ba29f3a45abe1301651,bps_webapi,4,observation_materializes_cell
edge:aead4c10194923b994d7,9a1d29ed9c5e876194ec,bd6ed599b232b8814030,7ba29f3a45abe1301651,bps_webapi,4,observation_materializes_cell
edge:ff22fbb33e973a4f8d2a,c447e5756dd710176aca,bd854c82d0779ddf8f2c,7ba29f3a45abe1301651,bps_webapi,4,observation_materializes_cell
edge:81ff7821028faab0f255,d56ba684375c43689320,bd8cd2abe21891eb53e2,7ba29f3a45abe1301651,bps_webapi,4,observation_materializes_cell
edge:1b3e0ce41603ef8b8ccd,4d3a17f8e709199c98cd,bd96afdbf3afbfe30bef,7ba29f3a45abe1301651,bps_webapi,4,observation_materializes_cell
edge:9bb882bde77ca18d094a,90f61a749cf1c9b12a90,bd970282a15ad1fad877,7ba29f3a45abe1301651,bps_webapi,4,observation_materializes_cell
edge:dae2fdfce50e494b6ab2,d90e70b582e754b722de,bd9e464513554ab547f8,7ba29f3a45abe1301651,bps_webapi,4,observation_materializes_cell
edge:a0fae446c08ee246644e,aeb050e5cfd5631c27b6,bd9e464513554ab547f8,aa7252a58f41161c17c3,bps_tpb_2024,1,observation_materializes_cell
edge:917e6a67fb29e89147c9,93d55cbf47220b8d7bad,bda200be1ef96c4325df,7ba29f3a45abe1301651,bps_webapi,4,observation_materializes_cell
edge:dc57b070afce628a9ff9,618fbd8ec3333ff2fac9,bdae0cbf24cf7ce3b57c,7ba29f3a45abe1301651,bps_webapi,4,observation_materializes_cell
edge:7dd2004b1163c9ee0ac6,b108b2aee70432ce9717,bdbc144dcf0dacbaeed3,7ba29f3a45abe1301651,bps_webapi,4,observation_materializes_cell
edge:1769a837e5f1636a9925,df1bf5363c39a7ef090c,bdbc144dcf0dacbaeed3,9ab2011a3892edfac889,bps_tpb_2025,2,observation_materializes_cell
edge:a3c5af31e09d0b691091,8c301e80864086c7ee25,bdbc144dcf0dacbaeed3,aa7252a58f41161c17c3,bps_tpb_2024,1,observation_materializes_cell
edge:82d25ca9622f292d7ae4,c6ffbc7b64a5d14d545a,bdbc9337c0273a817830,7ba29f3a45abe1301651,bps_webapi,4,observation_materializes_cell
edge:d5110debbf742087c587,857011d2b2bc4db4ed84,bdc6ae035341e78e900a,7ba29f3a45abe1301651,bps_webapi,4,observation_materializes_cell
edge:a8d09d19e3e9d1aa7b0f,f344576b0aa9d449ff2d,bdcb42ad983ca6d0e9e8,7ba29f3a45abe1301651,bps_webapi,4,observation_materializes_cell
edge:3d6e1a26198010d2245a,d8c81d57d6a8308c4d41,bdcc4b766103dcb7ffbe,7ba29f3a45abe1301651,bps_webapi,4,observation_materializes_cell
edge:416ca0a6bcd371af2073,d1ae56b341c4d5bd3101,bddc7615021ed05065da,7ba29f3a45abe1301651,bps_webapi,4,observation_materializes_cell
edge:e4f8723ab79aa19b92c1,fc24b5b82739a54257de,bde7c9eed71f91aa7ae6,7ba29f3a45abe1301651,bps_webapi,4,observation_materializes_cell
edge:09a801d6bd809447da51,1e3482b0a6c04382aa0a,bdee4f52e37cacd4a77d,7ba29f3a45abe1301651,bps_webapi,4,observation_materializes_cell
edge:73f27078e2305c2c0f07,95b56651b72eea9d1aa8,bdf18495b2a5c93fa579,7ba29f3a45abe1301651,bps_webapi,4,observation_materializes_cell
edge:f2271747d3392648d968,7a17e4d6ca1cafc968fe,bdf18495b2a5c93fa579,9ab2011a3892edfac889,bps_tpb_2025,2,observation_materializes_cell
edge:18016e87cb23fd153ae8,b9848f37789cb37962f9,bdf18495b2a5c93fa579,aa7252a58f41161c17c3,bps_tpb_2024,1,observation_materializes_cell
edge:0be5d1381da87bcdcca8,ca0602c2d423e935e0c9,be0be6285667d6abf94b,7ba29f3a45abe1301651,bps_webapi,4,observation_materializes_cell
edge:2eb7bf83c3bfbe596545,8772257405ed9517917f,be1cb05a8e82b348b85f,7ba29f3a45abe1301651,bps_webapi,4,observation_materializes_cell
edge:c24f10225beb2d7114a2,d2a46c868f222ff547de,be3188ea38ecb080c69b,7ba29f3a45abe1301651,bps_webapi,4,observation_materializes_cell
edge:cd2bff5082bbe9b56535,16a559c5da0c53acc8b7,be389be99624d4ef10a7,aa7252a58f41161c17c3,bps_tpb_2024,1,observation_materializes_cell
edge:7b81247a42a6e35c0e5a,0fa135bf2f39f8b9c0a4,be389be99624d4ef10a7,b132d2fab33291e0733e,bps_webapi,3,observation_materializes_cell
edge:97c5c56c3a06dd500fbd,b415c5a5290021571b29,be3e19df121cbfec4744,aa7252a58f41161c17c3,bps_tpb_2024,1,observation_materializes_cell
edge:8f439fcd9645ab7111c5,046ae7ba436e5e8ddc8c,be3e19df121cbfec4744,b132d2fab33291e0733e,bps_webapi,3,observation_materializes_cell
edge:9c5c745cee2d41519cc5,bbebfa6d32ba14f93dc3,be42ccb5025e22f73568,aa7252a58f41161c17c3,bps_tpb_2024,1,observation_materializes_cell
edge:b49cdb31450da77e21e6,4f3751a0262a5016c51a,be42ccb5025e22f73568,b132d2fab33291e0733e,bps_webapi,3,observation_materializes_cell
edge:51492fbefcce1cab929d,b0cb279da1bdc64d291d,be44cb4e754f7c223ccc,7ba29f3a45abe1301651,bps_webapi,4,observation_materializes_cell
edge:c900cd673dda406c3a79,bab6d43ca9e3ac57f3c2,be4bac5f966fee8c2b81,7ba29f3a45abe1301651,bps_webapi,4,observation_materializes_cell
edge:b97e0c9c14e454c199c6,b786dc2a1e284f42438d,be56ec4924c112109855,7ba29f3a45abe1301651,bps_webapi,4,observation_materializes_cell
edge:13996e36efad58a428e7,794812d4df2ff6759346,be57e3effdf6faedeca0,7ba29f3a45abe1301651,bps_webapi,4,observation_materializes_cell
edge:c0037f07c842b2d778f2,7327080a8d1047fd2cc0,be57e3effdf6faedeca0,aa7252a58f41161c17c3,bps_tpb_2024,1,observation_materializes_cell
edge:4697aacf3a9b719de7f3,22a0ed4a4424c0082a9e,be7cc2b90dd85a4b4ba0,aa7252a58f41161c17c3,bps_tpb_2024,1,observation_materializes_cell
edge:b05e978a7ff9fd236234,e9f0076f8c83a774048a,be7cc2b90dd85a4b4ba0,b132d2fab33291e0733e,bps_webapi,3,observation_materializes_cell
edge:2eff11ce017a383740d4,526391695c7d26d47877,be7ebf28d7ac6e0f83d7,7ba29f3a45abe1301651,bps_webapi,4,observation_materializes_cell
edge:a630c9ea6de52ffb9458,120f2336b1cd0f6aaf61,be8a0393cc1a6289c9b5,7ba29f3a45abe1301651,bps_webapi,4,observation_materializes_cell
edge:ab3ebf231d282c9a1147,3919125403e4ab03ce0b,be8a0393cc1a6289c9b5,aa7252a58f41161c17c3,bps_tpb_2024,1,observation_materializes_cell
edge:3ecb5c3eebc761aad97a,878a0a9ec4aa27d4468e,be8aaebd57cd8e3c6049,7ba29f3a45abe1301651,bps_webapi,4,observation_materializes_cell
edge:a51e39383e1398eda778,b4428d0013349e083bce,beaa9cb2ee1b2b45854e,7ba29f3a45abe1301651,bps_webapi,4,observation_materializes_cell
edge:b623d690eabc6d48d473,09d89cea4503e1712e30,becff34e8e6987268950,7ba29f3a45abe1301651,bps_webapi,4,observation_materializes_cell
edge:cd592bdb1a15a3a79397,14b30d52ed96eeea5ed1,bed503e4030161bfabbc,7ba29f3a45abe1301651,bps_webapi,4,observation_materializes_cell
edge:76049e2a48a0e41e79bf,ddf05d0f5263338fb35f,bed503e4030161bfabbc,9ab2011a3892edfac889,bps_tpb_2025,2,observation_materializes_cell
edge:6248e8c0e96ff7ceda3a,5aa2a4b2874109914114,bedc7779f04687c4512f,7ba29f3a45abe1301651,bps_webapi,4,observation_materializes_cell
edge:b72d44e3f33808d61c46,e170327fae18087ff303,bef069896ced7f88d389,7ba29f3a45abe1301651,bps_webapi,4,observation_materializes_cell
edge:4a09f8d0aee1c846f997,9506cbd2ced1faa91022,bef323e0190bd843ee9f,7ba29f3a45abe1301651,bps_webapi,4,observation_materializes_cell
edge:7f3a48bc9b13324bde16,5649a3063b6323f661d1,bf128e49b45569e448b7,aa7252a58f41161c17c3,bps_tpb_2024,1,observation_materializes_cell
edge:f8d334efc422cd20e4bb,3dc2bdf18fb5f3b9bf5a,bf128e49b45569e448b7,b132d2fab33291e0733e,bps_webapi,3,observation_materializes_cell
edge:3a363b73fb7ab667751e,0f76d631e6319b9decf2,bf19f793237664a9eff2,7ba29f3a45abe1301651,bps_webapi,4,observation_materializes_cell
edge:887bd385d84d8c344c05,79080775648be708fa18,bf239b9e95c57abfbb14,7ba29f3a45abe1301651,bps_webapi,4,observation_materializes_cell
edge:0a87640b18320612823d,bee66b86a21188a56e2e,bf2a2c798cc6bc441b23,7ba29f3a45abe1301651,bps_webapi,4,observation_materializes_cell
edge:20cc426ab75f74057f35,6ab2365555a125a50391,bf364d15d9ffc340862e,7ba29f3a45abe1301651,bps_webapi,4,observation_materializes_cell
edge:162e57dce22d343ec720,bd3cee3db6d08f74a967,bf39f60a69f788e8c541,7ba29f3a45abe1301651,bps_webapi,4,observation_materializes_cell
edge:8ee67dc14a3233a88665,41b9b797cf3df71eb7c6,bf4125ce8d041c546f7e,7ba29f3a45abe1301651,bps_webapi,4,observation_materializes_cell
edge:8a478ef6eaac7f082a7a,56cf52db08e6614ebc17,bf4182399d87a39f8f99,7ba29f3a45abe1301651,bps_webapi,4,observation_materializes_cell
edge:bc7ac227e03fe6a2be15,453e320979c1611740dd,bf4182399d87a39f8f99,aa7252a58f41161c17c3,bps_tpb_2024,1,observation_materializes_cell
edge:61f84967eac958929542,2a0d757dd36ee346de71,bf441c946221096fdda9,7ba29f3a45abe1301651,bps_webapi,4,observation_materializes_cell
edge:583cfa7e900b9f98183a,858f7b8a2dbaf7417d52,bf441c946221096fdda9,aa7252a58f41161c17c3,bps_tpb_2024,1,observation_materializes_cell
edge:0e06ff6eef269be5c8d1,a69fecee3d564cf9b0b3,bf56b6d8ed4556f64614,7ba29f3a45abe1301651,bps_webapi,4,observation_materializes_cell
edge:3f46fffc5e0018f78056,aafe1fe318704c870132,bf61c151db4c0159f51c,7ba29f3a45abe1301651,bps_webapi,4,observation_materializes_cell
edge:04e9236ac4ef92b1f17f,0c0f433c859c5110da01,bf769cfe9781e12c8706,7ba29f3a45abe1301651,bps_webapi,4,observation_materializes_cell
edge:e78849128b59fedbf668,a4cb3e354f53079c1dbe,bf780da5ce5bf8e59fa9,7ba29f3a45abe1301651,bps_webapi,4,observation_materializes_cell
edge:01c678208984c10f2d18,97540ecadcacc9e00945,bf83b58ed3944118e709,7ba29f3a45abe1301651,bps_webapi,4,observation_materializes_cell
edge:afd57ea2caabc9a1a03f,696c50a330f0a7d6bda8,bf8d40557e05fa0b7a6d,7ba29f3a45abe1301651,bps_webapi,4,observation_materializes_cell
edge:21cb7740aed7317956b8,3b975d611eb976a5dc15,bfa1a0cfd3a85153226a,7ba29f3a45abe1301651,bps_webapi,4,observation_materializes_cell
edge:4b80af86cf1e1c6516ab,67b182c4f8073128866c,bfaf711dc8150e3ee9fe,aa7252a58f41161c17c3,bps_tpb_2024,1,observation_materializes_cell
edge:c52935f17e6836eac853,2da27da22917be4f8830,bfaf711dc8150e3ee9fe,b132d2fab33291e0733e,bps_webapi,3,observation_materializes_cell
edge:07f0142faa045f8a0cee,388640023422ef616d15,bfb089947e2be766ebd5,7ba29f3a45abe1301651,bps_webapi,4,observation_materializes_cell
edge:f22c483e1917b37b1308,59d34eecf8dde80eaef8,bfb089947e2be766ebd5,aa7252a58f41161c17c3,bps_tpb_2024,1,observation_materializes_cell
edge:1462488da8a676e72399,7965ce0a6c8be91934c1,bfc33cac0806fdeeb76c,aa7252a58f41161c17c3,bps_tpb_2024,1,observation_materializes_cell
edge:ee133f50afac86ac1aef,5d982cc59ba1f2c61b68,bfc33cac0806fdeeb76c,b132d2fab33291e0733e,bps_webapi,3,observation_materializes_cell
edge:b6f3af64c577849a713e,0a27388477313b4af175,bfc3e83629d311212561,aa7252a58f41161c17c3,bps_tpb_2024,1,observation_materializes_cell
edge:8f0e8720810d106377a0,3de2b7cff12f40dc4d99,bfc3e83629d311212561,b132d2fab33291e0733e,bps_webapi,3,observation_materializes_cell
edge:3625e2ce4c93cdc401cf,e1ca6fd7f30293f28af5,c012b9fb4284302c396f,7ba29f3a45abe1301651,bps_webapi,4,observation_materializes_cell
edge:e338410049f13299e546,f7f89db6176ba9a24155,c01f626649f08c280204,7ba29f3a45abe1301651,bps_webapi,4,observation_materializes_cell
edge:3f57ec0710fd6f9718e1,eb9130357387e4cb4e9f,c038d09289b8f5c30cc8,7ba29f3a45abe1301651,bps_webapi,4,observation_materializes_cell
edge:57309857904b723ed5c2,99358ee08d1831a5cfe2,c03b8b94b040c69c86bd,7ba29f3a45abe1301651,bps_webapi,4,observation_materializes_cell
edge:0f9b7a097a8f970f816f,30651120009bba08ebfc,c04023b9dced4713bdcf,7ba29f3a45abe1301651,bps_webapi,4,observation_materializes_cell
edge:044d444820d4d903a165,3eaaaf673d402bab7671,c0428fd1a32b8cbbcef1,7ba29f3a45abe1301651,bps_webapi,4,observation_materializes_cell
edge:e6bc2d2dddf6d8d5cb52,2af607c3dde03fa7027e,c04c73c341f3ebbf66f8,7ba29f3a45abe1301651,bps_webapi,4,observation_materializes_cell
edge:17a4a3c2b44d29f6cd3e,cc0ca830c0ebda08d894,c04c73c341f3ebbf66f8,aa7252a58f41161c17c3,bps_tpb_2024,1,observation_materializes_cell
edge:16e8cf2586ff86960eb7,276261fdcba6b7f90a7b,c04cc3e32ef9729235f5,aa7252a58f41161c17c3,bps_tpb_2024,1,observation_materializes_cell
edge:cfb9e67850e2f1ff94d9,fad6bba63d3cc92d92dd,c04cc3e32ef9729235f5,b132d2fab33291e0733e,bps_webapi,3,observation_materializes_cell
edge:8cb84ef4650bce5102fb,63fe589b31bbd9b81f70,c04f4a0b4f935c8f92fe,7ba29f3a45abe1301651,bps_webapi,4,observation_materializes_cell
edge:378c5209fda10ddee2c3,7927a4419273f24a040e,c0579e2f5274e5ca9ccc,7ba29f3a45abe1301651,bps_webapi,4,observation_materializes_cell
edge:92a3b64be6b02f365908,dd3f863b61ad0c3e619b,c057c2aaca4eca77dcd7,7ba29f3a45abe1301651,bps_webapi,4,observation_materializes_cell
edge:c04cc305ff0f41b49729,46a6ae07025d1e17e2ae,c05b343ee980a2c5db6e,aa7252a58f41161c17c3,bps_tpb_2024,1,observation_materializes_cell
edge:9dff0f5267af6312060f,0f2772e0bbbf959a76ac,c05b343ee980a2c5db6e,b132d2fab33291e0733e,bps_webapi,3,observation_materializes_cell
edge:a6dca08ef162a0bacc22,bdf06f5fe5bb3122ba92,c06b41b7eb5b6680785c,7ba29f3a45abe1301651,bps_webapi,4,observation_materializes_cell
edge:b652c8d98e877bcb3715,67f4a6f074e5f87223fb,c06b41b7eb5b6680785c,aa7252a58f41161c17c3,bps_tpb_2024,1,observation_materializes_cell
edge:ba7b9e5d57e35b1ba9a1,a26735ff654889e2b307,c07bd522b3114757e3d4,7ba29f3a45abe1301651,bps_webapi,4,observation_materializes_cell
edge:0b436736abda9416194a,43af32b7899a7abc7fe8,c07bd522b3114757e3d4,aa7252a58f41161c17c3,bps_tpb_2024,1,observation_materializes_cell
edge:e92752f91f5449e40af6,ffc65e57f31bbc5339bb,c08e4c80f8b50d2b08a4,7ba29f3a45abe1301651,bps_webapi,4,observation_materializes_cell
edge:fa7d39e53d834c6bc467,97062a14ea52c25bece8,c0933845419daf444f92,7ba29f3a45abe1301651,bps_webapi,4,observation_materializes_cell
edge:eeebcf107f86428fa952,f07d56802a7434e94434,c09b6f870158a9767fe9,aa7252a58f41161c17c3,bps_tpb_2024,1,observation_materializes_cell
edge:cc221e31d145c9cbc8d8,d060c5f94f9d632a0d15,c09b6f870158a9767fe9,b132d2fab33291e0733e,bps_webapi,3,observation_materializes_cell
edge:ae0f4bb5e83c546faf7f,67359d77dbb718eccaa2,c09ea66babda3ef595f1,7ba29f3a45abe1301651,bps_webapi,4,observation_materializes_cell
edge:a05cc7bac1df626c9dff,c5adb9926dfa89f4a70b,c0a94982a6ea9dcae01f,7ba29f3a45abe1301651,bps_webapi,4,observation_materializes_cell
edge:d6f74ff3fcbb7195c3e3,b3f04840d7e34531c279,c0b2ffc41a5a7c35343b,aa7252a58f41161c17c3,bps_tpb_2024,1,observation_materializes_cell
edge:85e0fe5574a1313cb02a,36680b91a5ebcfcc1842,c0b2ffc41a5a7c35343b,b132d2fab33291e0733e,bps_webapi,3,observation_materializes_cell
edge:b79bc3e33cf6912c301a,20765785f178cb898107,c0b5a3ecafd96da7ec23,aa7252a58f41161c17c3,bps_tpb_2024,1,observation_materializes_cell
edge:d4c36b2c1da8ce981a70,82a2eaa5c9e3805fe275,c0b5a3ecafd96da7ec23,b132d2fab33291e0733e,bps_webapi,3,observation_materializes_cell
edge:5635424b11b05e60da3b,80f1fb27e1735d9e3d35,c0e1fe26c33ac3f99199,7ba29f3a45abe1301651,bps_webapi,4,observation_materializes_cell
edge:e05f21300ab6c37d6157,8a29a4f737af1bd4b2a6,c0e1fe26c33ac3f99199,aa7252a58f41161c17c3,bps_tpb_2024,1,observation_materializes_cell
edge:fd2402cfbb0d715134ab,31a6e7456112b32bfd72,c0fcc62c8529c9e7fa1b,7ba29f3a45abe1301651,bps_webapi,4,observation_materializes_cell
edge:b4f6365aaf074b4248a9,88ffe5f65b0bfaf6cfae,c1048a3b14488f336c87,7ba29f3a45abe1301651,bps_webapi,4,observation_materializes_cell
edge:198a57e69639cafdceca,4a52934f9f848ecba33f,c12635fdb9e9b90ff512,7ba29f3a45abe1301651,bps_webapi,4,observation_materializes_cell
edge:72c535d9618d663154b8,b281faa1af6fac80b94d,c15489f266b766c5655c,7ba29f3a45abe1301651,bps_webapi,4,observation_materializes_cell
edge:bf537873be365ad3b845,55827b0297ba1f2816cd,c15a093f95c58b1efea3,7ba29f3a45abe1301651,bps_webapi,4,observation_materializes_cell
edge:59ef7bb54a6c51e6eaa2,cbbaa71cc66b16d304b2,c15a093f95c58b1efea3,aa7252a58f41161c17c3,bps_tpb_2024,1,observation_materializes_cell
edge:c8c8dc829ef4011b4e44,37fe4128c38938ad2ca9,c16c4b29c4f17d54f7f6,7ba29f3a45abe1301651,bps_webapi,4,observation_materializes_cell
edge:89119cfa6f9495495764,4d1082d73773c0b17c13,c17dc796b06e3d594a12,7ba29f3a45abe1301651,bps_webapi,4,observation_materializes_cell
edge:ff7b8d38a5ff503ebd9f,25831da673fc0df2d01d,c183854c2c202a7b7ab4,aa7252a58f41161c17c3,bps_tpb_2024,1,observation_materializes_cell
edge:5f0ede375bf12fc84d85,aaa1d72d788dce7e3f47,c183854c2c202a7b7ab4,b132d2fab33291e0733e,bps_webapi,3,observation_materializes_cell
edge:42595ac619dd46b711cc,98dcdf0ff21dafdf292e,c187adfc3e1253d28ca5,7ba29f3a45abe1301651,bps_webapi,4,observation_materializes_cell
edge:8b3a962a8642ba16991d,33efed976fce4d0a2867,c19a80e1e59fc68208be,7ba29f3a45abe1301651,bps_webapi,4,observation_materializes_cell
edge:10a1e63f976d66b7dcb9,597b2db8309346b3126c,c19a80e1e59fc68208be,aa7252a58f41161c17c3,bps_tpb_2024,1,observation_materializes_cell
edge:4b1f0ec62b78da7cac69,791e36072756abbb44b9,c19d0d876d3be7ccf9d4,7ba29f3a45abe1301651,bps_webapi,4,observation_materializes_cell
edge:a0018d11a55bb3628d32,58d672bea8eb85fd1d70,c1b534141a1c7f5cbf6c,7ba29f3a45abe1301651,bps_webapi,4,observation_materializes_cell
edge:822074c9637fa0d6590c,679a82a2470a0c2a1053,c1b8bcff725f214a9466,7ba29f3a45abe1301651,bps_webapi,4,observation_materializes_cell
edge:604214c3b8012b66c173,7235d6b199788213ba07,c1ba3630aba9ec87a9a7,7ba29f3a45abe1301651,bps_webapi,4,observation_materializes_cell
edge:0c6f87bc3bd873bb5bfd,fd7193531e3d2446faa6,c1bd8b91acdbb94b3089,7ba29f3a45abe1301651,bps_webapi,4,observation_materializes_cell
edge:ace10478c632f245cafa,96218659d0981fa532c5,c1cba4033ef17c0c68cf,7ba29f3a45abe1301651,bps_webapi,4,observation_materializes_cell
edge:dd06e583b33274474445,7242e765ee5daa6df024,c1cd58b9cd0142494a74,7ba29f3a45abe1301651,bps_webapi,4,observation_materializes_cell
edge:6710ab3efd0b89a88696,0c18aa3bcad1989cfb17,c1cd58b9cd0142494a74,aa7252a58f41161c17c3,bps_tpb_2024,1,observation_materializes_cell
edge:6bd71e9773f44a44f412,07727c52e636ab752dda,c1d779936fb69bc6fd60,7ba29f3a45abe1301651,bps_webapi,4,observation_materializes_cell
edge:bb644cbf944819de9018,4d0a3b47cee3f40d608e,c1dfe91f4ee78d21c888,7ba29f3a45abe1301651,bps_webapi,4,observation_materializes_cell
edge:4adc0898f0775a8c2667,f1b101b3cd2180ca4d4f,c1f3bf8b8ec3547c8084,7ba29f3a45abe1301651,bps_webapi,4,observation_materializes_cell
edge:8480a045dbd748939c6f,79819359f5faf4fdc577,c2053d02f755683ee4eb,7ba29f3a45abe1301651,bps_webapi,4,observation_materializes_cell
edge:cefaf08f7f84519a4438,0fd5c9bfd5f5a160bf20,c2053d02f755683ee4eb,aa7252a58f41161c17c3,bps_tpb_2024,1,observation_materializes_cell
edge:71d886295ea85f82a700,a99f0925d7f2bedf9b1c,c213a8a6f500dc163370,7ba29f3a45abe1301651,bps_webapi,4,observation_materializes_cell
edge:5ca6521a8a439783fa47,13b45a18bf9db118ae00,c213ef854f89f6d66394,7ba29f3a45abe1301651,bps_webapi,4,observation_materializes_cell
edge:c1739ba4d0942a6b2e92,3e5a5f85889cd18aaf27,c213ef854f89f6d66394,aa7252a58f41161c17c3,bps_tpb_2024,1,observation_materializes_cell
edge:e1b141e071c98cda7ff0,a6ff4d002883fddb5e56,c229d9366dba57305885,7ba29f3a45abe1301651,bps_webapi,4,observation_materializes_cell
edge:8ab3779eaebc300cb3a1,e3ab57540dad01775b9f,c23e84d54e602c593363,9ab2011a3892edfac889,bps_tpb_2025,2,observation_materializes_cell
edge:c11b37444893aed79b3f,6243b6e32d14db34e020,c26474baf314bd336e27,aa7252a58f41161c17c3,bps_tpb_2024,1,observation_materializes_cell
edge:c1b73ad3839f57ed470d,1c956eb223110b0de171,c26474baf314bd336e27,b132d2fab33291e0733e,bps_webapi,3,observation_materializes_cell
edge:657b08976cdc593478b1,de9ec08a5c6c8e1a4d89,c26e0abce76d3eadc7da,7ba29f3a45abe1301651,bps_webapi,4,observation_materializes_cell
edge:33532692861f8f7bd2f9,b2f8581d2b671f722026,c273295a214d66b780e0,7ba29f3a45abe1301651,bps_webapi,4,observation_materializes_cell
edge:ff176793d8c2916e2e0e,5b03fd262929482e6e2d,c284d6b48cccc7e666ee,7ba29f3a45abe1301651,bps_webapi,4,observation_materializes_cell
edge:b4965dc07a9cd9aa3353,a405259ce8cd70d441e0,c28b1f0a7320259555fb,7ba29f3a45abe1301651,bps_webapi,4,observation_materializes_cell
edge:ffe7b5720c0ff4ed0502,5fc23050b6a0609de485,c290696c1966507d5061,7ba29f3a45abe1301651,bps_webapi,4,observation_materializes_cell
edge:cd03904aecbffbe484bc,0250a78fe5d94d91e5b3,c29ab21b2be48b7c99e1,7ba29f3a45abe1301651,bps_webapi,4,observation_materializes_cell
edge:7097fd1bbdd0877a7105,eb26badf16ec26f9f0d4,c29ab21b2be48b7c99e1,aa7252a58f41161c17c3,bps_tpb_2024,1,observation_materializes_cell
edge:89b0127d505127f57080,e6b6a9dc57a851384723,c2a1a9ac151304cd246a,7ba29f3a45abe1301651,bps_webapi,4,observation_materializes_cell
edge:e7b220202f7afdb64c0d,d724e9c6286399517ea4,c2a65161c0f8ef3e2ed4,7ba29f3a45abe1301651,bps_webapi,4,observation_materializes_cell
edge:80029ce3b76d6628d173,0673598bd9ae84e2a9ac,c2a68938642ac4440646,aa7252a58f41161c17c3,bps_tpb_2024,1,observation_materializes_cell
edge:11415c1997d51d1e0375,5893d884399e845de6f5,c2a68938642ac4440646,b132d2fab33291e0733e,bps_webapi,3,observation_materializes_cell
edge:c84cdd95a0aca021849b,0d19a57519efa90c4626,c2cc3d8ef9fc226c3939,aa7252a58f41161c17c3,bps_tpb_2024,1,observation_materializes_cell
edge:6e6735dced6cc2c26a10,930ee27f5e41c0893aaa,c2cc3d8ef9fc226c3939,b132d2fab33291e0733e,bps_webapi,3,observation_materializes_cell
edge:993cfa4f17f237eac38f,06c7ea4a8360c29c8b5a,c2d1b42ed7f11e6fb66b,7ba29f3a45abe1301651,bps_webapi,4,observation_materializes_cell
edge:8b3867f6c3fed04b9299,431d1e8017d3a49ce61e,c2d1b42ed7f11e6fb66b,aa7252a58f41161c17c3,bps_tpb_2024,1,observation_materializes_cell
edge:d5899acfe89402ee6bf1,bfc6b681aa5afbd7cb48,c2e073f721df065c86ed,7ba29f3a45abe1301651,bps_webapi,4,observation_materializes_cell
edge:70609b70469439d34eaa,9ab90e229c46cdfbbdf5,c2e90c0403832c5ea9f0,aa7252a58f41161c17c3,bps_tpb_2024,1,observation_materializes_cell
edge:9cc73feae1565acdb4cd,84d5ee69519c9f53b79c,c2e90c0403832c5ea9f0,b132d2fab33291e0733e,bps_webapi,3,observation_materializes_cell
edge:fa4e91eb4e06e7a68a0f,c017221aa511d26b42eb,c2f4d5f8babb473b7653,aa7252a58f41161c17c3,bps_tpb_2024,1,observation_materializes_cell
edge:323a05df7c07614f2678,66d3a462f07d9109aede,c2f4d5f8babb473b7653,b132d2fab33291e0733e,bps_webapi,3,observation_materializes_cell
edge:23b2d63f60a0ebdfae45,f5d59ca7a75717b377ec,c2f6233e3fd7d6a08480,7ba29f3a45abe1301651,bps_webapi,4,observation_materializes_cell
edge:8f9b4089de38ce20fcb9,5166d9b1bde9e62ba974,c2f6233e3fd7d6a08480,aa7252a58f41161c17c3,bps_tpb_2024,1,observation_materializes_cell
edge:f021fb5413f18a26089d,d53f377aa82c8926ea78,c2f7e05e5a3a1054f6ae,7ba29f3a45abe1301651,bps_webapi,4,observation_materializes_cell
edge:ff8954fc8480623e6248,3bfba76c8120df216978,c2f7e05e5a3a1054f6ae,aa7252a58f41161c17c3,bps_tpb_2024,1,observation_materializes_cell
edge:bd0eb3befba7e600a4e0,bf69c8f526ec2cfe3f78,c2f87ba8d938172a2897,7ba29f3a45abe1301651,bps_webapi,4,observation_materializes_cell
edge:57c63f8cda69c6274876,882ffa262b0a83a0e469,c30e3e66143bbbf3641c,7ba29f3a45abe1301651,bps_webapi,4,observation_materializes_cell
edge:cadfde5f56e04c4db2ed,358784b15445e4889bd3,c32367134e4dfb51e3c2,7ba29f3a45abe1301651,bps_webapi,4,observation_materializes_cell
edge:b87626ef41267c20d199,172c364f5769da6bd06a,c331a9c5cf70080a87e3,7ba29f3a45abe1301651,bps_webapi,4,observation_materializes_cell
edge:992445e61458a2c20789,30d1bbbc2fa566d27021,c333581dc169d06a47ff,7ba29f3a45abe1301651,bps_webapi,4,observation_materializes_cell
edge:168330b08741db39cd1c,e2cf4fe44797a16b5733,c346fce1cd25c92f93db,7ba29f3a45abe1301651,bps_webapi,4,observation_materializes_cell
edge:155d0e6d2d0339ea0c0b,cedd49866ffbb76db605,c3478f78ae55dad71599,7ba29f3a45abe1301651,bps_webapi,4,observation_materializes_cell
edge:32841a17991ddc5d2f6c,63d930f14c79f0bc9cbe,c34868e95cb894e09777,7ba29f3a45abe1301651,bps_webapi,4,observation_materializes_cell
edge:0245f532e88b84ba4325,f234a2a9ffd088c0ae0f,c35f393ffcf228302a32,7ba29f3a45abe1301651,bps_webapi,4,observation_materializes_cell
edge:553c166d71f817428a2e,e85d89c3a91a6d5c3760,c3622afc724d7e8c2ecd,7ba29f3a45abe1301651,bps_webapi,4,observation_materializes_cell
edge:2dedd32df6e74262de3a,be91faa90dbb945a9c8a,c37b6d8c1eaaed873891,7ba29f3a45abe1301651,bps_webapi,4,observation_materializes_cell
edge:f62e83fb96de27a47520,304f4d144f60fce4d93a,c38a069fa50a23fd8abf,7ba29f3a45abe1301651,bps_webapi,4,observation_materializes_cell
edge:bcd9e0410596b0971ce0,62394f2b2ee0170ef318,c391b5cd90aeb9dad1df,7ba29f3a45abe1301651,bps_webapi,4,observation_materializes_cell
edge:321d2e46e6651da6e057,d2eb1e4711b68c134e18,c392a39746bfe179685b,7ba29f3a45abe1301651,bps_webapi,4,observation_materializes_cell
edge:0ad7c291fc431b3317ec,480367cdd88133f62d0d,c3a60c45176a418f0e39,7ba29f3a45abe1301651,bps_webapi,4,observation_materializes_cell
edge:e288cbb7894e87ffa7aa,8726c459b89c21c909f6,c3a629407ec978818bd4,aa7252a58f41161c17c3,bps_tpb_2024,1,observation_materializes_cell
edge:f4fb69d88d1c60e710ad,7d1ecd3f133ac6246b00,c3a629407ec978818bd4,b132d2fab33291e0733e,bps_webapi,3,observation_materializes_cell
edge:b6ae297a910a16b6c435,100f29344d9a03a8cd22,c3c9363bd79992f5ec7f,7ba29f3a45abe1301651,bps_webapi,4,observation_materializes_cell
edge:7e763dfa6c0ed4b292e4,3a4969e6b4609d6f4c75,c3d30c137d9c85dba7e6,7ba29f3a45abe1301651,bps_webapi,4,observation_materializes_cell
edge:1bb201a16cf451f8666f,8fb16b2d3e971ded6436,c3dc7c5ae41c3c490475,aa7252a58f41161c17c3,bps_tpb_2024,1,observation_materializes_cell
edge:07f07ddb1830d71a1343,a0b3f1ee24ed5c3468c2,c3dc7c5ae41c3c490475,b132d2fab33291e0733e,bps_webapi,3,observation_materializes_cell
edge:58e3538d1804a84b89f2,2b916b5b48f9cbd8eb7b,c3e11b659ef6426fca45,7ba29f3a45abe1301651,bps_webapi,4,observation_materializes_cell
edge:977162103e2670897411,f341e5159f09b40d557c,c3f935223dd76c930519,7ba29f3a45abe1301651,bps_webapi,4,observation_materializes_cell
edge:ab34fe90c3922b103cd4,df85f2cf7f51010c7755,c3fa7af95c1a972f1823,aa7252a58f41161c17c3,bps_tpb_2024,1,observation_materializes_cell
edge:ffb668e3289e0856f106,b3de5f1091aa5c152b6a,c3fa7af95c1a972f1823,b132d2fab33291e0733e,bps_webapi,3,observation_materializes_cell
edge:147decfec940435cf0fe,2684d4f98d34e069e2f4,c40a4a58829db5094cd5,aa7252a58f41161c17c3,bps_tpb_2024,1,observation_materializes_cell
edge:d6ecbf59e5f6eec37708,9ff2a4f1e46e80335b1b,c40a4a58829db5094cd5,b132d2fab33291e0733e,bps_webapi,3,observation_materializes_cell
edge:3c3173c67258546255de,f2a0e01beb86e4de09a5,c40e24080e0989162388,7ba29f3a45abe1301651,bps_webapi,4,observation_materializes_cell
edge:0a4e6ba8e6ba027b467c,c68552b9b6eb5fa52f10,c41417f3579db8e53410,7ba29f3a45abe1301651,bps_webapi,4,observation_materializes_cell
edge:7fa7e0e64cc3a047934a,ed0799e0cc553e345415,c41c0ff21fb42ad8f4c0,7ba29f3a45abe1301651,bps_webapi,4,observation_materializes_cell
edge:587d8e3dbd5fd1acdcf9,42c6a84a23bbd0b4b386,c427bdb10046da3becd7,aa7252a58f41161c17c3,bps_tpb_2024,1,observation_materializes_cell
edge:4a518952a4095f9da7a3,53f66e436dd7c117f665,c427bdb10046da3becd7,b132d2fab33291e0733e,bps_webapi,3,observation_materializes_cell
edge:96ceb270b9cad7f91168,ae98b93685c6cd9da80c,c4344a646716b919721d,7ba29f3a45abe1301651,bps_webapi,4,observation_materializes_cell
edge:190219e6db525f622043,fe247b867739584953c7,c438d4b948d0986903cb,7ba29f3a45abe1301651,bps_webapi,4,observation_materializes_cell
edge:e999d2c6dba54be6c1d2,ba8cd926dcb4535d26cd,c438d4b948d0986903cb,9ab2011a3892edfac889,bps_tpb_2025,2,observation_materializes_cell
edge:6edea3b6505ebbe9a426,910121c40170b857b403,c4436fd2ffb5991645eb,7ba29f3a45abe1301651,bps_webapi,4,observation_materializes_cell
edge:2ce5e48ef3613ed543fe,ee41abac5d548d2d5345,c4560f37939b4abe7981,7ba29f3a45abe1301651,bps_webapi,4,observation_materializes_cell
edge:0f743dadc492088014e2,7d111169717a36e5473b,c4560f37939b4abe7981,aa7252a58f41161c17c3,bps_tpb_2024,1,observation_materializes_cell
edge:c6ac4a42305b65af8162,2b5882e3b912aa453ade,c4591fc46465d0d164ef,7ba29f3a45abe1301651,bps_webapi,4,observation_materializes_cell
edge:610975a426433cee1776,133c585fd3df0cfa09df,c477d7ea7633d4b2edeb,7ba29f3a45abe1301651,bps_webapi,4,observation_materializes_cell
edge:325683eac795b80a8f1d,240481449e29667e3eb5,c47a1790ff36944fe6a2,7ba29f3a45abe1301651,bps_webapi,4,observation_materializes_cell
edge:a0c0535f17e79910c316,431e0fc5dff38a5ea6b5,c48c44659e9734b89684,7ba29f3a45abe1301651,bps_webapi,4,observation_materializes_cell
edge:54f32d5f44ee77d93d9a,f43fa68e802d1767e0e5,c48c44659e9734b89684,aa7252a58f41161c17c3,bps_tpb_2024,1,observation_materializes_cell
edge:78595915f6bed0710377,99f5878dad2ae1066491,c4a681fd25d03cba457f,7ba29f3a45abe1301651,bps_webapi,4,observation_materializes_cell
edge:8505c481da99ba3ba658,1f5638b0e458ef7f30c8,c4b594b175d6d2aa1063,7ba29f3a45abe1301651,bps_webapi,4,observation_materializes_cell
edge:dc497f577ff614bc7ae6,56c36994a29e492d27fc,c4c4991f6f58c0afe666,7ba29f3a45abe1301651,bps_webapi,4,observation_materializes_cell
edge:e8aeb005d905ddb03c28,a11f421ba2d24f471b9b,c4cdfc8b6cfba6fce604,7ba29f3a45abe1301651,bps_webapi,4,observation_materializes_cell
edge:070da057353f8bb5d534,10e90f2cb6e9aa89e3f1,c4cdfc8b6cfba6fce604,aa7252a58f41161c17c3,bps_tpb_2024,1,observation_materializes_cell
edge:928d963694b1ddc3db88,7075d2259170f1e20a4b,c5030233f8343771ed99,7ba29f3a45abe1301651,bps_webapi,4,observation_materializes_cell
edge:35f4f237cbad4c731584,8a27d11da171d564416a,c50807e3b467494948f0,7ba29f3a45abe1301651,bps_webapi,4,observation_materializes_cell
edge:5c82fe0b99a7036c79cb,f1e45e244a06f58f3671,c51bb024e3a64aa27386,7ba29f3a45abe1301651,bps_webapi,4,observation_materializes_cell
edge:0835211a0979b624618b,8b953439a568ed41998c,c527ccf93f94a6a1838b,7ba29f3a45abe1301651,bps_webapi,4,observation_materializes_cell
edge:381f6d6fb37ca06a0533,b790456710234a745aa5,c53e51f8bb22d99e33c3,7ba29f3a45abe1301651,bps_webapi,4,observation_materializes_cell
edge:514072cd831de8db7ace,7234c24638ea5e5c9b2b,c53fb5b972b2717dd2e9,7ba29f3a45abe1301651,bps_webapi,4,observation_materializes_cell
edge:2ded510f03d7ae5cbfda,60aa3dd358dbc8442a6e,c55de257ce467bf81726,7ba29f3a45abe1301651,bps_webapi,4,observation_materializes_cell
edge:fdea60c4ccd89a8f58b2,3c12f768c7439e2ce0c6,c564c7fb5da2d12cac22,7ba29f3a45abe1301651,bps_webapi,4,observation_materializes_cell
edge:2ec52785f39ce9f7e0c0,a9a63dbb7f4c1a2d758e,c5681b84cbc12050b473,7ba29f3a45abe1301651,bps_webapi,4,observation_materializes_cell
edge:5f070868a615b68ba66b,0b6207960e0eb8708fdb,c56ebcdfc1f5207e1150,7ba29f3a45abe1301651,bps_webapi,4,observation_materializes_cell
edge:f4fdb91cb0793855068a,a64789a7fb103a069930,c56ebcdfc1f5207e1150,aa7252a58f41161c17c3,bps_tpb_2024,1,observation_materializes_cell
edge:87927f7edd0abd4dfb77,d420f5ac4f527a927e66,c57cbedb823e8d382905,7ba29f3a45abe1301651,bps_webapi,4,observation_materializes_cell
edge:c027aad39745e18ae987,2d65a64ec0d067ad0bf3,c592d5b9157b56b3228c,7ba29f3a45abe1301651,bps_webapi,4,observation_materializes_cell
edge:dccf2d2c72905976159b,ca4a47937b2dc9417d21,c59c4c672237ed5a56f2,7ba29f3a45abe1301651,bps_webapi,4,observation_materializes_cell
edge:fd125a8da895772a3f5b,01494a66cd0f15d6f37e,c59d80db34b1b57ec817,7ba29f3a45abe1301651,bps_webapi,4,observation_materializes_cell
edge:eb9a9f842e4341813955,8b3ce2db7d1b83c4c2ad,c5a0236cfaeb58ca6154,aa7252a58f41161c17c3,bps_tpb_2024,1,observation_materializes_cell
edge:da113debd43fdf2bfc14,562f7989a5c9fbe8e0dd,c5a0236cfaeb58ca6154,b132d2fab33291e0733e,bps_webapi,3,observation_materializes_cell
edge:299be2338e5b0bdfdeb2,65fd0f6555c076a3a463,c5b8061c49c00ea8e76d,7ba29f3a45abe1301651,bps_webapi,4,observation_materializes_cell
edge:edf6a46dc8ae6ceec096,2d7d40a09bb61919d7a3,c5c0e4d57be68aafc8d0,7ba29f3a45abe1301651,bps_webapi,4,observation_materializes_cell
edge:40f4bc65a5693e74aed3,909280b1e95942bc8957,c5c78a0c7942e0c19dbe,7ba29f3a45abe1301651,bps_webapi,4,observation_materializes_cell
edge:98f85105188842115248,8ed8e81a49b38f9ade0f,c5c78a0c7942e0c19dbe,aa7252a58f41161c17c3,bps_tpb_2024,1,observation_materializes_cell
edge:2c7af86db71586fbee10,7c64fad83d33e4f38121,c5c9cdf098753846e53f,7ba29f3a45abe1301651,bps_webapi,4,observation_materializes_cell
edge:8f63bc22fb33134c46c9,74c5a933f2e870f9a039,c5e4243e4712f17f6157,aa7252a58f41161c17c3,bps_tpb_2024,1,observation_materializes_cell
edge:d840180fc9a863044245,ecb57d81abf8e97276c5,c5e4243e4712f17f6157,b132d2fab33291e0733e,bps_webapi,3,observation_materializes_cell
edge:91f753d4fad1e4d4040c,bf2ae8d7c83eb3d0c0b3,c5f8d2cc19f3092ff8ef,7ba29f3a45abe1301651,bps_webapi,4,observation_materializes_cell
edge:bb2fc4b275cb837d549d,60ab9ae693edc2b8a3a2,c60bca39792ff1734ae9,7ba29f3a45abe1301651,bps_webapi,4,observation_materializes_cell
edge:23844977efda4675bc9d,1b203ba035430b332da4,c6262cf510d2d251016e,7ba29f3a45abe1301651,bps_webapi,4,observation_materializes_cell
edge:12d8f224f14314e1e2ac,e524fb4790742e31b6c8,c62d710b6abe080572e0,7ba29f3a45abe1301651,bps_webapi,4,observation_materializes_cell
edge:d6def2062e8a5f357077,ce1d2ba47ad51daaa9ff,c63624a9b3a1e1f57659,7ba29f3a45abe1301651,bps_webapi,4,observation_materializes_cell
edge:4833a89d2d0c51ba00a9,579fe290bd3f3ee07d5a,c63f7451b151373ca0cc,aa7252a58f41161c17c3,bps_tpb_2024,1,observation_materializes_cell
edge:df3f5006aca04300a7c1,3cb570cf1ced56f2e290,c63f7451b151373ca0cc,b132d2fab33291e0733e,bps_webapi,3,observation_materializes_cell
edge:ac08101d2a0cb61961cc,f7eee32d6337f9e9c432,c6521e05d9e171318d4a,aa7252a58f41161c17c3,bps_tpb_2024,1,observation_materializes_cell
edge:1b2b74398a4096d45f62,c97136da76cc0e4de790,c6521e05d9e171318d4a,b132d2fab33291e0733e,bps_webapi,3,observation_materializes_cell
edge:08954db36eea8d7ed6c3,fba400e242118f5ef0fd,c6548560219ded0d0d6a,7ba29f3a45abe1301651,bps_webapi,4,observation_materializes_cell
edge:77f69c789276a5a1588d,8c8b11c8e73fb1bd17ec,c6548560219ded0d0d6a,aa7252a58f41161c17c3,bps_tpb_2024,1,observation_materializes_cell
edge:161344c1987cdf99634d,8a6b10a2c9614d9267f7,c65e14bf7572124d386c,7ba29f3a45abe1301651,bps_webapi,4,observation_materializes_cell
edge:243343d1900aff4ff946,a569a21cc7fd4a2a89ab,c6607de7a4fab2a06c21,7ba29f3a45abe1301651,bps_webapi,4,observation_materializes_cell
edge:9e1a0eb89742c3f841e9,b1b7817c44fa41f442e1,c663627a7d76d1f1d6ef,7ba29f3a45abe1301651,bps_webapi,4,observation_materializes_cell
edge:852c604f0a1565f4ffce,330cc91c5af6d803e4d6,c670d201c076b1b8dd90,7ba29f3a45abe1301651,bps_webapi,4,observation_materializes_cell
edge:2dc8e8e816029056e574,b59ee2e0dbfcb75357fa,c67a23165a5da3eadaab,7ba29f3a45abe1301651,bps_webapi,4,observation_materializes_cell
edge:24204914459723fb075f,5f10de57bdf37bdf7622,c68cdafa708e88feedda,7ba29f3a45abe1301651,bps_webapi,4,observation_materializes_cell
edge:c05207cf5703b6fba2e9,d6362e198c0a4d2a0cb1,c6aba7a1449b905a3783,7ba29f3a45abe1301651,bps_webapi,4,observation_materializes_cell
edge:d9e39b973a3204c28543,7c64556e13920e4f71a7,c6aba7a1449b905a3783,aa7252a58f41161c17c3,bps_tpb_2024,1,observation_materializes_cell
edge:eba0b889cdbfe425e7d3,1ae7f4535108d04cf0ce,c6ad5ccec00b1ba30be6,7ba29f3a45abe1301651,bps_webapi,4,observation_materializes_cell
edge:e89680442913ea1da94f,1e69c10a134375ef11df,c6af04b65deccf895ac0,7ba29f3a45abe1301651,bps_webapi,4,observation_materializes_cell
edge:90d7aa30c79b57c4591d,6372e582dfcd78269228,c6af75ac2771e78f7dfc,7ba29f3a45abe1301651,bps_webapi,4,observation_materializes_cell
edge:71059bf55e315b87e3bd,b34c5d1643934698a990,c6b6f7178a66d4f9a778,7ba29f3a45abe1301651,bps_webapi,4,observation_materializes_cell
edge:0cbb65e2f4fc431c2c27,c6ec3066907b7f70a58a,c6c1e843475e41950759,7ba29f3a45abe1301651,bps_webapi,4,observation_materializes_cell
edge:c794cf705b31d55f9c09,ff4525b58df02490ec1b,c6c6df7e75ec3ab8b950,7ba29f3a45abe1301651,bps_webapi,4,observation_materializes_cell
edge:180ca9a8a443af21b2b1,8be1162358c8091ada6d,c6e5753cea981872c4eb,7ba29f3a45abe1301651,bps_webapi,4,observation_materializes_cell
edge:9e0343474827ae7ef52c,ffd46cecef5bad689e64,c6ea0c22bcd1b9a4d187,7ba29f3a45abe1301651,bps_webapi,4,observation_materializes_cell
edge:26dc643b62ad0a3553b7,0899d79b9d81b1b8ea11,c6f978d021aa2fd88e9e,7ba29f3a45abe1301651,bps_webapi,4,observation_materializes_cell
edge:2dc607e396b98f6faee6,cbfb843e04279ceaf226,c70f4f9a0d55f4feabdf,7ba29f3a45abe1301651,bps_webapi,4,observation_materializes_cell
edge:2859b9a1932dc3985c09,1183fe3a21d4567f75f9,c718936692dda8f97064,aa7252a58f41161c17c3,bps_tpb_2024,1,observation_materializes_cell
edge:b9ee2efc030b2a6e1749,53811aa8e68d701e0b0f,c718936692dda8f97064,b132d2fab33291e0733e,bps_webapi,3,observation_materializes_cell
edge:d42a4bc4db9d16eddd8f,23e6273e75defd6a3eed,c71ff4870d7997f0a348,7ba29f3a45abe1301651,bps_webapi,4,observation_materializes_cell
edge:4ffb4fcacdcd4837dc65,a840c9bc1cabd8094c3d,c721bd8662ed1fa00f9d,7ba29f3a45abe1301651,bps_webapi,4,observation_materializes_cell
edge:9e45cbac8b9836df2f64,873bc683906c9dca4ac0,c721bd8662ed1fa00f9d,aa7252a58f41161c17c3,bps_tpb_2024,1,observation_materializes_cell
edge:10e324901b0c12c9b00e,0e21f0ab8e05e347de19,c72484214a0ac8987441,7ba29f3a45abe1301651,bps_webapi,4,observation_materializes_cell
edge:343e6f3564ba0b26ea1f,8ea2bc8f0044c87d9765,c725d478adc0aa5f7b87,7ba29f3a45abe1301651,bps_webapi,4,observation_materializes_cell
edge:b7e6ef95e2eeb4f96829,82be87b7a2bbe8c295d3,c725d478adc0aa5f7b87,aa7252a58f41161c17c3,bps_tpb_2024,1,observation_materializes_cell
edge:5a139d46873e8f3469ce,ab74df59092e85e964ba,c728561c33c6703473b2,7ba29f3a45abe1301651,bps_webapi,4,observation_materializes_cell
edge:b7a20113af2e106da62e,677082e864d5fad342c3,c728561c33c6703473b2,aa7252a58f41161c17c3,bps_tpb_2024,1,observation_materializes_cell
edge:bd5b6b12bcdbf4570eab,ecb12aad761165ac4df2,c72cf26814d80e39d66d,7ba29f3a45abe1301651,bps_webapi,4,observation_materializes_cell
edge:8af9c5971321cd0a4e6a,b927baebadfefd07dfaa,c72da1b56cdadceb1aaf,7ba29f3a45abe1301651,bps_webapi,4,observation_materializes_cell
edge:7457930363f4558a900a,57c78e5a1e39c397d93a,c731288109ece90c5b31,7ba29f3a45abe1301651,bps_webapi,4,observation_materializes_cell
edge:3b7abe8900c2a2cb1485,b22f9abab0ec938e924d,c7520d64841cf88e6118,7ba29f3a45abe1301651,bps_webapi,4,observation_materializes_cell
edge:d138fe2548e945c46f9e,13ea6c0cea6767c84dcd,c770a011148180baa9b5,aa7252a58f41161c17c3,bps_tpb_2024,1,observation_materializes_cell
edge:e9ca61da97f3a801e92a,49fd79f11d66d8f0320e,c770a011148180baa9b5,b132d2fab33291e0733e,bps_webapi,3,observation_materializes_cell
edge:9a2b1c59edf62f3d203e,16f261e81d1bc2f6e0a1,c7775b54b254ba14be0b,7ba29f3a45abe1301651,bps_webapi,4,observation_materializes_cell
edge:8aaa58f4ebca5d111b76,f6ecc34c68699d94e73c,c779a88dd27b9e9d2778,7ba29f3a45abe1301651,bps_webapi,4,observation_materializes_cell
edge:ea3cfbeb4e058f5a9c6d,434f8fbef7c2f1525a87,c78f7c9c99b2fb0e2e87,7ba29f3a45abe1301651,bps_webapi,4,observation_materializes_cell
edge:e704f74bcf8d5661cc52,27625ecafe7faecbe596,c7a9ca177a738086df12,7ba29f3a45abe1301651,bps_webapi,4,observation_materializes_cell
edge:bd4ed7ab171da11974bb,a19f5dcc98a5d454a22e,c7af9b63bfe5a69f8969,7ba29f3a45abe1301651,bps_webapi,4,observation_materializes_cell
edge:2a21429392128163ea66,8b5f9525db656380e10e,c7be9cd3bf9dfca84b43,7ba29f3a45abe1301651,bps_webapi,4,observation_materializes_cell
edge:29f8cdd0e2a5e192090b,436902c6a3d5ba97b348,c7c1eeee10053b2b860d,7ba29f3a45abe1301651,bps_webapi,4,observation_materializes_cell
edge:6dfc45e4a905c9af874a,009b8ececd3072ddeedc,c7cf46bc040094e1e8af,7ba29f3a45abe1301651,bps_webapi,4,observation_materializes_cell
edge:7fd1f8392a81effc7266,878fa9fca1001bb04e5f,c7d1cec077e1ba469144,7ba29f3a45abe1301651,bps_webapi,4,observation_materializes_cell
edge:1e74f67fb005fae32234,e3b73ce824016d18aecb,c7ee3d928272f7db25dd,7ba29f3a45abe1301651,bps_webapi,4,observation_materializes_cell
edge:0dd50f31adc96aff5506,918f9f4c5eb88227acd4,c82d8e41148eb808077b,7ba29f3a45abe1301651,bps_webapi,4,observation_materializes_cell
edge:e6458dd6574e3ff6ea21,9ed9134eb5bd4391db2e,c82d8e41148eb808077b,aa7252a58f41161c17c3,bps_tpb_2024,1,observation_materializes_cell
edge:d9279b8db4b83ba1605f,38c5e25a9ab2be861c52,c83e5f48aecf5e7a1eb7,7ba29f3a45abe1301651,bps_webapi,4,observation_materializes_cell
edge:a11e6e88fd279e5486d4,5b72adbe7944769913ee,c83e5f48aecf5e7a1eb7,aa7252a58f41161c17c3,bps_tpb_2024,1,observation_materializes_cell
edge:119a882da90731a44297,3201bf78c89bd22e01d9,c841938fcb7dfc4f599f,7ba29f3a45abe1301651,bps_webapi,4,observation_materializes_cell
edge:f563e2657961f1a3ea88,ffc434faa9f5f29aee58,c86e4f6cdf59f3595928,7ba29f3a45abe1301651,bps_webapi,4,observation_materializes_cell
edge:9fa15dc64d6eab5a45de,5b333d7a2d98d17b5020,c87381161a4808e9f31a,7ba29f3a45abe1301651,bps_webapi,4,observation_materializes_cell
edge:d3508ee741c3b1d54fc7,56c7ced3eddcd230dc29,c8912e520e396d6e0dff,7ba29f3a45abe1301651,bps_webapi,4,observation_materializes_cell
edge:b23ce6220aab2d61a3c2,694eacf8d007e983a3e8,c8912e520e396d6e0dff,aa7252a58f41161c17c3,bps_tpb_2024,1,observation_materializes_cell
edge:b9206eb2384f61c7145f,1226dd5814317b80e22c,c8a6c0f78c43589e9031,aa7252a58f41161c17c3,bps_tpb_2024,1,observation_materializes_cell
edge:545db5cd58e7bbc5db8b,3304b68edbd85944331e,c8a6c0f78c43589e9031,b132d2fab33291e0733e,bps_webapi,3,observation_materializes_cell
edge:072412ec415a6308474a,d9e7abd89c9cde197b3c,c8c0b41dcafbbddba4ed,7ba29f3a45abe1301651,bps_webapi,4,observation_materializes_cell
edge:67a2a4bef1370d7d15b7,af61c31e8067025839b8,c8c0b41dcafbbddba4ed,aa7252a58f41161c17c3,bps_tpb_2024,1,observation_materializes_cell
edge:2dc3c37f7dd3294cc59b,9b8837d0a217da90fb71,c8c8aa2d2531b4430b16,7ba29f3a45abe1301651,bps_webapi,4,observation_materializes_cell
edge:eeacda0c99c155de21be,9d61fe0aacce616d7e52,c8c8df89ec2ed8023f3e,7ba29f3a45abe1301651,bps_webapi,4,observation_materializes_cell
edge:00cb5da036b2f6b7bddc,a9be9af3cdebbdcbcd7a,c8c9bfddf88ba8c120e1,7ba29f3a45abe1301651,bps_webapi,4,observation_materializes_cell
edge:44e018ad48f95fa226f3,fdb3c66f5d771bc3b01c,c8cb54dcfcc03b41ac30,aa7252a58f41161c17c3,bps_tpb_2024,1,observation_materializes_cell
edge:04559e0d5acd66a02047,f41a3b06e27413665395,c8cb54dcfcc03b41ac30,b132d2fab33291e0733e,bps_webapi,3,observation_materializes_cell
edge:5e28f1578d3bd0d37625,67ee9e54363411c85ee6,c8cb9cebfa2728f2ca88,7ba29f3a45abe1301651,bps_webapi,4,observation_materializes_cell
edge:e22a97074de89eb0d345,46c018652dc0fc2d7708,c8cb9cebfa2728f2ca88,aa7252a58f41161c17c3,bps_tpb_2024,1,observation_materializes_cell
edge:c3526154a047e61b0051,96186f6b210477e6223d,c8d4da04c217de212dac,7ba29f3a45abe1301651,bps_webapi,4,observation_materializes_cell
edge:de82e90962b9c51e721d,ab7d1a03214a9693934f,c8d5479a8b1ef9dc20da,aa7252a58f41161c17c3,bps_tpb_2024,1,observation_materializes_cell
edge:dccab0f3ac671dc12248,a674827e888d2cc451ea,c8d5479a8b1ef9dc20da,b132d2fab33291e0733e,bps_webapi,3,observation_materializes_cell
edge:ee87d92a0418ace246f9,df81f2bf72982ff0ee49,c8dd31a3e89fd7a6ddf6,7ba29f3a45abe1301651,bps_webapi,4,observation_materializes_cell
edge:a68a816ae11a15e3a5c9,0d3381ba21ac69934b9b,c8de5c0b391e8c965154,7ba29f3a45abe1301651,bps_webapi,4,observation_materializes_cell
edge:dddbd47d05556032cac0,6f36ff02dd59275da2d1,c8de5c0b391e8c965154,aa7252a58f41161c17c3,bps_tpb_2024,1,observation_materializes_cell
edge:9fd0a524a54bb61165d6,689fa6f6a9b7c91f51f1,c8ead3780d9c26deefca,7ba29f3a45abe1301651,bps_webapi,4,observation_materializes_cell
edge:99469cef3e212f9b2a81,8934ef81b68807758213,c8ef76ee7efdf2b305c6,aa7252a58f41161c17c3,bps_tpb_2024,1,observation_materializes_cell
edge:36a9148b3231349e4b33,fdc614fbdc8e1cce5690,c8ef76ee7efdf2b305c6,b132d2fab33291e0733e,bps_webapi,3,observation_materializes_cell
edge:8fabac88ea1cc972c343,877bc375b6cad835fca0,c909e1574be3e4d2eeb0,7ba29f3a45abe1301651,bps_webapi,4,observation_materializes_cell
edge:6f0bf4bb6e3b3781f101,192ceb217847fcbbeb7e,c91a8ffdb5d9fd2a5461,aa7252a58f41161c17c3,bps_tpb_2024,1,observation_materializes_cell
edge:09f0f99c914ca513f177,4089ebd77e28569aa944,c91a8ffdb5d9fd2a5461,b132d2fab33291e0733e,bps_webapi,3,observation_materializes_cell
edge:8d2fc55b87adf0459b7a,8182480ab15f325dc555,c929b4dc51f9fc93bb88,7ba29f3a45abe1301651,bps_webapi,4,observation_materializes_cell
edge:ac8bf0e7758e8d6df7f9,cb2e730721e8a188f3b7,c92afd8eac95935e4381,7ba29f3a45abe1301651,bps_webapi,4,observation_materializes_cell
edge:1bbc42bb3eef6e835e1e,0f1e4539fa703073e434,c94a13ae7c1f6145b792,7ba29f3a45abe1301651,bps_webapi,4,observation_materializes_cell
edge:2291a0216a6c30d899d0,9162fdcce7f7da4dd356,c955b66459722b263042,7ba29f3a45abe1301651,bps_webapi,4,observation_materializes_cell
edge:cee238f18a747acd9e95,bdbf2a8ad50781f9cc87,c95fbc78539ae00b3f26,7ba29f3a45abe1301651,bps_webapi,4,observation_materializes_cell
edge:d7e6c191f76ea2390e88,6c72c88af58a928443d0,c962cc843c85b7005c78,7ba29f3a45abe1301651,bps_webapi,4,observation_materializes_cell
edge:8ddc2665c7823dc39cca,7b11f022982c8f45c617,c97170922fcdd5960d0e,7ba29f3a45abe1301651,bps_webapi,4,observation_materializes_cell
edge:19645eb74d4819bc0764,2d6b41503091b46beb75,c97170922fcdd5960d0e,aa7252a58f41161c17c3,bps_tpb_2024,1,observation_materializes_cell
edge:e5fee6c690806de73bda,dff16196dfd3f28e340e,c97bd504af32b87dae15,7ba29f3a45abe1301651,bps_webapi,4,observation_materializes_cell
edge:41d526d1410ac4676afe,412064bbc130893059aa,c9ae71d55d55d0f5423b,7ba29f3a45abe1301651,bps_webapi,4,observation_materializes_cell
edge:24de06b6d7f3d246e9a2,566e5812a41249d8122b,c9b52d1bd81dee8f0a67,aa7252a58f41161c17c3,bps_tpb_2024,1,observation_materializes_cell
edge:84c19fcb7d1623d148fb,f69c0d93d00d9c44543c,c9b52d1bd81dee8f0a67,b132d2fab33291e0733e,bps_webapi,3,observation_materializes_cell
edge:2bc3d06f15beaf14e783,df1559782186a6db2aeb,c9b6737fb9d4c645b010,7ba29f3a45abe1301651,bps_webapi,4,observation_materializes_cell
edge:6ad04ac96fca61c55333,133bc4bdf708b66d5590,c9b6737fb9d4c645b010,aa7252a58f41161c17c3,bps_tpb_2024,1,observation_materializes_cell
edge:c91a48fc47139d8e890e,c2c472f51f93d033d6fe,c9c3e823056b44d2f384,7ba29f3a45abe1301651,bps_webapi,4,observation_materializes_cell
edge:c76458e89fd7debe4399,aa5c7b07f580a6b8b44a,c9c55d392dfe02969880,7ba29f3a45abe1301651,bps_webapi,4,observation_materializes_cell
edge:b43b38701847f59275ee,64c9dd7faa8f6c798496,c9cc9c3110d5e521e9c6,7ba29f3a45abe1301651,bps_webapi,4,observation_materializes_cell
edge:bb0c0e2237c94f66cdb5,32ebf6ed81bcb76d325d,c9d613e162a0a4a05a5c,7ba29f3a45abe1301651,bps_webapi,4,observation_materializes_cell
edge:9693c0e9966cdac7301a,65c3861d974f8c183d31,c9dbe7677bc20c67bace,7ba29f3a45abe1301651,bps_webapi,4,observation_materializes_cell
edge:ce22b5863ec45b8ba1a1,00900e1b56c403c55992,c9f51a9f55d27654ee26,aa7252a58f41161c17c3,bps_tpb_2024,1,observation_materializes_cell
edge:3699f7207e6af49b1c2d,262f78997cb9e2ba5df7,c9f51a9f55d27654ee26,b132d2fab33291e0733e,bps_webapi,3,observation_materializes_cell
edge:3ec13be89a07a554c561,b25f18de9c0d1a435b4f,c9f99dee518c14303df2,7ba29f3a45abe1301651,bps_webapi,4,observation_materializes_cell
edge:7405a36ea644dde88157,1d2977ded7d9ce5d89c4,c9fe33120d31aca89dec,7ba29f3a45abe1301651,bps_webapi,4,observation_materializes_cell
edge:521293942f2f3a54f77a,4b3d645874ca0600ecaf,ca0b01119cc52a6e83ea,7ba29f3a45abe1301651,bps_webapi,4,observation_materializes_cell
edge:ae7ff44184312abef71b,e59680283e37409974a9,ca1b6597530023ddb383,7ba29f3a45abe1301651,bps_webapi,4,observation_materializes_cell
edge:c394ad249b7e7058abe4,7cbcb2e5e177e1ac4ec9,ca1cc85e5f15b73f745d,7ba29f3a45abe1301651,bps_webapi,4,observation_materializes_cell
edge:83227f2274d0eb6f8687,8664cfea8ffc88c9c8c8,ca1cc85e5f15b73f745d,aa7252a58f41161c17c3,bps_tpb_2024,1,observation_materializes_cell
edge:f39c84aa38a8d634c7ec,744f7f61a7adf87cd3b0,ca23b67146ff92a66d7c,aa7252a58f41161c17c3,bps_tpb_2024,1,observation_materializes_cell
edge:9b81e2255fb665512c13,4dcd558d42a482792539,ca23b67146ff92a66d7c,b132d2fab33291e0733e,bps_webapi,3,observation_materializes_cell
edge:72475e0141202362221e,72d6e8072fa617a0a65d,ca24f3a1361a40ca924a,7ba29f3a45abe1301651,bps_webapi,4,observation_materializes_cell
edge:2bbb9d9d3f5a04c76c2d,1cf312abeba830dab7e3,ca288ff073fa8022e449,7ba29f3a45abe1301651,bps_webapi,4,observation_materializes_cell
edge:9006f7c05ef63c08a46a,e611c131f6113f086493,ca35bd2bba584a99d595,7ba29f3a45abe1301651,bps_webapi,4,observation_materializes_cell
edge:435da8e50d1e78b8a8fb,dfc6ff3945b0e0d4b3f8,ca36fab1ed59f2e2f9b5,7ba29f3a45abe1301651,bps_webapi,4,observation_materializes_cell
edge:7e3c57d6cd533450f4c6,7610a127c30fb69a5b27,ca38aa583aa1af64f908,7ba29f3a45abe1301651,bps_webapi,4,observation_materializes_cell
edge:633154d3b8e036a5a9c6,a21c7bc7232283e6f48c,ca486a76e9965f346a88,7ba29f3a45abe1301651,bps_webapi,4,observation_materializes_cell
edge:6cba36e2f64015a05a5e,71e506e864577784c929,ca486a76e9965f346a88,aa7252a58f41161c17c3,bps_tpb_2024,1,observation_materializes_cell
edge:827dcafdad0fec739409,dcf7e99d053d281b8d4c,ca5a299066a943c056fa,aa7252a58f41161c17c3,bps_tpb_2024,1,observation_materializes_cell
edge:4b1bfa8cc11298b31328,77c9d14e967652d9377b,ca5a299066a943c056fa,b132d2fab33291e0733e,bps_webapi,3,observation_materializes_cell
edge:a4a80c4ca77015695c56,14f5760ba286cdc6b24d,ca5a6c8fe2d30d694f69,aa7252a58f41161c17c3,bps_tpb_2024,1,observation_materializes_cell
edge:5fa65c61d8e9c5c04673,20f22ffa0b494aa6e7d9,ca5a6c8fe2d30d694f69,b132d2fab33291e0733e,bps_webapi,3,observation_materializes_cell
edge:2bcd0384047001f6722b,b4f4ca25f1b2ac6a486f,ca5ac1908f19dbe4c12c,7ba29f3a45abe1301651,bps_webapi,4,observation_materializes_cell
edge:a611d7fcd8157715a41f,35095439ab25f038834f,ca6094d30ed6b0342696,aa7252a58f41161c17c3,bps_tpb_2024,1,observation_materializes_cell
edge:293232d52ec7fd047e3c,2a69baf6b1991b31aee1,ca6094d30ed6b0342696,b132d2fab33291e0733e,bps_webapi,3,observation_materializes_cell
edge:e7c8348eee81878c03c4,7eb679e9df1d598dfac6,ca6cac976090c9ff6492,7ba29f3a45abe1301651,bps_webapi,4,observation_materializes_cell
edge:9c56a635fbf2db74bfcf,8f93aea45bb9aba9ff1b,ca7496c0737b1abb6b4b,7ba29f3a45abe1301651,bps_webapi,4,observation_materializes_cell
edge:3b7b4d45dff40e73e661,f4526ed881627a5a1a4e,caa2ad6624bbd9f15a39,aa7252a58f41161c17c3,bps_tpb_2024,1,observation_materializes_cell
edge:8f60afb257b75c1c9bc8,a8914601cda2253ae001,caa2ad6624bbd9f15a39,b132d2fab33291e0733e,bps_webapi,3,observation_materializes_cell
edge:84549ca8c0e17fa5f388,0a17ef4ddc4c2708ae12,cac235c5ab5082cf5653,7ba29f3a45abe1301651,bps_webapi,4,observation_materializes_cell
edge:4b0ea57ce607b7a46397,8e8628c3b731fcbed2b9,cac235c5ab5082cf5653,aa7252a58f41161c17c3,bps_tpb_2024,1,observation_materializes_cell
edge:4cd17dfd5f74e8ecea67,39f0bfddb66e566331f4,cacea5dbb224b53a06f2,7ba29f3a45abe1301651,bps_webapi,4,observation_materializes_cell
edge:63c452d908a03cd3f83c,0218f4fd35b1219b3b69,cad933eb15393ea6c463,aa7252a58f41161c17c3,bps_tpb_2024,1,observation_materializes_cell
edge:864895ba103a3896017f,265a2fc5a77d79e7e948,cad933eb15393ea6c463,b132d2fab33291e0733e,bps_webapi,3,observation_materializes_cell
edge:946239b461d3c1add0c8,e925dfd8fd39b0cc9beb,cadd4aafd43ae1301f57,7ba29f3a45abe1301651,bps_webapi,4,observation_materializes_cell
edge:df4cddc7537fd9ec2548,9ddfd196540cbc65151d,cadd4aafd43ae1301f57,aa7252a58f41161c17c3,bps_tpb_2024,1,observation_materializes_cell
edge:bb860c331e6856e34d55,92973c71fe612466b370,cae216f9a3bbe851f431,7ba29f3a45abe1301651,bps_webapi,4,observation_materializes_cell
edge:08412b6efc5b63f25a68,310a685d26b053fb98eb,cae970889985b874a61e,7ba29f3a45abe1301651,bps_webapi,4,observation_materializes_cell
edge:58a7b98c48bbff89ff04,464e8b608e3c3849a34d,caee04351d7dd9807a8c,7ba29f3a45abe1301651,bps_webapi,4,observation_materializes_cell
edge:edce4a77b27f62a9173a,b3495d8829fee91cc05e,caeefd2f04156b55d9fe,7ba29f3a45abe1301651,bps_webapi,4,observation_materializes_cell
edge:0561b517a971087a3422,3aee6f9f686c59182059,caf735cd0686cebd964e,7ba29f3a45abe1301651,bps_webapi,4,observation_materializes_cell
edge:87047aa2a82be6d6293b,43fc621bcdb712224721,cb068050d9b453210308,7ba29f3a45abe1301651,bps_webapi,4,observation_materializes_cell
edge:a854219f388e423fb43a,b2e5f1697a1127578b8c,cb068050d9b453210308,aa7252a58f41161c17c3,bps_tpb_2024,1,observation_materializes_cell
edge:05176db57aca43f29d9e,30e19eb4e40b6630a510,cb1134c1cefe61a834ca,7ba29f3a45abe1301651,bps_webapi,4,observation_materializes_cell
edge:d7392a78baeb6b60d53a,02426991f6bf7d73d024,cb1d4b5457f700460f26,7ba29f3a45abe1301651,bps_webapi,4,observation_materializes_cell
edge:d4eca1cfede0b6c0bf50,19eeca60991a2986cc31,cb1f9ebd33c51dba1b31,7ba29f3a45abe1301651,bps_webapi,4,observation_materializes_cell
edge:3c7393620a13fd4f8f9f,f2f2e84556b57a724106,cb1f9ebd33c51dba1b31,aa7252a58f41161c17c3,bps_tpb_2024,1,observation_materializes_cell
edge:5ba05ef6d939a4a9addc,032275d811ff9eb70389,cb3058c1431b9559a7b8,7ba29f3a45abe1301651,bps_webapi,4,observation_materializes_cell
edge:897f3bc4eaef9fac9db6,ca58d96fa48dd7345d15,cb3a99aab001366f685c,7ba29f3a45abe1301651,bps_webapi,4,observation_materializes_cell
edge:3e98866e5c605ae1d303,9fd2871cd68e8d7e85af,cb3a99aab001366f685c,aa7252a58f41161c17c3,bps_tpb_2024,1,observation_materializes_cell
edge:69c0b55679dbaf4c6fb3,1ff440eb8249dc12e91c,cb4ebf81137cdfd9d549,7ba29f3a45abe1301651,bps_webapi,4,observation_materializes_cell
edge:79ba0f3c9297494c0c68,ad67e85adda53326eb01,cb4ebf81137cdfd9d549,aa7252a58f41161c17c3,bps_tpb_2024,1,observation_materializes_cell
edge:25e5d8d960dc051c0a7a,427184088d72c0a261fe,cb4f0b6e6a8ff549e304,7ba29f3a45abe1301651,bps_webapi,4,observation_materializes_cell
edge:f6affa13bd44ee3f4db6,bcf811f8eb2e112ce26d,cb511480c998525be9dc,7ba29f3a45abe1301651,bps_webapi,4,observation_materializes_cell
edge:09e1d810a517aec91cbc,03269564be25586b8af4,cb56ef3f2fdb317a7045,7ba29f3a45abe1301651,bps_webapi,4,observation_materializes_cell
edge:2c9374b3e2c6ed69e6d1,e52cb5f58a3190145fe0,cb5d2579d15557e4b466,7ba29f3a45abe1301651,bps_webapi,4,observation_materializes_cell
edge:f91b89cd258a7aac2acd,9d0e24f02c916b15893b,cb69ee4123e54272e028,7ba29f3a45abe1301651,bps_webapi,4,observation_materializes_cell
edge:fbdd9962a94d60eabb5b,b88ec992c55e2f0d8f03,cb78f80c6e2322973332,7ba29f3a45abe1301651,bps_webapi,4,observation_materializes_cell
edge:6ee3b09f8f4cbc5131a0,640e25e3b52d76003205,cb7aba7df1eab33de045,7ba29f3a45abe1301651,bps_webapi,4,observation_materializes_cell
edge:2f5b39e5ffa45946c173,c939d1ff9bd4520ecd63,cba6659e15da883cad87,7ba29f3a45abe1301651,bps_webapi,4,observation_materializes_cell
edge:cfbec0a5c5c03e195aa7,0bcd66f2096e6442286a,cbb83ec741f1fe1b8d5e,7ba29f3a45abe1301651,bps_webapi,4,observation_materializes_cell
edge:c7b958b3616ecd2ba60c,5829dfac9e249baba075,cbbc7ad9face1fff17ae,7ba29f3a45abe1301651,bps_webapi,4,observation_materializes_cell
edge:9c8f6e3e1d4654c6d72e,b57d481944c426f02b1a,cbbc7ad9face1fff17ae,aa7252a58f41161c17c3,bps_tpb_2024,1,observation_materializes_cell
edge:4394773a3c00d28a180f,dd842520625cd3d32244,cbc9c86c7e462ed107d2,7ba29f3a45abe1301651,bps_webapi,4,observation_materializes_cell
edge:39ad5d0ad5e2949e26f4,227e7369ae7155fb09dc,cbe519449e41300a4184,7ba29f3a45abe1301651,bps_webapi,4,observation_materializes_cell
edge:81d7623316d89ee06ae3,293931625a47c23d1ad8,cbf7ea7fb551d7f6a65d,7ba29f3a45abe1301651,bps_webapi,4,observation_materializes_cell
edge:47e9ed48e209ff65a52e,110fcb9b964ff82612f7,cbfa06d1fd05946ed19b,7ba29f3a45abe1301651,bps_webapi,4,observation_materializes_cell
edge:0b91da3c031f17debf43,3296be05f42b204337d8,cbfa06d1fd05946ed19b,aa7252a58f41161c17c3,bps_tpb_2024,1,observation_materializes_cell
edge:8dc47dfcc6ed261d51d3,467ca49fc4b4e61ec602,cbfc1431c315ce60c002,7ba29f3a45abe1301651,bps_webapi,4,observation_materializes_cell
edge:5aaa5577bc2fb5482baa,2be0e998eaa7f5e8fc76,cbfc1431c315ce60c002,aa7252a58f41161c17c3,bps_tpb_2024,1,observation_materializes_cell
edge:067fa97a6dba309a4dc4,f02a995bf1dac4c276a7,cbfc73a4b0a1bcb79eae,aa7252a58f41161c17c3,bps_tpb_2024,1,observation_materializes_cell
edge:2bff318caa77d4b5bdab,e56baaab9c45a59a3595,cbfc73a4b0a1bcb79eae,b132d2fab33291e0733e,bps_webapi,3,observation_materializes_cell
edge:e8af6b252b53755a9917,5caf1a469320b2c65acb,cc058251577f3147c6d6,7ba29f3a45abe1301651,bps_webapi,4,observation_materializes_cell
edge:21780994dde9c215f458,72dbfe9bd4001b0672e4,cc2b60ed331c6f61993d,7ba29f3a45abe1301651,bps_webapi,4,observation_materializes_cell
edge:c2231efca36e11c22b61,221faf9539a750a876d3,cc2b60ed331c6f61993d,aa7252a58f41161c17c3,bps_tpb_2024,1,observation_materializes_cell
edge:bba4a01d5d761293e8d1,87699b01c844345656ef,cc47ba717fe457145bdb,7ba29f3a45abe1301651,bps_webapi,4,observation_materializes_cell
edge:ca169438ecd469ef98d3,7a8100eb7816d39bf894,cc5c2af55b790c51c808,7ba29f3a45abe1301651,bps_webapi,4,observation_materializes_cell
edge:f861aef0008052e2553b,bf0caef7aae331435ba7,cc5c2af55b790c51c808,aa7252a58f41161c17c3,bps_tpb_2024,1,observation_materializes_cell
edge:c9b4755b3408662ed92b,f886be1130c12cd42da7,cc73adf2a6538e017285,aa7252a58f41161c17c3,bps_tpb_2024,1,observation_materializes_cell
edge:e2b69388aa60e9a8bc10,e7510ad57c8a155b2da0,cc73adf2a6538e017285,b132d2fab33291e0733e,bps_webapi,3,observation_materializes_cell
edge:d1a92249546f30c102c9,22ee6e5ee9be37f1c3a3,cc7a615703acbe62493a,7ba29f3a45abe1301651,bps_webapi,4,observation_materializes_cell
edge:40d1e0fb1bf6e5cf341f,7ba7fe85da1dbcc49363,cc954d550fcdf5e7c959,aa7252a58f41161c17c3,bps_tpb_2024,1,observation_materializes_cell
edge:9c38c65f5af2d95df4f7,5687450193bef590d6e8,cc954d550fcdf5e7c959,b132d2fab33291e0733e,bps_webapi,3,observation_materializes_cell
edge:0e8afcb716fc41be42b5,5f66e785b174f07af11e,cca16becbcf402b6c766,aa7252a58f41161c17c3,bps_tpb_2024,1,observation_materializes_cell
edge:0dd95937b8f33e028eb3,e2ea3d34d0e9b23b604c,cca16becbcf402b6c766,b132d2fab33291e0733e,bps_webapi,3,observation_materializes_cell
edge:3641c549bff89c7ebc1d,aafaaea5cd67230c7655,ccab74c6c15281f3ddc5,7ba29f3a45abe1301651,bps_webapi,4,observation_materializes_cell
edge:e67745b54d53b48564f2,ec82ba804ab1247f7d64,ccc0aa18ed845ce5bb47,7ba29f3a45abe1301651,bps_webapi,4,observation_materializes_cell
edge:af12c0a6195b4dde17d4,83e043f7a90dabe03d02,cccf5d24f7dc7066dbf9,7ba29f3a45abe1301651,bps_webapi,4,observation_materializes_cell
edge:b41663d68322349d4aec,2eef3b758e4b7ec58601,ccda6d3d813e0a51c041,7ba29f3a45abe1301651,bps_webapi,4,observation_materializes_cell
edge:28b418fedeb8a98a2947,462d8f2d037d3bad8a4a,ccec96029f54961b3a6c,7ba29f3a45abe1301651,bps_webapi,4,observation_materializes_cell
edge:60e278fb659d7bbb6638,5c164c652d5918b7327d,cd03ed9ec6efab462260,aa7252a58f41161c17c3,bps_tpb_2024,1,observation_materializes_cell
edge:b4db31cfac03299712fd,afd3d9ef1180a22d8784,cd03ed9ec6efab462260,b132d2fab33291e0733e,bps_webapi,3,observation_materializes_cell
edge:34672bb9c49b984f5053,60777b38006611f732d0,cd125e075cd23df97aaf,7ba29f3a45abe1301651,bps_webapi,4,observation_materializes_cell
edge:58055aa616102f737e50,3c27f852d86a7ed0afbc,cd2aeaeeea294dab69a2,7ba29f3a45abe1301651,bps_webapi,4,observation_materializes_cell
edge:7be5421ed9db977e9541,d7612b3382d603a3af54,cd2da81932881f434ad9,7ba29f3a45abe1301651,bps_webapi,4,observation_materializes_cell
edge:973c2e3465523e045ef6,2c32a432d126a2cc9aa6,cd2da81932881f434ad9,aa7252a58f41161c17c3,bps_tpb_2024,1,observation_materializes_cell
edge:9b778014a3256953009d,4696c5145810b463e588,cd3a116e80c43767e805,7ba29f3a45abe1301651,bps_webapi,4,observation_materializes_cell
edge:e73f9be40cf2090f3b04,b151525ecc4f67f9e7ac,cd3a116e80c43767e805,aa7252a58f41161c17c3,bps_tpb_2024,1,observation_materializes_cell
edge:540c351869a330324447,0a834a539b898a8c6c70,cd4b8c52d06e517e6c64,7ba29f3a45abe1301651,bps_webapi,4,observation_materializes_cell
edge:22e054fd8fc39443b69c,32fbf679d27e3a793815,cd580d21d05376831efa,7ba29f3a45abe1301651,bps_webapi,4,observation_materializes_cell
edge:2256e2a70189a82f7896,aab991d48b964a29d237,cd580d21d05376831efa,aa7252a58f41161c17c3,bps_tpb_2024,1,observation_materializes_cell
edge:f805df1bac5df3aca814,41eac950f3a90f79fae2,cd590206d6613f5f82c2,7ba29f3a45abe1301651,bps_webapi,4,observation_materializes_cell
edge:8d89b8b44fbbe5e8cd09,d7e1b69e50ec99405868,cd5f72036a241d6809d6,7ba29f3a45abe1301651,bps_webapi,4,observation_materializes_cell
edge:d15b3d4ecd18260b8bf7,2e7515ec56b2a0500497,cd778c46b864668d9274,7ba29f3a45abe1301651,bps_webapi,4,observation_materializes_cell
edge:54cc7f143a92f14084aa,0d4bd13b4a61da728a92,cd7a9d5c28ceaa945b9d,7ba29f3a45abe1301651,bps_webapi,4,observation_materializes_cell
edge:505a98397781717ac68a,9002a953bb1976b27ef0,cd83a1c5db25df7c0e65,7ba29f3a45abe1301651,bps_webapi,4,observation_materializes_cell
edge:3a41d76da05337ce2d9c,b2fd850b4f6e53c56c31,cd83a1c5db25df7c0e65,aa7252a58f41161c17c3,bps_tpb_2024,1,observation_materializes_cell
edge:2a63b6fd01543ee4b14a,d524591d680afa40c7e8,cd87f22e376239de2250,7ba29f3a45abe1301651,bps_webapi,4,observation_materializes_cell
edge:dd35a5921d5f38fa8b63,0d12ba310ce747ba4270,cd9587adc16c3c0bce80,7ba29f3a45abe1301651,bps_webapi,4,observation_materializes_cell
edge:0d126fd61e673c244621,aa29057149fa55b28f39,cd9bd008370b5e987032,7ba29f3a45abe1301651,bps_webapi,4,observation_materializes_cell
edge:e85209916e421cce9ee4,8c8036b48199a852ad06,cd9c7fbfa1496b3b4242,aa7252a58f41161c17c3,bps_tpb_2024,1,observation_materializes_cell
edge:293223b68fb5f3cf0c89,ca906e2ade6e6a91cd9b,cd9c7fbfa1496b3b4242,b132d2fab33291e0733e,bps_webapi,3,observation_materializes_cell
edge:76a3868ab919fa108156,d95fce11503e6d7e2543,cde2f200d2a6ad32a9c8,7ba29f3a45abe1301651,bps_webapi,4,observation_materializes_cell
edge:3db5a0eb535a10219869,031cc4b47846e89f28c8,cdf65142543892efb2fa,7ba29f3a45abe1301651,bps_webapi,4,observation_materializes_cell
edge:677a53d01cad1975ef8c,42a9c808669f328f12d4,cdffff3f5e6e29433c9d,aa7252a58f41161c17c3,bps_tpb_2024,1,observation_materializes_cell
edge:63587463cfcec763c302,3953e06d549020b8f484,cdffff3f5e6e29433c9d,b132d2fab33291e0733e,bps_webapi,3,observation_materializes_cell
edge:48ac4e5d3a800ab70688,6e600882e008b09c8872,ce00a20d5169b414f6b4,7ba29f3a45abe1301651,bps_webapi,4,observation_materializes_cell
edge:3e16625c4abb32faecae,ba08fa2ef8876cbee431,ce152474bc149f355483,7ba29f3a45abe1301651,bps_webapi,4,observation_materializes_cell
edge:6d258c2a2d1c0fbeac12,2437d4d1ae9df4062b74,ce1861efc77c2ccd73f0,7ba29f3a45abe1301651,bps_webapi,4,observation_materializes_cell
edge:d054c5b37c562114ea9e,f92d421bd91180d1f875,ce1edb49ae86f1e6de9d,7ba29f3a45abe1301651,bps_webapi,4,observation_materializes_cell
edge:876117bc3a157e364685,ca7ee5c16f072c6dd243,ce266100d759793ad029,7ba29f3a45abe1301651,bps_webapi,4,observation_materializes_cell
edge:96c971b881e5d10ba39c,fab739aeff4b0b596b89,ce314e6d7c2188a27d19,7ba29f3a45abe1301651,bps_webapi,4,observation_materializes_cell
edge:c2db453c694d54304adb,0ffcedad4095858ce2b1,ce3b017a0114350a5cc8,7ba29f3a45abe1301651,bps_webapi,4,observation_materializes_cell
edge:4542ee8c52bc3fafb90b,3d1f11f7c9c7ac86d3f1,ce3b017a0114350a5cc8,aa7252a58f41161c17c3,bps_tpb_2024,1,observation_materializes_cell
edge:6bed91b6da2a72df6218,08f98c638861d466d5b1,ce58a8fb7fd8b6ff36ea,7ba29f3a45abe1301651,bps_webapi,4,observation_materializes_cell
edge:d96c5558e4fe7869c533,6fb2dc86282115b73bdd,ce5dedb43609ba143f04,7ba29f3a45abe1301651,bps_webapi,4,observation_materializes_cell
edge:d01a06defb7a3c04f822,0f099896231dcc9a5533,ce658701fba0a345d664,7ba29f3a45abe1301651,bps_webapi,4,observation_materializes_cell
edge:b8a965495bf290955451,7bcacc7df573333ae8c7,ce6cad697a87b0391a97,aa7252a58f41161c17c3,bps_tpb_2024,1,observation_materializes_cell
edge:26c5171c654a3883da7c,ca8c2f59dc687e1bc346,ce6cad697a87b0391a97,b132d2fab33291e0733e,bps_webapi,3,observation_materializes_cell
edge:3919a9d2f3dce2fbccaf,b7b911bcc1aae9f1fe0f,ce7508aa5f7579fab433,aa7252a58f41161c17c3,bps_tpb_2024,1,observation_materializes_cell
edge:0a906bc603c87eb79fca,e9eda5d85d678d414a5b,ce7508aa5f7579fab433,b132d2fab33291e0733e,bps_webapi,3,observation_materializes_cell
edge:053dbe2dfe9a58f0b4af,daea60261a48d8c32ec3,ce75c80535ff5e6bb0cc,7ba29f3a45abe1301651,bps_webapi,4,observation_materializes_cell
edge:fdcfa479944e82d67c83,1b9e06c2c69e2b7283d8,ce7e6575c24f57045b5f,aa7252a58f41161c17c3,bps_tpb_2024,1,observation_materializes_cell
edge:ae27d291f0d133939d94,f792cd799c3fed6b0dd1,ce7e6575c24f57045b5f,b132d2fab33291e0733e,bps_webapi,3,observation_materializes_cell
edge:c3b3049c82d4e3025a7a,09728748c38edd01a4d6,ce80370abf1dde18bb45,7ba29f3a45abe1301651,bps_webapi,4,observation_materializes_cell
edge:fc68c06e0e0415e7e93b,8c4f87c98ab23f2e211a,cebfca95ebe2676a0485,aa7252a58f41161c17c3,bps_tpb_2024,1,observation_materializes_cell
edge:d5120e118c589587c8fd,94bb83bd9b1e8064f4fd,cebfca95ebe2676a0485,b132d2fab33291e0733e,bps_webapi,3,observation_materializes_cell
edge:f9d830f1baa0a2776ef3,ea85474c65a5868255db,cecf12c544759eb54d74,aa7252a58f41161c17c3,bps_tpb_2024,1,observation_materializes_cell
edge:b4fe2231d5da468056c1,27e7376949ee4698d458,cecf12c544759eb54d74,b132d2fab33291e0733e,bps_webapi,3,observation_materializes_cell
edge:3a66d49a7e846fee737d,caa1e9ef06be8b390087,ced16259eb3d1f7f1810,7ba29f3a45abe1301651,bps_webapi,4,observation_materializes_cell
edge:d6a26deeed01eb8e7ae5,43c83fc186e8dc5ca51c,ceda8427ef7e85b48b36,7ba29f3a45abe1301651,bps_webapi,4,observation_materializes_cell
edge:96e3532f7c974a8b3413,6422308b9478c21a1232,cee9aa59981ed58f5552,7ba29f3a45abe1301651,bps_webapi,4,observation_materializes_cell
edge:41819eca847db46d07d1,313b46e12a13b88f5e6b,cee9aa59981ed58f5552,aa7252a58f41161c17c3,bps_tpb_2024,1,observation_materializes_cell
edge:5853549e075d9f99fdcc,26e7dc241a3394c98d32,cef862bae47729db8e75,aa7252a58f41161c17c3,bps_tpb_2024,1,observation_materializes_cell
edge:4f85545aaba046be2472,adb64c89c7f712bcca57,cef862bae47729db8e75,b132d2fab33291e0733e,bps_webapi,3,observation_materializes_cell
edge:dc56e297c34ba524f2c1,191c33296900d6ba32de,ceffd2f3d130d3a9d22b,aa7252a58f41161c17c3,bps_tpb_2024,1,observation_materializes_cell
edge:0c77b5d33b46f7187162,6805557e9db05d2b6785,ceffd2f3d130d3a9d22b,b132d2fab33291e0733e,bps_webapi,3,observation_materializes_cell
edge:b3c43b3dc6d9f802522d,da89714f0667deac4e6e,cf03713bceae20736392,7ba29f3a45abe1301651,bps_webapi,4,observation_materializes_cell
edge:79c177f43a426dfed333,833cc43b54a724758040,cf21eda30096c697b65f,7ba29f3a45abe1301651,bps_webapi,4,observation_materializes_cell
edge:e4770e402f7fcd25ffdc,437436be08404b95dae4,cf290a0b225beb85dc0f,7ba29f3a45abe1301651,bps_webapi,4,observation_materializes_cell
edge:912d882a44659d23524d,3c1f40be2b7103650065,cf2eb024039717300fb4,7ba29f3a45abe1301651,bps_webapi,4,observation_materializes_cell
edge:5300264e1764720edbc0,a41eda530f2a7e93f4cf,cf3f4a1a1b1864b7d14b,7ba29f3a45abe1301651,bps_webapi,4,observation_materializes_cell
edge:8e2305156da8e6543f09,5a37b83b2518cdc6e73b,cf4dfa13583236ad215f,7ba29f3a45abe1301651,bps_webapi,4,observation_materializes_cell
edge:19ad52e1ba2a59806b16,41f3c2808184ce19509a,cf4e36f24a2b5693579d,7ba29f3a45abe1301651,bps_webapi,4,observation_materializes_cell
edge:4920d914fabd939c93b1,9ed495c8bf5d9d25ca38,cf58e97323e3a4d4d1a2,7ba29f3a45abe1301651,bps_webapi,4,observation_materializes_cell
edge:e3b1b86d4c73154496f1,42c566aee6af2585cd39,cf60bd6cb113e2e59c79,7ba29f3a45abe1301651,bps_webapi,4,observation_materializes_cell
edge:35365a089951165b9271,162b6e96c5ff638efdf7,cf6f3e47f724acc30f9f,7ba29f3a45abe1301651,bps_webapi,4,observation_materializes_cell
edge:77e6804625172936690b,cc1b8640fd7087187d90,cf6f3e47f724acc30f9f,aa7252a58f41161c17c3,bps_tpb_2024,1,observation_materializes_cell
edge:1aa3b2698d61d76b6c73,d4511b67fcd68107421c,cf6f7f77e00909d56ba3,7ba29f3a45abe1301651,bps_webapi,4,observation_materializes_cell
edge:f0b3d0a36ddc6c12162f,72c090a72707db3a0b19,cf88c4704c06864253b6,7ba29f3a45abe1301651,bps_webapi,4,observation_materializes_cell
edge:423cdf240775aa50cb92,8eaf662198e914db1107,cf88c4704c06864253b6,aa7252a58f41161c17c3,bps_tpb_2024,1,observation_materializes_cell
edge:bbb8ea59b8cce097d76f,6c2551feb2102a9d1579,cf8bffc2e6fe4c84dd87,aa7252a58f41161c17c3,bps_tpb_2024,1,observation_materializes_cell
edge:d58389aa7d2e82c34369,3f21d33a94921e94ddf1,cf8bffc2e6fe4c84dd87,b132d2fab33291e0733e,bps_webapi,3,observation_materializes_cell
edge:414a0faaf11db1aec337,895a311b44f8d880df5c,cf8ebcc4d403d3ccbd75,7ba29f3a45abe1301651,bps_webapi,4,observation_materializes_cell
edge:7307ac6322e350cea6ef,400e1dd1f415633009d3,cf9ef9901b89faec74a2,aa7252a58f41161c17c3,bps_tpb_2024,1,observation_materializes_cell
edge:5828bff1e044c0d25f72,494bf3ee3780ec0b1266,cf9ef9901b89faec74a2,b132d2fab33291e0733e,bps_webapi,3,observation_materializes_cell
edge:db8fa1ac9391631f8e66,f64c71abba8ab67757ab,cfa560cb18424e1ff12c,7ba29f3a45abe1301651,bps_webapi,4,observation_materializes_cell
edge:c2a50b5935099eb57188,3272ca2d1aa8a081021d,cfa560cb18424e1ff12c,aa7252a58f41161c17c3,bps_tpb_2024,1,observation_materializes_cell
edge:8dee11e81de396b297c0,b2b585f5f0133792c31a,cfc5be3639d27cd6854b,7ba29f3a45abe1301651,bps_webapi,4,observation_materializes_cell
edge:5d91b9a625464b732f46,596a21f0199918b722a4,cfcca6ef0e3cb6b0308f,7ba29f3a45abe1301651,bps_webapi,4,observation_materializes_cell
edge:9ba588914be5e60ce6bb,56552a421d671d28cb83,cfd120fc3d21de8f355d,7ba29f3a45abe1301651,bps_webapi,4,observation_materializes_cell
edge:c37681f8b0c5b32e1934,9cb302941623c3125af7,cfd17a18f5ce62c2a839,7ba29f3a45abe1301651,bps_webapi,4,observation_materializes_cell
edge:ef3e27c46a27e10de4aa,93b2e56a54183c89a473,cfd67ac160420c1b4628,7ba29f3a45abe1301651,bps_webapi,4,observation_materializes_cell
edge:15319cebf41e8c8572ca,ef8d103a77507a97c9e0,cfdc83c1063124657772,7ba29f3a45abe1301651,bps_webapi,4,observation_materializes_cell
edge:9ab07c1d63719ad6a5da,76f9c5e2d91f7cd9d7bb,cfe0cfa5b24ed8101ecc,7ba29f3a45abe1301651,bps_webapi,4,observation_materializes_cell
edge:1bca79a188f0d03f0af5,69993ee12752e86008b3,cfe7c4858e3549b96fe1,aa7252a58f41161c17c3,bps_tpb_2024,1,observation_materializes_cell
edge:ad7ffac9f3c3c2a6d6e0,8d246712a7142b3fde84,cfe7c4858e3549b96fe1,b132d2fab33291e0733e,bps_webapi,3,observation_materializes_cell
edge:e7bd29b9dc0e2a57fc7a,b2cadaa55bba31ac09bd,cff3306148c39b524ef5,7ba29f3a45abe1301651,bps_webapi,4,observation_materializes_cell
edge:eacde8a07b21a1845e6d,56bf46568e64455c859b,d001e97f73da4f8a7f8c,7ba29f3a45abe1301651,bps_webapi,4,observation_materializes_cell
edge:b0917894a0871830a0e8,68f79dee780886bae16f,d001e97f73da4f8a7f8c,aa7252a58f41161c17c3,bps_tpb_2024,1,observation_materializes_cell
edge:34bbae7d0d459cd4345c,63a7d510647d83b3a092,d00d480ee418aebb7169,7ba29f3a45abe1301651,bps_webapi,4,observation_materializes_cell
edge:2ec1daaa2b74966bcfd2,fc87d02dcabe78b61bda,d0238e37dd30dae84746,7ba29f3a45abe1301651,bps_webapi,4,observation_materializes_cell
edge:013a2640ab8d25ef7e62,2700f712e9ef8d278f71,d02aefd09684f982a7e2,7ba29f3a45abe1301651,bps_webapi,4,observation_materializes_cell
edge:554e16aad8fec0a978bc,28fd7556b9adf3f5be1e,d02b53862727b692ac8c,7ba29f3a45abe1301651,bps_webapi,4,observation_materializes_cell
edge:4e1432f3f51b645c2132,5752a24b5966630dabe0,d03a9f4e2c7dac06f639,7ba29f3a45abe1301651,bps_webapi,4,observation_materializes_cell
edge:d1bac96470444f53e640,e40109e37fa925d9df41,d04019c7fde7600af864,7ba29f3a45abe1301651,bps_webapi,4,observation_materializes_cell
edge:3092acbb1cc5daa4c0b3,3ec0e1e2057d8ff23062,d05ed1d9e7e4f6741a12,7ba29f3a45abe1301651,bps_webapi,4,observation_materializes_cell
edge:2368c3ec6bb806e22335,7b1c57fc2eedeac4c530,d05ed1d9e7e4f6741a12,aa7252a58f41161c17c3,bps_tpb_2024,1,observation_materializes_cell
edge:e59b8bbdc8822480cfe9,264cb9d840380d13cd5d,d06e57ecd59dd62e2825,7ba29f3a45abe1301651,bps_webapi,4,observation_materializes_cell
edge:cfc3807729a3090d11bd,ee8e01d03095bca20207,d0732ba19cd13a974b51,7ba29f3a45abe1301651,bps_webapi,4,observation_materializes_cell
edge:2e39cde300b1339abbda,ecf2c39132e693a7de6b,d0732ba19cd13a974b51,aa7252a58f41161c17c3,bps_tpb_2024,1,observation_materializes_cell
edge:fd84c1767c7b0bf55315,aad8fe01ae00d73c8a9f,d07d282f8465e305d17f,7ba29f3a45abe1301651,bps_webapi,4,observation_materializes_cell
edge:afb1ad4352b0a978ea64,5d4c8da6ff5a1ee3750e,d07d282f8465e305d17f,aa7252a58f41161c17c3,bps_tpb_2024,1,observation_materializes_cell
edge:2696a03f590430ab90c4,c47d548736dae9b7df43,d09233fed35d793a7c48,7ba29f3a45abe1301651,bps_webapi,4,observation_materializes_cell
edge:7c22c1459e2a35e2b136,5f3c662ced605a81d680,d099e855915b5fdc2443,7ba29f3a45abe1301651,bps_webapi,4,observation_materializes_cell
edge:e8d5648796634171de17,33032f3c6ba29f62157c,d099e855915b5fdc2443,9ab2011a3892edfac889,bps_tpb_2025,2,observation_materializes_cell
edge:11061cf6c32e5d1f2c72,38da1d8a82053ed8e621,d099e855915b5fdc2443,aa7252a58f41161c17c3,bps_tpb_2024,1,observation_materializes_cell
edge:eb271541530866f8bb18,d952e37319b243041f65,d09f2feb31fdb7f36418,7ba29f3a45abe1301651,bps_webapi,4,observation_materializes_cell
edge:3091e4ae14282ebbaaa8,e3e07c3debc0af14f740,d0a1cc6266a231158632,7ba29f3a45abe1301651,bps_webapi,4,observation_materializes_cell
edge:4e2dcd86ec652c83a492,b4bbe9d357f0e0bd2cd3,d0af0de912b9547cec17,7ba29f3a45abe1301651,bps_webapi,4,observation_materializes_cell
edge:12e480b0e9930e5e7dee,c73d863b70e2e1b90a44,d0e0c4552b0569973e92,7ba29f3a45abe1301651,bps_webapi,4,observation_materializes_cell
edge:8e67befb2ba41d2c74fb,4f0fa8425c6bbc08792f,d0edd71b17a4127b3c7a,7ba29f3a45abe1301651,bps_webapi,4,observation_materializes_cell
edge:720d9d690db41641e500,a6cf76f3044e7cec8aac,d1163503a5320ec25b1b,7ba29f3a45abe1301651,bps_webapi,4,observation_materializes_cell
edge:ce3574bf8301b2479974,f86648f9441958cc7e58,d12e8287f8e336d70795,7ba29f3a45abe1301651,bps_webapi,4,observation_materializes_cell
edge:6d3c9ca18da9f119a4b7,cd77da1b11a2f36af44c,d1329808015e32aa05ba,7ba29f3a45abe1301651,bps_webapi,4,observation_materializes_cell
edge:0ecb745e6d51004125f3,01e15369d1a3bd0ccd53,d1329808015e32aa05ba,aa7252a58f41161c17c3,bps_tpb_2024,1,observation_materializes_cell
edge:dd6f3710d5c53ff308c1,1ce0d064054043d84d1a,d139a3431d0d1615eec9,7ba29f3a45abe1301651,bps_webapi,4,observation_materializes_cell
edge:76591c9796b662e1f2b3,d001691937acb18cd2b4,d13db7ddf6b2e4ff466b,7ba29f3a45abe1301651,bps_webapi,4,observation_materializes_cell
edge:d53df673bd83957cccd4,ac19b6ad0bfed1b145db,d140e9d03b9107ec797d,7ba29f3a45abe1301651,bps_webapi,4,observation_materializes_cell
edge:afad55fad9dd21476545,11585cd16f4e714afc14,d152c28ea3fde4f61ac4,7ba29f3a45abe1301651,bps_webapi,4,observation_materializes_cell
edge:b12dc188ae61cf5f4499,3335cee84af8ab3ce8c5,d157c3fbf5ebd78de7bc,7ba29f3a45abe1301651,bps_webapi,4,observation_materializes_cell
edge:48526a5b75aaeff4f6a4,64ffe73f1678d670ea5f,d19cd3fb573e38ed2f03,7ba29f3a45abe1301651,bps_webapi,4,observation_materializes_cell
edge:d21a9d8178c5fee93d88,604df245b2950dcb1a63,d19cd3fb573e38ed2f03,aa7252a58f41161c17c3,bps_tpb_2024,1,observation_materializes_cell
edge:dad5ac5b539d1e4e1dcd,2b08efd2e63fd044853f,d19cd6847bfb65404b0e,7ba29f3a45abe1301651,bps_webapi,4,observation_materializes_cell
edge:78b4bc6316a2bf95d026,609a7b1529f28d813baa,d19cd6847bfb65404b0e,aa7252a58f41161c17c3,bps_tpb_2024,1,observation_materializes_cell
edge:5ef7dd89074d312c91a3,ec98858957810d146828,d1a24fa9cbc01c1c5ad1,7ba29f3a45abe1301651,bps_webapi,4,observation_materializes_cell
edge:daead28682c729afe111,f205985900c2e420f0db,d1a24fa9cbc01c1c5ad1,aa7252a58f41161c17c3,bps_tpb_2024,1,observation_materializes_cell
edge:2028b4d47cf8fa1dc4dc,97274446ccf300574e43,d1cf811aa1386ee941db,7ba29f3a45abe1301651,bps_webapi,4,observation_materializes_cell
edge:2cc820e177ce93fc4330,f1e64eed2e1c424215a8,d1e2dab0eb8e7f3a617a,7ba29f3a45abe1301651,bps_webapi,4,observation_materializes_cell
edge:fea42a04faad89249e64,b43c47885ab0a733e208,d203d7b5cb3a71c1e5da,7ba29f3a45abe1301651,bps_webapi,4,observation_materializes_cell
edge:b351fce6adbdc536d835,87a22483f8987a571a6a,d225d82df3ace5129d9e,aa7252a58f41161c17c3,bps_tpb_2024,1,observation_materializes_cell
edge:eba691fbacabce2527a4,5197e6b61211fb2b5bd4,d225d82df3ace5129d9e,b132d2fab33291e0733e,bps_webapi,3,observation_materializes_cell
edge:22db5d8cf539d9e19cb8,2c9b2c96784be8aee5ca,d242e370b660264991e2,aa7252a58f41161c17c3,bps_tpb_2024,1,observation_materializes_cell
edge:ba648f4d847c4a0d74c8,58a2de479dea9389f712,d242e370b660264991e2,b132d2fab33291e0733e,bps_webapi,3,observation_materializes_cell
edge:925aceb2d7b166d67b6d,6c28cb59ec4dfe7ec9e6,d2526ba2fd9080fa780c,7ba29f3a45abe1301651,bps_webapi,4,observation_materializes_cell
edge:89532dc827afe2eee458,a1a51fb7d846041daad0,d2597f7e19aef5abde27,7ba29f3a45abe1301651,bps_webapi,4,observation_materializes_cell
edge:8fe646c1cb99bc4ee5b5,77a743e27507715f2e0f,d2597f7e19aef5abde27,aa7252a58f41161c17c3,bps_tpb_2024,1,observation_materializes_cell
edge:e8cb637d68fd084dce3e,7dc43175256f84392498,d264b49ae69465766fdf,7ba29f3a45abe1301651,bps_webapi,4,observation_materializes_cell
edge:03659797402812b3289b,46b18fe886d448f9e6a2,d27505bc02e2d8fbcbbc,aa7252a58f41161c17c3,bps_tpb_2024,1,observation_materializes_cell
edge:59c5f19c8c417127e5a4,b03c9a0e80f20aae1bb6,d27505bc02e2d8fbcbbc,b132d2fab33291e0733e,bps_webapi,3,observation_materializes_cell
edge:aa2f9ec767191d0a3667,a02423a7bd0b2752bbc0,d27ff7b86df0449c046e,aa7252a58f41161c17c3,bps_tpb_2024,1,observation_materializes_cell
edge:facbe2b68c55ed1b0155,1c0036d6a533b53b6e37,d27ff7b86df0449c046e,b132d2fab33291e0733e,bps_webapi,3,observation_materializes_cell
edge:f806bd2164fae7a0a0e9,72e0663daa29b222bfd0,d284b87e7f18ce330e0a,7ba29f3a45abe1301651,bps_webapi,4,observation_materializes_cell
edge:0bcc31a3d91ae7f06970,d466905c92d24e40fd4d,d285373434122ad67197,7ba29f3a45abe1301651,bps_webapi,4,observation_materializes_cell
edge:b24e3fb3a089700c82c9,2f6c97344be7fd67c287,d29abe86116ad88fec70,7ba29f3a45abe1301651,bps_webapi,4,observation_materializes_cell
edge:03f8422488f64a210975,69b24d39f1c554405668,d2a7b2b5433803ec64bb,7ba29f3a45abe1301651,bps_webapi,4,observation_materializes_cell
edge:e74017e78c71ab5073b9,903feeee8f4329615939,d2be6e5c85b6d4b670fa,7ba29f3a45abe1301651,bps_webapi,4,observation_materializes_cell
edge:0665a79b939884fdbc42,7b2af2a8a123b448567e,d2d58ca24901ce7742f9,7ba29f3a45abe1301651,bps_webapi,4,observation_materializes_cell
edge:a273a07422226a59b260,5bfef66849eb755eeeaf,d2efb8b5a979fa0d0ad0,7ba29f3a45abe1301651,bps_webapi,4,observation_materializes_cell
edge:b2783de0f7c92bfc9110,2f605d3f99a82e1497dc,d2f5fa5c23fd44e7658f,7ba29f3a45abe1301651,bps_webapi,4,observation_materializes_cell
edge:f48c040520424ecceffc,614d52a6a4dec81371ad,d2fc10e857909d4fce24,7ba29f3a45abe1301651,bps_webapi,4,observation_materializes_cell
edge:649c53076a8bfa073bff,5aba0c8abb2b4830dadf,d3007641ac0b91dd33be,7ba29f3a45abe1301651,bps_webapi,4,observation_materializes_cell
edge:b9450ae10f6c8990cacc,128a59fa326051f962be,d302016011be1cc331c1,7ba29f3a45abe1301651,bps_webapi,4,observation_materializes_cell
edge:e6a297909bd4971cca54,e0609d4a15e04fa10140,d3021765df34e5c2c8c5,7ba29f3a45abe1301651,bps_webapi,4,observation_materializes_cell
edge:34587b6fe3fb4ecfd307,5a7e5bc4bf9a53124eee,d3081e3c6f2c97fcb4e0,7ba29f3a45abe1301651,bps_webapi,4,observation_materializes_cell
edge:83abfb94b432de72eaec,622add33cc8f21a450a1,d309ee03704cc777dc63,7ba29f3a45abe1301651,bps_webapi,4,observation_materializes_cell
edge:73c0ca5ba3e4db4b47d2,7409eb8d03b7ec4fecc5,d30ba5e475929c4eea60,aa7252a58f41161c17c3,bps_tpb_2024,1,observation_materializes_cell
edge:f978d55d4c895a8f0a71,8c7498467918467e1362,d30ba5e475929c4eea60,b132d2fab33291e0733e,bps_webapi,3,observation_materializes_cell
edge:7c223ddfc6adf4a7e986,6562c56c4c41fc94a532,d30d5de6e9b8b022d861,7ba29f3a45abe1301651,bps_webapi,4,observation_materializes_cell
edge:798c09e61dca6b8cdda0,bf0b5f1b208a38d56d6a,d3152ed8921a497e8b18,7ba29f3a45abe1301651,bps_webapi,4,observation_materializes_cell
edge:39a067d249b2419dc469,d59ccf0963dc76a44702,d3152ed8921a497e8b18,aa7252a58f41161c17c3,bps_tpb_2024,1,observation_materializes_cell
edge:6dc8ffa4a62bcf6f9ed2,b6fc0d6a6d668c95e7a0,d31d5f56d7c0e4675171,7ba29f3a45abe1301651,bps_webapi,4,observation_materializes_cell
edge:342c82295cb8ca991641,5d2b1025fbfe20dffa8a,d32d38efce773026e9ca,7ba29f3a45abe1301651,bps_webapi,4,observation_materializes_cell
edge:b218d996d48bae3c58cc,905b9e53b8b6daecb69c,d32d75a445fc01102334,7ba29f3a45abe1301651,bps_webapi,4,observation_materializes_cell
edge:0032c21e341b60f3669f,063c3f2d3b0aba3c5001,d3366caf0f17a6692255,7ba29f3a45abe1301651,bps_webapi,4,observation_materializes_cell
edge:22f88314921a19381ffb,6a0f6e2c57fa39058cde,d3510c0d86595df8daf2,aa7252a58f41161c17c3,bps_tpb_2024,1,observation_materializes_cell
edge:8417e1118f40fd8cee6f,0984106e8ab9f23570b7,d3510c0d86595df8daf2,b132d2fab33291e0733e,bps_webapi,3,observation_materializes_cell
edge:d6b9be3c5a80a9263cd2,568904b7f00f71fc5b80,d36c45b6f7e602baa02d,7ba29f3a45abe1301651,bps_webapi,4,observation_materializes_cell
edge:92cba9787bb11644db2a,a36a39c14a37731da43e,d37197b58fc8ce62bb2e,7ba29f3a45abe1301651,bps_webapi,4,observation_materializes_cell
edge:edaa7251745a0cab2871,c775f2f4ffa42889b33c,d37fe1f0eeb4a2e7eae0,7ba29f3a45abe1301651,bps_webapi,4,observation_materializes_cell
edge:d60e61fd84bed88bd200,43cbba36773e947adc5c,d3876545939fd26cbeee,7ba29f3a45abe1301651,bps_webapi,4,observation_materializes_cell
edge:2e6a6e660e5dfcca935a,48fb6bdcb420bd7eadda,d3876545939fd26cbeee,aa7252a58f41161c17c3,bps_tpb_2024,1,observation_materializes_cell
edge:04864ee0f3c1e343cd0d,df8176f60e0b1f69f1ff,d38c13f13d0405bd6cba,7ba29f3a45abe1301651,bps_webapi,4,observation_materializes_cell
edge:3e09a7753197cf94f784,1e65155e1fb236a192e9,d3965cfd2be670122819,7ba29f3a45abe1301651,bps_webapi,4,observation_materializes_cell
edge:faf8597d54f534b3ac27,cf167af08c2b5fa61d3c,d3976e0f490823f2a02e,7ba29f3a45abe1301651,bps_webapi,4,observation_materializes_cell
edge:4aea7d89f5f149a9cb77,6878ebcc7e7dc4efc47e,d39f4f07436bddc92515,7ba29f3a45abe1301651,bps_webapi,4,observation_materializes_cell
edge:996032a525d01dcf2db7,54c9efee884bbba84374,d3b123f6efddd300e6de,7ba29f3a45abe1301651,bps_webapi,4,observation_materializes_cell
edge:fb62a64382d9aac7187f,9571e6bbe5bf95077093,d3c1fc375d01d6b7d216,7ba29f3a45abe1301651,bps_webapi,4,observation_materializes_cell
edge:09a6c83b6f3d5e5a31ef,74a73a077a53c7d8c1a2,d3c60240bd8200fafcbf,7ba29f3a45abe1301651,bps_webapi,4,observation_materializes_cell
edge:171e44bbbc03e9eae124,244f4625998e3ea6dc30,d3cce89356d2b1dbdb5f,7ba29f3a45abe1301651,bps_webapi,4,observation_materializes_cell
edge:fce94e83b5dd8648e9ab,aa586823f355392aaa90,d3da49c179ad758f2b7d,7ba29f3a45abe1301651,bps_webapi,4,observation_materializes_cell
edge:3e9ed1bd760c38d63a53,52d95776476d95117121,d3dea917aa9d451f4b06,7ba29f3a45abe1301651,bps_webapi,4,observation_materializes_cell
edge:0f6a0d4fb68a38770736,36360741b1f4854cc2a0,d3e478f20d3f2d201590,7ba29f3a45abe1301651,bps_webapi,4,observation_materializes_cell
edge:28e77a7c89e875f9b7e0,68fabdb2b9802026ff6b,d3e645c6439154bf0ec3,7ba29f3a45abe1301651,bps_webapi,4,observation_materializes_cell
edge:b0e8fb4347d412acd355,0fd4aedd65a406e8d53c,d3f1b9ce5538c4e59e3f,7ba29f3a45abe1301651,bps_webapi,4,observation_materializes_cell
edge:16f0e8f200c212efe68e,9e9b2747dc47d91ff75d,d3f27ee7d930dad6d97a,7ba29f3a45abe1301651,bps_webapi,4,observation_materializes_cell
edge:bb7be431a771ffbf0831,0fc477756ae309ce5054,d407251c11179cee78c3,7ba29f3a45abe1301651,bps_webapi,4,observation_materializes_cell
edge:1d33883faa4af0b144b4,b603e6ab0bb4eb229a7f,d412865d29bccd7e59b8,7ba29f3a45abe1301651,bps_webapi,4,observation_materializes_cell
edge:a06a56835288524e26cd,5a3e1c9a4eb0eb5fe745,d414ab1f05c4ba1775c5,7ba29f3a45abe1301651,bps_webapi,4,observation_materializes_cell
edge:a893e1f5f197f3ae62e8,694177af02b7d3d1fcb9,d421d7371eae67f5ced8,7ba29f3a45abe1301651,bps_webapi,4,observation_materializes_cell
edge:eed539fc0586d196c82e,ba218747d8f57da3be26,d42662a68f6bc94af710,7ba29f3a45abe1301651,bps_webapi,4,observation_materializes_cell
edge:a793bdecf9bc518259f5,6f87b664f09cb948012d,d42662a68f6bc94af710,aa7252a58f41161c17c3,bps_tpb_2024,1,observation_materializes_cell
edge:76fa0fd89bb0bb867e63,537475671ba49391f04b,d42a38f8a9739794c317,7ba29f3a45abe1301651,bps_webapi,4,observation_materializes_cell
edge:d6e841f8646afced3302,70c6faf4bc6fe71e420b,d42cd83e7b2a87fc6a4b,7ba29f3a45abe1301651,bps_webapi,4,observation_materializes_cell
edge:50a675d7fbcbdeea9dfa,2467d9ab2caa21f368d7,d4305c42b88e2ea0a3bb,7ba29f3a45abe1301651,bps_webapi,4,observation_materializes_cell
edge:da55e0876f8ce686734f,7ff5cb08f34e51e3d4c5,d439870e6d27dc5915d0,7ba29f3a45abe1301651,bps_webapi,4,observation_materializes_cell
edge:2eb214b942f4bb6f9b7c,56c5072001ab0e41e672,d439870e6d27dc5915d0,aa7252a58f41161c17c3,bps_tpb_2024,1,observation_materializes_cell
edge:c38f5791967ebb8d945e,d9ef7b627e19884e3b11,d445fa9b4bd9012b4fac,7ba29f3a45abe1301651,bps_webapi,4,observation_materializes_cell
edge:a2539a3ba232fcbdd9d5,781433bb5c847b8ae1c1,d445fa9b4bd9012b4fac,aa7252a58f41161c17c3,bps_tpb_2024,1,observation_materializes_cell
edge:5478c2d397adff65e3c6,bd85a10fe2bf387f934d,d45f3dec51c3f63c5c23,7ba29f3a45abe1301651,bps_webapi,4,observation_materializes_cell
edge:f497f99971f98e28158b,ebc17b6554f2bb2d9c73,d470be50db7ec724d9a1,7ba29f3a45abe1301651,bps_webapi,4,observation_materializes_cell
edge:0762d469f840db25a62e,403433734af6db58e71b,d489186bdfac25a9c3f8,7ba29f3a45abe1301651,bps_webapi,4,observation_materializes_cell
edge:7c4dfe531b77b4380d51,5af407b5cc562cf3ae42,d48a8e0b512c6c989aed,7ba29f3a45abe1301651,bps_webapi,4,observation_materializes_cell
edge:2f4327465230363a2b07,f8cebe8829074f18b150,d4912c6932c9f5e4b062,aa7252a58f41161c17c3,bps_tpb_2024,1,observation_materializes_cell
edge:5695720bdfdad268dfb5,5a8179364c0032864fe9,d4912c6932c9f5e4b062,b132d2fab33291e0733e,bps_webapi,3,observation_materializes_cell
edge:357ece93e49b57aad24d,9f09f5b0201d75f226cd,d49820d7cd51372eea94,7ba29f3a45abe1301651,bps_webapi,4,observation_materializes_cell
edge:89d39c27c054ca08e4d8,860f7f46b3b65cc65a16,d49f45d5df664de1a042,7ba29f3a45abe1301651,bps_webapi,4,observation_materializes_cell
edge:c331a5f2d85097c59821,c92bbb49453cb8570f5d,d4ae70377bd0e471bf40,7ba29f3a45abe1301651,bps_webapi,4,observation_materializes_cell
edge:0a9dd95c209c79bc74ff,6dc94e931b5f800fb0e3,d4b89f5e5337db4f0c8e,7ba29f3a45abe1301651,bps_webapi,4,observation_materializes_cell
edge:9955b737252c1c9bae13,42a54d6e2fb2c666971c,d4c4db5ca591b6511366,7ba29f3a45abe1301651,bps_webapi,4,observation_materializes_cell
edge:d21c325ad7db9bbe7ed4,2a9d9e062a7fde157276,d4c6ecab3bde158f955d,7ba29f3a45abe1301651,bps_webapi,4,observation_materializes_cell
edge:19a5bb52822f3b2d7249,589386889f1d029d43eb,d4c93cb82b9fbb342dd9,7ba29f3a45abe1301651,bps_webapi,4,observation_materializes_cell
edge:8a61a38ea20b1ad3cd8c,578b2de82584e1510fb9,d4ce97e452ef476e761e,7ba29f3a45abe1301651,bps_webapi,4,observation_materializes_cell
edge:4c706cdc45a7ba8973e5,dc3893cc76bb4c3cbabc,d4ce97e452ef476e761e,aa7252a58f41161c17c3,bps_tpb_2024,1,observation_materializes_cell
edge:6d108a51cbea31b74790,60f48bca4c4bc395bf3b,d4d146d24893eeeb74c8,aa7252a58f41161c17c3,bps_tpb_2024,1,observation_materializes_cell
edge:f26701ceb75ddaf5d927,736af784e171a86aba61,d4d146d24893eeeb74c8,b132d2fab33291e0733e,bps_webapi,3,observation_materializes_cell
edge:67cec301ac6981012ae6,4b7bcad345d18c85addb,d4f24ec09f522635496e,7ba29f3a45abe1301651,bps_webapi,4,observation_materializes_cell
edge:371cb4dec231febcba85,a0a92a641c63fc97e0f8,d4f390599a184b4d333f,7ba29f3a45abe1301651,bps_webapi,4,observation_materializes_cell
edge:c872bfdc4e5a627c7e47,1c6dadf667f8b238d748,d500ea9133f56f561e18,7ba29f3a45abe1301651,bps_webapi,4,observation_materializes_cell
edge:f55e145b4e4fe7350dc8,999fc9629d527359c0e4,d5033c31fa728d1e5f24,7ba29f3a45abe1301651,bps_webapi,4,observation_materializes_cell
edge:ea0886964f8b89d62d76,50789c0e80a68248eca4,d50c84c040b169befa37,7ba29f3a45abe1301651,bps_webapi,4,observation_materializes_cell
edge:4bb2dd3ef66e99e04760,fa7b34ee207478e7f742,d51763c868a8268cdc20,7ba29f3a45abe1301651,bps_webapi,4,observation_materializes_cell
edge:376e548b9fcd8850b9cc,cfc03ae1d7d6ebffe715,d51763c868a8268cdc20,aa7252a58f41161c17c3,bps_tpb_2024,1,observation_materializes_cell
edge:aba560a8483197723403,b092898e454765954ea2,d518b8f60a59efedff53,7ba29f3a45abe1301651,bps_webapi,4,observation_materializes_cell
edge:591bd03d5b4fcd0288d5,66df89df495a533780d8,d543d698ff0718a619c5,7ba29f3a45abe1301651,bps_webapi,4,observation_materializes_cell
edge:41bc440c0de1e1c281ee,4b7773d060cd9a356877,d562322b4eb029824faf,7ba29f3a45abe1301651,bps_webapi,4,observation_materializes_cell
edge:474161adfd317e78ec14,9ca2f30425e2aff1cb83,d562322b4eb029824faf,aa7252a58f41161c17c3,bps_tpb_2024,1,observation_materializes_cell
edge:f2141015c1bae0d573b8,35aa54a230aba96c7c89,d5636311876757e6528b,7ba29f3a45abe1301651,bps_webapi,4,observation_materializes_cell
edge:5867407d5cefff34f460,1c682261b338c3630132,d56c61141f341e89c337,aa7252a58f41161c17c3,bps_tpb_2024,1,observation_materializes_cell
edge:ddb184d8716bd116df9d,0203004dbb61e2d46509,d56c61141f341e89c337,b132d2fab33291e0733e,bps_webapi,3,observation_materializes_cell
edge:ea620d8ae3f1efe35fb0,9d4ffc429fc21592d690,d576f85d61216fe569ad,7ba29f3a45abe1301651,bps_webapi,4,observation_materializes_cell
edge:4a9f6fa0bae19d7a0c5e,54eb87ed1ca45687f2d4,d5799c22e4024f6d7f34,7ba29f3a45abe1301651,bps_webapi,4,observation_materializes_cell
edge:5ba4f4e354b9258538ca,e8f007b314909f12c999,d57cc9f685995ff3792b,7ba29f3a45abe1301651,bps_webapi,4,observation_materializes_cell
edge:a581e2c4ff64c1eee7e8,bc48c14c31f4130e6802,d581230c1dd84f939888,7ba29f3a45abe1301651,bps_webapi,4,observation_materializes_cell
edge:bf9050814d194cdab965,87fd9a4f6ebc0e969b68,d58c0cea19fee2c96d87,aa7252a58f41161c17c3,bps_tpb_2024,1,observation_materializes_cell
edge:d6270f500cfcbd0b7803,033d24f8382747d59fe0,d58c0cea19fee2c96d87,b132d2fab33291e0733e,bps_webapi,3,observation_materializes_cell
edge:baa83a3a764545eb8215,77d5f2e7670ca21162a6,d5936554a955cf246b3f,7ba29f3a45abe1301651,bps_webapi,4,observation_materializes_cell
edge:65869488b5697a2bb18b,40634fbf7a32ab89e48e,d59b86c60c15def1225d,7ba29f3a45abe1301651,bps_webapi,4,observation_materializes_cell
edge:727ba5404abe01b2f507,bfb71c2605176881048b,d59b86c60c15def1225d,aa7252a58f41161c17c3,bps_tpb_2024,1,observation_materializes_cell
edge:c5d3cf23835a15e749e0,5c80b9876811da34fdda,d5d755102c3bc0ebdcc6,7ba29f3a45abe1301651,bps_webapi,4,observation_materializes_cell
edge:2b4bedb27b8f6d1b8ca7,af0b1ebeb571f59d3ce5,d5d8feaf557a4eb3b559,7ba29f3a45abe1301651,bps_webapi,4,observation_materializes_cell
edge:7ee6182723ffe56215e9,2c701dc06f53564ce1d9,d5e3f2827c99d2de7e97,7ba29f3a45abe1301651,bps_webapi,4,observation_materializes_cell
edge:020dd23ae3dcc4c76afc,4a5023731939620ebb00,d5f3f8bcbe96e85b3c2c,7ba29f3a45abe1301651,bps_webapi,4,observation_materializes_cell
edge:f5f33a62a43986b5ca41,014127887fb2c99dcb01,d61fc72a8be3b14239f7,7ba29f3a45abe1301651,bps_webapi,4,observation_materializes_cell
edge:2083053b566573b1d112,06514122ead24650721e,d62a435a6208e38ca48f,7ba29f3a45abe1301651,bps_webapi,4,observation_materializes_cell
edge:d41d8de3dccc16e18b2c,cccbb4bffc1ee4ddd2e1,d62e53a134bf5e1d6c3f,7ba29f3a45abe1301651,bps_webapi,4,observation_materializes_cell
edge:7259fa7c1b07337dcc71,7a814f9181905f963c61,d62e7307afb95113b7b8,7ba29f3a45abe1301651,bps_webapi,4,observation_materializes_cell
edge:20b6f1f3e8318207adab,c5fb18b90e758925fae6,d64a6d162e4909d5e475,7ba29f3a45abe1301651,bps_webapi,4,observation_materializes_cell
edge:6a9050ac58fdc830c608,6c6788675bd9bb60789b,d64a6d162e4909d5e475,aa7252a58f41161c17c3,bps_tpb_2024,1,observation_materializes_cell
edge:d95b7b6bbe3ebad747ae,d3ae0de38af8a208d62b,d6509f332ee8bda9ddad,7ba29f3a45abe1301651,bps_webapi,4,observation_materializes_cell
edge:a90e035527b94fb9c5a1,1f1641e4802175cffb89,d659dc1814cf883a3764,7ba29f3a45abe1301651,bps_webapi,4,observation_materializes_cell
edge:4c0caf876a868cb7593f,662cf99239516f190bab,d673cbe4f121f1481961,7ba29f3a45abe1301651,bps_webapi,4,observation_materializes_cell
edge:92e8a646d0014883647b,f7e67e22cac1de282ab3,d673cbe4f121f1481961,9ab2011a3892edfac889,bps_tpb_2025,2,observation_materializes_cell
edge:ee4676d0e7f938250315,6ecdd535cc48266ab0c1,d673cbe4f121f1481961,aa7252a58f41161c17c3,bps_tpb_2024,1,observation_materializes_cell
edge:df55d6fb5beb88713a78,9df5b72b4638bd81990a,d6879fa335515bb73803,7ba29f3a45abe1301651,bps_webapi,4,observation_materializes_cell
edge:3e9e9964ab2783a5392a,3c6ccc1877a959bb5bd2,d6879fa335515bb73803,aa7252a58f41161c17c3,bps_tpb_2024,1,observation_materializes_cell
edge:4c43e649e5fdef17eb06,3266e47af386b1582d92,d6969f777091b64ec727,aa7252a58f41161c17c3,bps_tpb_2024,1,observation_materializes_cell
edge:3625f429550958a3fa51,c3688e489665c5d3149b,d6969f777091b64ec727,b132d2fab33291e0733e,bps_webapi,3,observation_materializes_cell
edge:31315f7def63fc738629,6356e190f15716332e2f,d69ff7a7a2613d67b1c2,aa7252a58f41161c17c3,bps_tpb_2024,1,observation_materializes_cell
edge:427273808468debc5ff6,2b3b9407708879bb0aba,d69ff7a7a2613d67b1c2,b132d2fab33291e0733e,bps_webapi,3,observation_materializes_cell
edge:e9a795d15ae58190860b,8f08856961e4c1935080,d6a71475515fe6c295bd,7ba29f3a45abe1301651,bps_webapi,4,observation_materializes_cell
edge:1736e324ef2bdb86705c,0b0b57e9a5c92ccaf0f8,d6ab520fffe9536420ec,7ba29f3a45abe1301651,bps_webapi,4,observation_materializes_cell
edge:81187aa74336aa188e5b,1f8b35d69a4be7bd7039,d6b67c9c00e065d698f8,7ba29f3a45abe1301651,bps_webapi,4,observation_materializes_cell
edge:fe36c9ad178800ce081d,1503dc58cc26b0106e64,d6c3a466037ad46bab1d,7ba29f3a45abe1301651,bps_webapi,4,observation_materializes_cell
edge:3c377c24af60c59d46b5,9b5d5fc54c5c78f2f541,d6d0c20b79c16b362aa0,7ba29f3a45abe1301651,bps_webapi,4,observation_materializes_cell
edge:a0112ebff0e38030e3f6,2eccac1c2fb3a9157ab1,d6ed3c230460cf1d67c4,7ba29f3a45abe1301651,bps_webapi,4,observation_materializes_cell
edge:0d0f7c10b5b8f662e737,36b012b7ba3c2814bdd2,d709bf0346b6031cc815,aa7252a58f41161c17c3,bps_tpb_2024,1,observation_materializes_cell
edge:91146588457713066da6,d360126b4accd2e108ce,d709bf0346b6031cc815,b132d2fab33291e0733e,bps_webapi,3,observation_materializes_cell
edge:08fe0515ec4b15e79106,94f06b07d8a1ab086bd3,d709d013cdb90541e3c6,aa7252a58f41161c17c3,bps_tpb_2024,1,observation_materializes_cell
edge:da18ac203e905e1f22dd,26a7aceaa876fba5ed0c,d709d013cdb90541e3c6,b132d2fab33291e0733e,bps_webapi,3,observation_materializes_cell
edge:e72c098965ebbec68dfd,332d13b07267b5d912eb,d71d1ca4bf56c64c9199,7ba29f3a45abe1301651,bps_webapi,4,observation_materializes_cell
edge:7d6bd618644a9abee167,bdbe1dbb71892972eea3,d71d6d2b03d6373bed28,aa7252a58f41161c17c3,bps_tpb_2024,1,observation_materializes_cell
edge:1d9ad6fb0ac4b0117152,d16d90c009c0aee06b4b,d71d6d2b03d6373bed28,b132d2fab33291e0733e,bps_webapi,3,observation_materializes_cell
edge:fd39d7d844560bcf7ef1,b6636daaef677e879a2a,d726210b1f32e3b35aa5,7ba29f3a45abe1301651,bps_webapi,4,observation_materializes_cell
edge:a5597a7a7e2f4064381b,aefa41f9055eeeab493d,d7270beba001c806aed1,7ba29f3a45abe1301651,bps_webapi,4,observation_materializes_cell
edge:2566b44521cea93790f3,ec912c55359308bde627,d7270beba001c806aed1,aa7252a58f41161c17c3,bps_tpb_2024,1,observation_materializes_cell
edge:01f24a740c732dd523f5,fa411054fdedccbb958e,d7345daa2c268d3997c3,aa7252a58f41161c17c3,bps_tpb_2024,1,observation_materializes_cell
edge:ee59acdd22eee0868353,f732b1e95e87bf09f2e9,d7345daa2c268d3997c3,b132d2fab33291e0733e,bps_webapi,3,observation_materializes_cell
edge:a4e4ffdb01025c19ada0,3da7e0ec0397981792c7,d73ff739cdb9e740732c,7ba29f3a45abe1301651,bps_webapi,4,observation_materializes_cell
edge:0262936a18988d9efedc,a7e0ea27124655aa50b8,d7492c1757f7f535754b,7ba29f3a45abe1301651,bps_webapi,4,observation_materializes_cell
edge:38b01e903d69ce99e21f,d993a2326fb28f8800e4,d7531d97d264efe1628c,7ba29f3a45abe1301651,bps_webapi,4,observation_materializes_cell
edge:75b3c4d83b5a348fd69e,c2e108a2017b5441efee,d7596fbf120bf14ba1c6,aa7252a58f41161c17c3,bps_tpb_2024,1,observation_materializes_cell
edge:67a633aa37aa9e57067d,9871e680a15edc6b1b13,d7596fbf120bf14ba1c6,b132d2fab33291e0733e,bps_webapi,3,observation_materializes_cell
edge:3a4b0a72c890a04f0657,2082a93f32151a66cab7,d760ba26e083cf4526e9,7ba29f3a45abe1301651,bps_webapi,4,observation_materializes_cell
edge:ac9553465201cf79d149,740cced4e7b2f6de8d81,d76facfb7261b79b48a8,7ba29f3a45abe1301651,bps_webapi,4,observation_materializes_cell
edge:96ba82d23a24e4e7e6fa,78f1edceafb22db9dcae,d78e0535f22d160fd78a,7ba29f3a45abe1301651,bps_webapi,4,observation_materializes_cell
edge:50e7aa43703bb4e30dcd,b024773442e8c34ac16b,d796c22d0df3603f03d9,7ba29f3a45abe1301651,bps_webapi,4,observation_materializes_cell
edge:77cc152d57592a537c5a,439166822f381509f8db,d79749dcdc0ed09a80fd,aa7252a58f41161c17c3,bps_tpb_2024,1,observation_materializes_cell
edge:337236602eee127005aa,050cd8f5e816684c2f56,d79749dcdc0ed09a80fd,b132d2fab33291e0733e,bps_webapi,3,observation_materializes_cell
edge:699ce8695227467ec590,ca37ef67f43250417814,d79a9e03dd490c564610,7ba29f3a45abe1301651,bps_webapi,4,observation_materializes_cell
edge:555e92d8894e8c69d2dc,777e4931a7201dee79ba,d79b7cd87b84869b2d40,7ba29f3a45abe1301651,bps_webapi,4,observation_materializes_cell
edge:939e375d59f6b0f180f1,272ccc789d473a041c79,d7abf62cefed62fd8d0d,7ba29f3a45abe1301651,bps_webapi,4,observation_materializes_cell
edge:3872b7175ad955ef9674,5a178dba58de9abdcb31,d7b0a4fcb3f6a036b279,7ba29f3a45abe1301651,bps_webapi,4,observation_materializes_cell
edge:21a0f821f9dc1fb2160f,c04bf41b04305dcd8286,d7b6e111ea94662d0f09,7ba29f3a45abe1301651,bps_webapi,4,observation_materializes_cell
edge:76290648b12ba85d3012,38e1f2bb70a36a767c45,d7c392f189b610b3ef57,7ba29f3a45abe1301651,bps_webapi,4,observation_materializes_cell
edge:6ce1326fb87bfa972ed0,800c8fce66c92c23d799,d7cb750663c044919bfc,7ba29f3a45abe1301651,bps_webapi,4,observation_materializes_cell
edge:2bddf5730a5eaba78f70,398e12d3ae4c11e839d2,d7d4f7156e76a500456f,7ba29f3a45abe1301651,bps_webapi,4,observation_materializes_cell
edge:6096f5372e3ef96e3901,54e47880a45596529d66,d7dc962b10dacaf5b8a8,7ba29f3a45abe1301651,bps_webapi,4,observation_materializes_cell
edge:3fbca4d23564eee6bcbd,46f88fa776b993b25ec6,d7dc962b10dacaf5b8a8,aa7252a58f41161c17c3,bps_tpb_2024,1,observation_materializes_cell
edge:f7481d5a90d3632bccd6,bae647090c4cba4abb38,d7dec5c3c32e17abe538,7ba29f3a45abe1301651,bps_webapi,4,observation_materializes_cell
edge:b9da443a39753fd44f83,9b02cd16895a4fd3cc6b,d7dec5c3c32e17abe538,aa7252a58f41161c17c3,bps_tpb_2024,1,observation_materializes_cell
edge:669e4296c6df9b1e2ea0,196c48fc1e6ea23de9af,d7e263fe1a32b1109fe9,7ba29f3a45abe1301651,bps_webapi,4,observation_materializes_cell
edge:4122a3aadbf1bac96beb,6d11a0ef2cecc86a5ffa,d7ed3985a1230e42287d,7ba29f3a45abe1301651,bps_webapi,4,observation_materializes_cell
edge:712c3744bb98bab9adce,08dfbb7cb6fd13ce409e,d7f8739e2e39d4abaaca,7ba29f3a45abe1301651,bps_webapi,4,observation_materializes_cell
edge:eb1527359b2c79289e87,8298dce59be0b6c6a8b7,d7f8739e2e39d4abaaca,aa7252a58f41161c17c3,bps_tpb_2024,1,observation_materializes_cell
edge:f7a3f64847402ef5f335,724a962d72eba14d7995,d81fabd43ea1ef7f0c4c,7ba29f3a45abe1301651,bps_webapi,4,observation_materializes_cell
edge:558fc4170f816ebbf81a,1d269bc9902853739a86,d822803762bfcb567b0e,7ba29f3a45abe1301651,bps_webapi,4,observation_materializes_cell
edge:2052836f05858b8a4a90,2578a48a3ecf32dde339,d839639b67dc71a573cd,7ba29f3a45abe1301651,bps_webapi,4,observation_materializes_cell
edge:8e19f1495f74cfb75fd9,9a91b91b030e9efb59f1,d84b0fca7a7518b4baa9,7ba29f3a45abe1301651,bps_webapi,4,observation_materializes_cell
edge:9b22f4f1350bd80efc4f,7ea90bf42422655e1764,d87b6e7dd7b8e0e20f99,7ba29f3a45abe1301651,bps_webapi,4,observation_materializes_cell
edge:6b37db530f4f22753911,225c12e5b16d4decc50b,d882702a0e61af1eb62a,7ba29f3a45abe1301651,bps_webapi,4,observation_materializes_cell
edge:b341c693e538f710d339,48d832c666f9b739e0b5,d8827d6b9f0f0199fc0c,7ba29f3a45abe1301651,bps_webapi,4,observation_materializes_cell
edge:342fe13c8afe581bbe71,caf7f7961d7371860e24,d88b3a5ba100a7e3d98e,7ba29f3a45abe1301651,bps_webapi,4,observation_materializes_cell
edge:3cd65930acbd39803212,f3bc5f32e87de15f70b6,d88b3a5ba100a7e3d98e,aa7252a58f41161c17c3,bps_tpb_2024,1,observation_materializes_cell
edge:13e22a2c868354baffc3,df759c85bf9597808317,d893b78ef2d70431894c,7ba29f3a45abe1301651,bps_webapi,4,observation_materializes_cell
edge:81e74f0d9865b16919b7,7c207f156b01c642bb24,d8a5773189e88ab2ca49,7ba29f3a45abe1301651,bps_webapi,4,observation_materializes_cell
edge:4a18532fac7e6c302a09,a921f64417e46c819435,d8ac84b2a1d42936f6b4,7ba29f3a45abe1301651,bps_webapi,4,observation_materializes_cell
edge:e9f0e4333786efb5d65b,1d66afb65e6871ac075d,d8aeb45a1dedf7132d07,7ba29f3a45abe1301651,bps_webapi,4,observation_materializes_cell
edge:f783c99b0c0c77a10eaa,e50c0b5f3c11696e6315,d8b8e18df8cbb635ee54,aa7252a58f41161c17c3,bps_tpb_2024,1,observation_materializes_cell
edge:7f7099e3ca114b68f2b9,abb2b8b9f1e490d8fa95,d8b8e18df8cbb635ee54,b132d2fab33291e0733e,bps_webapi,3,observation_materializes_cell
edge:2719bc51a656560d5317,76cce9cc121a591dbb73,d8c2abcee025d7142070,7ba29f3a45abe1301651,bps_webapi,4,observation_materializes_cell
edge:2954d611b8185c40efc0,febf3f297b3bb5f40a8b,d8e8b222a4a84ea30176,7ba29f3a45abe1301651,bps_webapi,4,observation_materializes_cell
edge:534edd4372af1c622491,2c0df51b1d1ed926f8d0,d8e8b222a4a84ea30176,aa7252a58f41161c17c3,bps_tpb_2024,1,observation_materializes_cell
edge:6ce704c3431bcd19928a,4196ac0c5838475b01f2,d8edb61ac76099ea39c4,7ba29f3a45abe1301651,bps_webapi,4,observation_materializes_cell
edge:a8012d690ae66a345ec8,ee0d1b3b06f25b8bb1f5,d8f07038908f8253ced7,7ba29f3a45abe1301651,bps_webapi,4,observation_materializes_cell
edge:c23a9465a712c7ba6390,9684f9ae04dc7f39d992,d8f55f53a1c8d37964ab,7ba29f3a45abe1301651,bps_webapi,4,observation_materializes_cell
edge:89f463452b371d86fc9e,f441321219df6b1315ea,d8f6f5af007d3911afb6,7ba29f3a45abe1301651,bps_webapi,4,observation_materializes_cell
edge:ae762bc206dae2dc1490,797ea1cc07d1d6326a34,d8fc37154b312257fc70,7ba29f3a45abe1301651,bps_webapi,4,observation_materializes_cell
edge:1f5995178932d76927f9,de22f1996629c699fefb,d903115ff0a465e248b2,7ba29f3a45abe1301651,bps_webapi,4,observation_materializes_cell
edge:b4dbfe884a9c30a33c7d,376d96b801862fee8191,d9169fc1a83faa2ff5ba,aa7252a58f41161c17c3,bps_tpb_2024,1,observation_materializes_cell
edge:89fe148cb388396e41ed,970bb368c39fb6a98a28,d9169fc1a83faa2ff5ba,b132d2fab33291e0733e,bps_webapi,3,observation_materializes_cell
edge:f3fd6445e2764c4afe8a,47725318467ba40fc0b4,d919de5dea3ebbb6aa3f,7ba29f3a45abe1301651,bps_webapi,4,observation_materializes_cell
edge:1d9f49cfb3766b614a09,db6688e52b565df76600,d92e915ae327153f7658,7ba29f3a45abe1301651,bps_webapi,4,observation_materializes_cell
edge:f5755d4cc9c339c60fa2,a40868c63719044e87d3,d93db9f4bb6bb72bc9b3,7ba29f3a45abe1301651,bps_webapi,4,observation_materializes_cell
edge:acec6ec39ab893749078,321371a1c93d4c045548,d94d1582dca9b40ecb34,7ba29f3a45abe1301651,bps_webapi,4,observation_materializes_cell
edge:dc171f84ad309a3ceb19,7c5fe19d9894ac07e7f9,d94f90aaeefbb5dae8d6,7ba29f3a45abe1301651,bps_webapi,4,observation_materializes_cell
edge:90bdbbb17e5edd1e0ec7,81a4d1c8edc8a1683beb,d969e959e3e7e7261926,7ba29f3a45abe1301651,bps_webapi,4,observation_materializes_cell
edge:7e185506b6ea243f3b1f,b7be43e23025399eac45,d9947b0e07928059cf9b,7ba29f3a45abe1301651,bps_webapi,4,observation_materializes_cell
edge:333f360697ce9ea8baa9,0bb2bdd2f896aaa34ef6,d9947b0e07928059cf9b,aa7252a58f41161c17c3,bps_tpb_2024,1,observation_materializes_cell
edge:419f916669c8ab075530,7585cb023dd271cf6bf2,d9972138e73de2cbc638,7ba29f3a45abe1301651,bps_webapi,4,observation_materializes_cell
edge:438361b81ca55a4e721a,5fa32aa4ef2e19d0bda2,d998b53784a72a63f94f,7ba29f3a45abe1301651,bps_webapi,4,observation_materializes_cell
edge:5c303893835f4dabaa5a,d7ed50302917c3a43825,d99b6891054080c46fda,7ba29f3a45abe1301651,bps_webapi,4,observation_materializes_cell
edge:641f7e2df10f7c44ce38,7bb548c03abb16293404,d9a2066eda536bac4236,7ba29f3a45abe1301651,bps_webapi,4,observation_materializes_cell
edge:c95e53c8f5cb60786283,26b7c23e24c1d8c3ea8a,d9b10000a8544a936642,7ba29f3a45abe1301651,bps_webapi,4,observation_materializes_cell
edge:df9bc3b071d5d903e2f3,c54d464533fcc906c5d8,d9c6a303ab9bff8ee8f8,7ba29f3a45abe1301651,bps_webapi,4,observation_materializes_cell
edge:da1bbb37057f7e811cf2,0798ef9c7b4de5485324,d9c6a303ab9bff8ee8f8,aa7252a58f41161c17c3,bps_tpb_2024,1,observation_materializes_cell
edge:0a1084a58abc068a6c7f,1826b1f9ecb17efa9a56,d9ca6e3b2cf4615a3beb,7ba29f3a45abe1301651,bps_webapi,4,observation_materializes_cell
edge:cce7d64872db2644921c,89919f7a5d0a3c96335b,d9ccdf6b623bca902888,7ba29f3a45abe1301651,bps_webapi,4,observation_materializes_cell
edge:02c84527b9fe61d1a305,5fcfd35fb7bd5702eb09,d9de8f3df77047238fff,7ba29f3a45abe1301651,bps_webapi,4,observation_materializes_cell
edge:5e56be99905e1dd913c3,fa28bfdb68fb891f3535,d9dfb2348580f8322011,7ba29f3a45abe1301651,bps_webapi,4,observation_materializes_cell
edge:f05765090f3d05a55117,5569ede73dc76b40fc43,d9dffaa607721b9ecdc5,7ba29f3a45abe1301651,bps_webapi,4,observation_materializes_cell
edge:1e6c3649cb5022298a7b,4461c9a1e5e6a70a5cff,d9e326095a3f240bfa4b,7ba29f3a45abe1301651,bps_webapi,4,observation_materializes_cell
edge:e92a52a156b3df906863,649bc8d15b2540a4351b,d9e3bdfd8bfdbd2cf8e9,7ba29f3a45abe1301651,bps_webapi,4,observation_materializes_cell
edge:0a926b08e75a4777110e,542ea826c58ab4a87702,d9fc27ef570ced0dc281,7ba29f3a45abe1301651,bps_webapi,4,observation_materializes_cell
edge:d37cea2984e5953c3f14,9ac8374cc9503853e455,da18b854220307cae26d,7ba29f3a45abe1301651,bps_webapi,4,observation_materializes_cell
edge:a05c18f912f86c5a6a4c,3badd774fb4705821671,da18da4efd27494eb95c,7ba29f3a45abe1301651,bps_webapi,4,observation_materializes_cell
edge:21e5ef48d1fb696e779d,9dc948a98edb6cb2f17f,da221c3a3a02d35504b8,7ba29f3a45abe1301651,bps_webapi,4,observation_materializes_cell
edge:d56de5bfb582b1c7d3e1,b59d4389c44336741877,da2b31ae807e33767973,7ba29f3a45abe1301651,bps_webapi,4,observation_materializes_cell
edge:b8daa336ed850b7a1793,81096fafa7abb922a6e7,da3297f15a02c5da48bd,7ba29f3a45abe1301651,bps_webapi,4,observation_materializes_cell
edge:06308adb0ed4f665b940,bb19e7d61abab1432828,da369d47cd5e2225291f,7ba29f3a45abe1301651,bps_webapi,4,observation_materializes_cell
edge:a0d2524983358213cca6,a584d3916b77f7396a34,da4035ae6c539e1f61cc,aa7252a58f41161c17c3,bps_tpb_2024,1,observation_materializes_cell
edge:aa788cb4231e9cb966e9,bf26971b4db6214b2103,da4035ae6c539e1f61cc,b132d2fab33291e0733e,bps_webapi,3,observation_materializes_cell
edge:42e15e5a8a7ff512002d,420d75480dece07a1d9b,da4658d74edc47262fc3,aa7252a58f41161c17c3,bps_tpb_2024,1,observation_materializes_cell
edge:39c46fa5aed2f7727a45,d5eac2cecebedb2fe51a,da4658d74edc47262fc3,b132d2fab33291e0733e,bps_webapi,3,observation_materializes_cell
edge:eb600a10c412ad9e1401,74e538c9985f3451a2d6,da470b4a2e252a1b33ad,7ba29f3a45abe1301651,bps_webapi,4,observation_materializes_cell
edge:347446bb7ba2f6a919e1,ca0acb2b1e1e2b9082ba,da5211450512e5f58cdd,7ba29f3a45abe1301651,bps_webapi,4,observation_materializes_cell
edge:ebfcb1d8810078d0c35b,76928e4bcbcbf3f24e99,da57f46437e960b0be31,aa7252a58f41161c17c3,bps_tpb_2024,1,observation_materializes_cell
edge:92c8f6ea9cb862cb53ac,0dad1ce8d11cbd4dda54,da57f46437e960b0be31,b132d2fab33291e0733e,bps_webapi,3,observation_materializes_cell
edge:21fc23a96ff0938a6506,788f5e1026f38ae51d4a,da5af9d00f6ee5e00cfa,7ba29f3a45abe1301651,bps_webapi,4,observation_materializes_cell
edge:75c0442f37572e20a6ca,f4393b791d2045f7b633,da621f3c87c0d5183469,7ba29f3a45abe1301651,bps_webapi,4,observation_materializes_cell
edge:de96e64377442e909ca1,6907d19b20cc27127e48,da621f3c87c0d5183469,aa7252a58f41161c17c3,bps_tpb_2024,1,observation_materializes_cell
edge:bdea629bccce624efbf2,734603ea206a66b524a6,da77668e7e6bbc3624f1,7ba29f3a45abe1301651,bps_webapi,4,observation_materializes_cell
edge:f97753cb57da86e58a22,86987825c5dd2e50b201,da779110e5ab1be005dd,7ba29f3a45abe1301651,bps_webapi,4,observation_materializes_cell
edge:438edcfec78f497b3fc6,9151a7d9418c7fd947ac,da779110e5ab1be005dd,9ab2011a3892edfac889,bps_tpb_2025,2,observation_materializes_cell
edge:c65e47c87b300eb2ab02,550df59431e6976f6c3c,da779110e5ab1be005dd,aa7252a58f41161c17c3,bps_tpb_2024,1,observation_materializes_cell
edge:b44533ac8986d2f35321,49efd4cd41be378745ad,da9090696698674c6db3,7ba29f3a45abe1301651,bps_webapi,4,observation_materializes_cell
edge:d3393c1756ea50efcb97,6b1cb2117f4c06773e60,da936680bb85a810835f,7ba29f3a45abe1301651,bps_webapi,4,observation_materializes_cell
edge:196280ec63622838508d,30639ee27b3d847bf3cc,dab1a2c4dd387c17856c,7ba29f3a45abe1301651,bps_webapi,4,observation_materializes_cell
edge:e4351a90f9f5cc52e79b,435ed9b13b47d673e91e,dab322f5c414f602c5e5,7ba29f3a45abe1301651,bps_webapi,4,observation_materializes_cell
edge:1511f1888bbccfbcc424,1e5e5fff49b486f128cc,dabce735977d9ecf5f39,7ba29f3a45abe1301651,bps_webapi,4,observation_materializes_cell
edge:371d4c71ff95a8fa9652,d1d6381aabff476e62f7,dad1633d949fa40ba6f4,7ba29f3a45abe1301651,bps_webapi,4,observation_materializes_cell
edge:679a768be4a2bd25166d,1943e2e8daa4aad035ba,dad1633d949fa40ba6f4,aa7252a58f41161c17c3,bps_tpb_2024,1,observation_materializes_cell
edge:92228ed0c920701087ed,273b319d96f65e0ae4ae,dad5100198ddaf995377,7ba29f3a45abe1301651,bps_webapi,4,observation_materializes_cell
edge:e2d9fa2f7b87ccc3d414,8fedf358dbe2880bc46f,dad5924de2196da77c71,7ba29f3a45abe1301651,bps_webapi,4,observation_materializes_cell
edge:df90d9378eca78a47e36,979b990999fdeb7c0a78,daec2bb1987c23d2a8f4,7ba29f3a45abe1301651,bps_webapi,4,observation_materializes_cell
edge:6ab01e3e3a4ee3690097,5419d83b1f2b5621a9b1,daef370b265a2093521f,aa7252a58f41161c17c3,bps_tpb_2024,1,observation_materializes_cell
edge:a0972bbdb89bad6b465a,7b0f6376084b386999b7,daef370b265a2093521f,b132d2fab33291e0733e,bps_webapi,3,observation_materializes_cell
edge:3da9fc245f3ba60c91f2,a56655e25ba132d314eb,daf8d4c934ce5573323f,7ba29f3a45abe1301651,bps_webapi,4,observation_materializes_cell
edge:44ff5cea6d6a2ec76ad2,eb5fd06e2a5479b00aca,db0155cf5eeb58fcf106,7ba29f3a45abe1301651,bps_webapi,4,observation_materializes_cell
edge:a364f4257101acb5b24b,dec1f1296b479eb3f8b1,db087a684a186cb44db7,7ba29f3a45abe1301651,bps_webapi,4,observation_materializes_cell
edge:495c94a82eca1beb8cf6,a9c65b0f688c4a7758af,db0f13284be86f50aeaf,aa7252a58f41161c17c3,bps_tpb_2024,1,observation_materializes_cell
edge:79b8a05ed620898fd5c9,8e529d5785a92b934290,db0f13284be86f50aeaf,b132d2fab33291e0733e,bps_webapi,3,observation_materializes_cell
edge:3524ea2d4032103229e9,5ff3da79b0c097f32d03,db12ad9241b1d1c0153d,7ba29f3a45abe1301651,bps_webapi,4,observation_materializes_cell
edge:10df7d04963f2deecb1e,b05b9fb052ed1a2eb2f0,db162f08ad312aeba6a4,7ba29f3a45abe1301651,bps_webapi,4,observation_materializes_cell
edge:2583f27100b1be235701,1a1cbc66e172fa073139,db360d48be5974b79ebe,7ba29f3a45abe1301651,bps_webapi,4,observation_materializes_cell
edge:7011902642b8604c37e7,5384e814240eec2c242d,db6e1fb76481146acf8c,7ba29f3a45abe1301651,bps_webapi,4,observation_materializes_cell
edge:bc9ece870033edff5b30,5309ed2155d37556c690,db76d363da4abbee55d7,7ba29f3a45abe1301651,bps_webapi,4,observation_materializes_cell
edge:df2589bffce9fbe9b7c8,6db66bd6da70f6743f56,db76df1b18e1445aaca3,7ba29f3a45abe1301651,bps_webapi,4,observation_materializes_cell
edge:58a3fb282b1935f1f2c2,32604d72d3bdf165c45a,dbb38db96c90c42ddcca,aa7252a58f41161c17c3,bps_tpb_2024,1,observation_materializes_cell
edge:97decef5e0be5bb75634,70987b426e75236b5fea,dbb38db96c90c42ddcca,b132d2fab33291e0733e,bps_webapi,3,observation_materializes_cell
edge:37545d34b3e8205db5c6,1e75aa65e78ae267fdd7,dbb6e74e5ab69d562949,7ba29f3a45abe1301651,bps_webapi,4,observation_materializes_cell
edge:3f712e46a7af08126e62,32ada4581792323e41fb,dbb92b68429b9858751d,7ba29f3a45abe1301651,bps_webapi,4,observation_materializes_cell
edge:1939a323e3af2f2990a4,938af5191db8c2e4234e,dbc01e13026934c54a52,7ba29f3a45abe1301651,bps_webapi,4,observation_materializes_cell
edge:4b81205fcaff7b48700c,45337b332e11253e2b31,dbd76af0acc8ee499cb5,7ba29f3a45abe1301651,bps_webapi,4,observation_materializes_cell
edge:db7a424bb706ddc23ca6,7543d1cdf11908102cd3,dbe47416320b8dd1a1ab,7ba29f3a45abe1301651,bps_webapi,4,observation_materializes_cell
edge:57577c9abcb3b5d3c9a5,489b4cab059cdd46ed1a,dbf6af62f7685ab300e9,7ba29f3a45abe1301651,bps_webapi,4,observation_materializes_cell
edge:372e3b8c7cb1d785f81d,f98f50d738b3af6bce1c,dbf86094af6935c37cd7,7ba29f3a45abe1301651,bps_webapi,4,observation_materializes_cell
edge:0235817da7d12ddbf6b2,91d1cd79b9dd2c398f5e,dc0809b49b6820cd3bae,7ba29f3a45abe1301651,bps_webapi,4,observation_materializes_cell
edge:4f6744a23eb4aaa74e18,6d59f4048a82da4c662b,dc164b74ad2d8139bfff,aa7252a58f41161c17c3,bps_tpb_2024,1,observation_materializes_cell
edge:35fe18ff28067683d74f,9d68e90eeff0475789ac,dc164b74ad2d8139bfff,b132d2fab33291e0733e,bps_webapi,3,observation_materializes_cell
edge:62b8bd2ad9c51cab83fa,5f0edbdc2d5171d527cd,dc3b52eb567ddb71994c,7ba29f3a45abe1301651,bps_webapi,4,observation_materializes_cell
edge:d2f1a15a11f6578ab596,035d7c55ae8a21b1277a,dc42c40aeecc690b7fc8,7ba29f3a45abe1301651,bps_webapi,4,observation_materializes_cell
edge:736462548cd847f1d405,19120e1ca8d4daa7d558,dc4f3683b4b88126aa20,7ba29f3a45abe1301651,bps_webapi,4,observation_materializes_cell
edge:7db5da85a0b7c72edccb,1ef5ed923ecca4615e80,dc51527a0a91dac8a503,7ba29f3a45abe1301651,bps_webapi,4,observation_materializes_cell
edge:b18bead9799d70258621,0f161d712158e3d9d2a5,dc61823679ff2bfc6636,7ba29f3a45abe1301651,bps_webapi,4,observation_materializes_cell
edge:31b2acf8273cfc82846e,4bb7af2053aace09a058,dc6294fac96e747231ed,7ba29f3a45abe1301651,bps_webapi,4,observation_materializes_cell
edge:3f9d70b3217e0aa2f9bf,59ab8da458f022335ad0,dc6b7d4f33440ecd5bd2,7ba29f3a45abe1301651,bps_webapi,4,observation_materializes_cell
edge:43993241375e03dcca51,5e39b9b1b6238f1679ae,dc75e1a7462ed300018b,7ba29f3a45abe1301651,bps_webapi,4,observation_materializes_cell
edge:ff24582deadbf665dee2,8cf8f1f098797eba086d,dc7a11712d9573df2e3a,7ba29f3a45abe1301651,bps_webapi,4,observation_materializes_cell
edge:215b11b504ff8eda2bd4,bab134c4f9439051883b,dc8a47d22fcc6c397449,7ba29f3a45abe1301651,bps_webapi,4,observation_materializes_cell
edge:9bc4678299a4aa7a8d1b,0aa3dd1e223be407cd23,dc8dceabf28876b55a08,7ba29f3a45abe1301651,bps_webapi,4,observation_materializes_cell
edge:4c802b407f191fc661f5,e35d4c4b471f61d7aa4d,dc8f5b15cbf89597d4b5,7ba29f3a45abe1301651,bps_webapi,4,observation_materializes_cell
edge:191e6264f08a0f4e74d1,7c3357e5be57e6570b97,dc96400181aeeedd2147,aa7252a58f41161c17c3,bps_tpb_2024,1,observation_materializes_cell
edge:29b8400f24027e849c46,11a972609355326d3393,dc96400181aeeedd2147,b132d2fab33291e0733e,bps_webapi,3,observation_materializes_cell
edge:a24ddafaf2137e41ce26,071fd6027b2d0f4dd8b9,dcc013b4a39da45660a1,aa7252a58f41161c17c3,bps_tpb_2024,1,observation_materializes_cell
edge:ff3b226f7b74a0438add,7a0fe99b1eff99d0c077,dcc013b4a39da45660a1,b132d2fab33291e0733e,bps_webapi,3,observation_materializes_cell
edge:c81c42ffff535aa682a6,ab768547908ad0659b69,dcda02c12417dbb5e2e7,7ba29f3a45abe1301651,bps_webapi,4,observation_materializes_cell
edge:e5560ed6b97d72e7a71d,2344392070119f868acf,dcf9d98b4952d119d4d4,7ba29f3a45abe1301651,bps_webapi,4,observation_materializes_cell
edge:1c14a2e45c1dcda14b33,e0198e9116576a34add8,dd2ade81e2b4ae5d147b,7ba29f3a45abe1301651,bps_webapi,4,observation_materializes_cell
edge:79bde0047a991b650a6a,1e7cff29910cf2b2435b,dd2ade81e2b4ae5d147b,9ab2011a3892edfac889,bps_tpb_2025,2,observation_materializes_cell
edge:2075bfa58ef8bf7e275f,f7f68947f4fae176eb94,dd2ade81e2b4ae5d147b,aa7252a58f41161c17c3,bps_tpb_2024,1,observation_materializes_cell
edge:aaa4cecdcd09c938e155,13bc044cad5e82cae261,dd4fb7a6ec074a96e686,9ab2011a3892edfac889,bps_tpb_2025,2,observation_materializes_cell
edge:35fb0bddff0a052731d5,ce8ced0d1d75001dd1db,dd6713572226a7bf5794,aa7252a58f41161c17c3,bps_tpb_2024,1,observation_materializes_cell
edge:ffe16f5909fa2d9321fc,922ba31ab41d1111125a,dd6713572226a7bf5794,b132d2fab33291e0733e,bps_webapi,3,observation_materializes_cell
edge:b75979187edae5002971,eda29543a3d1f2fcb082,dd7868ff60fc271bbd0e,7ba29f3a45abe1301651,bps_webapi,4,observation_materializes_cell
edge:08f6ac71325fca23bef8,640b4dc39f8b2c64d024,ddaf125825328037f978,7ba29f3a45abe1301651,bps_webapi,4,observation_materializes_cell
edge:e6c6aef4280f8c781b36,7d7b84facd8b2e10ec4f,ddc559d80917f1bcf545,7ba29f3a45abe1301651,bps_webapi,4,observation_materializes_cell
edge:3e54ff0929e126b19804,6551d3c8cd654c4c701a,ddce4f0ce70515c4633f,7ba29f3a45abe1301651,bps_webapi,4,observation_materializes_cell
edge:05595906a9e760d5733a,865ea5fcf2e2e98f7a09,ddd4dacc71ab37566e83,7ba29f3a45abe1301651,bps_webapi,4,observation_materializes_cell
edge:24c24a27f52e015e4d53,fc5bea93d92b5ee5c4c9,ddd4dacc71ab37566e83,aa7252a58f41161c17c3,bps_tpb_2024,1,observation_materializes_cell
edge:439273f62859ef1a9049,48e02cd58640649539c0,ddd5bff8b9cd86d56c3f,7ba29f3a45abe1301651,bps_webapi,4,observation_materializes_cell
edge:ed94ba1f71b0ed76bd77,722c609789f9144aadc6,ddd8fced4ffeb09137f0,7ba29f3a45abe1301651,bps_webapi,4,observation_materializes_cell
edge:3fe920ae128396600f2a,690e2a1a84684bae316b,ddf2a8ccb3169713aa98,7ba29f3a45abe1301651,bps_webapi,4,observation_materializes_cell
edge:6f59fb1e98a9fd78901d,0fe6fd1348a7d3a15706,ddf2a8ccb3169713aa98,aa7252a58f41161c17c3,bps_tpb_2024,1,observation_materializes_cell
edge:6f6db5db536ea44d26eb,f5a204dbf83d73433a23,ddfb8880a967d0da9601,7ba29f3a45abe1301651,bps_webapi,4,observation_materializes_cell
edge:9c4666a96291d0cc06b2,318acf887e72d7df66df,de1879c26f628dbcdbe9,7ba29f3a45abe1301651,bps_webapi,4,observation_materializes_cell
edge:bab839ef037fcea5b2eb,92c45e4ccc2d597b5ffd,de1902577e1175929ed3,aa7252a58f41161c17c3,bps_tpb_2024,1,observation_materializes_cell
edge:5b205a82b0a2927c37d8,2a9d51a6b5d714f720ed,de1902577e1175929ed3,b132d2fab33291e0733e,bps_webapi,3,observation_materializes_cell
edge:2a50423de8f3254c4b8a,b3dd1411ce5a517f9e5d,de3259e78279a6ea2ffc,7ba29f3a45abe1301651,bps_webapi,4,observation_materializes_cell
edge:0491692c19b2501f1117,595e4ef5873daf173fc4,de329fe12099317dc9ff,7ba29f3a45abe1301651,bps_webapi,4,observation_materializes_cell
edge:8c63250026a6b5d7a5fa,1092009587c75ae92479,de3b1e17ada98f64cd0d,7ba29f3a45abe1301651,bps_webapi,4,observation_materializes_cell
edge:3c0a6a9bb18965346179,9e3a3059a33e6561c80b,de3c164ba5a11d6bea2f,7ba29f3a45abe1301651,bps_webapi,4,observation_materializes_cell
edge:729749b994a0594c54e6,d8f4598c68a0b12c9bc8,de410ae314a51b4b2843,7ba29f3a45abe1301651,bps_webapi,4,observation_materializes_cell
edge:8658f08ebab4fd55c3d7,f4f0b0580d1287ed57c0,de413564c2b620fd9e47,7ba29f3a45abe1301651,bps_webapi,4,observation_materializes_cell
edge:68324c1aed70ecd7d0a1,837c7b0519fda8c1aba9,de4a7ab0bff3cb1e6cd5,7ba29f3a45abe1301651,bps_webapi,4,observation_materializes_cell
edge:7ebc1cfc6a01f702379a,c1d4a95ae0f7c3d6b507,de51e35566585c57d7af,7ba29f3a45abe1301651,bps_webapi,4,observation_materializes_cell
edge:9a61803d0e73ca07974c,914aa34503d5b1826d05,de6cb0b1f1c2657cc2c7,aa7252a58f41161c17c3,bps_tpb_2024,1,observation_materializes_cell
edge:c6c6e1e3227d1d13a48c,7625882a18e2cf503102,de6cb0b1f1c2657cc2c7,b132d2fab33291e0733e,bps_webapi,3,observation_materializes_cell
edge:92e013a7093bdccdf0e8,f4c9d2621e7ec4b6802c,de6cb193c96e9716138a,aa7252a58f41161c17c3,bps_tpb_2024,1,observation_materializes_cell
edge:5f7491767319574a66e0,c855de010e15749f59fd,de6cb193c96e9716138a,b132d2fab33291e0733e,bps_webapi,3,observation_materializes_cell
edge:31749fee187005471f11,71ede17054363d2f21d4,de84c8200a949f64c2f9,7ba29f3a45abe1301651,bps_webapi,4,observation_materializes_cell
edge:cac4dc4b31bb78fbf950,3de5567664b16208f967,de93cf3d1968fdbdb6db,7ba29f3a45abe1301651,bps_webapi,4,observation_materializes_cell
edge:6d0e8d2c5ba487887259,45b165c51eb789bbbe7e,de93cf3d1968fdbdb6db,aa7252a58f41161c17c3,bps_tpb_2024,1,observation_materializes_cell
edge:393ae91ff9117d69d089,daeb92a527cefbaeb03b,de9cacd9857cdc82a8b3,aa7252a58f41161c17c3,bps_tpb_2024,1,observation_materializes_cell
edge:3ff4d11ce28f16c289a0,5d8756b33755d4e4f200,de9cacd9857cdc82a8b3,b132d2fab33291e0733e,bps_webapi,3,observation_materializes_cell
edge:e459c3ea0d0b1b621a3c,328067e56e64ccc71794,de9cc31b71ab206ab990,aa7252a58f41161c17c3,bps_tpb_2024,1,observation_materializes_cell
edge:fd1700351747f58c142a,5bdfb688605f369ecc7c,de9cc31b71ab206ab990,b132d2fab33291e0733e,bps_webapi,3,observation_materializes_cell
edge:5d41f3aab8b413390c79,8776f661e9c8573baeb1,dea3483d7d122338fe23,aa7252a58f41161c17c3,bps_tpb_2024,1,observation_materializes_cell
edge:30136c42e887a4353b29,41ebb453b93187cea563,dea3483d7d122338fe23,b132d2fab33291e0733e,bps_webapi,3,observation_materializes_cell
edge:74027974a8a764bcb1e1,6aca80145a3ec8dd88e7,dea600db72348664607b,7ba29f3a45abe1301651,bps_webapi,4,observation_materializes_cell
edge:a11ef6bc94a680cf54fa,22dfe6715898251ce6e6,debc99eb1b16fa884876,7ba29f3a45abe1301651,bps_webapi,4,observation_materializes_cell
edge:0730b4b18d62729d637e,a1ac8c590cdd1e1b191b,debfb4837ca88b0304a9,7ba29f3a45abe1301651,bps_webapi,4,observation_materializes_cell
edge:c82a4da3e71c78ce54e9,0bbdffdb93ba27ccee5a,decc29aa8b1eb8fc2ae6,7ba29f3a45abe1301651,bps_webapi,4,observation_materializes_cell
edge:d4235e1db0b836e471be,43fcbd2263c38334fbd4,dedbf3450b57a99b4f19,aa7252a58f41161c17c3,bps_tpb_2024,1,observation_materializes_cell
edge:b5f55dd8ef09895c1fc6,698af7a61a19b72731ee,dedbf3450b57a99b4f19,b132d2fab33291e0733e,bps_webapi,3,observation_materializes_cell
edge:d213cf5031099954bd12,be218b5f5b095596a68d,dedd9158076b312775fa,7ba29f3a45abe1301651,bps_webapi,4,observation_materializes_cell
edge:a7172477e4c90f0669a1,811f78d1656a2fbb820c,dede91e47862f021e91e,7ba29f3a45abe1301651,bps_webapi,4,observation_materializes_cell
edge:db8515b3be426d2693ea,f405722258ece40171e4,dee1bee07fbdc29660d9,7ba29f3a45abe1301651,bps_webapi,4,observation_materializes_cell
edge:38f932e8120629d5b50e,efdb6008a69bcf6b53e8,dee1ea9c212a035b0e87,7ba29f3a45abe1301651,bps_webapi,4,observation_materializes_cell
edge:f53b7d59b29597f5df66,89ebc9188fd867ebb7d4,df0262521f6648735f1c,7ba29f3a45abe1301651,bps_webapi,4,observation_materializes_cell
edge:4a0484a0078d8a3bd9ef,232117ee615580d025fc,df0262521f6648735f1c,aa7252a58f41161c17c3,bps_tpb_2024,1,observation_materializes_cell
edge:7f9054945426ba2a25f0,d009cbecf6b7b8aeb165,df0f33305545af7bf517,7ba29f3a45abe1301651,bps_webapi,4,observation_materializes_cell
edge:f1810f501eb3eb147b9b,acc35b40b56db4afd297,df15ba5ac6cfcec32b2a,aa7252a58f41161c17c3,bps_tpb_2024,1,observation_materializes_cell
edge:eef34c64ed325b62de6a,0797c0c7d88c08eff77a,df15ba5ac6cfcec32b2a,b132d2fab33291e0733e,bps_webapi,3,observation_materializes_cell
edge:120a85df2356bb356464,fc88ef1a24d1cb70a983,df16cc46eab1b322d635,7ba29f3a45abe1301651,bps_webapi,4,observation_materializes_cell
edge:38a2799c6f917eab1ade,fa808b10ebb008ef266c,df27e1c22c58c12de51e,7ba29f3a45abe1301651,bps_webapi,4,observation_materializes_cell
edge:c72210e5084f5f60c254,d6987aa58e060661b9d0,df553a65fa5502e500e0,7ba29f3a45abe1301651,bps_webapi,4,observation_materializes_cell
edge:e37fefb320a7c823a5f0,baf72f976cfcb703bd62,df64e54928f2fcd7d0fb,7ba29f3a45abe1301651,bps_webapi,4,observation_materializes_cell
edge:549ff16dd464c7dd1b74,1e2f032a5a4d82869bc9,df64e54928f2fcd7d0fb,aa7252a58f41161c17c3,bps_tpb_2024,1,observation_materializes_cell
edge:eb9667c724d4a35b4be8,b7765c5971c7da95af2d,df76ee70c8140afa374d,aa7252a58f41161c17c3,bps_tpb_2024,1,observation_materializes_cell
edge:ee8de0cbf634a9048957,fddeab4bb509efd2fd20,df76ee70c8140afa374d,b132d2fab33291e0733e,bps_webapi,3,observation_materializes_cell
edge:59887dc2fb344dcba744,a2ff294eda171efdcc99,df7d911cc01c364d9c14,7ba29f3a45abe1301651,bps_webapi,4,observation_materializes_cell
edge:b6893aceea8faf20ea84,dfba4fe35aeee4286c84,df7d911cc01c364d9c14,aa7252a58f41161c17c3,bps_tpb_2024,1,observation_materializes_cell
edge:abe63412d2fcc19d1925,0cea4dca4866bc29b7f8,dfa59a6dde44a7c849df,7ba29f3a45abe1301651,bps_webapi,4,observation_materializes_cell
edge:04968b695625c9e40ca3,2ed5bcc91c40b5db022d,dfa88dbed60a591784d6,7ba29f3a45abe1301651,bps_webapi,4,observation_materializes_cell
edge:04dc5ce006356b1bf6f7,1cdbe3a95797779d99a9,dfb32f3a55482264f9f8,7ba29f3a45abe1301651,bps_webapi,4,observation_materializes_cell
edge:39664efa1f4057fa05ef,b1d6b50028d2a0f10434,dfc00b4417989fb2680b,7ba29f3a45abe1301651,bps_webapi,4,observation_materializes_cell
edge:48cb58011b218c5f4567,02da4a6a40ec18ad0d6a,dfc00b4417989fb2680b,aa7252a58f41161c17c3,bps_tpb_2024,1,observation_materializes_cell
edge:55447c82c370c9045d3b,d5935e22a55841c9a73a,dfc4be648e2119aa31d7,aa7252a58f41161c17c3,bps_tpb_2024,1,observation_materializes_cell
edge:6628ce8012bb540f3a0e,46646d86ffa8495e7e5c,dfc4be648e2119aa31d7,b132d2fab33291e0733e,bps_webapi,3,observation_materializes_cell
edge:fae17ae536b5373d3d44,9f38ffd7d34d2bb83e91,dfc76e7b852129234cab,7ba29f3a45abe1301651,bps_webapi,4,observation_materializes_cell
edge:5b4415c702118191a880,ce7bd4afd04859b1d9ca,dfd6f70bc82f477edccb,7ba29f3a45abe1301651,bps_webapi,4,observation_materializes_cell
edge:ba5f952cfaef01b63709,2caa99f43e35bb495cb4,dfdc8938aee4de57d6cd,aa7252a58f41161c17c3,bps_tpb_2024,1,observation_materializes_cell
edge:94452a012e2efd6c48c8,956463d5fb2a5682ce96,dfdc8938aee4de57d6cd,b132d2fab33291e0733e,bps_webapi,3,observation_materializes_cell
edge:f511657f775fe42d9b9c,ccd6087192d1fde8ce53,dfe864b165b2354c48d2,7ba29f3a45abe1301651,bps_webapi,4,observation_materializes_cell
edge:7429297f0c58cab392f2,726d905b868b55a260aa,dff9366c92c95f2bee25,7ba29f3a45abe1301651,bps_webapi,4,observation_materializes_cell
edge:b1b80cc82abb84cfff9d,2ae04935512d58bfc21a,e012d237070cceaf28ab,7ba29f3a45abe1301651,bps_webapi,4,observation_materializes_cell
edge:77ab6c62c8ba2d54dd09,ab823c70d6516f4af36d,e012d237070cceaf28ab,aa7252a58f41161c17c3,bps_tpb_2024,1,observation_materializes_cell
edge:cd51803adffb279ecda9,7b44688d323336d225a3,e021f895dfb210a2e2a6,7ba29f3a45abe1301651,bps_webapi,4,observation_materializes_cell
edge:7c9e6e99e67d20567a95,ba7cb1bec4b4648e9439,e039e4a2c5258d2b5bfe,7ba29f3a45abe1301651,bps_webapi,4,observation_materializes_cell
edge:42865b830c597663d842,a49b4757882a67cd1985,e04bfa618746aac4745e,7ba29f3a45abe1301651,bps_webapi,4,observation_materializes_cell
edge:27f39281cd9efae12618,21871c3f8955ac79411e,e05af0f436798d564c83,7ba29f3a45abe1301651,bps_webapi,4,observation_materializes_cell
edge:42c42752183d2935cf1b,8686dec56f7402bc0786,e062febec5b1e2ebf1f9,7ba29f3a45abe1301651,bps_webapi,4,observation_materializes_cell
edge:7c5ac2c1cee096cc53fe,4b192d2ad7fa736733b4,e065237a1040c42c4313,7ba29f3a45abe1301651,bps_webapi,4,observation_materializes_cell
edge:b99b0666161279b64bd9,d42056344aca65d562d3,e07489a12e307f4aeadc,7ba29f3a45abe1301651,bps_webapi,4,observation_materializes_cell
edge:c930ce045eaef0e2f09c,2be2aef5f2b08fe216ca,e0773479aaf5127068a6,7ba29f3a45abe1301651,bps_webapi,4,observation_materializes_cell
edge:509c4d9239f91199bc82,2d644d376926ec92bbfc,e07dbfbb6aa80c318557,7ba29f3a45abe1301651,bps_webapi,4,observation_materializes_cell
edge:2462fed72a68f97710a9,3820eef66ad689765995,e07e688120a7d84827fa,aa7252a58f41161c17c3,bps_tpb_2024,1,observation_materializes_cell
edge:89706e289621eb4cfabb,b4df8c20078a34f3afa3,e07e688120a7d84827fa,b132d2fab33291e0733e,bps_webapi,3,observation_materializes_cell
edge:70cbd1145b27f66858d6,14f809dce8df9376b3a2,e087fda426ed6d7cd2d5,7ba29f3a45abe1301651,bps_webapi,4,observation_materializes_cell
edge:6cd2b24835404a7b3da3,47224f6fba1cb5f31e41,e08ca0befdb188b1e0e3,aa7252a58f41161c17c3,bps_tpb_2024,1,observation_materializes_cell
edge:f9c5446328c6baa66244,edcd40984cfacbe1ee51,e08ca0befdb188b1e0e3,b132d2fab33291e0733e,bps_webapi,3,observation_materializes_cell
edge:41e03a21b532f0cfc791,3d941e62c0345b2add3d,e0b7c8d356b7c1c96ae1,aa7252a58f41161c17c3,bps_tpb_2024,1,observation_materializes_cell
edge:8f14d748a441c0cb22f2,9acae7fecba090d0508c,e0b7c8d356b7c1c96ae1,b132d2fab33291e0733e,bps_webapi,3,observation_materializes_cell
edge:e7f8b7c032e80dd856c5,72fad13e415bcf77de0c,e0ba6e83295c7c2f4df9,aa7252a58f41161c17c3,bps_tpb_2024,1,observation_materializes_cell
edge:5b8d079970f178cc6b22,9a15b3d4a25f25d66d74,e0ba6e83295c7c2f4df9,b132d2fab33291e0733e,bps_webapi,3,observation_materializes_cell
edge:0147422febdc373def53,944d01f3b640d612a26d,e0e3770b41d71cf884de,7ba29f3a45abe1301651,bps_webapi,4,observation_materializes_cell
edge:e230aa09ebc0f46a6316,a5089041f767aadb312e,e0e3770b41d71cf884de,aa7252a58f41161c17c3,bps_tpb_2024,1,observation_materializes_cell
edge:4a8d0e45d10108c757a0,1b61a028c49a523d791b,e0e6b42083ccc9effc30,7ba29f3a45abe1301651,bps_webapi,4,observation_materializes_cell
edge:edc7c7b3073206f62732,bfc3d776279f0df7b988,e0e6ef320a0e75c5c1e7,7ba29f3a45abe1301651,bps_webapi,4,observation_materializes_cell
edge:339c99d34bde61fdbbd5,1fd49b68e3053d8b448d,e0f0c92f1478dd9d07a6,7ba29f3a45abe1301651,bps_webapi,4,observation_materializes_cell
edge:6e84df750bf54000a191,324d8cfb199ca4b20558,e0f0c92f1478dd9d07a6,aa7252a58f41161c17c3,bps_tpb_2024,1,observation_materializes_cell
edge:1c568a641bc37f36cca7,4c6fa6bd31b1ec3c5fb7,e0f98e0a127a8f3bae93,7ba29f3a45abe1301651,bps_webapi,4,observation_materializes_cell
edge:5ef1b1227d73b84a413b,cb04e5ab395c71648dc2,e0f98e0a127a8f3bae93,9ab2011a3892edfac889,bps_tpb_2025,2,observation_materializes_cell
edge:05a69b6bc8d6aa0bc6f8,bdceb80c5a2e807f9175,e0f98e0a127a8f3bae93,aa7252a58f41161c17c3,bps_tpb_2024,1,observation_materializes_cell
edge:593d030d5c8f91fe14cf,5e11fb802f30dc619364,e10e6e46bdaddf20f7c3,7ba29f3a45abe1301651,bps_webapi,4,observation_materializes_cell
edge:e697eb0d4ae87d65bcb9,12be2424824cdd01ff8d,e116f3dd3d08807c7189,aa7252a58f41161c17c3,bps_tpb_2024,1,observation_materializes_cell
edge:e302b155503e5bbd5b69,f47ea76a0a6039a6c473,e116f3dd3d08807c7189,b132d2fab33291e0733e,bps_webapi,3,observation_materializes_cell
edge:7df6295943de1a5e08fd,ccf884cd7dce96b69c8f,e127dd37a9dbfd374239,7ba29f3a45abe1301651,bps_webapi,4,observation_materializes_cell
edge:0affb2476698111ab5db,db858d67be4d53318189,e128bfbf00e9678b3399,7ba29f3a45abe1301651,bps_webapi,4,observation_materializes_cell
edge:88064854f48d5b6bf0a7,8331cc8c66401289197b,e12e5cf77414f176fcb7,7ba29f3a45abe1301651,bps_webapi,4,observation_materializes_cell
edge:fd1a9291ce9532ec5d90,2669f04067a9ae1fa32b,e12e5cf77414f176fcb7,aa7252a58f41161c17c3,bps_tpb_2024,1,observation_materializes_cell
edge:1d13ff555ffbe18c7457,5c38d883bb44a49c104a,e131e154b9fd6f7bcede,7ba29f3a45abe1301651,bps_webapi,4,observation_materializes_cell
edge:d9a9253c10a3296f7ebf,9127ef837f3c28032e50,e131e154b9fd6f7bcede,aa7252a58f41161c17c3,bps_tpb_2024,1,observation_materializes_cell
edge:3cd720a1043d59d61397,c39044909dd49443ccfb,e16148a00ced838b304b,7ba29f3a45abe1301651,bps_webapi,4,observation_materializes_cell
edge:40dc57d2f1e472ece776,68fb73b28f16ef35e828,e1683341076c8f3fb410,7ba29f3a45abe1301651,bps_webapi,4,observation_materializes_cell
edge:cb7cfae04b1cd15d7322,45f5d5b30a8bca02ce74,e1683341076c8f3fb410,aa7252a58f41161c17c3,bps_tpb_2024,1,observation_materializes_cell
edge:5c430e4f1f084cf533ec,b103bef68c631b7cec87,e17f1d0067b6df23717d,7ba29f3a45abe1301651,bps_webapi,4,observation_materializes_cell
edge:2b9cf27c9e154b9d7270,4c5783df43263e90389e,e17f1d0067b6df23717d,aa7252a58f41161c17c3,bps_tpb_2024,1,observation_materializes_cell
edge:73db327a441f0f4f73a7,994ddf8e35b60b0315d2,e1814bbff2be24545169,7ba29f3a45abe1301651,bps_webapi,4,observation_materializes_cell
edge:5f2e98eb60ba7a69fa8d,a0f4458a015ad0071ff8,e1814bbff2be24545169,aa7252a58f41161c17c3,bps_tpb_2024,1,observation_materializes_cell
edge:cbf30b896b23e96489a3,27b41b46d8f383ba983e,e1879d42b6092dcba69f,7ba29f3a45abe1301651,bps_webapi,4,observation_materializes_cell
edge:02e5f7d9a97e577f6d8b,fec52a3628f85c620371,e19503b59931af1424a1,7ba29f3a45abe1301651,bps_webapi,4,observation_materializes_cell
edge:8daca1dae3a2e3cf0bb7,8b247484cdd9863d7a1f,e19ee5c7efe61abfa028,7ba29f3a45abe1301651,bps_webapi,4,observation_materializes_cell
edge:b9f42e3569cf7568cb9a,8904e4ed5fa422130a7c,e1a2d8b2c4e7199c499c,aa7252a58f41161c17c3,bps_tpb_2024,1,observation_materializes_cell
edge:9383e87b93b1e842be5f,bb6513644974541d67c2,e1a2d8b2c4e7199c499c,b132d2fab33291e0733e,bps_webapi,3,observation_materializes_cell
edge:8551bd457ab576eca8f7,4f3db2462292ba774aca,e1a5b08da5fa7e69f2f3,7ba29f3a45abe1301651,bps_webapi,4,observation_materializes_cell
edge:94dcca523815b64ca817,f8db10f0d6a7292403ba,e1a5b08da5fa7e69f2f3,aa7252a58f41161c17c3,bps_tpb_2024,1,observation_materializes_cell
edge:5930d6831111a964b1c7,52aa45ef6988d20b4bb2,e1a717972804175b1c00,7ba29f3a45abe1301651,bps_webapi,4,observation_materializes_cell
edge:dc97e31d226a3045c918,47d90586efc06a98bf7c,e1b0789586e00bf30299,7ba29f3a45abe1301651,bps_webapi,4,observation_materializes_cell
edge:d99bba9b0fbee86ce10a,02c1eb5241fdffa603e8,e1bdf17b9153712dde9b,7ba29f3a45abe1301651,bps_webapi,4,observation_materializes_cell
edge:f84c217468aa3a9749fa,389cb6c49d4d9ee04312,e1c01f231774c07839c6,7ba29f3a45abe1301651,bps_webapi,4,observation_materializes_cell
edge:e78b751d839776440245,925139b154444d7582eb,e1ce6ac8101d6fba88ef,7ba29f3a45abe1301651,bps_webapi,4,observation_materializes_cell
edge:a5d35dd732f0b88895b8,be6835c720d1d1c29551,e1ce6ac8101d6fba88ef,aa7252a58f41161c17c3,bps_tpb_2024,1,observation_materializes_cell
edge:38f619087179f9d65c6d,235c8806ac1bad5dc026,e1d58d0ab39aa848f24c,7ba29f3a45abe1301651,bps_webapi,4,observation_materializes_cell
edge:d41b4eaf1ca6864bdc83,92c5ac64298245e9312d,e1f50bbfa6b1de41927d,7ba29f3a45abe1301651,bps_webapi,4,observation_materializes_cell
edge:a7630943f36492839735,91c611fa15e63869b7d0,e201108db7d929621a6e,7ba29f3a45abe1301651,bps_webapi,4,observation_materializes_cell
edge:8774865970d6df76204b,d4209e83c146f0eab487,e210579bc5c3063e89b6,7ba29f3a45abe1301651,bps_webapi,4,observation_materializes_cell
edge:0f39c0eced437cb07abb,363062e0335ef8dfeded,e210579bc5c3063e89b6,aa7252a58f41161c17c3,bps_tpb_2024,1,observation_materializes_cell
edge:a77ef1817212b11a6c95,09d0d2bb9d6dc0250715,e213b3c52a14aebd5d97,7ba29f3a45abe1301651,bps_webapi,4,observation_materializes_cell
edge:84d7712ab96b91a9f9e2,1bfe0f21860ada159e89,e22ad9335904c9fc1b70,aa7252a58f41161c17c3,bps_tpb_2024,1,observation_materializes_cell
edge:bd3b3562b962c6cf6501,4c3e2e6dce4598adfd9d,e22ad9335904c9fc1b70,b132d2fab33291e0733e,bps_webapi,3,observation_materializes_cell
edge:3a2bb7950580311209a3,a80684e63265017d1509,e2336527ae260f2693a2,aa7252a58f41161c17c3,bps_tpb_2024,1,observation_materializes_cell
edge:5e04cda6d8ba76b9892d,5822e890c660384b96ed,e2336527ae260f2693a2,b132d2fab33291e0733e,bps_webapi,3,observation_materializes_cell
edge:e664651d77f25071bf00,29ea1bb67d90d887be3c,e234dbb456849d6285bd,7ba29f3a45abe1301651,bps_webapi,4,observation_materializes_cell
edge:77b96514a3f4e1a61e1f,15b2b98fb0a471aa0923,e235e32b0974b96a9e63,9ab2011a3892edfac889,bps_tpb_2025,2,observation_materializes_cell
edge:ba007913092978d763a4,6d7793f966916f8c09f2,e2488ddedb649ada4fae,7ba29f3a45abe1301651,bps_webapi,4,observation_materializes_cell
edge:7d0450df6646ae5d8d16,14e33f42e409d127d586,e25d0c02071615a8fc93,7ba29f3a45abe1301651,bps_webapi,4,observation_materializes_cell
edge:eecb9012764449dcbd60,30df5a478f9793eec795,e25fdf4f541e191a8a6d,7ba29f3a45abe1301651,bps_webapi,4,observation_materializes_cell
edge:f448971c83ba69d614b3,76894585e0b5494a6e52,e266c2a13a568c1014a4,7ba29f3a45abe1301651,bps_webapi,4,observation_materializes_cell
edge:475b9c1137d1d0d51d85,105b2dacf24997efe634,e2776d57b39bb63b2833,7ba29f3a45abe1301651,bps_webapi,4,observation_materializes_cell
edge:328d057ae9337f84d928,dda14aff74c2501c5b93,e2863681782dbc6b403f,aa7252a58f41161c17c3,bps_tpb_2024,1,observation_materializes_cell
edge:c973ddab4a2b3e6e288e,2bbedffec458fd23795f,e2863681782dbc6b403f,b132d2fab33291e0733e,bps_webapi,3,observation_materializes_cell
edge:93e6c67f18b47e817799,7fcdebe5d28652952ff8,e28f7ebe660f2e13cb76,7ba29f3a45abe1301651,bps_webapi,4,observation_materializes_cell
edge:b1beed4776dab1c8693e,ec72f573d22dcef4ad1a,e2a3116cb9fa15a57ecb,7ba29f3a45abe1301651,bps_webapi,4,observation_materializes_cell
edge:fa0efcdbcb4d84594a94,32d0680b9ec24518a6d5,e2a7c61b344f2ec32b2f,7ba29f3a45abe1301651,bps_webapi,4,observation_materializes_cell
edge:2d85981ae68839bc26f0,e89c48c56a1d72cedff1,e2b279e28421d0fd544f,7ba29f3a45abe1301651,bps_webapi,4,observation_materializes_cell
edge:ea64cadf4906f36b7eb3,40795f52b788026a0761,e2b279e28421d0fd544f,aa7252a58f41161c17c3,bps_tpb_2024,1,observation_materializes_cell
edge:183f58dadbd31c0cf03c,0a0f686016d81a588e33,e2bf8957dace62248921,7ba29f3a45abe1301651,bps_webapi,4,observation_materializes_cell
edge:1515faec4369b2db4217,d91973e452e7ea316033,e2c06942543ed2e3c777,7ba29f3a45abe1301651,bps_webapi,4,observation_materializes_cell
edge:5a040a909a85210bd25d,9d1c951c112b7f729030,e2c0fc9f7fe0f61823bd,7ba29f3a45abe1301651,bps_webapi,4,observation_materializes_cell
edge:1fcd7a21e1a28e0e26a2,89c1e53e71313004260c,e2c0fc9f7fe0f61823bd,aa7252a58f41161c17c3,bps_tpb_2024,1,observation_materializes_cell
edge:d89680ae11be80f5334c,b5adb83a4c954286f053,e2c9cf2b28dc843bd4e4,7ba29f3a45abe1301651,bps_webapi,4,observation_materializes_cell
edge:2dce90c6795a2b7f61b2,2ff89d63db51dfca8512,e2d8a3528338fbb53af6,7ba29f3a45abe1301651,bps_webapi,4,observation_materializes_cell
edge:67bbec0ffa57927dfdfe,8892e808331f71e4b3ad,e3380aa7f885a60e3154,7ba29f3a45abe1301651,bps_webapi,4,observation_materializes_cell
edge:3c7763c77e5ec026820c,014d8444bf2d4f2c5e12,e33d2c4bf3f21ac7ed6f,7ba29f3a45abe1301651,bps_webapi,4,observation_materializes_cell
edge:c579cc4a0abf2f3c0e66,5b9abfc9cfb1656de6f4,e33e2f8351747300cba7,7ba29f3a45abe1301651,bps_webapi,4,observation_materializes_cell
edge:63982fdf5f2a6c95f329,27f750d142897641b3b1,e33e2f8351747300cba7,aa7252a58f41161c17c3,bps_tpb_2024,1,observation_materializes_cell
edge:c838cdecba49d083042a,ed4c2a026576a2e30146,e344299cb9e101012d06,7ba29f3a45abe1301651,bps_webapi,4,observation_materializes_cell
edge:2740e13d3de270d5d981,eaa7251fe6a5523ed1de,e35268d1cc358c57ca7c,7ba29f3a45abe1301651,bps_webapi,4,observation_materializes_cell
edge:8e8258dace354a16ad2c,9c312c4cb298f7ad922d,e363bdbf6eda26b56198,7ba29f3a45abe1301651,bps_webapi,4,observation_materializes_cell
edge:44b31706003313447c32,c1390008e5924ccad8bf,e368811ab20e6c787162,7ba29f3a45abe1301651,bps_webapi,4,observation_materializes_cell
edge:7c6f9ef5968d41a177c2,d38329cb679496467664,e36f97001715d535a700,7ba29f3a45abe1301651,bps_webapi,4,observation_materializes_cell
edge:c7b4a345751325070576,b7336c65aa0856660ddb,e36fa4da2a6ba01c1e07,7ba29f3a45abe1301651,bps_webapi,4,observation_materializes_cell
edge:9db76de91f973463263a,17c521a755b59a076f85,e36fa4da2a6ba01c1e07,aa7252a58f41161c17c3,bps_tpb_2024,1,observation_materializes_cell
edge:a05307b264ca256c2627,b379a0726c266e19db09,e38e6dbe1fa52d803f34,7ba29f3a45abe1301651,bps_webapi,4,observation_materializes_cell
edge:10e40106e47614542851,d2e1ac1c7b99fa994481,e38f25e387cd273ffe15,aa7252a58f41161c17c3,bps_tpb_2024,1,observation_materializes_cell
edge:4f4ac00c140fc8ac96a1,507b98c869066e4baea0,e38f25e387cd273ffe15,b132d2fab33291e0733e,bps_webapi,3,observation_materializes_cell
edge:ff2f619d62d5ac5886f0,999ec665fd4ad3393a55,e3a8868dd0e95e586c3c,aa7252a58f41161c17c3,bps_tpb_2024,1,observation_materializes_cell
edge:2df964d878b7cf7c9703,073b28203d2eaeb13de7,e3a8868dd0e95e586c3c,b132d2fab33291e0733e,bps_webapi,3,observation_materializes_cell
edge:7082a2ff8ce359d5578b,dcadaa5c1af0a539c285,e3c77d053c8fbcc27d8b,7ba29f3a45abe1301651,bps_webapi,4,observation_materializes_cell
edge:34b67fff5768653a8434,218aeddeb665b26f145a,e3d135901019205f549a,7ba29f3a45abe1301651,bps_webapi,4,observation_materializes_cell
edge:82ff008c97e77225e45b,07f4c730c591e5c1f22a,e3d5eb7460374340f4f8,7ba29f3a45abe1301651,bps_webapi,4,observation_materializes_cell
edge:6da10fac89830f6f22d9,2ce22964be6ea43c145b,e3e18ff9ed7ac4e7f56c,7ba29f3a45abe1301651,bps_webapi,4,observation_materializes_cell
edge:168435efc88a5f43674f,499b51687ccf1e6d758b,e41965eb5443b0928848,7ba29f3a45abe1301651,bps_webapi,4,observation_materializes_cell
edge:fdec3c35b67afb654c0c,751d15cdca8edb561c61,e42e1b8217ab5c261936,7ba29f3a45abe1301651,bps_webapi,4,observation_materializes_cell
edge:bf34e69244f72b690729,b31f8a61f709bd79d1ce,e42e1b8217ab5c261936,aa7252a58f41161c17c3,bps_tpb_2024,1,observation_materializes_cell
edge:b71ea6d1edd64b292f7a,3661dae0d811f181d4a5,e42e7f2e3bb0770cd97f,7ba29f3a45abe1301651,bps_webapi,4,observation_materializes_cell
edge:c5f4fa7c5a53ec4f7ce9,884fd08b9bf9362883ee,e439872348dc76c68985,7ba29f3a45abe1301651,bps_webapi,4,observation_materializes_cell
edge:8d3e2fee4f9755119086,2728c63909ac5e875d1b,e43ef5a51df83dab9bd4,7ba29f3a45abe1301651,bps_webapi,4,observation_materializes_cell
edge:b1e73e07547013dfa610,6dee2e7112564a0afe60,e449cba8251cef8f334d,7ba29f3a45abe1301651,bps_webapi,4,observation_materializes_cell
edge:81145306727abf86a338,5a8a837ccf1571f7b237,e44e0089b17b33c76026,7ba29f3a45abe1301651,bps_webapi,4,observation_materializes_cell
edge:26e5aee14e092ccbcea6,cf6e6a3f28a34d581e31,e4659adf4fa5c4c1cfd8,7ba29f3a45abe1301651,bps_webapi,4,observation_materializes_cell
edge:6c292e96c8b76615f498,87aad9f9263ff5b8a9b8,e4659adf4fa5c4c1cfd8,aa7252a58f41161c17c3,bps_tpb_2024,1,observation_materializes_cell
edge:e9ccc26a0ccd6df0029d,b6b53f7a529710de4483,e4730bec8def8b4d8646,7ba29f3a45abe1301651,bps_webapi,4,observation_materializes_cell
edge:70447daccb5c2608cf8d,a77d929d7696c29bd283,e48ae1182db8fc14d204,7ba29f3a45abe1301651,bps_webapi,4,observation_materializes_cell
edge:ca0bda2f19db20630a09,95307610c19fa5fed2f0,e4982bb0d13ac08094aa,7ba29f3a45abe1301651,bps_webapi,4,observation_materializes_cell
edge:e736654947ee5cc84e48,f4b6cbcb460eaef0f82e,e4982bb0d13ac08094aa,aa7252a58f41161c17c3,bps_tpb_2024,1,observation_materializes_cell
edge:c9610957452d6a66eb11,3f6bea271199fcb2a94f,e4ade00f844a69b2bd00,7ba29f3a45abe1301651,bps_webapi,4,observation_materializes_cell
edge:f965e764fcb13047c6d0,b75dbe4aa8e7e7367914,e4ae07236ce652113ea7,7ba29f3a45abe1301651,bps_webapi,4,observation_materializes_cell
edge:dcf6e8a8293f2147e8a4,537c39dad98b477e2aa0,e4b25337524edc9f59ca,7ba29f3a45abe1301651,bps_webapi,4,observation_materializes_cell
edge:5d5d818abd94e3f05e85,6a115e9b4bd567edfdf5,e4b576a2ffa512f5cf10,7ba29f3a45abe1301651,bps_webapi,4,observation_materializes_cell
edge:b27764918b31979f6fa8,8aca468b4b615003110a,e4bda131999d89602e6a,7ba29f3a45abe1301651,bps_webapi,4,observation_materializes_cell
edge:ab7960b84f4d02e7b358,092e7234cc4f962739fb,e4c650e86c1034d3419f,7ba29f3a45abe1301651,bps_webapi,4,observation_materializes_cell
edge:3a31c76a670be6545382,43ea086a2eed608c37b6,e4c7927f176297054db4,7ba29f3a45abe1301651,bps_webapi,4,observation_materializes_cell
edge:df2dfe626f94f68f6e66,5e9cd9cb98c4bb3bde33,e4c7927f176297054db4,aa7252a58f41161c17c3,bps_tpb_2024,1,observation_materializes_cell
edge:5e89aaf275b35d16c945,1c245c241299397a5d82,e4d1706a65c4aa689d12,7ba29f3a45abe1301651,bps_webapi,4,observation_materializes_cell
edge:3cdb5b7e96ca23772edb,1377aee6557be3e383db,e4d882de7fcd21086730,7ba29f3a45abe1301651,bps_webapi,4,observation_materializes_cell
edge:53f8a6bee2302297f8da,6fdeaa5ba97917048543,e4d882de7fcd21086730,9ab2011a3892edfac889,bps_tpb_2025,2,observation_materializes_cell
edge:52143f0301c6797f5fc4,67f200bcf2ef7ff97c51,e4d882de7fcd21086730,aa7252a58f41161c17c3,bps_tpb_2024,1,observation_materializes_cell
edge:7e94de9673ff7b6ede9c,7b0d36f42d4be816aa6c,e4dc0bfc4e6a3d540d9c,7ba29f3a45abe1301651,bps_webapi,4,observation_materializes_cell
edge:3f9a3dabc912275fad5c,572011e6573f091ebd98,e4dc0bfc4e6a3d540d9c,aa7252a58f41161c17c3,bps_tpb_2024,1,observation_materializes_cell
edge:1943beecefcf25e4649f,ea03aa346e42d784f558,e4df4f7257b3583e0c4a,7ba29f3a45abe1301651,bps_webapi,4,observation_materializes_cell
edge:0ed56c11572ef4fb4fe0,c2a55284c36a79c9c01e,e4e0a2467bb328d2ae47,7ba29f3a45abe1301651,bps_webapi,4,observation_materializes_cell
edge:f1198bab381ec856a04c,8990d8d14c1adbc383e3,e4e1219a9e0b11570ddc,7ba29f3a45abe1301651,bps_webapi,4,observation_materializes_cell
edge:4a77ad980f54049c7fc5,6e60a9af12114585f0f7,e4e934d5068b26bf3066,7ba29f3a45abe1301651,bps_webapi,4,observation_materializes_cell
edge:4ddd553e78d986ca2cdd,25d871d57fba60eae62f,e4f6b398c6d337853515,7ba29f3a45abe1301651,bps_webapi,4,observation_materializes_cell
edge:4d8ffea44a1ae04d2706,5e5767191814e4f09a6b,e4fd5ec8cbd5b4784d0d,7ba29f3a45abe1301651,bps_webapi,4,observation_materializes_cell
edge:db58b6201c890593445a,049a18f06c5773a1f73b,e503f821f72f2c092207,7ba29f3a45abe1301651,bps_webapi,4,observation_materializes_cell
edge:aa33a87aa830772eccb4,78570b55cad2d79b131a,e503f821f72f2c092207,aa7252a58f41161c17c3,bps_tpb_2024,1,observation_materializes_cell
edge:34ede2fdc6c16204d7b9,b6b7c3f9847861b217d3,e5109114ffe286794d60,7ba29f3a45abe1301651,bps_webapi,4,observation_materializes_cell
edge:94d8217c01eb978a7203,20c4ccd2e687fd76c2fc,e5109114ffe286794d60,aa7252a58f41161c17c3,bps_tpb_2024,1,observation_materializes_cell
edge:6ce03f95b4f6bff373ff,2d94231ed9375ec3a581,e514861dda18498bd8c5,aa7252a58f41161c17c3,bps_tpb_2024,1,observation_materializes_cell
edge:ca303b6c16baefeac0ca,74c5b31d1fa318d9e13e,e514861dda18498bd8c5,b132d2fab33291e0733e,bps_webapi,3,observation_materializes_cell
edge:cf5474b8273f4f0add56,618c3092795f8126ef30,e535965cf120e47a720f,7ba29f3a45abe1301651,bps_webapi,4,observation_materializes_cell
edge:03e778fe57f5d528e01c,0a5d32872a3949f5986d,e535ad2f54bb0e588b34,7ba29f3a45abe1301651,bps_webapi,4,observation_materializes_cell
edge:6a7887628a87da89b3cd,277340e6c3499cd16cce,e53a207ba7663873866f,7ba29f3a45abe1301651,bps_webapi,4,observation_materializes_cell
edge:28b10d1edd7e204d13e5,e1d1ea3ff414d5426756,e57dafeac012181946d9,7ba29f3a45abe1301651,bps_webapi,4,observation_materializes_cell
edge:8a0e5bbaae9b19ec0e8d,b38af1032e3498d368c7,e586c41ebfb013fe6e31,7ba29f3a45abe1301651,bps_webapi,4,observation_materializes_cell
edge:ee89cad0da6d04b8a42b,88aeda353030ae796b32,e5894893e21e12ba9586,7ba29f3a45abe1301651,bps_webapi,4,observation_materializes_cell
edge:822d706a20b80cd70279,d00546cb17c5cffefd32,e58b47bddbe681a0db51,7ba29f3a45abe1301651,bps_webapi,4,observation_materializes_cell
edge:f3eee125a7c479ebce5d,13a675d7ecd93482ff84,e58b47bddbe681a0db51,aa7252a58f41161c17c3,bps_tpb_2024,1,observation_materializes_cell
edge:1e5645b87ae9fa74aa14,f45820c945fac67561d0,e59c72c7669e45cc19e2,7ba29f3a45abe1301651,bps_webapi,4,observation_materializes_cell
edge:df086968f5b87ffc3fa5,e641cf5b61b58695fdc2,e59c72c7669e45cc19e2,aa7252a58f41161c17c3,bps_tpb_2024,1,observation_materializes_cell
edge:b963bd6712300de4e920,7bc82c5f5bb14f85dfab,e5a09454886fda11c1f4,7ba29f3a45abe1301651,bps_webapi,4,observation_materializes_cell
edge:c7bceb43621096ecf904,e4616d643ac95d0cc40d,e5a09454886fda11c1f4,aa7252a58f41161c17c3,bps_tpb_2024,1,observation_materializes_cell
edge:54acb98f2f23ebd1d949,f91c0922efb5e6a902a0,e5aa3584f4aa3ab17665,7ba29f3a45abe1301651,bps_webapi,4,observation_materializes_cell
edge:b09ba0138eb741e626e6,bc2d1f060e252a0c2522,e5b42ca8e86dd283df7e,7ba29f3a45abe1301651,bps_webapi,4,observation_materializes_cell
edge:2224129a4ad043292853,c89423b4ed3bd435e764,e5b42ca8e86dd283df7e,aa7252a58f41161c17c3,bps_tpb_2024,1,observation_materializes_cell
edge:2f44218fdc19fbae79b7,84b0754135cb48796fc2,e5b6c7cb6ee11559022d,7ba29f3a45abe1301651,bps_webapi,4,observation_materializes_cell
edge:03267a48b24cbfa3763a,66a3a71381d7742a1c37,e5bc4790a37f3447dbbd,7ba29f3a45abe1301651,bps_webapi,4,observation_materializes_cell
edge:fd81a225e6594aef274d,0179a746f2aa7752bd28,e5c7c51b829990e5dd30,7ba29f3a45abe1301651,bps_webapi,4,observation_materializes_cell
edge:91554ccdff32b80f65ef,41ce50e68c996b459b2c,e5cb6e44c909bcfa0f02,7ba29f3a45abe1301651,bps_webapi,4,observation_materializes_cell
edge:7924aaee421d0962a1bc,b6e00cd1daaf8c006667,e5d4e0dd43f294ef31d5,7ba29f3a45abe1301651,bps_webapi,4,observation_materializes_cell
edge:d23b45dc28f1ecfa36ed,a7b7ed89dbc32e3336b4,e5d5f50bc3895dd66622,7ba29f3a45abe1301651,bps_webapi,4,observation_materializes_cell
edge:2e351598144367f33429,7c88a612e7da16c34eee,e5dfdaaed6acfa72c559,7ba29f3a45abe1301651,bps_webapi,4,observation_materializes_cell
edge:013343e9de8c38f9596a,27a5b9fbfd49b6446c1d,e5e2d17900115cdaa0a5,7ba29f3a45abe1301651,bps_webapi,4,observation_materializes_cell
edge:434fd5c611265aa141f8,049775f9e363aa996122,e5e3838702b7a868e8f2,7ba29f3a45abe1301651,bps_webapi,4,observation_materializes_cell
edge:456a81d394eccea09c61,d0561891575d58165dae,e5e3838702b7a868e8f2,aa7252a58f41161c17c3,bps_tpb_2024,1,observation_materializes_cell
edge:eb3d3fcc9618fd8a7eaf,58106d00af32724de6e2,e5e4128b601a659993f9,7ba29f3a45abe1301651,bps_webapi,4,observation_materializes_cell
edge:7e57a2520739f764ba62,d81dc2a1a81e65e67a9c,e5e6d605b9bdeae674f9,7ba29f3a45abe1301651,bps_webapi,4,observation_materializes_cell
edge:21dcccb6dfa4bd30bac4,ae8b4b4a13da68d19d50,e5e6d605b9bdeae674f9,aa7252a58f41161c17c3,bps_tpb_2024,1,observation_materializes_cell
edge:e01c1c72ef637c44ccc4,809c7540b8e3e354df6e,e5fb2f38eb99a1a39c07,7ba29f3a45abe1301651,bps_webapi,4,observation_materializes_cell
edge:e7bd39f5f7f291d18686,39c2bee7d2f45e612062,e5fd7244b96be79d04f6,7ba29f3a45abe1301651,bps_webapi,4,observation_materializes_cell
edge:037b822296e45c0093a0,ec41fd04f30546c2b574,e5fd7244b96be79d04f6,aa7252a58f41161c17c3,bps_tpb_2024,1,observation_materializes_cell
edge:ee3f50d3b856e08fc41b,405764b26b4d8369ef33,e5fe03d96e69667fc968,7ba29f3a45abe1301651,bps_webapi,4,observation_materializes_cell
edge:3284c73d314666042b8f,e0d4eff9940aff988d7e,e609257785c9c3979277,7ba29f3a45abe1301651,bps_webapi,4,observation_materializes_cell
edge:4ddbe6a6fd577c7e5944,6ee8e2f473c122ec4cfd,e60b7f2e64bd4c6de467,7ba29f3a45abe1301651,bps_webapi,4,observation_materializes_cell
edge:ca702a3fbf04cbbe9d1b,2afe068915ce7de662c9,e6119e25b49598161806,7ba29f3a45abe1301651,bps_webapi,4,observation_materializes_cell
edge:710b764848c104f1ee26,9126587b23820e35d420,e61ab290d8efdcf19674,7ba29f3a45abe1301651,bps_webapi,4,observation_materializes_cell
edge:7520896a5828c138aa96,6772fab5a775c5767c5b,e61bd73ab0f10ba73387,aa7252a58f41161c17c3,bps_tpb_2024,1,observation_materializes_cell
edge:7cc2025a29ecf781a87d,e1765d20eedd32df77c2,e61bd73ab0f10ba73387,b132d2fab33291e0733e,bps_webapi,3,observation_materializes_cell
edge:d6028719a906a9efc2df,47fa0196c59d98c511f8,e61c83431429298c5c0f,7ba29f3a45abe1301651,bps_webapi,4,observation_materializes_cell
edge:c0cc02d823ca3fc66bda,3f05029630c402f12e23,e63078061166c48ce389,aa7252a58f41161c17c3,bps_tpb_2024,1,observation_materializes_cell
edge:92419e5a5e694c776d8f,1f801e02a5642d9e7f83,e63078061166c48ce389,b132d2fab33291e0733e,bps_webapi,3,observation_materializes_cell
edge:c6b97face2ff3a39e8f8,ae70ca5354eb988dd3c4,e6359f23f73290f8ec09,aa7252a58f41161c17c3,bps_tpb_2024,1,observation_materializes_cell
edge:09a94ff35f2f73434c53,57d054bc92a2b37b807f,e6359f23f73290f8ec09,b132d2fab33291e0733e,bps_webapi,3,observation_materializes_cell
edge:08fc5ba4536f786b6f8b,15be5a731a053ccf5d90,e642f071dc372398e18a,7ba29f3a45abe1301651,bps_webapi,4,observation_materializes_cell
edge:769581be0bafeb7c77bb,f1030eec8d28f82541cc,e65093475b07f5d55601,7ba29f3a45abe1301651,bps_webapi,4,observation_materializes_cell
edge:eba8745c8555902cb0ae,b9f84cfbc83debcff1ce,e651d9bad062c9594cad,7ba29f3a45abe1301651,bps_webapi,4,observation_materializes_cell
edge:29db1f61e1f2fee835e4,20949338719e429a3686,e651f31f11c6786db177,7ba29f3a45abe1301651,bps_webapi,4,observation_materializes_cell
edge:fa1427fb51f7170ab63b,b40c32f0b8029228effe,e656f5d20e3dc4668ec5,aa7252a58f41161c17c3,bps_tpb_2024,1,observation_materializes_cell
edge:d22864edca744409e620,4a94f5511b4b70fd6361,e656f5d20e3dc4668ec5,b132d2fab33291e0733e,bps_webapi,3,observation_materializes_cell
edge:f9bd7dae5bd21a436a80,8438ac73b9125c0fc730,e6664c091d5a890d69cf,7ba29f3a45abe1301651,bps_webapi,4,observation_materializes_cell
edge:d66e90d7aed38eb1f079,0239e911dc10ee190ff9,e671f39d276867b6b789,7ba29f3a45abe1301651,bps_webapi,4,observation_materializes_cell
edge:3a59ecc949a2480476ea,fc491610b01a348013cc,e671f39d276867b6b789,aa7252a58f41161c17c3,bps_tpb_2024,1,observation_materializes_cell
edge:d6040f9230478e927d2e,62568eeba1233c68f0e6,e67a49a30e5c5dd2332a,7ba29f3a45abe1301651,bps_webapi,4,observation_materializes_cell
edge:a830fe0061737af4acbb,635277d0d2d8cb6751b2,e67a80d44ef0a7794fe9,7ba29f3a45abe1301651,bps_webapi,4,observation_materializes_cell
edge:dedf4a308dcbedbd02aa,4e1317d6e26c6558bc18,e680add89ff5655aff26,7ba29f3a45abe1301651,bps_webapi,4,observation_materializes_cell
edge:66fd72a114ae45730623,a7b11613140b7ad0ef49,e684021a5d898280cece,7ba29f3a45abe1301651,bps_webapi,4,observation_materializes_cell
edge:815c1f182f5fd00d9f59,8341eb6762c7904c9a75,e68bed286050da9e7163,7ba29f3a45abe1301651,bps_webapi,4,observation_materializes_cell
edge:a015b82ae22862266de8,e14ed4c92cee559872aa,e694e54eecdbc1b4dfba,7ba29f3a45abe1301651,bps_webapi,4,observation_materializes_cell
edge:b57896bdf0a5570dc8fe,4077fee19cf9520640d8,e696a9018ca5d9e04849,7ba29f3a45abe1301651,bps_webapi,4,observation_materializes_cell
edge:36aeb4a324422eb1cecc,5200855f1c853392343e,e6a04f9ae7a5589a89ab,7ba29f3a45abe1301651,bps_webapi,4,observation_materializes_cell
edge:458f736ae24b939d8727,615e85a481cf34785785,e6a04f9ae7a5589a89ab,aa7252a58f41161c17c3,bps_tpb_2024,1,observation_materializes_cell
edge:c8ab2710ea00b5990622,1395f1b7153af2a138f2,e6b0fdec068a57c5379a,7ba29f3a45abe1301651,bps_webapi,4,observation_materializes_cell
edge:dbebd12c5a3a588325cc,ced42de0379a323af85e,e6d371c21a019f2e3371,7ba29f3a45abe1301651,bps_webapi,4,observation_materializes_cell
edge:3cb214309eaf0b6e4e99,9c10103cf4dfca7ccb48,e6d407b156b0328bda19,7ba29f3a45abe1301651,bps_webapi,4,observation_materializes_cell
edge:165609e5372358ebe3c5,11bd1b87ac81f16126f7,e6d4744cfdb034eca9e4,7ba29f3a45abe1301651,bps_webapi,4,observation_materializes_cell
edge:8f7671b915ed75fef376,4361e657ad181b97f109,e6d513ea499789190bee,7ba29f3a45abe1301651,bps_webapi,4,observation_materializes_cell
edge:de523eeafd80ff421c4f,a9eaa1d16279f89fb048,e6d513ea499789190bee,aa7252a58f41161c17c3,bps_tpb_2024,1,observation_materializes_cell
edge:44f5105fd9292ed10e2c,f5d47219a7c32aeefeb7,e6dc1fb7b30dec7f924d,7ba29f3a45abe1301651,bps_webapi,4,observation_materializes_cell
edge:f87dd9f625bac3ac1ebb,fca19f32877fddf66b85,e6e1166a79c0707115c1,7ba29f3a45abe1301651,bps_webapi,4,observation_materializes_cell
edge:33f32bf4ce5d850fb48b,a88c52a34ffb1830df1e,e7257d5801680b293874,aa7252a58f41161c17c3,bps_tpb_2024,1,observation_materializes_cell
edge:f2be5ac6eae1cab8a4d6,534900a9889fd4b4809a,e7257d5801680b293874,b132d2fab33291e0733e,bps_webapi,3,observation_materializes_cell
edge:02ab4f6a16b6ea4b0f97,ddd26446e0071d4801ea,e7295531af2b17f28254,7ba29f3a45abe1301651,bps_webapi,4,observation_materializes_cell
edge:2f71d4ab126a397c8c9e,6f6af687a89be837739e,e733835350ac7e2d1260,7ba29f3a45abe1301651,bps_webapi,4,observation_materializes_cell
edge:c3848bdc8588accaf39e,0aa082fde55ec6ae3871,e736d2b13d62e3c02710,7ba29f3a45abe1301651,bps_webapi,4,observation_materializes_cell
edge:66f575d10536d32be52f,ff0ddab143c3b8c8c62d,e73eb3fcc8518728696d,7ba29f3a45abe1301651,bps_webapi,4,observation_materializes_cell
edge:95e9b4716b0341964f03,d27a482a21517e13b519,e743e250403b4254c1b9,7ba29f3a45abe1301651,bps_webapi,4,observation_materializes_cell
edge:c0058b15655b11e82251,3154572b97ef53f54259,e743e250403b4254c1b9,aa7252a58f41161c17c3,bps_tpb_2024,1,observation_materializes_cell
edge:565c421c978c10fb126f,e21210cc6dabf5eac98c,e74f2335d1e6a3e8ebe8,7ba29f3a45abe1301651,bps_webapi,4,observation_materializes_cell
edge:5b1bc9534a94f0b2cf02,1aaf2c7cf70492ee2d12,e74ff167df9d2c134426,7ba29f3a45abe1301651,bps_webapi,4,observation_materializes_cell
edge:b0e94dceab066868fd0f,ffc7c2095ad29c045525,e76ee284b533c4e3ceaf,7ba29f3a45abe1301651,bps_webapi,4,observation_materializes_cell
edge:5038de39517191be93cf,a04a3c7ce261bf405cc9,e77369cbe8e66eefa4b4,7ba29f3a45abe1301651,bps_webapi,4,observation_materializes_cell
edge:dbd26dd7f2805d291c51,c13a5d438ce15d92da30,e77a154fd99da1ccf85f,7ba29f3a45abe1301651,bps_webapi,4,observation_materializes_cell
edge:2e961ab83b2d9d19feac,330b9d4b1aa2c90ab641,e782e693de8f539b6ab0,7ba29f3a45abe1301651,bps_webapi,4,observation_materializes_cell
edge:e465691fc62cb19e4f20,4eed2c566d05daca2236,e79554dcf51a11cd6f19,7ba29f3a45abe1301651,bps_webapi,4,observation_materializes_cell
edge:7ec053163eff4dd63f9c,6c54e35e1e4e179980ae,e7ac7a8171ef3ad9845b,7ba29f3a45abe1301651,bps_webapi,4,observation_materializes_cell
edge:9e984426bbf243ea03ea,040db78466464c7c38a2,e7ac7a8171ef3ad9845b,aa7252a58f41161c17c3,bps_tpb_2024,1,observation_materializes_cell
edge:22494d5c0fce6cfd2b3d,0f57058cd076927939be,e7af4a33ac0686c6d49d,7ba29f3a45abe1301651,bps_webapi,4,observation_materializes_cell
edge:cf44a39f736bfc9d3717,64dc25a0e9bf1d48888d,e7af4a33ac0686c6d49d,aa7252a58f41161c17c3,bps_tpb_2024,1,observation_materializes_cell
edge:1efd2fb2affffd9d9500,bd864f22590223e87c09,e7bb6c9727a9c16cf6a6,aa7252a58f41161c17c3,bps_tpb_2024,1,observation_materializes_cell
edge:5face641dc8e629cff6e,34a6390b8c06790d3d02,e7bb6c9727a9c16cf6a6,b132d2fab33291e0733e,bps_webapi,3,observation_materializes_cell
edge:24c52bb31aa432d98014,f5fa4607ec47d22b9b32,e7f707b2ff8fd4639a49,7ba29f3a45abe1301651,bps_webapi,4,observation_materializes_cell
edge:c35f3316cc41da44d322,4ff0809aa1660af2ff3f,e7fb9e89059b59825da1,7ba29f3a45abe1301651,bps_webapi,4,observation_materializes_cell
edge:17c993504451ee79a16d,b6684e5e7f7ccd407a95,e801f110821ee2999f36,7ba29f3a45abe1301651,bps_webapi,4,observation_materializes_cell
edge:d313efc64ece03ff4a7d,861fc480aec52b6451e4,e8055760d7ccd5f65354,7ba29f3a45abe1301651,bps_webapi,4,observation_materializes_cell
edge:f2f7eb85f8d778c5e02d,f4046d98c7354e2956e2,e828ad8f1c4f8fe0f188,7ba29f3a45abe1301651,bps_webapi,4,observation_materializes_cell
edge:84ae3a5ba59536ecdd0e,f5dc4da356fe2d24993c,e836618b56e279ca903c,7ba29f3a45abe1301651,bps_webapi,4,observation_materializes_cell
edge:e5b6b92567131d3c4fd3,f8555ffced4158b2efd4,e836618b56e279ca903c,aa7252a58f41161c17c3,bps_tpb_2024,1,observation_materializes_cell
edge:1640e4ed8ac3fa24884a,3c4d4c602deec8714294,e83b095391e5c4189cee,7ba29f3a45abe1301651,bps_webapi,4,observation_materializes_cell
edge:cfc1ea7a1a32f1d57f72,619acdc87164ae313f39,e83f7e716af6445a2f6d,7ba29f3a45abe1301651,bps_webapi,4,observation_materializes_cell
edge:97efa1d8c4a973287cf6,ffd9da2f7fd90f86d01d,e85a0733b1334e334719,aa7252a58f41161c17c3,bps_tpb_2024,1,observation_materializes_cell
edge:a3be407b2a8808322b07,a070bd96820f80fbf056,e85a0733b1334e334719,b132d2fab33291e0733e,bps_webapi,3,observation_materializes_cell
edge:13d6b4912fffccf6f8da,0999abe017672a470b82,e863dfa5213b346b9fad,7ba29f3a45abe1301651,bps_webapi,4,observation_materializes_cell
edge:6c2b2d3df2022bdf3af4,0ee8f530bce92153aa5b,e8970e7ca33e6eb5b809,7ba29f3a45abe1301651,bps_webapi,4,observation_materializes_cell
edge:0815cca7ed81ab5cf598,1e51c180145c0dece53a,e8a3b40f7267a3ba977f,7ba29f3a45abe1301651,bps_webapi,4,observation_materializes_cell
edge:50f0f11685b6c1b80a7f,8b0569ae84caeb72d87b,e8ae1d4ce2633aeed760,7ba29f3a45abe1301651,bps_webapi,4,observation_materializes_cell
edge:d4e7932e74ce8827f54f,45680ed79b618d6db7a1,e8c456898c24ba24e05c,7ba29f3a45abe1301651,bps_webapi,4,observation_materializes_cell
edge:aad350f643c0663dfc64,cc8f46a6d365da1bd961,e8c9ae54952e2306fbb3,aa7252a58f41161c17c3,bps_tpb_2024,1,observation_materializes_cell
edge:ca232d232cd36891e35f,0899b552c3133a7a3ad5,e8c9ae54952e2306fbb3,b132d2fab33291e0733e,bps_webapi,3,observation_materializes_cell
edge:7d1f1c27688b3615666a,7dc4dd684d27726219e5,e8d690b0fdc52fbe2dcf,aa7252a58f41161c17c3,bps_tpb_2024,1,observation_materializes_cell
edge:4c4e0b8ae0c89168c547,375d1c6212f589fbf582,e8d690b0fdc52fbe2dcf,b132d2fab33291e0733e,bps_webapi,3,observation_materializes_cell
edge:cad81eca2df37245bff8,4b4fc49e1b9065abb27c,e8d783b49cf0f2e56381,7ba29f3a45abe1301651,bps_webapi,4,observation_materializes_cell
edge:624940167317331fde12,d86f341fcf0634d9513c,e8d99ba50202a13b722e,7ba29f3a45abe1301651,bps_webapi,4,observation_materializes_cell
edge:15c3a515c53c8c80fe66,9bfd23b96b848ceafd8e,e8dc502dbb747905c497,7ba29f3a45abe1301651,bps_webapi,4,observation_materializes_cell
edge:2a8757ba9bb6f7620411,af06c7295cecd8d199f9,e8dfbda57c6fa5f45595,7ba29f3a45abe1301651,bps_webapi,4,observation_materializes_cell
edge:d30e5e0247d85c3a2809,2659f4f7279fb51682ce,e8e47534054582f0557f,7ba29f3a45abe1301651,bps_webapi,4,observation_materializes_cell
edge:4319ae1341bb8daf7713,a96ff4766de8cb8ef9d7,e8f4f7f46a7bd8fca5e1,7ba29f3a45abe1301651,bps_webapi,4,observation_materializes_cell
edge:5310fd699b8d3d0a99ad,762abc9f7df43850ace5,e91163c179cf721ba32b,7ba29f3a45abe1301651,bps_webapi,4,observation_materializes_cell
edge:ed4c69749afaa5fff195,e92f3f02379ef4a13788,e915b98481c8ff738253,7ba29f3a45abe1301651,bps_webapi,4,observation_materializes_cell
edge:de2bade61adb39edb755,fb955795c4344c1d2e8c,e9187751d36496d60981,7ba29f3a45abe1301651,bps_webapi,4,observation_materializes_cell
edge:4bd744e43eb09ed58e08,ea94fc6f7b97583add72,e924292375b1b58ae532,7ba29f3a45abe1301651,bps_webapi,4,observation_materializes_cell
edge:0d8464926fecfe6251ae,d466d5db0492de7cb9e5,e927cc9419e9879c37db,aa7252a58f41161c17c3,bps_tpb_2024,1,observation_materializes_cell
edge:b92cd33d92678231b8d1,bb578b3b4588c4e99ab2,e927cc9419e9879c37db,b132d2fab33291e0733e,bps_webapi,3,observation_materializes_cell
edge:7a9576d6d90da55f3990,fba9b7137793f6425e8f,e9285fcb310d8caaf532,aa7252a58f41161c17c3,bps_tpb_2024,1,observation_materializes_cell
edge:627663083f6cc4aafbcb,8ee598c73dbd4af103fb,e9285fcb310d8caaf532,b132d2fab33291e0733e,bps_webapi,3,observation_materializes_cell
edge:d0c52f8edc6341d4d746,45564b8bc9812a241874,e9288bf1231b53678944,7ba29f3a45abe1301651,bps_webapi,4,observation_materializes_cell
edge:e05fdd79a9b1ad3b629f,5cba4a6a9cd6f8f9b82a,e930a0e0599e76c8b709,7ba29f3a45abe1301651,bps_webapi,4,observation_materializes_cell
edge:b4330a9d6e12db988fe8,36b6bd3a14524012bc88,e930a0e0599e76c8b709,aa7252a58f41161c17c3,bps_tpb_2024,1,observation_materializes_cell
edge:7ab9d5183f346ed5babd,521f26acf76771fa2a2b,e9493618cfd57aec506d,7ba29f3a45abe1301651,bps_webapi,4,observation_materializes_cell
edge:807c2d1f20f63132cda5,7fb4ba1e9238541730aa,e955e35343b6ee8f6993,7ba29f3a45abe1301651,bps_webapi,4,observation_materializes_cell
edge:0971ef490344acc29566,a1a792b3e728bf03aba6,e9646cad6e259a2ecd45,7ba29f3a45abe1301651,bps_webapi,4,observation_materializes_cell
edge:05737515615e437504ed,d61abdb7abd1bb488881,e964b298e1da5cc9b21e,aa7252a58f41161c17c3,bps_tpb_2024,1,observation_materializes_cell
edge:1133148343a2637e99af,dd0a4686a3673748e8d1,e964b298e1da5cc9b21e,b132d2fab33291e0733e,bps_webapi,3,observation_materializes_cell
edge:c309ecb6c4aa082d552f,f8a4bd9ae458c8c6c827,e96b1ce5068aa7b5db77,7ba29f3a45abe1301651,bps_webapi,4,observation_materializes_cell
edge:a0bb85be4712811060b8,fbaa36335a9afbacf08c,e96b38537dc2b23954e7,7ba29f3a45abe1301651,bps_webapi,4,observation_materializes_cell
edge:8051bd4e6759aaa95181,0c67e7f134162240f972,e96c3d43ed57f4536a4a,aa7252a58f41161c17c3,bps_tpb_2024,1,observation_materializes_cell
edge:6414086bab6f996e51aa,a8df0f991871da6500be,e96c3d43ed57f4536a4a,b132d2fab33291e0733e,bps_webapi,3,observation_materializes_cell
edge:58d5edb60dc794ff7f79,f25f19e414bb310b1559,e970eaf4bee3b725b79f,7ba29f3a45abe1301651,bps_webapi,4,observation_materializes_cell
edge:1b664ee7df9fc60e49c1,dfe9e8f1e7dbc21d5ef1,e982dbe29d1858d22349,7ba29f3a45abe1301651,bps_webapi,4,observation_materializes_cell
edge:4e66dcea31d67f876e40,3257805e885570732ef2,e9948404477090032d99,7ba29f3a45abe1301651,bps_webapi,4,observation_materializes_cell
edge:540473dea8274a9ff295,69ae4fdcfe756728a287,e9948404477090032d99,9ab2011a3892edfac889,bps_tpb_2025,2,observation_materializes_cell
edge:59b90a55375c60b6cf07,7be71082bef4bbe38714,e997dffea33eac89b6c9,7ba29f3a45abe1301651,bps_webapi,4,observation_materializes_cell
edge:f1e650180c64ff4887ac,c3121fc0da335e8c5958,e9a4da034960285e15b8,7ba29f3a45abe1301651,bps_webapi,4,observation_materializes_cell
edge:976f2350081423855ab2,8f304961214095947f51,e9ab074cb111e73cbbc9,7ba29f3a45abe1301651,bps_webapi,4,observation_materializes_cell
edge:4a1e5ab28e9aac6f2458,37851aaaaabd83307b54,e9bc9f48aa371c75e4b4,7ba29f3a45abe1301651,bps_webapi,4,observation_materializes_cell
edge:9dd1f4efc973f14a3d01,58e4d08eebac98695d38,e9beafa738333598712f,aa7252a58f41161c17c3,bps_tpb_2024,1,observation_materializes_cell
edge:658d79d084008f38ac31,7b890784ee2e21493d87,e9beafa738333598712f,b132d2fab33291e0733e,bps_webapi,3,observation_materializes_cell
edge:4366de1fa0a5fbb7a54b,82ed3274cfb0025a7c2c,e9c781467141cebd0daf,7ba29f3a45abe1301651,bps_webapi,4,observation_materializes_cell
edge:8d66950e5800081c890a,77c7b32ae871434c41ef,e9cfa467bcce30cd539d,7ba29f3a45abe1301651,bps_webapi,4,observation_materializes_cell
edge:a6d63038a2c762e1c461,2fad1b3136c1ad25441e,e9d5d2a6618cfb8bf23f,7ba29f3a45abe1301651,bps_webapi,4,observation_materializes_cell
edge:d07aa6796b3d70b3f569,89a6db9a45db89c973d9,e9db2b9c22bdaa400c6a,7ba29f3a45abe1301651,bps_webapi,4,observation_materializes_cell
edge:6c072fa45f1260da5c38,094db2c5b3c939f1c2da,e9defa1c0905d118ba7d,7ba29f3a45abe1301651,bps_webapi,4,observation_materializes_cell
edge:0fb9403e2f2ee5264038,e20471f9ea128b50f5c9,e9e06eab2fcc6e8572bd,7ba29f3a45abe1301651,bps_webapi,4,observation_materializes_cell
edge:96550f77d81b3e2469fe,3d17f30d5ccd3bc7ed2a,e9e06eab2fcc6e8572bd,aa7252a58f41161c17c3,bps_tpb_2024,1,observation_materializes_cell
edge:8d39f15c0e3afc580e00,9dc52b6dd7163b46c1e0,e9ead56548b26a6acdf3,7ba29f3a45abe1301651,bps_webapi,4,observation_materializes_cell
edge:744ac24dd655852590ad,e820509b8fb5fcac5bfd,e9f650609d3c2057cf3d,7ba29f3a45abe1301651,bps_webapi,4,observation_materializes_cell
edge:3cc0a6d868cd86022227,e3fe2af732607682b90b,e9fffc9dd8c3b63ec19b,7ba29f3a45abe1301651,bps_webapi,4,observation_materializes_cell
edge:7346b94c39602eb11b24,d721e95e80bd71ca4cb1,ea05840c1aafd926e2b4,7ba29f3a45abe1301651,bps_webapi,4,observation_materializes_cell
edge:86c79f0bd5af398abe45,f29cb7b2cb7f3a8fe941,ea13a0dc44461777ae6d,aa7252a58f41161c17c3,bps_tpb_2024,1,observation_materializes_cell
edge:bfb7022b3ec36c257674,d78e51c461810857507b,ea13a0dc44461777ae6d,b132d2fab33291e0733e,bps_webapi,3,observation_materializes_cell
edge:e6b4d65caf32d5271195,687dee836ac0f97f8282,ea18e1c8a630ad8d3cc5,7ba29f3a45abe1301651,bps_webapi,4,observation_materializes_cell
edge:948ec1e007049c2430f1,962fa881fecf4b4a3864,ea18e1c8a630ad8d3cc5,aa7252a58f41161c17c3,bps_tpb_2024,1,observation_materializes_cell
edge:73d8a0c87e0c51f8d242,04fb2ea267bf04e4d809,ea43f335f464562abdd7,7ba29f3a45abe1301651,bps_webapi,4,observation_materializes_cell
edge:ff67bc0593281fd97908,0c05423a51b776a2cbbc,ea43f335f464562abdd7,aa7252a58f41161c17c3,bps_tpb_2024,1,observation_materializes_cell
edge:567567293927f369d2af,7738ef08df91f6c5d73b,ea5505f975bf87890a56,7ba29f3a45abe1301651,bps_webapi,4,observation_materializes_cell
edge:d8539246bb7764b651e5,12626b188b3c66fbcb0a,ea6356766894f5f39b54,aa7252a58f41161c17c3,bps_tpb_2024,1,observation_materializes_cell
edge:6e8227ef627643242d95,d951e297ec6d56bff621,ea6356766894f5f39b54,b132d2fab33291e0733e,bps_webapi,3,observation_materializes_cell
edge:671358b341b7ba9dda77,711a2e8ae8dcbd2a21cc,ea63ed204df97dd66de8,7ba29f3a45abe1301651,bps_webapi,4,observation_materializes_cell
edge:591ed9abb50814141e00,c0e48417e841b3feb535,ea6699c4a56e4aab555b,7ba29f3a45abe1301651,bps_webapi,4,observation_materializes_cell
edge:d6a456016d823de2734e,99f88ef504d8c81f68d0,ea69281fa4c2571c74bd,7ba29f3a45abe1301651,bps_webapi,4,observation_materializes_cell
edge:c5d880d34e1b1f0911e1,66f88af49b11232aea63,ea69281fa4c2571c74bd,aa7252a58f41161c17c3,bps_tpb_2024,1,observation_materializes_cell
edge:952f84fcc7a4d7e4755a,7dc527cc0965551d7a8c,ea88bd237cd1cfbedb97,7ba29f3a45abe1301651,bps_webapi,4,observation_materializes_cell
edge:1e67513758af8e3c31fe,899eb43a5d55ca1b4bea,ea9b4c1fa037e6f0420c,7ba29f3a45abe1301651,bps_webapi,4,observation_materializes_cell
edge:d8607280a51cdb54e7bb,748b646b3760fefb23be,ea9b4c1fa037e6f0420c,aa7252a58f41161c17c3,bps_tpb_2024,1,observation_materializes_cell
edge:0931d33f6faa4080a493,32832b573526301e4883,eae61329e9627dac7c91,7ba29f3a45abe1301651,bps_webapi,4,observation_materializes_cell
edge:1f8197106cf630acbc8b,ba54c318348b53303e40,eaee102459829e7369e5,7ba29f3a45abe1301651,bps_webapi,4,observation_materializes_cell
edge:d02c82ef1aa15cec0d05,39dfd7bbcb9f44113a4e,eaef87195449e1efcea3,7ba29f3a45abe1301651,bps_webapi,4,observation_materializes_cell
edge:6562a4f7824ba77ea6cb,95739b8d6b0d3e0a6ba8,eb07122f0917b1805e37,7ba29f3a45abe1301651,bps_webapi,4,observation_materializes_cell
edge:864d8f8ee7b8611cd74a,b8bc2d08170399ee3b27,eb16c1185463b3004f57,7ba29f3a45abe1301651,bps_webapi,4,observation_materializes_cell
edge:2bb2333f270e7e22bbb4,80fa6e2fd6ba64f91a94,eb19e749bb35412beef3,7ba29f3a45abe1301651,bps_webapi,4,observation_materializes_cell
edge:137e26c335a641c40f4c,c1b53a8b8e4e19130bcf,eb2108e6ecd7857c5a85,7ba29f3a45abe1301651,bps_webapi,4,observation_materializes_cell
edge:cecf62a7c87881a71cc3,129e794eeb6191470e30,eb299a9d31b57ebf9d7f,7ba29f3a45abe1301651,bps_webapi,4,observation_materializes_cell
edge:1b4c91e974faab826e96,f704f3e062f64b72bd3a,eb61b1e08e2dd5ac1d29,7ba29f3a45abe1301651,bps_webapi,4,observation_materializes_cell
edge:ebc6dd2747ba6b6dfc07,872bc71b19bf426724d6,eb725d3a0e26d505e770,7ba29f3a45abe1301651,bps_webapi,4,observation_materializes_cell
edge:3f474acf1e5981822961,55edc1d6bc91e6f010cc,eba88f6ab2964fc0db7a,aa7252a58f41161c17c3,bps_tpb_2024,1,observation_materializes_cell
edge:b3438340e28036fbac4f,8060577cae89c4acfe3f,eba88f6ab2964fc0db7a,b132d2fab33291e0733e,bps_webapi,3,observation_materializes_cell
edge:d1d1c1b84433a6558d79,5a1b11eb9dd5c7c0f517,eba8f9e0ff0034a7a77a,7ba29f3a45abe1301651,bps_webapi,4,observation_materializes_cell
edge:4007959bbd7f18dc94b4,9f2a41caa5fc3c846305,ebab784b89bbfda266fe,7ba29f3a45abe1301651,bps_webapi,4,observation_materializes_cell
edge:e88eb8acb225ae7a1c6f,87d2f9c9967a636da713,ebbdae1fa018e39e9a7e,7ba29f3a45abe1301651,bps_webapi,4,observation_materializes_cell
edge:eedadd615a66dc58e252,2fdf90e318194d0a49b8,ebc4250467784310e781,7ba29f3a45abe1301651,bps_webapi,4,observation_materializes_cell
edge:8ad0547c637be44ac196,8400953b008a897a64e9,ebe21ab8cd07f32503b4,7ba29f3a45abe1301651,bps_webapi,4,observation_materializes_cell
edge:d27b67827f22060f03b9,94ebccf51cc92d3ce367,ebe757f7c3c7e6a33726,7ba29f3a45abe1301651,bps_webapi,4,observation_materializes_cell
edge:5cde5bc18744aec5ea75,f00a993c71d66c7f23bd,ebf2bcffc72ad856f3bd,7ba29f3a45abe1301651,bps_webapi,4,observation_materializes_cell
edge:d024e03dbdd0749a26ea,f3c76370f8bf0f96857f,ebf33ec98d8dfc91e416,7ba29f3a45abe1301651,bps_webapi,4,observation_materializes_cell
edge:10762794a5d99f6f2c5b,f9519736ff41aad2af1b,ebf7c7b9b54b4461fc85,7ba29f3a45abe1301651,bps_webapi,4,observation_materializes_cell
edge:f99477f5d31cb5a2303c,340d1f44c37fd3d912a4,ec05e81318ceb6e46763,7ba29f3a45abe1301651,bps_webapi,4,observation_materializes_cell
edge:57a2e54389bf82bd76c0,b2b6d7081a62e0a3e50a,ec0a47c0415d78db9fc5,7ba29f3a45abe1301651,bps_webapi,4,observation_materializes_cell
edge:c562f7d41ee4cadfeb8a,cf42c65740c4a144add1,ec120f142c463477c6d8,aa7252a58f41161c17c3,bps_tpb_2024,1,observation_materializes_cell
edge:1f4f6514bdf99e3c51b7,30ec2143abe382a6b86c,ec120f142c463477c6d8,b132d2fab33291e0733e,bps_webapi,3,observation_materializes_cell
edge:d33e6e793648761f79a9,b02366e0e64ea0564361,ec18371719f04097eae1,7ba29f3a45abe1301651,bps_webapi,4,observation_materializes_cell
edge:e9647f37dbb26593d041,797045033f431f654d60,ec18c15753f2b035b8be,7ba29f3a45abe1301651,bps_webapi,4,observation_materializes_cell
edge:8b0b1580765fca359821,564ee3ddc3f9b8e763f9,ec29859b9477f2c85ccd,7ba29f3a45abe1301651,bps_webapi,4,observation_materializes_cell
edge:9611f6ebec149a0afa70,44088ef1aec159014be3,ec37e28a17c5b9ab0bec,7ba29f3a45abe1301651,bps_webapi,4,observation_materializes_cell
edge:9320cc29c431b9f6248b,634006994be77a70ead9,ec386597d4bc4ce6685a,7ba29f3a45abe1301651,bps_webapi,4,observation_materializes_cell
edge:9fbb1e8e69f2354aa2ca,e98b0445813ebb0c0df4,ec459da25f565174c923,aa7252a58f41161c17c3,bps_tpb_2024,1,observation_materializes_cell
edge:e84111d6f7ab2241ccea,ec310e4295fa79c2bc73,ec459da25f565174c923,b132d2fab33291e0733e,bps_webapi,3,observation_materializes_cell
edge:a937e34d9c673e3e820c,4771fd8dcda253ed68bb,ec5af789b73a69edc90b,7ba29f3a45abe1301651,bps_webapi,4,observation_materializes_cell
edge:d339ae43ca8670169608,e90d62b521e0637606a0,ec969a4915ca1d825c8a,7ba29f3a45abe1301651,bps_webapi,4,observation_materializes_cell
edge:ea33bf823031d22c2d8e,f6e40ddc638dbfcc4de6,ec969a4915ca1d825c8a,aa7252a58f41161c17c3,bps_tpb_2024,1,observation_materializes_cell
edge:7b7aa12f93a80dbe7352,2f2c269916c1464c3a74,eca162aa29375a4280fd,7ba29f3a45abe1301651,bps_webapi,4,observation_materializes_cell
edge:d3725f42dc62ad2f7d42,9bd6645fed0eb7757c44,ecaac7dfa3825a885942,7ba29f3a45abe1301651,bps_webapi,4,observation_materializes_cell
edge:920bb8a41b6387975fc3,61573a38d9d3644b37a7,ecb1f4a1342a68e3d1a6,7ba29f3a45abe1301651,bps_webapi,4,observation_materializes_cell
edge:92f0b5506c0b3cd0f647,90ed3710152fc75f2970,ecbab7d973da82324dd6,7ba29f3a45abe1301651,bps_webapi,4,observation_materializes_cell
edge:bda8c438e7c97fd501f7,da6ebd7e4be4133cea69,ecbbff178e6f0a9bf199,7ba29f3a45abe1301651,bps_webapi,4,observation_materializes_cell
edge:87bfcf5dce374c6a0c3f,5d471e8c0c26cb5da5aa,eccde741fc65f1902369,7ba29f3a45abe1301651,bps_webapi,4,observation_materializes_cell
edge:027ff32c7c6d266b144b,885be2ec435f636e59a2,ecd4fa8d641c8eec447b,aa7252a58f41161c17c3,bps_tpb_2024,1,observation_materializes_cell
edge:c0becd91a4f7f3ab1ddc,5865c80c5abb2d05e5a5,ecd4fa8d641c8eec447b,b132d2fab33291e0733e,bps_webapi,3,observation_materializes_cell
edge:ddd6640282734813c3b2,b8cc33dddf7918e5c584,ece43815751a8cc447a7,7ba29f3a45abe1301651,bps_webapi,4,observation_materializes_cell
edge:54ccee9c7a196cc74be1,960b6b71012fcc28e43b,ece9504f83f321dd9602,7ba29f3a45abe1301651,bps_webapi,4,observation_materializes_cell
edge:e56b131ecf6129f7ffb5,e52b2b72ca8b67dc3a0c,eceb7854db02d4f21c40,7ba29f3a45abe1301651,bps_webapi,4,observation_materializes_cell
edge:0c4cf64577783adff432,462fc16cf812b483db76,ecf7feb188bfcfe8f3d1,7ba29f3a45abe1301651,bps_webapi,4,observation_materializes_cell
edge:9bfc754bfdc0e0313ac0,f9765f36bdd98d3c031b,ecf8d8e28cd0c9473121,7ba29f3a45abe1301651,bps_webapi,4,observation_materializes_cell
edge:4bfa452e67219ab2c63c,26d50ae821fb829fc25e,ecf8d8e28cd0c9473121,aa7252a58f41161c17c3,bps_tpb_2024,1,observation_materializes_cell
edge:646100cbb9471ffe5d72,ad14e6d4f927e700a26e,ed02ea9e102898a62e1e,aa7252a58f41161c17c3,bps_tpb_2024,1,observation_materializes_cell
edge:e7cd2ecaaa5ffd702e5c,9ae3b6a88894494b5255,ed02ea9e102898a62e1e,b132d2fab33291e0733e,bps_webapi,3,observation_materializes_cell
edge:a92b885c7c5d9cc40b1c,9325d735cb96f610c2af,ed05edbf68fc23db6b63,7ba29f3a45abe1301651,bps_webapi,4,observation_materializes_cell
edge:0977d82b5ef626c34dd4,3a0a90c137fada8c9e11,ed0e12efeadb48d56a0f,7ba29f3a45abe1301651,bps_webapi,4,observation_materializes_cell
edge:352b6507707e33d45bb4,931d51f49718481bedd6,ed3c7bcc384038d0fef3,7ba29f3a45abe1301651,bps_webapi,4,observation_materializes_cell
edge:219682876fc16790b21a,e7745e7d7fd45532652c,ed450f82dd49f0b7390a,7ba29f3a45abe1301651,bps_webapi,4,observation_materializes_cell
edge:d9b3e3e3acc57f0114a5,44a44faf4b92713db7ff,ed50703f60cf834c0d9c,aa7252a58f41161c17c3,bps_tpb_2024,1,observation_materializes_cell
edge:d4c29de354f9583986f4,5c2689541206cec54032,ed50703f60cf834c0d9c,b132d2fab33291e0733e,bps_webapi,3,observation_materializes_cell
edge:9d26b102dead7cc3935b,fb5dd729f68f6d8eb1f7,ed57fee56dcd28e7dd99,7ba29f3a45abe1301651,bps_webapi,4,observation_materializes_cell
edge:6b929700d9be7fa4dbf7,ae545706c70db8848eee,ed5a05c7d1ec70acab01,7ba29f3a45abe1301651,bps_webapi,4,observation_materializes_cell
edge:b92614b738c5291c4aeb,11b245c838ad335eabb5,ed5a1c9431e672ad27bf,7ba29f3a45abe1301651,bps_webapi,4,observation_materializes_cell
edge:d4f99c5cd2afd7ddf4a3,0decc4b9b072d19ba180,ed5a1c9431e672ad27bf,aa7252a58f41161c17c3,bps_tpb_2024,1,observation_materializes_cell
edge:75e28504f02544156672,01e56c7f9f68acb43cea,ed5dc52d4823aff98757,7ba29f3a45abe1301651,bps_webapi,4,observation_materializes_cell
edge:b848c023488023e7309c,38e482a691a8478fb957,ed603b6d04789b2f543f,7ba29f3a45abe1301651,bps_webapi,4,observation_materializes_cell
edge:1a23fd580672509c449c,05a29eda40e358336d21,ed612f4b54f9e7e38cab,7ba29f3a45abe1301651,bps_webapi,4,observation_materializes_cell
edge:5cec2439fb605b14377c,e9f4dedba54a14216556,ed674610ece12eaae0e2,7ba29f3a45abe1301651,bps_webapi,4,observation_materializes_cell
edge:0dbb2556eb2d92c3defd,0c6e190d09d2d2ce6c29,ed674610ece12eaae0e2,aa7252a58f41161c17c3,bps_tpb_2024,1,observation_materializes_cell
edge:ace936885f3ac06d31f0,f6ea13ed12196f1eb54a,ed688ea01e8d2a26f809,7ba29f3a45abe1301651,bps_webapi,4,observation_materializes_cell
edge:72bffbf422cc6cac9f3d,9ed7abd9ec2734a5acd5,ed73c323948ec7402bda,7ba29f3a45abe1301651,bps_webapi,4,observation_materializes_cell
edge:ad4511e235ba16c531fe,dc4f156ab60b649dd082,ed81091cbbbcba841881,7ba29f3a45abe1301651,bps_webapi,4,observation_materializes_cell
edge:b3483927ef5236a43ff7,fa841d85d544acdd40d5,ed81091cbbbcba841881,aa7252a58f41161c17c3,bps_tpb_2024,1,observation_materializes_cell
edge:f9a0c7653b6a304a742e,55e5852743de7aab779c,eda75f0f16e1e50e22e5,7ba29f3a45abe1301651,bps_webapi,4,observation_materializes_cell
edge:373cb8cd4ae82ad3ba87,95f59d3767e54916b28b,edadf5dac3aa67bbf6fa,7ba29f3a45abe1301651,bps_webapi,4,observation_materializes_cell
edge:b9ae4f9ba4d926c067b1,d21bf53885ac82242db5,edb37b4b6fc806bba840,7ba29f3a45abe1301651,bps_webapi,4,observation_materializes_cell
edge:e4f561f70a647b379c34,5c68d4eb6d9e8b60f9d8,edc4c8cbe745e4366ecf,aa7252a58f41161c17c3,bps_tpb_2024,1,observation_materializes_cell
edge:0b3a71048ff6453673b9,96b0abb6a2af11616628,edc4c8cbe745e4366ecf,b132d2fab33291e0733e,bps_webapi,3,observation_materializes_cell
edge:42436661d5d75e393a86,b2718fa56ce5ecf468b8,edc6a80da9b6ea8f7c1c,7ba29f3a45abe1301651,bps_webapi,4,observation_materializes_cell
edge:2435fce55ba8326c189e,e411161bf087b1013049,edcbac4e27fda2e07c6d,7ba29f3a45abe1301651,bps_webapi,4,observation_materializes_cell
edge:39c188d0403f15c22ed9,42b37726b36f13da02e7,ede1fb9a4a7fe08bdc7b,aa7252a58f41161c17c3,bps_tpb_2024,1,observation_materializes_cell
edge:32000b60b2bcf8c5159a,643f878722be2abb52e0,ede1fb9a4a7fe08bdc7b,b132d2fab33291e0733e,bps_webapi,3,observation_materializes_cell
edge:583f40a990e77b8875a3,058ff38a23bc0e269a5c,edfcf5a61a586e6a2177,7ba29f3a45abe1301651,bps_webapi,4,observation_materializes_cell
edge:3b406aa14bb2ce4ddb53,0814a5cf96aa04d0d301,ee0bb522b6e26d1868e2,7ba29f3a45abe1301651,bps_webapi,4,observation_materializes_cell
edge:4c35b9cbd4cc74360082,de950328231c3f8db967,ee0c66a39c7861de3f62,7ba29f3a45abe1301651,bps_webapi,4,observation_materializes_cell
edge:23cdbdd2f11d9f4af20a,980f1eb0cbba35167b92,ee1d9da9ba6d77501ee8,7ba29f3a45abe1301651,bps_webapi,4,observation_materializes_cell
edge:70116ea3cddcb4d4a127,637d647299f67489789b,ee222aca5d970d1a4ca5,aa7252a58f41161c17c3,bps_tpb_2024,1,observation_materializes_cell
edge:abbaa14b028493f5eeed,48ab43450394665bae50,ee222aca5d970d1a4ca5,b132d2fab33291e0733e,bps_webapi,3,observation_materializes_cell
edge:0a7925eb9a39956e5298,73562ed77a172390a2e7,ee29a0711fb6854d9681,aa7252a58f41161c17c3,bps_tpb_2024,1,observation_materializes_cell
edge:9734e5295cedb7aa894a,5d99ad6df2c242502d79,ee29a0711fb6854d9681,b132d2fab33291e0733e,bps_webapi,3,observation_materializes_cell
edge:b9da41181ebc5880f40f,ce5c71ae5f957f4c3883,ee2a3ee19f7c1a6ea5e9,7ba29f3a45abe1301651,bps_webapi,4,observation_materializes_cell
edge:d35c5748087e89651a86,465547285dcf1e14e214,ee3e81aee6a6a1a2f5ab,7ba29f3a45abe1301651,bps_webapi,4,observation_materializes_cell
edge:e75577e18a6540e50e0e,37e2b3eaea5c941e8481,ee717274e9fdf3e08775,aa7252a58f41161c17c3,bps_tpb_2024,1,observation_materializes_cell
edge:862798b539913114ca46,c9b71c4def7f9696bf96,ee82670d2b06bf1d902b,7ba29f3a45abe1301651,bps_webapi,4,observation_materializes_cell
edge:d0fc92a6a593490b35f3,d8d81823357238fa19c8,ee8367b757913bf19888,7ba29f3a45abe1301651,bps_webapi,4,observation_materializes_cell
edge:e51b8ce98f9261b2ed02,2de949c1ab85e6fd32a0,ee8a494e2a0f20b482a1,7ba29f3a45abe1301651,bps_webapi,4,observation_materializes_cell
edge:2f88de635a4be27d4b5f,fe36d8106867e27694a8,ee9478db98a2684a627d,7ba29f3a45abe1301651,bps_webapi,4,observation_materializes_cell
edge:d49ff498885b3c7765d0,d226b2dd41b6db8deb02,eeb4acd4affd6ca5cce5,7ba29f3a45abe1301651,bps_webapi,4,observation_materializes_cell
edge:ad177da06ae5be7083fa,6a10443ce701a69ee39a,eeb4acd4affd6ca5cce5,aa7252a58f41161c17c3,bps_tpb_2024,1,observation_materializes_cell
edge:87ff3647b3a923b75756,09660b9b1463fd55e301,eed7f98cd184e6ddbe24,7ba29f3a45abe1301651,bps_webapi,4,observation_materializes_cell
edge:2eed2f6d3cef34304e19,74c8823b5023759497e4,eed86394682aff1aa2f2,7ba29f3a45abe1301651,bps_webapi,4,observation_materializes_cell
edge:8a057d325cbd0823fe56,4a1309fec97b4174ad34,eedad6c1318755c93eb7,7ba29f3a45abe1301651,bps_webapi,4,observation_materializes_cell
edge:8f74361a28dcf2a278a8,b2d08baa31807a1d9ea9,eedc7452d7755bd57547,7ba29f3a45abe1301651,bps_webapi,4,observation_materializes_cell
edge:ca4ffc1abf6710f53a84,1a34570a43bc5bf44852,eef1e7c2c6eb65aedb31,7ba29f3a45abe1301651,bps_webapi,4,observation_materializes_cell
edge:701b8b6e57f2cc45850d,d82e3c6d26fd4bb70955,eef1eb2f0a45adfaed8d,7ba29f3a45abe1301651,bps_webapi,4,observation_materializes_cell
edge:942175165d4104c2ca15,c6ddd94e149824b6d9e8,eef52617468db9c4cb26,7ba29f3a45abe1301651,bps_webapi,4,observation_materializes_cell
edge:bcbf3bc6630361774193,040ed099c7bb1086b928,eef76d15ca9e6b865e7b,7ba29f3a45abe1301651,bps_webapi,4,observation_materializes_cell
edge:189e915859b5d47a73cf,1d8f111323a687b17e98,eefaa36252c226f4fe98,7ba29f3a45abe1301651,bps_webapi,4,observation_materializes_cell
edge:d8055e5bc5d22111efbd,b1c563164d68aa50b870,ef09677de62ab19990fc,7ba29f3a45abe1301651,bps_webapi,4,observation_materializes_cell
edge:11318f50323adefc4762,54f4dfb77a7bc53584bc,ef15e06e3c8705a7975a,7ba29f3a45abe1301651,bps_webapi,4,observation_materializes_cell
edge:d1df47cec266910e1fbf,4c1dc2e63a1c77d658a5,ef1bd209bcd07ec46303,7ba29f3a45abe1301651,bps_webapi,4,observation_materializes_cell
edge:c1edfa7f892aed936bf4,1517bc3edd9c97f19d3a,ef24679fbbf1683deb55,7ba29f3a45abe1301651,bps_webapi,4,observation_materializes_cell
edge:7dffa3c06c82ef790eba,2cc58ce89d223c51ea3e,ef29b327fd9b94c09854,aa7252a58f41161c17c3,bps_tpb_2024,1,observation_materializes_cell
edge:02c39665d358efe75a54,9ea3e6e29bd6a5ffa4cf,ef29b327fd9b94c09854,b132d2fab33291e0733e,bps_webapi,3,observation_materializes_cell
edge:2281c85dad4ee9883092,51cc515addc13c88ef8a,ef2ce840129abd78e030,7ba29f3a45abe1301651,bps_webapi,4,observation_materializes_cell
edge:2c632321e6f3d5498882,ec1cfd6cff82d60a42a6,ef2ce840129abd78e030,aa7252a58f41161c17c3,bps_tpb_2024,1,observation_materializes_cell
edge:fef7225d9ced5134ee40,7ef02dc32e87347f35c7,ef3132492ca90a4ea203,7ba29f3a45abe1301651,bps_webapi,4,observation_materializes_cell
edge:15076e60a2de951c825a,7eed99cf36a89f77fd5e,ef569fdfed4c623c147c,7ba29f3a45abe1301651,bps_webapi,4,observation_materializes_cell
edge:5393aacf4aa54b561185,0d8793d7ca56e68f78ec,ef719fc6601c51ecd880,7ba29f3a45abe1301651,bps_webapi,4,observation_materializes_cell
edge:46ad6508d072ff1af7ad,d08957a110642a5fe844,ef74e8931fa06d0337a2,aa7252a58f41161c17c3,bps_tpb_2024,1,observation_materializes_cell
edge:21d1ed9982085fbf7be3,bb4167143daf41d64939,ef74e8931fa06d0337a2,b132d2fab33291e0733e,bps_webapi,3,observation_materializes_cell
edge:76c6335fffd849163820,007e97ca9be3194efaf4,ef88bfe081811faf33c8,7ba29f3a45abe1301651,bps_webapi,4,observation_materializes_cell
edge:c5cd454fc3129795a455,f60c5eeb9d0b3d5a33d9,ef8e6c093621b98ba77e,7ba29f3a45abe1301651,bps_webapi,4,observation_materializes_cell
edge:ea609f75f60cdcde9266,72540914432eabb73e75,ef92327c78aadf9df41c,7ba29f3a45abe1301651,bps_webapi,4,observation_materializes_cell
edge:47b9e48fea3fe43b7fb9,e8daf8c7098f1f9f394c,efb9a99b3b02b1aaeba2,7ba29f3a45abe1301651,bps_webapi,4,observation_materializes_cell
edge:c25e08b27e03a95a23ef,bd090bd468f37cf42633,efc77b574b5c05a5ad79,7ba29f3a45abe1301651,bps_webapi,4,observation_materializes_cell
edge:dd476e78b488de6f666d,89cba58620ef80895587,efd34da20251eafc5c6c,7ba29f3a45abe1301651,bps_webapi,4,observation_materializes_cell
edge:7d9f6a06ed6c79365c0c,5a962bf6c22324a9d2de,efe8e0753ac10c4eab12,7ba29f3a45abe1301651,bps_webapi,4,observation_materializes_cell
edge:dcf9d01caf87a26d5d51,2e4cfc37208f804807c4,effe747af843a102be0b,7ba29f3a45abe1301651,bps_webapi,4,observation_materializes_cell
edge:d8edcfa7026dcccc7fac,90843a771d578c25a26b,f000d17d694b9ef2de80,7ba29f3a45abe1301651,bps_webapi,4,observation_materializes_cell
edge:28ac2f738c9836510fa2,5bebfeae045730e50746,f00fa95933e3ffa258d2,7ba29f3a45abe1301651,bps_webapi,4,observation_materializes_cell
edge:a1bb9a03157990fee4d4,01f57b79c3107bd8b4b6,f011e77ff71b3a943a57,7ba29f3a45abe1301651,bps_webapi,4,observation_materializes_cell
edge:a4b57304e38edc7c124e,be8431f7dc445189db28,f013585befeca7d0db6b,7ba29f3a45abe1301651,bps_webapi,4,observation_materializes_cell
edge:85aecfb974c6b3001d08,38d86d96637aa64be7ac,f02833af3eb65a54c468,7ba29f3a45abe1301651,bps_webapi,4,observation_materializes_cell
edge:844b49d41bec33a16281,be6ab4c8a2fe3aeffc66,f02f53a4c7b3b7d5a267,7ba29f3a45abe1301651,bps_webapi,4,observation_materializes_cell
edge:3b7102cbdfe8617aa361,0a017d4a0e105d1ffe39,f02f53a4c7b3b7d5a267,aa7252a58f41161c17c3,bps_tpb_2024,1,observation_materializes_cell
edge:98f19ad193e26e039526,49d77559e029c695e2a0,f031aa2f709483e22bea,7ba29f3a45abe1301651,bps_webapi,4,observation_materializes_cell
edge:9d48088f598c551c1bc2,36cf5602876f1bec79e2,f032e1decc4fb279918b,7ba29f3a45abe1301651,bps_webapi,4,observation_materializes_cell
edge:dac42ef2985b6c7a9eef,211af82edde13811166e,f03ca916e03f75fe3f0b,7ba29f3a45abe1301651,bps_webapi,4,observation_materializes_cell
edge:f44cd41034fbf023ab3c,f404c6f130403f7c22d2,f03f7510bf07a3a38f79,7ba29f3a45abe1301651,bps_webapi,4,observation_materializes_cell
edge:430207db810a80f89b63,f3e4264f397279751f29,f04db626ba48be786177,aa7252a58f41161c17c3,bps_tpb_2024,1,observation_materializes_cell
edge:4620dd5c7d11741cacee,370c893585baa05e4047,f04db626ba48be786177,b132d2fab33291e0733e,bps_webapi,3,observation_materializes_cell
edge:f6664da1c3ea8c0822cf,110e67aab4e8a7a5ec00,f07023a0650ec38bd36b,aa7252a58f41161c17c3,bps_tpb_2024,1,observation_materializes_cell
edge:ede38c028517716bb13c,9a44bbc677b5c413dc56,f07023a0650ec38bd36b,b132d2fab33291e0733e,bps_webapi,3,observation_materializes_cell
edge:365375d440f789b69878,d43f7b16cf4e09654fd3,f082697722da833801f3,7ba29f3a45abe1301651,bps_webapi,4,observation_materializes_cell
edge:cb0387030843e795eb8e,1122e1d8ec9d3cf43c83,f08fafbc137778e8ed04,7ba29f3a45abe1301651,bps_webapi,4,observation_materializes_cell
edge:47be15973ff2d83463ac,ad09488e3e7f7646a99b,f08fafbc137778e8ed04,aa7252a58f41161c17c3,bps_tpb_2024,1,observation_materializes_cell
edge:cc9563341b0d5929f6c2,6d6155723253ea86f892,f0969d1bda8f2df5fa9b,7ba29f3a45abe1301651,bps_webapi,4,observation_materializes_cell
edge:ebcc44675c31457f6651,163905da85592033f36b,f09bfc815cd61a1d6997,7ba29f3a45abe1301651,bps_webapi,4,observation_materializes_cell
edge:c4f3a44e7f998176fc4b,c0cc5675ec805bcb5202,f0cc0ad036cc691b1c1b,7ba29f3a45abe1301651,bps_webapi,4,observation_materializes_cell
edge:c000fb4a36f532437b0c,c7326245636da638b49a,f0cc0ad036cc691b1c1b,aa7252a58f41161c17c3,bps_tpb_2024,1,observation_materializes_cell
edge:0f88d419140b907d42bf,8f03986daa3fb5b02fbc,f0dd557d2be5841d9a06,7ba29f3a45abe1301651,bps_webapi,4,observation_materializes_cell
edge:9b9418613c46384f759d,ab65f66c7b51dc93d4d2,f0df17dca778fe458bdd,7ba29f3a45abe1301651,bps_webapi,4,observation_materializes_cell
edge:9e1759fac1543bd820ab,4d554a1fbec767d6173b,f0df17dca778fe458bdd,aa7252a58f41161c17c3,bps_tpb_2024,1,observation_materializes_cell
edge:544a3cdafbdaa43dac30,8524c4c279573bfa1ea0,f0ebb2bb26ff7d528702,7ba29f3a45abe1301651,bps_webapi,4,observation_materializes_cell
edge:396fcbb6e0ad301b178e,8d856cb9ca33d1b74265,f0ebb2bb26ff7d528702,aa7252a58f41161c17c3,bps_tpb_2024,1,observation_materializes_cell
edge:2819921f9367fc87d615,1ecc8b0397f1e3f73412,f0f785ed613cb2484396,aa7252a58f41161c17c3,bps_tpb_2024,1,observation_materializes_cell
edge:3afe02a3346d5ce4985d,61a07bf0dd41b303f053,f0f785ed613cb2484396,b132d2fab33291e0733e,bps_webapi,3,observation_materializes_cell
edge:08e339e446050542850e,19bac984cc1bc5efb526,f0fd072659553dbf4187,7ba29f3a45abe1301651,bps_webapi,4,observation_materializes_cell
edge:67b11909c8e0d0e7b83b,9e4ae84f83e84acb9dc6,f0fe8d9419dfc4bea938,7ba29f3a45abe1301651,bps_webapi,4,observation_materializes_cell
edge:97479a983c5773e4fd56,826650385ca4e6265f44,f0fe8d9419dfc4bea938,aa7252a58f41161c17c3,bps_tpb_2024,1,observation_materializes_cell
edge:bfe4fe0e5118b3e12d15,d8dcd3c8c1e9fb6c0853,f102333c4422e658dda1,7ba29f3a45abe1301651,bps_webapi,4,observation_materializes_cell
edge:85261eef542043b12106,3ecd3b1ce22fb2c648b5,f1024116c2576efa11b4,aa7252a58f41161c17c3,bps_tpb_2024,1,observation_materializes_cell
edge:2a6c3658f121c4a140c5,c40c851beeb0ab903bf3,f1024116c2576efa11b4,b132d2fab33291e0733e,bps_webapi,3,observation_materializes_cell
edge:a18d8316a563ab0f2a8d,6b0bd2016831068c90ac,f11f721e8dca8880ed7c,7ba29f3a45abe1301651,bps_webapi,4,observation_materializes_cell
edge:eef56a306fb6c0b4e410,23b7a66d03293d1db126,f12663b46c4dd9ca1825,7ba29f3a45abe1301651,bps_webapi,4,observation_materializes_cell
edge:1d627ee4e0311f19d6f6,46ebd7dc8068822f05ae,f143fc3dc456fcc2998e,7ba29f3a45abe1301651,bps_webapi,4,observation_materializes_cell
edge:58d0546e30797fa12f40,dab5fbfbbce68c1630c6,f14be2fa81d2cef6a364,7ba29f3a45abe1301651,bps_webapi,4,observation_materializes_cell
edge:4d63b47e85a404f819e7,257d44c691c8fedde896,f14f25763c4dfb4f9c12,7ba29f3a45abe1301651,bps_webapi,4,observation_materializes_cell
edge:80f2ba1d904c87bba2d4,182121fa89416db9ef5b,f1657b0b3ebf34a103bc,7ba29f3a45abe1301651,bps_webapi,4,observation_materializes_cell
edge:22f33f91de58c535cfba,8bc0488797bd3b4569a7,f1660a3b7507895d73c4,7ba29f3a45abe1301651,bps_webapi,4,observation_materializes_cell
edge:5a1ade7105123ebe1584,5d13583d7c44b04e3f5c,f16619b28a50f74599af,7ba29f3a45abe1301651,bps_webapi,4,observation_materializes_cell
edge:52f8003ca19dc8637449,f082906d4235e48eada9,f1671352ea0460ce00e9,7ba29f3a45abe1301651,bps_webapi,4,observation_materializes_cell
edge:7e6b804a51cfd1024148,32b13a61167f26ec1004,f1671352ea0460ce00e9,aa7252a58f41161c17c3,bps_tpb_2024,1,observation_materializes_cell
edge:6c3e75719187040975b3,88c6f076640df746b027,f170020704ad83a01890,7ba29f3a45abe1301651,bps_webapi,4,observation_materializes_cell
edge:ad30fdd86ee89bfac531,827a2d1eeff665c167ee,f1835c8746f70f1fd7d5,7ba29f3a45abe1301651,bps_webapi,4,observation_materializes_cell
edge:dc29f0dea462a3cc522e,79fd7a6ea31aa5080e0b,f19ef2e159f046f9ddb9,aa7252a58f41161c17c3,bps_tpb_2024,1,observation_materializes_cell
edge:f0e4a2ece56312126c35,2ebee3f97bce6fa7f744,f19ef2e159f046f9ddb9,b132d2fab33291e0733e,bps_webapi,3,observation_materializes_cell
edge:076e196f71cca879cae2,b7b0b432bb4d25f3f453,f1a630a0d1cf77d162e8,7ba29f3a45abe1301651,bps_webapi,4,observation_materializes_cell
edge:357595ff68915bf2ea30,cb86439975a250b50866,f217ae80ebfd40475793,7ba29f3a45abe1301651,bps_webapi,4,observation_materializes_cell
edge:840a9b1e68f2a582d6aa,57955ec503d1b2adebca,f21fa880339802d13347,7ba29f3a45abe1301651,bps_webapi,4,observation_materializes_cell
edge:2be1b87e7c3562aade3f,d34bda495366e8f90a12,f243bbc1c0e19f83e42c,7ba29f3a45abe1301651,bps_webapi,4,observation_materializes_cell
edge:0bde82a7d017ad697909,ed6e4606f280537e93f8,f24443a006ce9d863478,7ba29f3a45abe1301651,bps_webapi,4,observation_materializes_cell
edge:8091cdbdbdb7fb2dc01f,0aa2a27a782bab1a152d,f24f621c1f8a64cc3f97,7ba29f3a45abe1301651,bps_webapi,4,observation_materializes_cell
edge:620075f97f96534eac61,726827e5cbeb836cd125,f2504aa4be62ef5d2ee8,aa7252a58f41161c17c3,bps_tpb_2024,1,observation_materializes_cell
edge:f45daa9c587362a1a56c,e4d6caaaf60e86a6e343,f2504aa4be62ef5d2ee8,b132d2fab33291e0733e,bps_webapi,3,observation_materializes_cell
edge:ba89aea8392a88480187,6780416120ee61712b14,f25311701e3bc1bc8cc3,7ba29f3a45abe1301651,bps_webapi,4,observation_materializes_cell
edge:17e2527aee98d56af799,02b8a1c084d0d8383b5a,f25c594bc057e6952b52,7ba29f3a45abe1301651,bps_webapi,4,observation_materializes_cell
edge:75d821b82c518c5c6e5c,7e167f541152d3cf407a,f25c594bc057e6952b52,aa7252a58f41161c17c3,bps_tpb_2024,1,observation_materializes_cell
edge:08c863891794fb6f0f38,0164375978597cda9909,f26fc2ff4446c3f9090e,7ba29f3a45abe1301651,bps_webapi,4,observation_materializes_cell
edge:80906e43218ddbbd4c39,db0b5ec165e7a07b4118,f277e21480d7db6f2aa6,7ba29f3a45abe1301651,bps_webapi,4,observation_materializes_cell
edge:7c46028018e8272012f6,e24d2a37fb907d0f1b48,f27c8d4db6b382cc80dc,aa7252a58f41161c17c3,bps_tpb_2024,1,observation_materializes_cell
edge:c3973ef726ea0a89a751,9fa36aa9bb9bb2559f57,f27c8d4db6b382cc80dc,b132d2fab33291e0733e,bps_webapi,3,observation_materializes_cell
edge:a06d93fece84d2c027f9,b334967fda18d96ba6ee,f295046bc00ab0cdc077,7ba29f3a45abe1301651,bps_webapi,4,observation_materializes_cell
edge:f218a43438e7c5173974,78b18c763c92c6a75276,f295046bc00ab0cdc077,aa7252a58f41161c17c3,bps_tpb_2024,1,observation_materializes_cell
edge:6ab356297e3cf8b4ac73,1c0d66786331afdab45d,f296876980de113ef583,7ba29f3a45abe1301651,bps_webapi,4,observation_materializes_cell
edge:80d39f855d1c12ef215f,8f931a3942f56524dc36,f29790c92fe65bfd4ecc,7ba29f3a45abe1301651,bps_webapi,4,observation_materializes_cell
edge:d4bad1262edd7c8630e2,1c52d43fbc6e36df84a7,f2abf299b86ed16e1119,7ba29f3a45abe1301651,bps_webapi,4,observation_materializes_cell
edge:3d165588369c6b478723,75f2d1bd148e52871a1b,f2b2fdc848eb237834a6,7ba29f3a45abe1301651,bps_webapi,4,observation_materializes_cell
edge:3b4566e3cf5b39fe4c9e,022af427c75187aa96aa,f2cca87aba885256bda9,7ba29f3a45abe1301651,bps_webapi,4,observation_materializes_cell
edge:d931ce8748e26d936de5,bff77f6a2064d5c7cdd2,f2d4b773fc4f8fdde650,7ba29f3a45abe1301651,bps_webapi,4,observation_materializes_cell
edge:0ba21b5bffc711b3003f,7b7506720a43efd81027,f2e7420d1f8030dff0a7,7ba29f3a45abe1301651,bps_webapi,4,observation_materializes_cell
edge:d00fbcf5a4f1c46702eb,f6834d0a75cc566d59df,f3025fc6fc385b945325,7ba29f3a45abe1301651,bps_webapi,4,observation_materializes_cell
edge:5ef0ee0c4eeecdc806d2,879d8153b095e97c2c16,f31be424b1f754d14efd,7ba29f3a45abe1301651,bps_webapi,4,observation_materializes_cell
edge:bede3918c6ece2f811e9,50a48887d6b7d38262d5,f325c0fd7226ac0fc916,aa7252a58f41161c17c3,bps_tpb_2024,1,observation_materializes_cell
edge:02c9630bb488adce45bb,49dde70604dc4b84b83e,f325c0fd7226ac0fc916,b132d2fab33291e0733e,bps_webapi,3,observation_materializes_cell
edge:e1d53df60f9ed82b62ca,8728e998da48c8e6ac45,f325de39a7bfdd178826,7ba29f3a45abe1301651,bps_webapi,4,observation_materializes_cell
edge:62432958e462abca34f2,8d471c20694ec506980b,f3326b1c02301d18213a,7ba29f3a45abe1301651,bps_webapi,4,observation_materializes_cell
edge:bd5ea7d744327903246e,35db653ea07fc7175bc7,f34a882b999f6a989e05,7ba29f3a45abe1301651,bps_webapi,4,observation_materializes_cell
edge:66e189c4c30795728ac1,ea4bad067bb850a02e39,f34a882b999f6a989e05,aa7252a58f41161c17c3,bps_tpb_2024,1,observation_materializes_cell
edge:f21d5fb2af8e386bbdde,0d1854730dff747e69f6,f3656a35dc5ea3c399e7,7ba29f3a45abe1301651,bps_webapi,4,observation_materializes_cell
edge:b2b455b72cfa2d4e23e2,2bec38519b65ca00676b,f36ed2b75d5b78aa10d5,7ba29f3a45abe1301651,bps_webapi,4,observation_materializes_cell
edge:e9f5cbfb2fdf47013964,a16720af24bc8dc18cd4,f371f13e9a49d3d8c057,7ba29f3a45abe1301651,bps_webapi,4,observation_materializes_cell
edge:b3f76d5a84f3f673663b,f94c8e77b58db9960157,f371f13e9a49d3d8c057,aa7252a58f41161c17c3,bps_tpb_2024,1,observation_materializes_cell
edge:0547f8ab1b1b22460fc7,f23bad3e58778927381d,f3951fdc1869090879ae,7ba29f3a45abe1301651,bps_webapi,4,observation_materializes_cell
edge:c0e9963cc78732be300a,9e48b0b3c1e1a6860833,f39c732ebb3fd8e97f59,7ba29f3a45abe1301651,bps_webapi,4,observation_materializes_cell
edge:602ae0429278d7990d8c,f0f5f0649a09dd04c794,f3a9d637138758d5bc74,aa7252a58f41161c17c3,bps_tpb_2024,1,observation_materializes_cell
edge:572127937f3163574456,0ba67363ee84910e3717,f3a9d637138758d5bc74,b132d2fab33291e0733e,bps_webapi,3,observation_materializes_cell
edge:e94ddd7f4c614cd7c1ba,b01dcc78233f7a981753,f3afae1fe373bb7aadd2,7ba29f3a45abe1301651,bps_webapi,4,observation_materializes_cell
edge:2c88a00c6501dd312f5a,ceebc036919ed3d3e846,f3afae1fe373bb7aadd2,aa7252a58f41161c17c3,bps_tpb_2024,1,observation_materializes_cell
edge:0b309651e0689f85d3ea,01bcafdb9bbb22b9d311,f3ddda26ee316aea59ab,7ba29f3a45abe1301651,bps_webapi,4,observation_materializes_cell
edge:a6759504f00fb7a9b584,3da954ee684c86063c2c,f3dec15984299d1df998,7ba29f3a45abe1301651,bps_webapi,4,observation_materializes_cell
edge:a939afbe64070536f2e5,8a5705a666c7a24c7a19,f3e83507fa6fc44a8c2f,7ba29f3a45abe1301651,bps_webapi,4,observation_materializes_cell
edge:7b530dab8d4341dcc1dc,9810e5c6c9ace223fd2a,f3fabf568efc4da947fd,7ba29f3a45abe1301651,bps_webapi,4,observation_materializes_cell
edge:451804315c97b41640ff,ded7dbcac0cbf651fa50,f40945749c3fc0f39126,7ba29f3a45abe1301651,bps_webapi,4,observation_materializes_cell
edge:b2fbff26366815e3a381,f44fa7674c214beee104,f40b36b9bfcf2811a2d9,aa7252a58f41161c17c3,bps_tpb_2024,1,observation_materializes_cell
edge:29989b6262964355ddac,4484db8f589c974c4aed,f40b36b9bfcf2811a2d9,b132d2fab33291e0733e,bps_webapi,3,observation_materializes_cell
edge:3b11d143e80b80923a8b,64a9e15dc871a0d547f6,f433eaf35e84c637eeb1,aa7252a58f41161c17c3,bps_tpb_2024,1,observation_materializes_cell
edge:12552c5910db401a507f,5a8e0ed9790f134b6fa0,f433eaf35e84c637eeb1,b132d2fab33291e0733e,bps_webapi,3,observation_materializes_cell
edge:4c13b795c790f16f31dc,0444b01e3f74622c8a9d,f447f47567d98a97a936,7ba29f3a45abe1301651,bps_webapi,4,observation_materializes_cell
edge:f1d7b0b4884601770edd,4dbc37260136fe533c3c,f44faa07fa0684800b27,7ba29f3a45abe1301651,bps_webapi,4,observation_materializes_cell
edge:dfbca17f22b362d74989,011b8cef6cfa82827966,f44faa07fa0684800b27,aa7252a58f41161c17c3,bps_tpb_2024,1,observation_materializes_cell
edge:8e75c9663f7c73331280,ce4fbabd42cf06e5fd42,f450d3d1f1df9c54ef9b,7ba29f3a45abe1301651,bps_webapi,4,observation_materializes_cell
edge:5efa744a9ae143bb8d36,f45d056ca29d757fc354,f454927fa3e13eeb489a,7ba29f3a45abe1301651,bps_webapi,4,observation_materializes_cell
edge:9d4db1562148ef493a45,08b16c8670cc0a3ce056,f45ac10c653cb4f51c66,7ba29f3a45abe1301651,bps_webapi,4,observation_materializes_cell
edge:7c29c089fa23e2682f05,bf5dbed79fe35214ace3,f45ca135e7bb82cb26b6,7ba29f3a45abe1301651,bps_webapi,4,observation_materializes_cell
edge:9108ed9182ad7db4007a,95cf8017f2ca13f1cac0,f46939a3dd461e54075f,7ba29f3a45abe1301651,bps_webapi,4,observation_materializes_cell
edge:dc8f1795b39376485ef3,026c569059c03fd93d67,f477fb33259e0110d28b,7ba29f3a45abe1301651,bps_webapi,4,observation_materializes_cell
edge:1194004d363c4dcc06c3,deb22f3e367f8ec7d559,f47ffc2775220ae53f1e,7ba29f3a45abe1301651,bps_webapi,4,observation_materializes_cell
edge:26326bba79e34435d203,f729f0e8ab2f9fd9220c,f48d5c28cf5157d2a03f,7ba29f3a45abe1301651,bps_webapi,4,observation_materializes_cell
edge:adc8a1ea01031ac2ed65,072cef1045bf46e6930d,f48d991cda599412d866,7ba29f3a45abe1301651,bps_webapi,4,observation_materializes_cell
edge:2849bf8050e9b29f5090,1810c417b228ff39f092,f48d991cda599412d866,aa7252a58f41161c17c3,bps_tpb_2024,1,observation_materializes_cell
edge:8fccf9b582eb9e602a3b,600ca0a22ea29a2c2bf0,f4996125567d71ba85c5,7ba29f3a45abe1301651,bps_webapi,4,observation_materializes_cell
edge:4f51cf18290bcad561a6,9050005cf86643b30de2,f4a8318b03dbc73f686e,aa7252a58f41161c17c3,bps_tpb_2024,1,observation_materializes_cell
edge:1d85ff21c18ca4f5262c,dcbd6067feb187e5cc62,f4a8318b03dbc73f686e,b132d2fab33291e0733e,bps_webapi,3,observation_materializes_cell
edge:5bdd6b563d121dc5b87f,6ca35ba64e4f663ae13d,f4b1bff923a599304725,7ba29f3a45abe1301651,bps_webapi,4,observation_materializes_cell
edge:2c253a309c7101a93ab7,ad1013eaeb9d1f55b915,f4b27623306e05c51fa8,7ba29f3a45abe1301651,bps_webapi,4,observation_materializes_cell
edge:2b164bb2fad8c650c931,048238dd25292abf9ed6,f4b49ccf3e7b4853d130,7ba29f3a45abe1301651,bps_webapi,4,observation_materializes_cell
edge:6b0ab0fc0389e123440f,6d0c3b5d1e6022ac7916,f4cd0b7dd1a597d3c95f,7ba29f3a45abe1301651,bps_webapi,4,observation_materializes_cell
edge:8ec67c055b3576b3697a,cbb65548e69a447face1,f4cf48de8ff14d09a0cc,7ba29f3a45abe1301651,bps_webapi,4,observation_materializes_cell
edge:fb18c45ad4e2fde05d9e,05ecfb6eaaaedc397cce,f4d1059199517d51a304,7ba29f3a45abe1301651,bps_webapi,4,observation_materializes_cell
edge:a8031054cc3aaf5b88e3,346f3ba9c5a9fc39a32c,f4d1059199517d51a304,aa7252a58f41161c17c3,bps_tpb_2024,1,observation_materializes_cell
edge:0d4040b7d5aa6803a6b4,9e957ae4ca6081580ccd,f4d21d4259f7046561d1,7ba29f3a45abe1301651,bps_webapi,4,observation_materializes_cell
edge:d5a526e7416b5bf8bbb0,705f66780f1a7b496722,f4e65780aad25895c3e6,aa7252a58f41161c17c3,bps_tpb_2024,1,observation_materializes_cell
edge:dc4da451f79c603114c7,02d0a103f664182b532e,f4e65780aad25895c3e6,b132d2fab33291e0733e,bps_webapi,3,observation_materializes_cell
edge:4dc99dc0ef5204143d1b,52ea1bccbde0eddb65cf,f4ea110a78d61da060dd,7ba29f3a45abe1301651,bps_webapi,4,observation_materializes_cell
edge:ca1f643d6e5bf25635e4,68e5cd895c973386671e,f4ed37ac00c40a7d1251,7ba29f3a45abe1301651,bps_webapi,4,observation_materializes_cell
edge:80d44561db25a0d1c324,219434a6175782a87dd5,f4eee2d96f3cbf354aa6,7ba29f3a45abe1301651,bps_webapi,4,observation_materializes_cell
edge:1056559203f0c076849e,e42ae3032b4d7057a233,f4f1d6282551e70918f6,7ba29f3a45abe1301651,bps_webapi,4,observation_materializes_cell
edge:7f6936a33d9ec7e1a08f,9a2103a7bebc0bb0d6f2,f4fd25afa67b3990aad0,7ba29f3a45abe1301651,bps_webapi,4,observation_materializes_cell
edge:dfce3f3336ed2c70e728,c87b3f95234854c494e3,f5124c4623a2c7bdb3f6,aa7252a58f41161c17c3,bps_tpb_2024,1,observation_materializes_cell
edge:aab74c3aab23380eec14,b03759348a3a53517fb9,f5124c4623a2c7bdb3f6,b132d2fab33291e0733e,bps_webapi,3,observation_materializes_cell
edge:30e10dee220750bc4ccb,9b57a5ef083d2228e7e4,f512699592c3140d7bcc,7ba29f3a45abe1301651,bps_webapi,4,observation_materializes_cell
edge:96dd7a1ad40978bd3224,b137b78de761f39ff380,f512aeb1aae5bd3e0ea2,7ba29f3a45abe1301651,bps_webapi,4,observation_materializes_cell
edge:a8f5cb5e230acd81bc60,f8e08d9bbaf9b53bb514,f52220d86675d9b6bcaf,7ba29f3a45abe1301651,bps_webapi,4,observation_materializes_cell
edge:418c3e5014b5c8d6d347,174bb26e73efe352b871,f52801d993a180a6b8fb,7ba29f3a45abe1301651,bps_webapi,4,observation_materializes_cell
edge:3442ad86e9e5ba2e732c,ec258b20130c18a6be8e,f52e89cfc303592d740d,7ba29f3a45abe1301651,bps_webapi,4,observation_materializes_cell
edge:5b281276c6b72693ce15,1ee3852bebbd388d6d42,f532060e4cc9e4f576de,7ba29f3a45abe1301651,bps_webapi,4,observation_materializes_cell
edge:d829e1cfb8bda327ec6e,d946e5002e9d1de40ef9,f542f702772a19bed6b5,7ba29f3a45abe1301651,bps_webapi,4,observation_materializes_cell
edge:84ec1af5d56fb263ef0e,bb92a9c2e65dfb42135b,f55851627934a6b6086b,7ba29f3a45abe1301651,bps_webapi,4,observation_materializes_cell
edge:b3b5300f80a554831279,8237d28bf846ba67254a,f56dd49b081e3b53a99f,7ba29f3a45abe1301651,bps_webapi,4,observation_materializes_cell
edge:7e85c6bb0f9a3d8d6bd5,d221e656da35235dbd7e,f57751d3dd3f5cf253e8,7ba29f3a45abe1301651,bps_webapi,4,observation_materializes_cell
edge:6dfbd91ae2abd0a421ba,d9e0eaa8315bc867bcaa,f5a15d41e55236ec2e06,7ba29f3a45abe1301651,bps_webapi,4,observation_materializes_cell
edge:1789242d0dfe3d5fcc0a,65e10894ee96d5a66fcf,f5a5b3628ee454f5b975,7ba29f3a45abe1301651,bps_webapi,4,observation_materializes_cell
edge:09bb37864402a679eb35,acae26749a06f98d366d,f5a5b3628ee454f5b975,aa7252a58f41161c17c3,bps_tpb_2024,1,observation_materializes_cell
edge:9d0c0c7f98e2010388e2,dc0340f3acc5ae5272cb,f5a5ea07718cb09b7018,7ba29f3a45abe1301651,bps_webapi,4,observation_materializes_cell
edge:987561bc2dd3d1ae0560,3ab08f3be22f24d89f83,f5a5ea07718cb09b7018,aa7252a58f41161c17c3,bps_tpb_2024,1,observation_materializes_cell
edge:62b8bab2978860f5f71e,d0c5de009f737b3ca1d9,f5ad44f5a90ac2a489c4,7ba29f3a45abe1301651,bps_webapi,4,observation_materializes_cell
edge:7d261e538674f06adb63,074b66fd73c8296d16e5,f5ad44f5a90ac2a489c4,aa7252a58f41161c17c3,bps_tpb_2024,1,observation_materializes_cell
edge:4cd0d38b1d87554431e6,a2926d0a95440b4af925,f5b2f0876b027c1be7b9,7ba29f3a45abe1301651,bps_webapi,4,observation_materializes_cell
edge:561d03bd1a8c8e2497a0,41f638f82bee88fcaf7a,f5b2f399b197998e7844,7ba29f3a45abe1301651,bps_webapi,4,observation_materializes_cell
edge:a0f3a710024c7520d98c,ce8c7278093c30ee8023,f5c10e29ce8ecedc733f,7ba29f3a45abe1301651,bps_webapi,4,observation_materializes_cell
edge:5f5f45c14e2f71af0de3,d049a726cbac12d17cb0,f5c10e29ce8ecedc733f,aa7252a58f41161c17c3,bps_tpb_2024,1,observation_materializes_cell
edge:e073083ea3c6ededbe89,523b3b7375da3fdf9203,f5d8ddba84f91c57a199,7ba29f3a45abe1301651,bps_webapi,4,observation_materializes_cell
edge:aef339365528ecfb5178,4402db00e7b9154ea4cd,f5eb4a6a64dfc500e061,7ba29f3a45abe1301651,bps_webapi,4,observation_materializes_cell
edge:49d9450579f45d459d4f,1f5f9165f0cbeb06d373,f5eb4a6a64dfc500e061,aa7252a58f41161c17c3,bps_tpb_2024,1,observation_materializes_cell
edge:32da629bfa5a73b43a7e,0234c8347e432e89c016,f610807638c44bc292e6,7ba29f3a45abe1301651,bps_webapi,4,observation_materializes_cell
edge:dc1c49aa63428b2c6e02,697277b2fb625696b5e9,f6140331525fbe02f18b,7ba29f3a45abe1301651,bps_webapi,4,observation_materializes_cell
edge:3334b5d7346885f0c5a6,27a414c1cd0af5ce5ef7,f6492c3d7b30eb9d7992,7ba29f3a45abe1301651,bps_webapi,4,observation_materializes_cell
edge:931eaf40e5df0042e168,483935a454d6769a9e78,f6492c3d7b30eb9d7992,9ab2011a3892edfac889,bps_tpb_2025,2,observation_materializes_cell
edge:8784e9f8e686742c1415,ebe9841b7e2d93e8d436,f655daf9c7189ef53b78,7ba29f3a45abe1301651,bps_webapi,4,observation_materializes_cell
edge:16720965e2d1cb2aee21,2b0d477d9e17f6d6bf6a,f657ede6f599ce4aa897,7ba29f3a45abe1301651,bps_webapi,4,observation_materializes_cell
edge:6466f3515c32ed4ec165,53b8a2859097bf7b5fa5,f65adf7529cb743a004b,aa7252a58f41161c17c3,bps_tpb_2024,1,observation_materializes_cell
edge:3e08b65af12147e04a23,3c8c57e2a127eaa7162a,f65adf7529cb743a004b,b132d2fab33291e0733e,bps_webapi,3,observation_materializes_cell
edge:9df168e6efb88e1097cd,ed93d113d1533b59f6ea,f65d775356f855183cfe,7ba29f3a45abe1301651,bps_webapi,4,observation_materializes_cell
edge:c884d5cbadd43ee5c50c,a23ce49b8f5ce95fdd4c,f663e8cebd812badff97,7ba29f3a45abe1301651,bps_webapi,4,observation_materializes_cell
edge:441cf9b52011080a824c,d291b9bc99c61a2a0dc1,f664345d23489aefafb6,aa7252a58f41161c17c3,bps_tpb_2024,1,observation_materializes_cell
edge:00e79e0a6397302c4c80,fc048c3e01fdd6a741c2,f664345d23489aefafb6,b132d2fab33291e0733e,bps_webapi,3,observation_materializes_cell
edge:6282309c8268ff5538f8,3b17ba6a036101cce9ff,f6a22d81be88b171aa1e,7ba29f3a45abe1301651,bps_webapi,4,observation_materializes_cell
edge:2ddb76a3a8a2a99e4e4c,a912ad622a98a0e95200,f6d57203d9b1662f61c5,7ba29f3a45abe1301651,bps_webapi,4,observation_materializes_cell
edge:1b185fccd9e9ef0478b0,eee0452578d72e146af5,f6da585d2b9ba01087fe,7ba29f3a45abe1301651,bps_webapi,4,observation_materializes_cell
edge:22e91e9434d3d24868dc,694231f831d51af940d0,f6f6862c421d20ec1d69,7ba29f3a45abe1301651,bps_webapi,4,observation_materializes_cell
edge:b35e6df4a61ca7146305,f7f47381fa6833a37478,f6fb85c7bc43ba8ea8ac,7ba29f3a45abe1301651,bps_webapi,4,observation_materializes_cell
edge:f0b46712dc72643f238d,2d45eb96903f393ddea3,f6fd789b6752d5af4cc9,7ba29f3a45abe1301651,bps_webapi,4,observation_materializes_cell
edge:69afa0a98015bee0ca44,040c328af9d0a9feb047,f70c64de0b73f30bc145,7ba29f3a45abe1301651,bps_webapi,4,observation_materializes_cell
edge:6e539ae0b6e77378127a,f13ea44b46988c6952c4,f71a3f8de90ee3b8c399,7ba29f3a45abe1301651,bps_webapi,4,observation_materializes_cell
edge:28b22159c89365f68ccf,01cd3aced64c1261a266,f71c09c9a5ebad93acec,7ba29f3a45abe1301651,bps_webapi,4,observation_materializes_cell
edge:e3d765a03a8fb22ad8bc,83ad2ccb5ef1091d51a1,f71c09c9a5ebad93acec,aa7252a58f41161c17c3,bps_tpb_2024,1,observation_materializes_cell
edge:a0d066e5455341645021,92d444eaaa2c3ba46684,f71e5f26ee7f6fd4d3b8,7ba29f3a45abe1301651,bps_webapi,4,observation_materializes_cell
edge:85fad9bc920505e1be84,5b6f0aeaa4b1ab9d19e2,f72c3b22a0d3eb88f6cd,7ba29f3a45abe1301651,bps_webapi,4,observation_materializes_cell
edge:0bdce5eeb464b4c2d8ba,b2d9f52447115569ebd8,f72d31e546d97892cf94,aa7252a58f41161c17c3,bps_tpb_2024,1,observation_materializes_cell
edge:09d1dd0368985a26b13d,0ee87306d30a315deca9,f72d31e546d97892cf94,b132d2fab33291e0733e,bps_webapi,3,observation_materializes_cell
edge:3d1a0c7f6cb2602dd94d,094ef24b0ca4796c0b43,f73e34df2ddc04f2c675,7ba29f3a45abe1301651,bps_webapi,4,observation_materializes_cell
edge:26e4804f342dc74c51d3,2e33c9c5ac9219a4c4ee,f73ef3305071edf80581,7ba29f3a45abe1301651,bps_webapi,4,observation_materializes_cell
edge:ee59e637974c4ba928f2,a5f15cae1aecfa0df704,f74aed1fd2a5d82bef34,7ba29f3a45abe1301651,bps_webapi,4,observation_materializes_cell
edge:8eb68bff0cf5b38aa4ef,1dc4ca4a10e2166a8206,f7519875bf091a53ed83,7ba29f3a45abe1301651,bps_webapi,4,observation_materializes_cell
edge:67d681268c2b8e384e36,6b669e591fcd02f51f7a,f774e677297011ccb220,aa7252a58f41161c17c3,bps_tpb_2024,1,observation_materializes_cell
edge:ab9e2b4c6612ee8b49e0,48ace05c5d69140e3bb2,f774e677297011ccb220,b132d2fab33291e0733e,bps_webapi,3,observation_materializes_cell
edge:0c0a8bed8b940b070b53,7c899a27d56bfaa04ee9,f77e5f05db0e134852dd,aa7252a58f41161c17c3,bps_tpb_2024,1,observation_materializes_cell
edge:8648010e2c882908d9de,9dec88dafda51e022bbd,f77e5f05db0e134852dd,b132d2fab33291e0733e,bps_webapi,3,observation_materializes_cell
edge:90d16c6c1eda992ca98e,fba5a97f804974ec8031,f78813b32e9f8adbfdfd,7ba29f3a45abe1301651,bps_webapi,4,observation_materializes_cell
edge:c3d00cf65f4c392c770b,d7c6de1071684e75c37e,f78c1509cec84ee0c828,aa7252a58f41161c17c3,bps_tpb_2024,1,observation_materializes_cell
edge:141f38b2842d7349fc22,24fa5105db804a730883,f78c1509cec84ee0c828,b132d2fab33291e0733e,bps_webapi,3,observation_materializes_cell
edge:8f31bf8eda55a1a3158b,634eea7ed3886622bdc7,f793cb97bc75adc69541,aa7252a58f41161c17c3,bps_tpb_2024,1,observation_materializes_cell
edge:c753038462148c1305fa,77706fb9220e1eb87e95,f793cb97bc75adc69541,b132d2fab33291e0733e,bps_webapi,3,observation_materializes_cell
edge:3bb019be83a0f14b3b15,19b8020aa75cab83bf4f,f79bc62c521954b7eb2d,7ba29f3a45abe1301651,bps_webapi,4,observation_materializes_cell
edge:9a3ac7e57c1e3dfc7a99,9dc7d251c9d257d18d54,f7a0b2c35da5573a3a2b,7ba29f3a45abe1301651,bps_webapi,4,observation_materializes_cell
edge:63f41d59bcc9a3c792cb,bb735ced8dae75a32247,f7c6ec8ab1b41474f0e8,7ba29f3a45abe1301651,bps_webapi,4,observation_materializes_cell
edge:62c659b166038230c97c,b1110869bb0a1afe15c6,f7d20576d4eaf6b443b4,7ba29f3a45abe1301651,bps_webapi,4,observation_materializes_cell
edge:c447f61e0216041fdf66,b376d150a306c5c20c5b,f7d20576d4eaf6b443b4,aa7252a58f41161c17c3,bps_tpb_2024,1,observation_materializes_cell
edge:b0121aa0b738f90ee69b,003d17eb02a6753e049f,f7ddc254548952ad69b4,7ba29f3a45abe1301651,bps_webapi,4,observation_materializes_cell
edge:d0914ee2768472c73ed0,5449a9c6fd5ea1b62080,f7ecb1883aa83de08505,7ba29f3a45abe1301651,bps_webapi,4,observation_materializes_cell
edge:e85f2050f838e2ebbd92,a3af70c3dbeacc754082,f7fb1b3d3d01229ec54b,7ba29f3a45abe1301651,bps_webapi,4,observation_materializes_cell
edge:3392d7ac59881ab5279c,d9714fe91adf2e8b01b2,f7fc5f35ffeff8de1cf0,7ba29f3a45abe1301651,bps_webapi,4,observation_materializes_cell
edge:654457e52dc3543be19f,c55da6125c8a35ae2a57,f80def3909a86541f4ff,7ba29f3a45abe1301651,bps_webapi,4,observation_materializes_cell
edge:82bad001cf462184c40f,10aa0f7081f09bc25458,f82538a9f0cf58f570ee,aa7252a58f41161c17c3,bps_tpb_2024,1,observation_materializes_cell
edge:579ad37f84b62af494a3,f4a1081cc94596880ed9,f82538a9f0cf58f570ee,b132d2fab33291e0733e,bps_webapi,3,observation_materializes_cell
edge:6160cc9d23d010c04617,cfd360e482dccd9e4f41,f82bfe979c46936ed3dd,aa7252a58f41161c17c3,bps_tpb_2024,1,observation_materializes_cell
edge:2631750dedde5e4155e2,1f531bb5c58b39dbd7e1,f82bfe979c46936ed3dd,b132d2fab33291e0733e,bps_webapi,3,observation_materializes_cell
edge:4ad749566cf0f85052fe,6e29ae15e8446143c239,f841b3fa612ee60220cb,7ba29f3a45abe1301651,bps_webapi,4,observation_materializes_cell
edge:d64eff0b01f62c87d484,e6d0320edd7310d0f078,f86e50c1c9b5e7bf4839,7ba29f3a45abe1301651,bps_webapi,4,observation_materializes_cell
edge:8077f559cfe5215fb20d,ff5705c2e3e3809990dc,f874b1074492b4b4d87c,7ba29f3a45abe1301651,bps_webapi,4,observation_materializes_cell
edge:13b39ef904c332137629,7d4190fd16d4b3eb62ca,f87cef27a33606bbd62a,7ba29f3a45abe1301651,bps_webapi,4,observation_materializes_cell
edge:456d1db04e344ae55f56,2f5b5b971a0d46b3cfaa,f87cef27a33606bbd62a,aa7252a58f41161c17c3,bps_tpb_2024,1,observation_materializes_cell
edge:eccb67510aadd08374b0,a8890db2cd545d8d13c3,f88810d3da6e8ffe5b0f,7ba29f3a45abe1301651,bps_webapi,4,observation_materializes_cell
edge:6fa7d140b3f73847316b,29d10f2f20131778c11b,f891c699f2268a0fa3a9,7ba29f3a45abe1301651,bps_webapi,4,observation_materializes_cell
edge:1dceb87a0901ae4cebce,0b54e4f6008be4f685b6,f89dea2037086ca86b3c,7ba29f3a45abe1301651,bps_webapi,4,observation_materializes_cell
edge:0da1732d30ed860baf58,8d06b65cff7ca94dfb0f,f8a4ac02b5492641ed79,7ba29f3a45abe1301651,bps_webapi,4,observation_materializes_cell
edge:81d2cf688833428f39c2,9845e44ac4f78e2d9ead,f8a9ad8f879ae261c0af,7ba29f3a45abe1301651,bps_webapi,4,observation_materializes_cell
edge:56c17ee93bf8045b5f44,2d51abb65d65ac878fac,f8b63cf731da047cc407,aa7252a58f41161c17c3,bps_tpb_2024,1,observation_materializes_cell
edge:3d6dc0d2c0cf0f850463,34b70d41494c3e01d08e,f8b63cf731da047cc407,b132d2fab33291e0733e,bps_webapi,3,observation_materializes_cell
edge:72ee5fe416b5875fd51e,c19969d4efcc8c01b776,f8de4361da1721f9c01d,aa7252a58f41161c17c3,bps_tpb_2024,1,observation_materializes_cell
edge:52a68778980b7c8170e4,2e81e716f5c9bf870bec,f8de4361da1721f9c01d,b132d2fab33291e0733e,bps_webapi,3,observation_materializes_cell
edge:e309957593cc3ff9cfc4,09ae8c426739d3d04324,f8ed112d7ffec3dad3e8,7ba29f3a45abe1301651,bps_webapi,4,observation_materializes_cell
edge:f6bdf35b302d67a5616e,2a053d3d057860c8c10c,f8f1520a4ae93512f04d,7ba29f3a45abe1301651,bps_webapi,4,observation_materializes_cell
edge:6b6c8fd9facaa6424da1,6ad01e05155fa32c3730,f8f5953de2dc6befe18f,7ba29f3a45abe1301651,bps_webapi,4,observation_materializes_cell
edge:880d44d3ed9e3c05eded,4aae559ea027657892df,f8faf7c815241ad50183,7ba29f3a45abe1301651,bps_webapi,4,observation_materializes_cell
edge:3d4bcd2957ba574b631f,b8fd6f6f194c1f4f22b6,f908f683d12035d672e7,7ba29f3a45abe1301651,bps_webapi,4,observation_materializes_cell
edge:989f016f15d617c653fe,3173d41e121a3c05d017,f90a53c5de3803bcfdab,7ba29f3a45abe1301651,bps_webapi,4,observation_materializes_cell
edge:68a1876545bcc74f0b29,39e5044c3338d83fc70b,f90a53c5de3803bcfdab,aa7252a58f41161c17c3,bps_tpb_2024,1,observation_materializes_cell
edge:2aef5ba7b9cb3c24d2b3,0de1950dd1f7be7e503f,f90cd66bd4a5fa5ff19d,7ba29f3a45abe1301651,bps_webapi,4,observation_materializes_cell
edge:76f3f74b151d69b9493b,68e477f6bda768be2dd5,f9283661e714cde25d0d,7ba29f3a45abe1301651,bps_webapi,4,observation_materializes_cell
edge:69839c88838bf984162b,2522f93763668acd1f92,f9283661e714cde25d0d,aa7252a58f41161c17c3,bps_tpb_2024,1,observation_materializes_cell
edge:8217a8cd99902c155d7d,967ba31aa3307df2e4e9,f92fc494eaeb4fc68ed2,7ba29f3a45abe1301651,bps_webapi,4,observation_materializes_cell
edge:a5e0fee0e0e61186e0f1,f9c224cec2065916b6aa,f92fc494eaeb4fc68ed2,aa7252a58f41161c17c3,bps_tpb_2024,1,observation_materializes_cell
edge:85686c4ce838cee4614d,526616d9df7e48b73114,f93a87582ac5dcf7abf1,7ba29f3a45abe1301651,bps_webapi,4,observation_materializes_cell
edge:5e825258e9864dfbd5d6,efde6019a660a1520232,f93c95053df9f1e152bb,aa7252a58f41161c17c3,bps_tpb_2024,1,observation_materializes_cell
edge:4bbc2d46d83cede8197e,8e00bad75f2a0bd3db5f,f93c95053df9f1e152bb,b132d2fab33291e0733e,bps_webapi,3,observation_materializes_cell
edge:c085986c64f3dffc1f34,10108b5cb8db9dc46ee3,f941a68f23dfc2199f48,7ba29f3a45abe1301651,bps_webapi,4,observation_materializes_cell
edge:ac21f37fc3cf66e2e832,af0ff98cfac980d16faa,f94cd29a075d7355d0e8,7ba29f3a45abe1301651,bps_webapi,4,observation_materializes_cell
edge:9d83a2018838436802dd,47f6405f37a401025287,f954f46fa985d70927a8,aa7252a58f41161c17c3,bps_tpb_2024,1,observation_materializes_cell
edge:603ae2461bfc6a772afb,84dce142674a4fbe919c,f954f46fa985d70927a8,b132d2fab33291e0733e,bps_webapi,3,observation_materializes_cell
edge:0c5797b8032a7cc4f3c0,47234d9f7836b57e843b,f95a882c73d63732bfc1,7ba29f3a45abe1301651,bps_webapi,4,observation_materializes_cell
edge:f83a9b04ffdf00b57825,6fa453e5a60afeb010be,f95a882c73d63732bfc1,aa7252a58f41161c17c3,bps_tpb_2024,1,observation_materializes_cell
edge:0c738d19d30763ffc239,3d422dc2e4e604e10ea6,f95b8d9e9e7c5f91cc78,7ba29f3a45abe1301651,bps_webapi,4,observation_materializes_cell
edge:50369a316e48e7cc2817,eb1af6cfe8bdfccaaa32,f95f31ef0dedced01a72,7ba29f3a45abe1301651,bps_webapi,4,observation_materializes_cell
edge:9e6f272ad42fa1f7c687,8c69092666b3675abaec,f967e499d19deb652a29,aa7252a58f41161c17c3,bps_tpb_2024,1,observation_materializes_cell
edge:f2278cac95135f7634f5,2b0926d5598139f801c7,f967e499d19deb652a29,b132d2fab33291e0733e,bps_webapi,3,observation_materializes_cell
edge:696b53f4b4bafe745c45,d90b9230a808555ccede,f96f747c0ab883e48079,7ba29f3a45abe1301651,bps_webapi,4,observation_materializes_cell
edge:ea3c5d233db898e5f412,c6dfaf777718b809dc3f,f98c742c6cd488948ceb,7ba29f3a45abe1301651,bps_webapi,4,observation_materializes_cell
edge:696c9cbdca311470f51c,3f97434af2f8cd4b1b58,f98c742c6cd488948ceb,aa7252a58f41161c17c3,bps_tpb_2024,1,observation_materializes_cell
edge:456a3c6b9ed798f362be,9f9cfb1d942c640a4f54,f99f8a4b3e617e960fec,7ba29f3a45abe1301651,bps_webapi,4,observation_materializes_cell
edge:50e10f535f98520014f5,8a299aae251d44066a6c,f9aa52e4e9f91fcc0d3c,7ba29f3a45abe1301651,bps_webapi,4,observation_materializes_cell
edge:fbf5049aaa078bc3a98c,058e68467bf37c1f79d9,f9ae5180fa15a8c42fd2,7ba29f3a45abe1301651,bps_webapi,4,observation_materializes_cell
edge:155a42f5c6b0bcc09621,e874b767122479de7d44,f9bf7aba29981f13b082,7ba29f3a45abe1301651,bps_webapi,4,observation_materializes_cell
edge:812c41633e728a70a6e0,fcf0b420e806fdaa55ef,f9c599f76c37a63ab894,7ba29f3a45abe1301651,bps_webapi,4,observation_materializes_cell
edge:25dd6c0210179e810499,6a32f2257f1741dd25f8,f9cf3ed1fe4ec995587f,7ba29f3a45abe1301651,bps_webapi,4,observation_materializes_cell
edge:3d34444785c89bcccdba,00d81a4d330a587780ed,f9dcc67e5488c551e23e,aa7252a58f41161c17c3,bps_tpb_2024,1,observation_materializes_cell
edge:dca16d71ecdb6aa620af,3d33e0689cb62aec20c2,f9dcc67e5488c551e23e,b132d2fab33291e0733e,bps_webapi,3,observation_materializes_cell
edge:7037d8b119a36e2ec1e0,7e560238be2066309fa9,f9e079b6c6bfb703f854,7ba29f3a45abe1301651,bps_webapi,4,observation_materializes_cell
edge:e979ed1d9652b36566bf,cf090f0652d60707a47c,f9e5ea7d4e798c2f2e48,aa7252a58f41161c17c3,bps_tpb_2024,1,observation_materializes_cell
edge:02e90a7e238a718ba5c2,6184d92fc454f862a545,f9e5ea7d4e798c2f2e48,b132d2fab33291e0733e,bps_webapi,3,observation_materializes_cell
edge:68e81705ba0d1cfbf46d,eb61f0adc01742d686c7,fa1130a892c3353e844f,7ba29f3a45abe1301651,bps_webapi,4,observation_materializes_cell
edge:37f771c76f76f14d1309,6175078eb21d593a17ce,fa1eaabc4d544f9d1512,7ba29f3a45abe1301651,bps_webapi,4,observation_materializes_cell
edge:6163b29b3ac0532a2166,6e4d37b6916466dc15dc,fa1fb808373e896411b9,7ba29f3a45abe1301651,bps_webapi,4,observation_materializes_cell
edge:4ffe12628a14e398b882,ec3c3d8badd653b182db,fa20e9dfbe5910c52eae,7ba29f3a45abe1301651,bps_webapi,4,observation_materializes_cell
edge:6fc518ec22cf19124cfd,a1212ac791eade87993c,fa31aa645381f661f15a,aa7252a58f41161c17c3,bps_tpb_2024,1,observation_materializes_cell
edge:378700ae8bb904f6d4fc,3816a3c0a3041e97f16d,fa31aa645381f661f15a,b132d2fab33291e0733e,bps_webapi,3,observation_materializes_cell
edge:dc6ca1636b3b1ec5c3f5,5f4a0c3b9741c1d8c0b4,fa4695aa86235fd71396,aa7252a58f41161c17c3,bps_tpb_2024,1,observation_materializes_cell
edge:006961e1559abfcbcfd4,e5f93519b5455745f882,fa4695aa86235fd71396,b132d2fab33291e0733e,bps_webapi,3,observation_materializes_cell
edge:1de08760f4680e50b497,2d55424f9a67fc47fe53,faadbb4b8c7a9029f231,7ba29f3a45abe1301651,bps_webapi,4,observation_materializes_cell
edge:1e64a26060e74113775b,13ebbfb9aa3b266ec8a2,faae3899a27f38c32853,7ba29f3a45abe1301651,bps_webapi,4,observation_materializes_cell
edge:055d0db73a56280a2778,fd42d8b7a296cc14fd1d,fac5859ef48b157b96f4,aa7252a58f41161c17c3,bps_tpb_2024,1,observation_materializes_cell
edge:19aa05c862e80ba85b44,b3bac35ad818d81188fe,fac5859ef48b157b96f4,b132d2fab33291e0733e,bps_webapi,3,observation_materializes_cell
edge:4f02766f85c3e0387fa0,496a98363b302b118cf5,fad074e748a15b6b9bba,aa7252a58f41161c17c3,bps_tpb_2024,1,observation_materializes_cell
edge:55bd7ef01580e1752494,cc3b008963df55111ec5,fad074e748a15b6b9bba,b132d2fab33291e0733e,bps_webapi,3,observation_materializes_cell
edge:c103be0e42929e08004b,29c9e851de860dd54c65,fad53a4ade53bc3d00ba,7ba29f3a45abe1301651,bps_webapi,4,observation_materializes_cell
edge:fccb1d71654668b75ad5,14f40d7af8911e530744,faf92ca6e1f13dec6f42,aa7252a58f41161c17c3,bps_tpb_2024,1,observation_materializes_cell
edge:c9b1139124f169451db2,d0ee66ab02a39f4e8b40,faf92ca6e1f13dec6f42,b132d2fab33291e0733e,bps_webapi,3,observation_materializes_cell
edge:909a7eef854b46726111,af01f615d90a63f4e29b,fafd7ed8e30a32525f10,7ba29f3a45abe1301651,bps_webapi,4,observation_materializes_cell
edge:5c6b59583c37e554ac3d,7fa351feebf4d9913268,fb0d3a958bfa62bec657,7ba29f3a45abe1301651,bps_webapi,4,observation_materializes_cell
edge:726a29be255e89ae100e,691013b035a97ffd951c,fb0d6928612c67cf67b3,7ba29f3a45abe1301651,bps_webapi,4,observation_materializes_cell
edge:ecc646b8d73f7f2faf84,3a2f3a811c2ce4f8ea6a,fb1ff5086ba7de5b108b,7ba29f3a45abe1301651,bps_webapi,4,observation_materializes_cell
edge:70a157ae8c0902cb9b4b,3810fe6bc039522dfcfc,fb1ff5086ba7de5b108b,aa7252a58f41161c17c3,bps_tpb_2024,1,observation_materializes_cell
edge:15c3495272a2ba524acd,b91a5b8e58620d369060,fb22c463590583ce6113,7ba29f3a45abe1301651,bps_webapi,4,observation_materializes_cell
edge:6ea23b71406df3630c58,e3a9fa20d3ff01597826,fb22c463590583ce6113,aa7252a58f41161c17c3,bps_tpb_2024,1,observation_materializes_cell
edge:48d6759af52f7d3a292b,aac3ef2b2528ad4c6344,fb57547455d42471180b,7ba29f3a45abe1301651,bps_webapi,4,observation_materializes_cell
edge:a747cac56df61ad9750a,cbe04c5d917b07eca2b8,fb57547455d42471180b,aa7252a58f41161c17c3,bps_tpb_2024,1,observation_materializes_cell
edge:116725280e7db96f425b,a0c056ad978c76fca5fc,fb626e09585a0e085871,7ba29f3a45abe1301651,bps_webapi,4,observation_materializes_cell
edge:08a50f4e6502ff72ac98,31fa362a3541ae320ff2,fb6e734ca8a1fc7347c9,7ba29f3a45abe1301651,bps_webapi,4,observation_materializes_cell
edge:4de7801701fcdf3c2e63,685403f365663e84a1a5,fb71e8ed7eb9f486b112,7ba29f3a45abe1301651,bps_webapi,4,observation_materializes_cell
edge:06a62c6820b0426549ee,be780bdbe907c20ebe36,fb76e39493b0987ff97d,7ba29f3a45abe1301651,bps_webapi,4,observation_materializes_cell
edge:e8bf27d11c0b1f310408,11ecfc60ba1d6cfd4b47,fb7e939b365771ab3640,7ba29f3a45abe1301651,bps_webapi,4,observation_materializes_cell
edge:dd94e7a684bc61ac9815,df07c7ca8e49db6dd628,fb7e939b365771ab3640,aa7252a58f41161c17c3,bps_tpb_2024,1,observation_materializes_cell
edge:16615986552ad8faf349,82da0a2740b72a9ab34a,fb91db1df9785d13db22,7ba29f3a45abe1301651,bps_webapi,4,observation_materializes_cell
edge:1cb8b42cb74de81aa701,399bf9ec2d021cef5260,fba3fb131d0260fbf283,7ba29f3a45abe1301651,bps_webapi,4,observation_materializes_cell
edge:9229b69e4d2970a4a767,af5c5065d8f4fbd680c2,fbae3ba6e0eeb8df7651,aa7252a58f41161c17c3,bps_tpb_2024,1,observation_materializes_cell
edge:09caf72cca0eae9de93f,47537fd9e433201550c1,fbae3ba6e0eeb8df7651,b132d2fab33291e0733e,bps_webapi,3,observation_materializes_cell
edge:61516a4563c43bdfb4cf,c8125f3596700cbb8d52,fbbfff329978b071bace,7ba29f3a45abe1301651,bps_webapi,4,observation_materializes_cell
edge:c5154023b249eaf4e9ae,313cd24d96bab1ec1962,fbc89787cb0e637d0133,7ba29f3a45abe1301651,bps_webapi,4,observation_materializes_cell
edge:386f97e4cceb872aba9e,83bb6c03bc05241cdb34,fbd2f6145387197f6f75,7ba29f3a45abe1301651,bps_webapi,4,observation_materializes_cell
edge:91d64d815cb91775372f,74e52442ae23b993f546,fbd421e3c16e98592a88,aa7252a58f41161c17c3,bps_tpb_2024,1,observation_materializes_cell
edge:ab484be11339f99342f0,c5125b6c483e66ed649f,fbd421e3c16e98592a88,b132d2fab33291e0733e,bps_webapi,3,observation_materializes_cell
edge:ae54b5fc63683a7cf2ae,3d3a195839ae4264e657,fbdc54f10dcb2b88ab44,7ba29f3a45abe1301651,bps_webapi,4,observation_materializes_cell
edge:3f64a13d5b38789da9b8,1de77023bb9aa0fb3630,fbe7b9f460125305eea1,7ba29f3a45abe1301651,bps_webapi,4,observation_materializes_cell
edge:4f5b82065adcf13060b7,0cf979f9ede4a944ab60,fbe7b9f460125305eea1,9ab2011a3892edfac889,bps_tpb_2025,2,observation_materializes_cell
edge:653845c801f4b09d93a9,169ae13e58d5b3157228,fbe7b9f460125305eea1,aa7252a58f41161c17c3,bps_tpb_2024,1,observation_materializes_cell
edge:8e423b6b86cb9ef2a1fe,68a367ca4ff3dea1b93e,fbe8fd7d5b269d3ffc30,7ba29f3a45abe1301651,bps_webapi,4,observation_materializes_cell
edge:dab610c6ebfea64225a8,8006b64567072ba07a44,fbeccf7eeeda6964dafc,aa7252a58f41161c17c3,bps_tpb_2024,1,observation_materializes_cell
edge:6cae3927ce6223883732,85bcef4ba06f0b23771a,fbeccf7eeeda6964dafc,b132d2fab33291e0733e,bps_webapi,3,observation_materializes_cell
edge:6dc2d78a70b3be431e92,5d3ff4560eaa468bbf52,fbf6f49a93210784d97b,7ba29f3a45abe1301651,bps_webapi,4,observation_materializes_cell
edge:48fc3c5075c8658f27b1,2278a1e6a78ec3d1a753,fbfa2d9b6bf4fdac38a9,7ba29f3a45abe1301651,bps_webapi,4,observation_materializes_cell
edge:7d4a3460aa9d27a2b596,363194899547dbe6099f,fc0181ea7bcddd115bd9,aa7252a58f41161c17c3,bps_tpb_2024,1,observation_materializes_cell
edge:c52c204f4e67e152a881,d8215024846112745393,fc0181ea7bcddd115bd9,b132d2fab33291e0733e,bps_webapi,3,observation_materializes_cell
edge:6aac60a8335926418f50,e226bfac57f13895cf5f,fc0c28f4bc73fb3a456e,7ba29f3a45abe1301651,bps_webapi,4,observation_materializes_cell
edge:6b3a2b4bb2adbafb7017,232533af5948d75e1e54,fc15609332903d8078d8,7ba29f3a45abe1301651,bps_webapi,4,observation_materializes_cell
edge:9ab46cf7fd45ea25cad8,b68dd82c99819c61291c,fc196342e6db2135731a,7ba29f3a45abe1301651,bps_webapi,4,observation_materializes_cell
edge:761a7dd8959e51bd3337,aecf951c1789d87bfbb7,fc35bdb79500bbd8e2f1,7ba29f3a45abe1301651,bps_webapi,4,observation_materializes_cell
edge:a1274e3d8c30f5c1269e,8c476e86fc228bc7f979,fc562f7708b5db5c9ccc,7ba29f3a45abe1301651,bps_webapi,4,observation_materializes_cell
edge:33fe162a5c8e39e04879,ae97ebbc29c88b09435a,fc5b9e2c403f9394e446,7ba29f3a45abe1301651,bps_webapi,4,observation_materializes_cell
edge:328b235d7ad09c6fb7b0,e41065c118c656b12247,fc6b7d289ede00415a4b,7ba29f3a45abe1301651,bps_webapi,4,observation_materializes_cell
edge:1bf6e405ef54d4716a0c,2f15ca9e045dc52e91d1,fc6b7d289ede00415a4b,aa7252a58f41161c17c3,bps_tpb_2024,1,observation_materializes_cell
edge:5511244e117ed2ec9fb6,2db646ecccb76e8c9dc3,fc76d12442f23195954b,7ba29f3a45abe1301651,bps_webapi,4,observation_materializes_cell
edge:b72e1b163fbc550c3c41,04cd15780b6edf1de423,fc7954c1e9d790666876,aa7252a58f41161c17c3,bps_tpb_2024,1,observation_materializes_cell
edge:27d2058815baceb8e86a,381c949fefcc5b262df4,fc7954c1e9d790666876,b132d2fab33291e0733e,bps_webapi,3,observation_materializes_cell
edge:983916d57f276bc4204b,958f2538393ee9ba6043,fc8ac7d48c2bf6d36b6c,7ba29f3a45abe1301651,bps_webapi,4,observation_materializes_cell
edge:d1ca84c546490b0896db,50d838a168172b27ab35,fc8afc2ecb5eb8f44de4,7ba29f3a45abe1301651,bps_webapi,4,observation_materializes_cell
edge:893974cfad9866d597e4,59dbfc34d12f997288ff,fc937ecd3fcc064c316b,7ba29f3a45abe1301651,bps_webapi,4,observation_materializes_cell
edge:20ba163e3b846f7c5fb7,b626dbbd565cc5e38fbc,fcc50eebe2f56a64ab67,7ba29f3a45abe1301651,bps_webapi,4,observation_materializes_cell
edge:05abd3444f21234f1b8c,01bbac913821f6d16311,fcdf72a596499e4cc7d2,aa7252a58f41161c17c3,bps_tpb_2024,1,observation_materializes_cell
edge:9476d0dc461f4a18f831,e891256a5f3795f1e2cc,fcdf72a596499e4cc7d2,b132d2fab33291e0733e,bps_webapi,3,observation_materializes_cell
edge:ac724aab55d91c1db724,6d90e13599c62cf0cf48,fce7088d6913f723d0de,7ba29f3a45abe1301651,bps_webapi,4,observation_materializes_cell
edge:dd9285b0a5e0bf173eff,4642357e9065619320a8,fce942d12de33c8b3367,7ba29f3a45abe1301651,bps_webapi,4,observation_materializes_cell
edge:12eec4d746586d6ffe13,d080bac7c9f8076ad9c0,fce942d12de33c8b3367,aa7252a58f41161c17c3,bps_tpb_2024,1,observation_materializes_cell
edge:2542e29d63eae9f13041,440b8dfaad8b539b91e6,fcedc713a86cb9425bb5,7ba29f3a45abe1301651,bps_webapi,4,observation_materializes_cell
edge:b6d77674303de4f53e49,6c0c498790a88ee5fc94,fcedc713a86cb9425bb5,aa7252a58f41161c17c3,bps_tpb_2024,1,observation_materializes_cell
edge:ed12c7f8df6552a49f68,cbcc4c618b007d6b3f3f,fcf261faf03963b179af,7ba29f3a45abe1301651,bps_webapi,4,observation_materializes_cell
edge:87ce2032c74683d10f0e,a2a03a461c7ff42ccb15,fcf864e8b235c0ff8e71,aa7252a58f41161c17c3,bps_tpb_2024,1,observation_materializes_cell
edge:f9dc38b4392e63f6eca9,5d1ce43208cc13f34ddf,fcf864e8b235c0ff8e71,b132d2fab33291e0733e,bps_webapi,3,observation_materializes_cell
edge:56b1d3c5c9942b11c7ba,51e67c27777801dff946,fcff374a6a1f50e16437,7ba29f3a45abe1301651,bps_webapi,4,observation_materializes_cell
edge:31d12b580baec7f985fc,5cc8776f2735c3d0c10d,fd0e873c6821ffb4054d,7ba29f3a45abe1301651,bps_webapi,4,observation_materializes_cell
edge:09c516361b3756de8086,1dba719c5652d46a2f1a,fd10602adb2ad0742dff,7ba29f3a45abe1301651,bps_webapi,4,observation_materializes_cell
edge:051a4110eb956d112a13,a6943b540755d79bacfa,fd1a03b902e70bb6ea00,7ba29f3a45abe1301651,bps_webapi,4,observation_materializes_cell
edge:0cbdfc061e88b7bcd461,91e385fbedf309999757,fd1a5bacbc0ab36bf445,7ba29f3a45abe1301651,bps_webapi,4,observation_materializes_cell
edge:805cfbb5215a013af663,a933d5883d4fefd553a6,fd3d374b94b70f894fdc,aa7252a58f41161c17c3,bps_tpb_2024,1,observation_materializes_cell
edge:5ac64c2280523399fbe9,578e683412ddba51b1a8,fd3d374b94b70f894fdc,b132d2fab33291e0733e,bps_webapi,3,observation_materializes_cell
edge:48ab2847f1046a2f48b5,89820cafd96030ec0268,fd480b791daf02f7ac02,7ba29f3a45abe1301651,bps_webapi,4,observation_materializes_cell
edge:936f978f6cd3926765e7,a28f37f7bc82f0dc7a71,fd4b9cf23e83176afc04,aa7252a58f41161c17c3,bps_tpb_2024,1,observation_materializes_cell
edge:a7caee84eddac8f5e14a,0227021b4026db4f658b,fd4b9cf23e83176afc04,b132d2fab33291e0733e,bps_webapi,3,observation_materializes_cell
edge:19d318dfa90347308aa1,5b0506fc5910af5433b4,fd51c8380db9069eb9eb,7ba29f3a45abe1301651,bps_webapi,4,observation_materializes_cell
edge:cc8c44fdc5abb36aa717,fd1f644246324b798a95,fd5961ee55b8943dae5e,7ba29f3a45abe1301651,bps_webapi,4,observation_materializes_cell
edge:327f04218c2d97a9e7d2,b5059bb1112712e254cd,fd5e8352237389348d00,7ba29f3a45abe1301651,bps_webapi,4,observation_materializes_cell
edge:dbc5036ec1e8fa89885a,ec8ba1ff1ada26843396,fd6001f97d5da6593eee,7ba29f3a45abe1301651,bps_webapi,4,observation_materializes_cell
edge:00d3b695a986396ca319,25005e76364440206821,fd602f27614eca01c9f3,7ba29f3a45abe1301651,bps_webapi,4,observation_materializes_cell
edge:ac35a3cda8c3bf088864,d34a76fb5bac948c834a,fd6300a0d84762723034,7ba29f3a45abe1301651,bps_webapi,4,observation_materializes_cell
edge:704eabae61423559b50a,a50e93a84f31a8090210,fd64084184973e0c5806,7ba29f3a45abe1301651,bps_webapi,4,observation_materializes_cell
edge:3873c6b9691ea5cc2fd8,434aba5b6d676be3f1c5,fd817ad22fbd7c474571,7ba29f3a45abe1301651,bps_webapi,4,observation_materializes_cell
edge:1447c0600e66e2b466fa,9eceec252feba584b818,fd817ad22fbd7c474571,aa7252a58f41161c17c3,bps_tpb_2024,1,observation_materializes_cell
edge:e27799e5299a02233ec3,bf15cfe5339932f24d2e,fd8304b15ec0ce75f670,7ba29f3a45abe1301651,bps_webapi,4,observation_materializes_cell
edge:997fc57ab5eb00d6e125,efcd322f1801a77bc018,fd8a8e8eefef206846ed,7ba29f3a45abe1301651,bps_webapi,4,observation_materializes_cell
edge:a6b11faa12ace0c57202,9388ad961b80b282de48,fd8d8df1425b1f18cae2,7ba29f3a45abe1301651,bps_webapi,4,observation_materializes_cell
edge:0815ed515e679679781d,78e45d79ba8a5bcf2756,fd8ec1e92e2cc9c47ee4,aa7252a58f41161c17c3,bps_tpb_2024,1,observation_materializes_cell
edge:f180c2102799c2ed3d4f,aba20afcc1e48474adaa,fd8ec1e92e2cc9c47ee4,b132d2fab33291e0733e,bps_webapi,3,observation_materializes_cell
edge:fc990f52fa6121e6ec77,124bfd380766275aaf82,fd955eb8ac7c4eb9a629,7ba29f3a45abe1301651,bps_webapi,4,observation_materializes_cell
edge:334a05c555450055ca0e,c5aed2ad615d94f0232b,fda301eecbaf72b38b3b,7ba29f3a45abe1301651,bps_webapi,4,observation_materializes_cell
edge:6047005a9febefe93621,b96f86aa079b1a21dcea,fdaaa3c1bdc22fbe7d62,7ba29f3a45abe1301651,bps_webapi,4,observation_materializes_cell
edge:456e241359f0c209e468,756cefa90009c35123c3,fdad4b91f4e6dabae25f,7ba29f3a45abe1301651,bps_webapi,4,observation_materializes_cell
edge:5b0449d1a3f8f2571028,5806118d87c4456b9232,fdae242a543afc0176da,7ba29f3a45abe1301651,bps_webapi,4,observation_materializes_cell
edge:9c036a0f42350b9b1b3f,cd58cd02033154bc889e,fdae242a543afc0176da,aa7252a58f41161c17c3,bps_tpb_2024,1,observation_materializes_cell
edge:291f881c0ad247be30c6,b682f7a9c61d7705b37f,fdb2c8910fd1f3786381,7ba29f3a45abe1301651,bps_webapi,4,observation_materializes_cell
edge:65a121ba8e80214a89f7,7b4eacf0aa752466b934,fdbd56818edc90d339f0,7ba29f3a45abe1301651,bps_webapi,4,observation_materializes_cell
edge:55908455a82688380acd,9295de694156cd6cacb3,fdbd56818edc90d339f0,aa7252a58f41161c17c3,bps_tpb_2024,1,observation_materializes_cell
edge:c404e1a2462c149eb11f,d00f3db84cab1af55d7f,fdbfd0d3ebea13c6957d,7ba29f3a45abe1301651,bps_webapi,4,observation_materializes_cell
edge:feb46e469e8ac5fd2aaf,24b9f8188478b84d18c8,fdc09dd6cc5772f0aa64,7ba29f3a45abe1301651,bps_webapi,4,observation_materializes_cell
edge:ba7f5ae593be18505760,60af198491db3adbac43,fdca9a26f0b78022f097,7ba29f3a45abe1301651,bps_webapi,4,observation_materializes_cell
edge:e981ed1ffd281c1110ce,1596776eb000bf3d1532,fdca9a26f0b78022f097,aa7252a58f41161c17c3,bps_tpb_2024,1,observation_materializes_cell
edge:f3913731390a6c763d0c,509f982751a497116e16,fdcec482172b5f2f9bf0,aa7252a58f41161c17c3,bps_tpb_2024,1,observation_materializes_cell
edge:07a73cfa7ea6fef650d0,e1b0ee7db43ec6bd0412,fdcec482172b5f2f9bf0,b132d2fab33291e0733e,bps_webapi,3,observation_materializes_cell
edge:8add9b7e00c3fecf7093,3de82cf704d1a36c6c28,fddaecb4f01d65877f9e,7ba29f3a45abe1301651,bps_webapi,4,observation_materializes_cell
edge:2e721a1fa75023dbff10,a7bf417f981f9ec2d5ea,fddb14feeb016cfe34b8,7ba29f3a45abe1301651,bps_webapi,4,observation_materializes_cell
edge:fe185dee751cf59e9565,4a984e40676f80caeb17,fde6f55b61b31d3a3ada,7ba29f3a45abe1301651,bps_webapi,4,observation_materializes_cell
edge:9f2b5203fa7567ee82fc,e7a736060df64ad61d58,fdf8ed7d69722f5cd09b,7ba29f3a45abe1301651,bps_webapi,4,observation_materializes_cell
edge:faf71de7d09ba0b2326b,9ba15243b1d156d1ea1a,fe0b15615f9e6e86e983,7ba29f3a45abe1301651,bps_webapi,4,observation_materializes_cell
edge:597819a01cb3f3854972,7cb82e19e12987bf80a7,fe157b08241ed4b36d59,7ba29f3a45abe1301651,bps_webapi,4,observation_materializes_cell
edge:5b645e70f4c4e4ab6d8e,65afa4695ed76f6d6e39,fe25f656e6901a868298,7ba29f3a45abe1301651,bps_webapi,4,observation_materializes_cell
edge:c290ee86ef1a559ca136,2adc62d508aa9547a905,fe2763d95a3e5dede69d,7ba29f3a45abe1301651,bps_webapi,4,observation_materializes_cell
edge:336eae63da5469dbcb5c,a6907cf17b3191c3bf85,fe27799a5bf55193876a,7ba29f3a45abe1301651,bps_webapi,4,observation_materializes_cell
edge:c2767cf4de95f1cd39bc,348f7e98c9a5fd4b807b,fe2e61aff7a022f9b04a,7ba29f3a45abe1301651,bps_webapi,4,observation_materializes_cell
edge:25caa339a88c26ce32e7,0aab0d3987f49c62d058,fe2e61aff7a022f9b04a,aa7252a58f41161c17c3,bps_tpb_2024,1,observation_materializes_cell
edge:507673d5865c78de8f2a,dc8060124b1a2db3b080,fe565b24e0607e544e76,7ba29f3a45abe1301651,bps_webapi,4,observation_materializes_cell
edge:c8b6540310b38b5b7b5d,7d6a83df2eb58ae55b7d,fe62ce7536e6134c2387,7ba29f3a45abe1301651,bps_webapi,4,observation_materializes_cell
edge:52f40ca65b072d27d7ae,aebfdddc9daa7fccfc61,fe652a8a953a7ebf5aec,7ba29f3a45abe1301651,bps_webapi,4,observation_materializes_cell
edge:b8ab3cd30ff150018c43,1682158dd29accb11636,fe6e9e9dc5f9814a5851,7ba29f3a45abe1301651,bps_webapi,4,observation_materializes_cell
edge:2b0a2e8210bf4243763e,4bec539816decdbbaaec,fe7801022c1d59b0f72e,7ba29f3a45abe1301651,bps_webapi,4,observation_materializes_cell
edge:c5e389d4cd2bc8d865e1,caa6089ffead9263b220,fe78e02af5a83e359942,7ba29f3a45abe1301651,bps_webapi,4,observation_materializes_cell
edge:1ca7efb3299dcda244d0,7bf3c2b6acd9ecd6a2fd,fe78e02af5a83e359942,9ab2011a3892edfac889,bps_tpb_2025,2,observation_materializes_cell
edge:507dd92cf98f834b7d72,991e012e2c4cdb5103d3,fe834477b24ffb2c44f3,7ba29f3a45abe1301651,bps_webapi,4,observation_materializes_cell
edge:467a66450eda15ad7a6d,5fedc51cf0bcd9ac0099,fe834477b24ffb2c44f3,aa7252a58f41161c17c3,bps_tpb_2024,1,observation_materializes_cell
edge:7174b1d3e57bdfbc1756,2b1b47ec04a8d7bc9fa1,fe9c49c39f9d8a4d4931,7ba29f3a45abe1301651,bps_webapi,4,observation_materializes_cell
edge:eda95dfc992245555655,8968480a6929aac08eaf,feae68a2594b1204a071,aa7252a58f41161c17c3,bps_tpb_2024,1,observation_materializes_cell
edge:f54073738778eccae095,ce9f44774f35ce044290,feae68a2594b1204a071,b132d2fab33291e0733e,bps_webapi,3,observation_materializes_cell
edge:86c76238c7ca8d7c610b,6fff2184de50c5f1e790,feaf293429dfa58f27d9,aa7252a58f41161c17c3,bps_tpb_2024,1,observation_materializes_cell
edge:b5e5966082137f5fe480,5cfbb350c11f91919159,feaf293429dfa58f27d9,b132d2fab33291e0733e,bps_webapi,3,observation_materializes_cell
edge:079c1ee61a776028987a,c1a08f8ee255cc4ae93d,feb0345970b0933e4618,7ba29f3a45abe1301651,bps_webapi,4,observation_materializes_cell
edge:9880b9716da94380005a,b388cf1b9b30f8bc45a4,feb17f23ca70abec3850,7ba29f3a45abe1301651,bps_webapi,4,observation_materializes_cell
edge:b6efd2583a4b5927199c,4a8b8ee4b5609cfcbd83,feb17f23ca70abec3850,aa7252a58f41161c17c3,bps_tpb_2024,1,observation_materializes_cell
edge:b4af9e9e9f19ebe8a5c6,656738d02adac79f6662,feb2918a5af1bd1c0859,7ba29f3a45abe1301651,bps_webapi,4,observation_materializes_cell
edge:a0d61c370c4ca3eb5228,fe7b3ee2c42867d196bc,feb2918a5af1bd1c0859,aa7252a58f41161c17c3,bps_tpb_2024,1,observation_materializes_cell
edge:d0f0e6f5efd71acb635c,adae51708eafd3a09a27,febfa0a578a4ab5c193c,7ba29f3a45abe1301651,bps_webapi,4,observation_materializes_cell
edge:98527342b5ed9f7ba28d,c1adc88940b9d7e6e42b,fecaf1afa1c998c594c7,7ba29f3a45abe1301651,bps_webapi,4,observation_materializes_cell
edge:718806a79f25be811094,87b219039ee1d6868a95,fed096c9a86d183f5d1a,7ba29f3a45abe1301651,bps_webapi,4,observation_materializes_cell
edge:944e2d1d9dbdc54c41da,467b492693e600e34716,fedb02d6714c0538c52a,7ba29f3a45abe1301651,bps_webapi,4,observation_materializes_cell
edge:5fcd84f98f250ac50a49,e06ec049a5bbef4298dd,fee1ea2e1d7fe0840425,7ba29f3a45abe1301651,bps_webapi,4,observation_materializes_cell
edge:66d233c95b41042e7c90,297d020ab4afffe06a67,fee3041fd7999b95f91d,7ba29f3a45abe1301651,bps_webapi,4,observation_materializes_cell
edge:231f0ba1dc6be0a8f08c,e17c6fdea9c12db96352,fee65e1fc458c842039c,7ba29f3a45abe1301651,bps_webapi,4,observation_materializes_cell
edge:70e398ca338ffa786d9e,da6cb5270727194e50f8,fee90e3f08ef5519aa7d,7ba29f3a45abe1301651,bps_webapi,4,observation_materializes_cell
edge:d2290b7d79d7e4da6fe0,7f541b3c73231cfe4ca3,ff0a444717e285dac9d3,7ba29f3a45abe1301651,bps_webapi,4,observation_materializes_cell
edge:04065ce83fc7dbbbadf2,1ad817bd036148728079,ff0b3a86b0863de55f06,7ba29f3a45abe1301651,bps_webapi,4,observation_materializes_cell
edge:1b2ee468de0a787de728,11c9a0620fcabb41e5ae,ff14e7c7f7e687745e9c,7ba29f3a45abe1301651,bps_webapi,4,observation_materializes_cell
edge:77fb64b1233483f80616,db18ace25dcf10a685cf,ff36e0770a409e1fe1dd,7ba29f3a45abe1301651,bps_webapi,4,observation_materializes_cell
edge:49d1dce9c25c37738e4b,05c4ce089a6803187085,ff3977bafe5a5872beb1,7ba29f3a45abe1301651,bps_webapi,4,observation_materializes_cell
edge:074a80c2cd4101948740,4ad39a89bf577155c579,ff422db3532077155dfe,aa7252a58f41161c17c3,bps_tpb_2024,1,observation_materializes_cell
edge:3939df49a87f62af3790,9873e5f6b3daadc39746,ff422db3532077155dfe,b132d2fab33291e0733e,bps_webapi,3,observation_materializes_cell
edge:acbeb69c3a6872bb98e8,42ed871858dbf73ebf89,ff5d6d487643c4b524c1,7ba29f3a45abe1301651,bps_webapi,4,observation_materializes_cell
edge:773a31809a75b20daf99,e2f0de8b59175e8ddc15,ff5d6d487643c4b524c1,9ab2011a3892edfac889,bps_tpb_2025,2,observation_materializes_cell
edge:fa7f583ba0809a7084ae,1d3d7efe3ae5d0d99484,ff9ddedb50a229a63637,7ba29f3a45abe1301651,bps_webapi,4,observation_materializes_cell
edge:05072c3a3ad6bd55a2e9,c1b2ac9e83cc6599614c,ff9ddedb50a229a63637,aa7252a58f41161c17c3,bps_tpb_2024,1,observation_materializes_cell
edge:e48e3067a7d358555e2f,1faf9078f5c64c6c7b8c,ff9e19c3a42ac8bae097,7ba29f3a45abe1301651,bps_webapi,4,observation_materializes_cell
edge:9c61e52d943eb8e93613,644bb4930495e84eef74,ffa2211aac5f7a3f5665,aa7252a58f41161c17c3,bps_tpb_2024,1,observation_materializes_cell
edge:c4fb3a43811ec8fdd284,14f25c6b454c28e9ee78,ffa2211aac5f7a3f5665,b132d2fab33291e0733e,bps_webapi,3,observation_materializes_cell
edge:a9f14ee90109b427f5a1,560e224a135aee0c32c1,ffb1340611bd6216b9ba,7ba29f3a45abe1301651,bps_webapi,4,observation_materializes_cell
edge:1e74a9c27e57277b1c05,4ed738c2542598f85bc2,ffb48ba51b75038c7175,7ba29f3a45abe1301651,bps_webapi,4,observation_materializes_cell
edge:239a585374d52ac6155e,74157a9219417e36d979,ffc32906c067c70fcb82,aa7252a58f41161c17c3,bps_tpb_2024,1,observation_materializes_cell
edge:89a35e76fc498e4e8dcf,bfd1af0fdd4904ebf99d,ffc32906c067c70fcb82,b132d2fab33291e0733e,bps_webapi,3,observation_materializes_cell
edge:effb3c15325c67af2c38,f9a87c021c3499c3ed7f,ffdb7cbb77b3cc6bcf27,7ba29f3a45abe1301651,bps_webapi,4,observation_materializes_cell
edge:51bfb88b5023b47c2ec0,71f927685a7fff175a83,ffe65129f2858670fe2f,7ba29f3a45abe1301651,bps_webapi,4,observation_materializes_cell
edge:6fe7369e6c656c059a57,4b012e6d0bd1c6e3f306,ffe6c02a0ca1966e9f15,7ba29f3a45abe1301651,bps_webapi,4,observation_materializes_cell
edge:c2e87456da30f0b23b6c,df035ca7e482de631e1f,ffea0527fb5ad2a259be,7ba29f3a45abe1301651,bps_webapi,4,observation_materializes_cell
edge:63ab93341896d708aac0,fb3b8e7b597a082a251f,fff38aa8cd7e0ea4dd25,aa7252a58f41161c17c3,bps_tpb_2024,1,observation_materializes_cell
edge:3531047cca1a7b1aa2b4,893f8657b12b4f237bbb,fff38aa8cd7e0ea4dd25,b132d2fab33291e0733e,bps_webapi,3,observation_materializes_cell
