source_id,indicator_key,series_key,release_date,observed_period,geo_level,geo_code,geo_name,unit,value,producer,methodology_version,source_record_id
bps_webapi,sdg04_completion_rate,sd.expenditure.q1,2026-09-08,2015,national,9999,Indonesia,percent,85.33,Badan Pusat Statistik,webapi-var-1983-updated-2026-04-08,domain=0000;var=1983;vervar=1;turvar=1672;th=115;turth=0
bps_webapi,sdg04_completion_rate,sd.expenditure.q1,2026-09-08,2016,national,9999,Indonesia,percent,88.81,Badan Pusat Statistik,webapi-var-1983-updated-2026-04-08,domain=0000;var=1983;vervar=1;turvar=1672;th=116;turth=0
bps_webapi,sdg04_completion_rate,sd.expenditure.q1,2026-09-08,2017,national,9999,Indonesia,percent,90.53,Badan Pusat Statistik,webapi-var-1983-updated-2026-04-08,domain=0000;var=1983;vervar=1;turvar=1672;th=117;turth=0
bps_webapi,sdg04_completion_rate,sd.expenditure.q1,2026-09-08,2018,national,9999,Indonesia,percent,90.21,Badan Pusat Statistik,webapi-var-1983-updated-2026-04-08,domain=0000;var=1983;vervar=1;turvar=1672;th=118;turth=0
bps_webapi,sdg04_completion_rate,sd.expenditure.q1,2026-09-08,2019,national,9999,Indonesia,percent,92.23,Badan Pusat Statistik,webapi-var-1983-updated-2026-04-08,domain=0000;var=1983;vervar=1;turvar=1672;th=119;turth=0
bps_webapi,sdg04_completion_rate,sd.expenditure.q1,2026-09-08,2020,national,9999,Indonesia,percent,94.04,Badan Pusat Statistik,webapi-var-1983-updated-2026-04-08,domain=0000;var=1983;vervar=1;turvar=1672;th=120;turth=0
bps_webapi,sdg04_completion_rate,sd.expenditure.q1,2026-09-08,2021,national,9999,Indonesia,percent,95.04,Badan Pusat Statistik,webapi-var-1983-updated-2026-04-08,domain=0000;var=1983;vervar=1;turvar=1672;th=121;turth=0
bps_webapi,sdg04_completion_rate,sd.expenditure.q1,2026-09-08,2022,national,9999,Indonesia,percent,96.42,Badan Pusat Statistik,webapi-var-1983-updated-2026-04-08,domain=0000;var=1983;vervar=1;turvar=1672;th=122;turth=0
bps_webapi,sdg04_completion_rate,sd.expenditure.q1,2026-09-08,2023,national,9999,Indonesia,percent,96.36,Badan Pusat Statistik,webapi-var-1983-updated-2026-04-08,domain=0000;var=1983;vervar=1;turvar=1672;th=123;turth=0
bps_webapi,sdg04_completion_rate,sd.expenditure.q2,2026-09-08,2015,national,9999,Indonesia,percent,89.29,Badan Pusat Statistik,webapi-var-1983-updated-2026-04-08,domain=0000;var=1983;vervar=2;turvar=1672;th=115;turth=0
bps_webapi,sdg04_completion_rate,sd.expenditure.q2,2026-09-08,2016,national,9999,Indonesia,percent,93,Badan Pusat Statistik,webapi-var-1983-updated-2026-04-08,domain=0000;var=1983;vervar=2;turvar=1672;th=116;turth=0
bps_webapi,sdg04_completion_rate,sd.expenditure.q2,2026-09-08,2017,national,9999,Indonesia,percent,95.02,Badan Pusat Statistik,webapi-var-1983-updated-2026-04-08,domain=0000;var=1983;vervar=2;turvar=1672;th=117;turth=0
bps_webapi,sdg04_completion_rate,sd.expenditure.q2,2026-09-08,2018,national,9999,Indonesia,percent,94.05,Badan Pusat Statistik,webapi-var-1983-updated-2026-04-08,domain=0000;var=1983;vervar=2;turvar=1672;th=118;turth=0
bps_webapi,sdg04_completion_rate,sd.expenditure.q2,2026-09-08,2019,national,9999,Indonesia,percent,95.05,Badan Pusat Statistik,webapi-var-1983-updated-2026-04-08,domain=0000;var=1983;vervar=2;turvar=1672;th=119;turth=0
bps_webapi,sdg04_completion_rate,sd.expenditure.q2,2026-09-08,2020,national,9999,Indonesia,percent,96.09,Badan Pusat Statistik,webapi-var-1983-updated-2026-04-08,domain=0000;var=1983;vervar=2;turvar=1672;th=120;turth=0
bps_webapi,sdg04_completion_rate,sd.expenditure.q2,2026-09-08,2021,national,9999,Indonesia,percent,97.49,Badan Pusat Statistik,webapi-var-1983-updated-2026-04-08,domain=0000;var=1983;vervar=2;turvar=1672;th=121;turth=0
bps_webapi,sdg04_completion_rate,sd.expenditure.q2,2026-09-08,2022,national,9999,Indonesia,percent,97.68,Badan Pusat Statistik,webapi-var-1983-updated-2026-04-08,domain=0000;var=1983;vervar=2;turvar=1672;th=122;turth=0
bps_webapi,sdg04_completion_rate,sd.expenditure.q2,2026-09-08,2023,national,9999,Indonesia,percent,97.76,Badan Pusat Statistik,webapi-var-1983-updated-2026-04-08,domain=0000;var=1983;vervar=2;turvar=1672;th=123;turth=0
bps_webapi,sdg04_completion_rate,sd.expenditure.q3,2026-09-08,2015,national,9999,Indonesia,percent,92.61,Badan Pusat Statistik,webapi-var-1983-updated-2026-04-08,domain=0000;var=1983;vervar=3;turvar=1672;th=115;turth=0
bps_webapi,sdg04_completion_rate,sd.expenditure.q3,2026-09-08,2016,national,9999,Indonesia,percent,95.34,Badan Pusat Statistik,webapi-var-1983-updated-2026-04-08,domain=0000;var=1983;vervar=3;turvar=1672;th=116;turth=0
bps_webapi,sdg04_completion_rate,sd.expenditure.q3,2026-09-08,2017,national,9999,Indonesia,percent,95.92,Badan Pusat Statistik,webapi-var-1983-updated-2026-04-08,domain=0000;var=1983;vervar=3;turvar=1672;th=117;turth=0
bps_webapi,sdg04_completion_rate,sd.expenditure.q3,2026-09-08,2018,national,9999,Indonesia,percent,95.47,Badan Pusat Statistik,webapi-var-1983-updated-2026-04-08,domain=0000;var=1983;vervar=3;turvar=1672;th=118;turth=0
bps_webapi,sdg04_completion_rate,sd.expenditure.q3,2026-09-08,2019,national,9999,Indonesia,percent,95.86,Badan Pusat Statistik,webapi-var-1983-updated-2026-04-08,domain=0000;var=1983;vervar=3;turvar=1672;th=119;turth=0
bps_webapi,sdg04_completion_rate,sd.expenditure.q3,2026-09-08,2020,national,9999,Indonesia,percent,95.84,Badan Pusat Statistik,webapi-var-1983-updated-2026-04-08,domain=0000;var=1983;vervar=3;turvar=1672;th=120;turth=0
bps_webapi,sdg04_completion_rate,sd.expenditure.q3,2026-09-08,2021,national,9999,Indonesia,percent,97.8,Badan Pusat Statistik,webapi-var-1983-updated-2026-04-08,domain=0000;var=1983;vervar=3;turvar=1672;th=121;turth=0
bps_webapi,sdg04_completion_rate,sd.expenditure.q3,2026-09-08,2022,national,9999,Indonesia,percent,98.14,Badan Pusat Statistik,webapi-var-1983-updated-2026-04-08,domain=0000;var=1983;vervar=3;turvar=1672;th=122;turth=0
bps_webapi,sdg04_completion_rate,sd.expenditure.q3,2026-09-08,2023,national,9999,Indonesia,percent,98.12,Badan Pusat Statistik,webapi-var-1983-updated-2026-04-08,domain=0000;var=1983;vervar=3;turvar=1672;th=123;turth=0
bps_webapi,sdg04_completion_rate,sd.expenditure.q4,2026-09-08,2015,national,9999,Indonesia,percent,94.91,Badan Pusat Statistik,webapi-var-1983-updated-2026-04-08,domain=0000;var=1983;vervar=4;turvar=1672;th=115;turth=0
bps_webapi,sdg04_completion_rate,sd.expenditure.q4,2026-09-08,2016,national,9999,Indonesia,percent,95.92,Badan Pusat Statistik,webapi-var-1983-updated-2026-04-08,domain=0000;var=1983;vervar=4;turvar=1672;th=116;turth=0
bps_webapi,sdg04_completion_rate,sd.expenditure.q4,2026-09-08,2017,national,9999,Indonesia,percent,97.11,Badan Pusat Statistik,webapi-var-1983-updated-2026-04-08,domain=0000;var=1983;vervar=4;turvar=1672;th=117;turth=0
bps_webapi,sdg04_completion_rate,sd.expenditure.q4,2026-09-08,2018,national,9999,Indonesia,percent,96.77,Badan Pusat Statistik,webapi-var-1983-updated-2026-04-08,domain=0000;var=1983;vervar=4;turvar=1672;th=118;turth=0
bps_webapi,sdg04_completion_rate,sd.expenditure.q4,2026-09-08,2019,national,9999,Indonesia,percent,97.01,Badan Pusat Statistik,webapi-var-1983-updated-2026-04-08,domain=0000;var=1983;vervar=4;turvar=1672;th=119;turth=0
bps_webapi,sdg04_completion_rate,sd.expenditure.q4,2026-09-08,2020,national,9999,Indonesia,percent,96.81,Badan Pusat Statistik,webapi-var-1983-updated-2026-04-08,domain=0000;var=1983;vervar=4;turvar=1672;th=120;turth=0
bps_webapi,sdg04_completion_rate,sd.expenditure.q4,2026-09-08,2021,national,9999,Indonesia,percent,98.49,Badan Pusat Statistik,webapi-var-1983-updated-2026-04-08,domain=0000;var=1983;vervar=4;turvar=1672;th=121;turth=0
bps_webapi,sdg04_completion_rate,sd.expenditure.q4,2026-09-08,2022,national,9999,Indonesia,percent,98.34,Badan Pusat Statistik,webapi-var-1983-updated-2026-04-08,domain=0000;var=1983;vervar=4;turvar=1672;th=122;turth=0
bps_webapi,sdg04_completion_rate,sd.expenditure.q4,2026-09-08,2023,national,9999,Indonesia,percent,98.45,Badan Pusat Statistik,webapi-var-1983-updated-2026-04-08,domain=0000;var=1983;vervar=4;turvar=1672;th=123;turth=0
bps_webapi,sdg04_completion_rate,sd.expenditure.q5,2026-09-08,2015,national,9999,Indonesia,percent,96.99,Badan Pusat Statistik,webapi-var-1983-updated-2026-04-08,domain=0000;var=1983;vervar=5;turvar=1672;th=115;turth=0
bps_webapi,sdg04_completion_rate,sd.expenditure.q5,2026-09-08,2016,national,9999,Indonesia,percent,97.6,Badan Pusat Statistik,webapi-var-1983-updated-2026-04-08,domain=0000;var=1983;vervar=5;turvar=1672;th=116;turth=0
bps_webapi,sdg04_completion_rate,sd.expenditure.q5,2026-09-08,2017,national,9999,Indonesia,percent,98.33,Badan Pusat Statistik,webapi-var-1983-updated-2026-04-08,domain=0000;var=1983;vervar=5;turvar=1672;th=117;turth=0
bps_webapi,sdg04_completion_rate,sd.expenditure.q5,2026-09-08,2018,national,9999,Indonesia,percent,98.04,Badan Pusat Statistik,webapi-var-1983-updated-2026-04-08,domain=0000;var=1983;vervar=5;turvar=1672;th=118;turth=0
bps_webapi,sdg04_completion_rate,sd.expenditure.q5,2026-09-08,2019,national,9999,Indonesia,percent,98.19,Badan Pusat Statistik,webapi-var-1983-updated-2026-04-08,domain=0000;var=1983;vervar=5;turvar=1672;th=119;turth=0
bps_webapi,sdg04_completion_rate,sd.expenditure.q5,2026-09-08,2020,national,9999,Indonesia,percent,97.81,Badan Pusat Statistik,webapi-var-1983-updated-2026-04-08,domain=0000;var=1983;vervar=5;turvar=1672;th=120;turth=0
bps_webapi,sdg04_completion_rate,sd.expenditure.q5,2026-09-08,2021,national,9999,Indonesia,percent,98.5,Badan Pusat Statistik,webapi-var-1983-updated-2026-04-08,domain=0000;var=1983;vervar=5;turvar=1672;th=121;turth=0
bps_webapi,sdg04_completion_rate,sd.expenditure.q5,2026-09-08,2022,national,9999,Indonesia,percent,98.76,Badan Pusat Statistik,webapi-var-1983-updated-2026-04-08,domain=0000;var=1983;vervar=5;turvar=1672;th=122;turth=0
bps_webapi,sdg04_completion_rate,sd.expenditure.q5,2026-09-08,2023,national,9999,Indonesia,percent,98.74,Badan Pusat Statistik,webapi-var-1983-updated-2026-04-08,domain=0000;var=1983;vervar=5;turvar=1672;th=123;turth=0
bps_webapi,sdg04_completion_rate,sd.residence.rural,2026-09-08,2015,national,9999,Indonesia,percent,88.47,Badan Pusat Statistik,webapi-var-1981-updated-2024-05-26,domain=0000;var=1981;vervar=2;turvar=1672;th=115;turth=0
bps_webapi,sdg04_completion_rate,sd.residence.rural,2026-09-08,2016,national,9999,Indonesia,percent,92.22,Badan Pusat Statistik,webapi-var-1981-updated-2024-05-26,domain=0000;var=1981;vervar=2;turvar=1672;th=116;turth=0
bps_webapi,sdg04_completion_rate,sd.residence.rural,2026-09-08,2017,national,9999,Indonesia,percent,93.17,Badan Pusat Statistik,webapi-var-1981-updated-2024-05-26,domain=0000;var=1981;vervar=2;turvar=1672;th=117;turth=0
bps_webapi,sdg04_completion_rate,sd.residence.rural,2026-09-08,2018,national,9999,Indonesia,percent,92.8,Badan Pusat Statistik,webapi-var-1981-updated-2024-05-26,domain=0000;var=1981;vervar=2;turvar=1672;th=118;turth=0
bps_webapi,sdg04_completion_rate,sd.residence.rural,2026-09-08,2019,national,9999,Indonesia,percent,93.68,Badan Pusat Statistik,webapi-var-1981-updated-2024-05-26,domain=0000;var=1981;vervar=2;turvar=1672;th=119;turth=0
bps_webapi,sdg04_completion_rate,sd.residence.rural,2026-09-08,2020,national,9999,Indonesia,percent,94.95,Badan Pusat Statistik,webapi-var-1981-updated-2024-05-26,domain=0000;var=1981;vervar=2;turvar=1672;th=120;turth=0
bps_webapi,sdg04_completion_rate,sd.residence.rural,2026-09-08,2021,national,9999,Indonesia,percent,96.25,Badan Pusat Statistik,webapi-var-1981-updated-2024-05-26,domain=0000;var=1981;vervar=2;turvar=1672;th=121;turth=0
bps_webapi,sdg04_completion_rate,sd.residence.rural,2026-09-08,2022,national,9999,Indonesia,percent,96.85,Badan Pusat Statistik,webapi-var-1981-updated-2024-05-26,domain=0000;var=1981;vervar=2;turvar=1672;th=122;turth=0
bps_webapi,sdg04_completion_rate,sd.residence.rural,2026-09-08,2023,national,9999,Indonesia,percent,96.86,Badan Pusat Statistik,webapi-var-1981-updated-2024-05-26,domain=0000;var=1981;vervar=2;turvar=1672;th=123;turth=0
bps_webapi,sdg04_completion_rate,sd.residence.urban,2026-09-08,2015,national,9999,Indonesia,percent,94.62,Badan Pusat Statistik,webapi-var-1981-updated-2024-05-26,domain=0000;var=1981;vervar=1;turvar=1672;th=115;turth=0
bps_webapi,sdg04_completion_rate,sd.residence.urban,2026-09-08,2016,national,9999,Indonesia,percent,95.59,Badan Pusat Statistik,webapi-var-1981-updated-2024-05-26,domain=0000;var=1981;vervar=1;turvar=1672;th=116;turth=0
bps_webapi,sdg04_completion_rate,sd.residence.urban,2026-09-08,2017,national,9999,Indonesia,percent,97.2,Badan Pusat Statistik,webapi-var-1981-updated-2024-05-26,domain=0000;var=1981;vervar=1;turvar=1672;th=117;turth=0
bps_webapi,sdg04_completion_rate,sd.residence.urban,2026-09-08,2018,national,9999,Indonesia,percent,96.34,Badan Pusat Statistik,webapi-var-1981-updated-2024-05-26,domain=0000;var=1981;vervar=1;turvar=1672;th=118;turth=0
bps_webapi,sdg04_completion_rate,sd.residence.urban,2026-09-08,2019,national,9999,Indonesia,percent,97.01,Badan Pusat Statistik,webapi-var-1981-updated-2024-05-26,domain=0000;var=1981;vervar=1;turvar=1672;th=119;turth=0
bps_webapi,sdg04_completion_rate,sd.residence.urban,2026-09-08,2020,national,9999,Indonesia,percent,96.89,Badan Pusat Statistik,webapi-var-1981-updated-2024-05-26,domain=0000;var=1981;vervar=1;turvar=1672;th=120;turth=0
bps_webapi,sdg04_completion_rate,sd.residence.urban,2026-09-08,2021,national,9999,Indonesia,percent,98.27,Badan Pusat Statistik,webapi-var-1981-updated-2024-05-26,domain=0000;var=1981;vervar=1;turvar=1672;th=121;turth=0
bps_webapi,sdg04_completion_rate,sd.residence.urban,2026-09-08,2022,national,9999,Indonesia,percent,98.55,Badan Pusat Statistik,webapi-var-1981-updated-2024-05-26,domain=0000;var=1981;vervar=1;turvar=1672;th=122;turth=0
bps_webapi,sdg04_completion_rate,sd.residence.urban,2026-09-08,2023,national,9999,Indonesia,percent,98.54,Badan Pusat Statistik,webapi-var-1981-updated-2024-05-26,domain=0000;var=1981;vervar=1;turvar=1672;th=123;turth=0
bps_webapi,sdg04_completion_rate,sd.sex.female,2026-09-08,2015,national,9999,Indonesia,percent,92.9,Badan Pusat Statistik,webapi-var-1982-updated-2026-08-26,domain=0000;var=1982;vervar=2;turvar=1672;th=115;turth=0
bps_webapi,sdg04_completion_rate,sd.sex.female,2026-09-08,2016,national,9999,Indonesia,percent,95.66,Badan Pusat Statistik,webapi-var-1982-updated-2026-08-26,domain=0000;var=1982;vervar=2;turvar=1672;th=116;turth=0
bps_webapi,sdg04_completion_rate,sd.sex.female,2026-09-08,2017,national,9999,Indonesia,percent,96.29,Badan Pusat Statistik,webapi-var-1982-updated-2026-08-26,domain=0000;var=1982;vervar=2;turvar=1672;th=117;turth=0
bps_webapi,sdg04_completion_rate,sd.sex.female,2026-09-08,2018,national,9999,Indonesia,percent,95.86,Badan Pusat Statistik,webapi-var-1982-updated-2026-08-26,domain=0000;var=1982;vervar=2;turvar=1672;th=118;turth=0
bps_webapi,sdg04_completion_rate,sd.sex.female,2026-09-08,2019,national,9999,Indonesia,percent,96.54,Badan Pusat Statistik,webapi-var-1982-updated-2026-08-26,domain=0000;var=1982;vervar=2;turvar=1672;th=119;turth=0
bps_webapi,sdg04_completion_rate,sd.sex.female,2026-09-08,2020,national,9999,Indonesia,percent,96.33,Badan Pusat Statistik,webapi-var-1982-updated-2026-08-26,domain=0000;var=1982;vervar=2;turvar=1672;th=120;turth=0
bps_webapi,sdg04_completion_rate,sd.sex.female,2026-09-08,2021,national,9999,Indonesia,percent,97.76,Badan Pusat Statistik,webapi-var-1982-updated-2026-08-26,domain=0000;var=1982;vervar=2;turvar=1672;th=121;turth=0
bps_webapi,sdg04_completion_rate,sd.sex.female,2026-09-08,2022,national,9999,Indonesia,percent,98.21,Badan Pusat Statistik,webapi-var-1982-updated-2026-08-26,domain=0000;var=1982;vervar=2;turvar=1672;th=122;turth=0
bps_webapi,sdg04_completion_rate,sd.sex.female,2026-09-08,2023,national,9999,Indonesia,percent,98.19,Badan Pusat Statistik,webapi-var-1982-updated-2026-08-26,domain=0000;var=1982;vervar=2;turvar=1672;th=123;turth=0
bps_webapi,sdg04_completion_rate,sd.sex.male,2026-09-08,2015,national,9999,Indonesia,percent,90.05,Badan Pusat Statistik,webapi-var-1982-updated-2026-08-26,domain=0000;var=1982;vervar=1;turvar=1672;th=115;turth=0
bps_webapi,sdg04_completion_rate,sd.sex.male,2026-09-08,2016,national,9999,Indonesia,percent,92.17,Badan Pusat Statistik,webapi-var-1982-updated-2026-08-26,domain=0000;var=1982;vervar=1;turvar=1672;th=116;turth=0
bps_webapi,sdg04_completion_rate,sd.sex.male,2026-09-08,2017,national,9999,Indonesia,percent,94.28,Badan Pusat Statistik,webapi-var-1982-updated-2026-08-26,domain=0000;var=1982;vervar=1;turvar=1672;th=117;turth=0
bps_webapi,sdg04_completion_rate,sd.sex.male,2026-09-08,2018,national,9999,Indonesia,percent,93.58,Badan Pusat Statistik,webapi-var-1982-updated-2026-08-26,domain=0000;var=1982;vervar=1;turvar=1672;th=118;turth=0
bps_webapi,sdg04_completion_rate,sd.sex.male,2026-09-08,2019,national,9999,Indonesia,percent,94.46,Badan Pusat Statistik,webapi-var-1982-updated-2026-08-26,domain=0000;var=1982;vervar=1;turvar=1672;th=119;turth=0
bps_webapi,sdg04_completion_rate,sd.sex.male,2026-09-08,2020,national,9999,Indonesia,percent,95.69,Badan Pusat Statistik,webapi-var-1982-updated-2026-08-26,domain=0000;var=1982;vervar=1;turvar=1672;th=120;turth=0
bps_webapi,sdg04_completion_rate,sd.sex.male,2026-09-08,2021,national,9999,Indonesia,percent,97,Badan Pusat Statistik,webapi-var-1982-updated-2026-08-26,domain=0000;var=1982;vervar=1;turvar=1672;th=121;turth=0
bps_webapi,sdg04_completion_rate,sd.sex.male,2026-09-08,2022,national,9999,Indonesia,percent,97.44,Badan Pusat Statistik,webapi-var-1982-updated-2026-08-26,domain=0000;var=1982;vervar=1;turvar=1672;th=122;turth=0
bps_webapi,sdg04_completion_rate,sd.sex.male,2026-09-08,2023,national,9999,Indonesia,percent,97.47,Badan Pusat Statistik,webapi-var-1982-updated-2026-08-26,domain=0000;var=1982;vervar=1;turvar=1672;th=123;turth=0
bps_webapi,sdg04_completion_rate,sd.total,2026-09-08,2015,national,9999,Indonesia,percent,91.44,Badan Pusat Statistik,webapi-var-1980-updated-2026-08-26,domain=0000;var=1980;vervar=9999;turvar=1672;th=115;turth=0
bps_webapi,sdg04_completion_rate,sd.total,2026-09-08,2015,province,1100,Aceh,percent,96.47,Badan Pusat Statistik,webapi-var-1980-updated-2026-08-26,domain=0000;var=1980;vervar=1100;turvar=1672;th=115;turth=0
bps_webapi,sdg04_completion_rate,sd.total,2026-09-08,2015,province,1200,Sumatera Utara,percent,92.76,Badan Pusat Statistik,webapi-var-1980-updated-2026-08-26,domain=0000;var=1980;vervar=1200;turvar=1672;th=115;turth=0
bps_webapi,sdg04_completion_rate,sd.total,2026-09-08,2015,province,1300,Sumatera Barat,percent,87.85,Badan Pusat Statistik,webapi-var-1980-updated-2026-08-26,domain=0000;var=1980;vervar=1300;turvar=1672;th=115;turth=0
bps_webapi,sdg04_completion_rate,sd.total,2026-09-08,2015,province,1400,Riau,percent,90.44,Badan Pusat Statistik,webapi-var-1980-updated-2026-08-26,domain=0000;var=1980;vervar=1400;turvar=1672;th=115;turth=0
bps_webapi,sdg04_completion_rate,sd.total,2026-09-08,2015,province,1500,Jambi,percent,93.12,Badan Pusat Statistik,webapi-var-1980-updated-2026-08-26,domain=0000;var=1980;vervar=1500;turvar=1672;th=115;turth=0
bps_webapi,sdg04_completion_rate,sd.total,2026-09-08,2015,province,1600,Sumatera Selatan,percent,90.27,Badan Pusat Statistik,webapi-var-1980-updated-2026-08-26,domain=0000;var=1980;vervar=1600;turvar=1672;th=115;turth=0
bps_webapi,sdg04_completion_rate,sd.total,2026-09-08,2015,province,1700,Bengkulu,percent,92.15,Badan Pusat Statistik,webapi-var-1980-updated-2026-08-26,domain=0000;var=1980;vervar=1700;turvar=1672;th=115;turth=0
bps_webapi,sdg04_completion_rate,sd.total,2026-09-08,2015,province,1800,Lampung,percent,94.46,Badan Pusat Statistik,webapi-var-1980-updated-2026-08-26,domain=0000;var=1980;vervar=1800;turvar=1672;th=115;turth=0
bps_webapi,sdg04_completion_rate,sd.total,2026-09-08,2015,province,1900,Kep. Bangka Belitung,percent,90.05,Badan Pusat Statistik,webapi-var-1980-updated-2026-08-26,domain=0000;var=1980;vervar=1900;turvar=1672;th=115;turth=0
bps_webapi,sdg04_completion_rate,sd.total,2026-09-08,2015,province,2100,Kep. Riau,percent,97.85,Badan Pusat Statistik,webapi-var-1980-updated-2026-08-26,domain=0000;var=1980;vervar=2100;turvar=1672;th=115;turth=0
bps_webapi,sdg04_completion_rate,sd.total,2026-09-08,2015,province,3100,Dki Jakarta,percent,96.56,Badan Pusat Statistik,webapi-var-1980-updated-2026-08-26,domain=0000;var=1980;vervar=3100;turvar=1672;th=115;turth=0
bps_webapi,sdg04_completion_rate,sd.total,2026-09-08,2015,province,3200,Jawa Barat,percent,92.42,Badan Pusat Statistik,webapi-var-1980-updated-2026-08-26,domain=0000;var=1980;vervar=3200;turvar=1672;th=115;turth=0
bps_webapi,sdg04_completion_rate,sd.total,2026-09-08,2015,province,3300,Jawa Tengah,percent,92.91,Badan Pusat Statistik,webapi-var-1980-updated-2026-08-26,domain=0000;var=1980;vervar=3300;turvar=1672;th=115;turth=0
bps_webapi,sdg04_completion_rate,sd.total,2026-09-08,2015,province,3400,Di Yogyakarta,percent,95.98,Badan Pusat Statistik,webapi-var-1980-updated-2026-08-26,domain=0000;var=1980;vervar=3400;turvar=1672;th=115;turth=0
bps_webapi,sdg04_completion_rate,sd.total,2026-09-08,2015,province,3500,Jawa Timur,percent,91.76,Badan Pusat Statistik,webapi-var-1980-updated-2026-08-26,domain=0000;var=1980;vervar=3500;turvar=1672;th=115;turth=0
bps_webapi,sdg04_completion_rate,sd.total,2026-09-08,2015,province,3600,Banten,percent,91.66,Badan Pusat Statistik,webapi-var-1980-updated-2026-08-26,domain=0000;var=1980;vervar=3600;turvar=1672;th=115;turth=0
bps_webapi,sdg04_completion_rate,sd.total,2026-09-08,2015,province,5100,Bali,percent,96.73,Badan Pusat Statistik,webapi-var-1980-updated-2026-08-26,domain=0000;var=1980;vervar=5100;turvar=1672;th=115;turth=0
bps_webapi,sdg04_completion_rate,sd.total,2026-09-08,2015,province,5200,Nusa Tenggara Barat,percent,94.4,Badan Pusat Statistik,webapi-var-1980-updated-2026-08-26,domain=0000;var=1980;vervar=5200;turvar=1672;th=115;turth=0
bps_webapi,sdg04_completion_rate,sd.total,2026-09-08,2015,province,5300,Nusa Tenggara Timur,percent,78.94,Badan Pusat Statistik,webapi-var-1980-updated-2026-08-26,domain=0000;var=1980;vervar=5300;turvar=1672;th=115;turth=0
bps_webapi,sdg04_completion_rate,sd.total,2026-09-08,2015,province,6100,Kalimantan Barat,percent,83.99,Badan Pusat Statistik,webapi-var-1980-updated-2026-08-26,domain=0000;var=1980;vervar=6100;turvar=1672;th=115;turth=0
bps_webapi,sdg04_completion_rate,sd.total,2026-09-08,2015,province,6200,Kalimantan Tengah,percent,93.18,Badan Pusat Statistik,webapi-var-1980-updated-2026-08-26,domain=0000;var=1980;vervar=6200;turvar=1672;th=115;turth=0
bps_webapi,sdg04_completion_rate,sd.total,2026-09-08,2015,province,6300,Kalimantan Selatan,percent,87.15,Badan Pusat Statistik,webapi-var-1980-updated-2026-08-26,domain=0000;var=1980;vervar=6300;turvar=1672;th=115;turth=0
bps_webapi,sdg04_completion_rate,sd.total,2026-09-08,2015,province,6400,Kalimantan Timur,percent,94.65,Badan Pusat Statistik,webapi-var-1980-updated-2026-08-26,domain=0000;var=1980;vervar=6400;turvar=1672;th=115;turth=0
bps_webapi,sdg04_completion_rate,sd.total,2026-09-08,2015,province,6500,Kalimantan Utara,percent,92.11,Badan Pusat Statistik,webapi-var-1980-updated-2026-08-26,domain=0000;var=1980;vervar=6500;turvar=1672;th=115;turth=0
bps_webapi,sdg04_completion_rate,sd.total,2026-09-08,2015,province,7100,Sulawesi Utara,percent,93.41,Badan Pusat Statistik,webapi-var-1980-updated-2026-08-26,domain=0000;var=1980;vervar=7100;turvar=1672;th=115;turth=0
bps_webapi,sdg04_completion_rate,sd.total,2026-09-08,2015,province,7200,Sulawesi Tengah,percent,87.06,Badan Pusat Statistik,webapi-var-1980-updated-2026-08-26,domain=0000;var=1980;vervar=7200;turvar=1672;th=115;turth=0
bps_webapi,sdg04_completion_rate,sd.total,2026-09-08,2015,province,7300,Sulawesi Selatan,percent,91.18,Badan Pusat Statistik,webapi-var-1980-updated-2026-08-26,domain=0000;var=1980;vervar=7300;turvar=1672;th=115;turth=0
bps_webapi,sdg04_completion_rate,sd.total,2026-09-08,2015,province,7400,Sulawesi Tenggara,percent,92.21,Badan Pusat Statistik,webapi-var-1980-updated-2026-08-26,domain=0000;var=1980;vervar=7400;turvar=1672;th=115;turth=0
bps_webapi,sdg04_completion_rate,sd.total,2026-09-08,2015,province,7500,Gorontalo,percent,85.72,Badan Pusat Statistik,webapi-var-1980-updated-2026-08-26,domain=0000;var=1980;vervar=7500;turvar=1672;th=115;turth=0
bps_webapi,sdg04_completion_rate,sd.total,2026-09-08,2015,province,7600,Sulawesi Barat,percent,90.27,Badan Pusat Statistik,webapi-var-1980-updated-2026-08-26,domain=0000;var=1980;vervar=7600;turvar=1672;th=115;turth=0
bps_webapi,sdg04_completion_rate,sd.total,2026-09-08,2015,province,8100,Maluku,percent,91.56,Badan Pusat Statistik,webapi-var-1980-updated-2026-08-26,domain=0000;var=1980;vervar=8100;turvar=1672;th=115;turth=0
bps_webapi,sdg04_completion_rate,sd.total,2026-09-08,2015,province,8200,Maluku Utara,percent,92.25,Badan Pusat Statistik,webapi-var-1980-updated-2026-08-26,domain=0000;var=1980;vervar=8200;turvar=1672;th=115;turth=0
bps_webapi,sdg04_completion_rate,sd.total,2026-09-08,2015,province,9100,Papua Barat,percent,82.45,Badan Pusat Statistik,webapi-var-1980-updated-2026-08-26,domain=0000;var=1980;vervar=9100;turvar=1672;th=115;turth=0
bps_webapi,sdg04_completion_rate,sd.total,2026-09-08,2015,province,9400,Papua,percent,62.34,Badan Pusat Statistik,webapi-var-1980-updated-2026-08-26,domain=0000;var=1980;vervar=9400;turvar=1672;th=115;turth=0
bps_webapi,sdg04_completion_rate,sd.total,2026-09-08,2016,national,9999,Indonesia,percent,93.88,Badan Pusat Statistik,webapi-var-1980-updated-2026-08-26,domain=0000;var=1980;vervar=9999;turvar=1672;th=116;turth=0
bps_webapi,sdg04_completion_rate,sd.total,2026-09-08,2016,province,1100,Aceh,percent,98.07,Badan Pusat Statistik,webapi-var-1980-updated-2026-08-26,domain=0000;var=1980;vervar=1100;turvar=1672;th=116;turth=0
bps_webapi,sdg04_completion_rate,sd.total,2026-09-08,2016,province,1200,Sumatera Utara,percent,96.61,Badan Pusat Statistik,webapi-var-1980-updated-2026-08-26,domain=0000;var=1980;vervar=1200;turvar=1672;th=116;turth=0
bps_webapi,sdg04_completion_rate,sd.total,2026-09-08,2016,province,1300,Sumatera Barat,percent,90.69,Badan Pusat Statistik,webapi-var-1980-updated-2026-08-26,domain=0000;var=1980;vervar=1300;turvar=1672;th=116;turth=0
bps_webapi,sdg04_completion_rate,sd.total,2026-09-08,2016,province,1400,Riau,percent,93.23,Badan Pusat Statistik,webapi-var-1980-updated-2026-08-26,domain=0000;var=1980;vervar=1400;turvar=1672;th=116;turth=0
bps_webapi,sdg04_completion_rate,sd.total,2026-09-08,2016,province,1500,Jambi,percent,95.93,Badan Pusat Statistik,webapi-var-1980-updated-2026-08-26,domain=0000;var=1980;vervar=1500;turvar=1672;th=116;turth=0
bps_webapi,sdg04_completion_rate,sd.total,2026-09-08,2016,province,1600,Sumatera Selatan,percent,94.86,Badan Pusat Statistik,webapi-var-1980-updated-2026-08-26,domain=0000;var=1980;vervar=1600;turvar=1672;th=116;turth=0
bps_webapi,sdg04_completion_rate,sd.total,2026-09-08,2016,province,1700,Bengkulu,percent,93.98,Badan Pusat Statistik,webapi-var-1980-updated-2026-08-26,domain=0000;var=1980;vervar=1700;turvar=1672;th=116;turth=0
bps_webapi,sdg04_completion_rate,sd.total,2026-09-08,2016,province,1800,Lampung,percent,96.26,Badan Pusat Statistik,webapi-var-1980-updated-2026-08-26,domain=0000;var=1980;vervar=1800;turvar=1672;th=116;turth=0
bps_webapi,sdg04_completion_rate,sd.total,2026-09-08,2016,province,1900,Kep. Bangka Belitung,percent,89.38,Badan Pusat Statistik,webapi-var-1980-updated-2026-08-26,domain=0000;var=1980;vervar=1900;turvar=1672;th=116;turth=0
bps_webapi,sdg04_completion_rate,sd.total,2026-09-08,2016,province,2100,Kep. Riau,percent,94.9,Badan Pusat Statistik,webapi-var-1980-updated-2026-08-26,domain=0000;var=1980;vervar=2100;turvar=1672;th=116;turth=0
bps_webapi,sdg04_completion_rate,sd.total,2026-09-08,2016,province,3100,Dki Jakarta,percent,95.32,Badan Pusat Statistik,webapi-var-1980-updated-2026-08-26,domain=0000;var=1980;vervar=3100;turvar=1672;th=116;turth=0
bps_webapi,sdg04_completion_rate,sd.total,2026-09-08,2016,province,3200,Jawa Barat,percent,93.75,Badan Pusat Statistik,webapi-var-1980-updated-2026-08-26,domain=0000;var=1980;vervar=3200;turvar=1672;th=116;turth=0
bps_webapi,sdg04_completion_rate,sd.total,2026-09-08,2016,province,3300,Jawa Tengah,percent,95.59,Badan Pusat Statistik,webapi-var-1980-updated-2026-08-26,domain=0000;var=1980;vervar=3300;turvar=1672;th=116;turth=0
bps_webapi,sdg04_completion_rate,sd.total,2026-09-08,2016,province,3400,Di Yogyakarta,percent,96.64,Badan Pusat Statistik,webapi-var-1980-updated-2026-08-26,domain=0000;var=1980;vervar=3400;turvar=1672;th=116;turth=0
bps_webapi,sdg04_completion_rate,sd.total,2026-09-08,2016,province,3500,Jawa Timur,percent,94.78,Badan Pusat Statistik,webapi-var-1980-updated-2026-08-26,domain=0000;var=1980;vervar=3500;turvar=1672;th=116;turth=0
bps_webapi,sdg04_completion_rate,sd.total,2026-09-08,2016,province,3600,Banten,percent,94.48,Badan Pusat Statistik,webapi-var-1980-updated-2026-08-26,domain=0000;var=1980;vervar=3600;turvar=1672;th=116;turth=0
bps_webapi,sdg04_completion_rate,sd.total,2026-09-08,2016,province,5100,Bali,percent,97,Badan Pusat Statistik,webapi-var-1980-updated-2026-08-26,domain=0000;var=1980;vervar=5100;turvar=1672;th=116;turth=0
bps_webapi,sdg04_completion_rate,sd.total,2026-09-08,2016,province,5200,Nusa Tenggara Barat,percent,96.03,Badan Pusat Statistik,webapi-var-1980-updated-2026-08-26,domain=0000;var=1980;vervar=5200;turvar=1672;th=116;turth=0
bps_webapi,sdg04_completion_rate,sd.total,2026-09-08,2016,province,5300,Nusa Tenggara Timur,percent,84.71,Badan Pusat Statistik,webapi-var-1980-updated-2026-08-26,domain=0000;var=1980;vervar=5300;turvar=1672;th=116;turth=0
bps_webapi,sdg04_completion_rate,sd.total,2026-09-08,2016,province,6100,Kalimantan Barat,percent,87.93,Badan Pusat Statistik,webapi-var-1980-updated-2026-08-26,domain=0000;var=1980;vervar=6100;turvar=1672;th=116;turth=0
bps_webapi,sdg04_completion_rate,sd.total,2026-09-08,2016,province,6200,Kalimantan Tengah,percent,93.75,Badan Pusat Statistik,webapi-var-1980-updated-2026-08-26,domain=0000;var=1980;vervar=6200;turvar=1672;th=116;turth=0
bps_webapi,sdg04_completion_rate,sd.total,2026-09-08,2016,province,6300,Kalimantan Selatan,percent,93.89,Badan Pusat Statistik,webapi-var-1980-updated-2026-08-26,domain=0000;var=1980;vervar=6300;turvar=1672;th=116;turth=0
bps_webapi,sdg04_completion_rate,sd.total,2026-09-08,2016,province,6400,Kalimantan Timur,percent,98.16,Badan Pusat Statistik,webapi-var-1980-updated-2026-08-26,domain=0000;var=1980;vervar=6400;turvar=1672;th=116;turth=0
bps_webapi,sdg04_completion_rate,sd.total,2026-09-08,2016,province,6500,Kalimantan Utara,percent,92.72,Badan Pusat Statistik,webapi-var-1980-updated-2026-08-26,domain=0000;var=1980;vervar=6500;turvar=1672;th=116;turth=0
bps_webapi,sdg04_completion_rate,sd.total,2026-09-08,2016,province,7100,Sulawesi Utara,percent,94.97,Badan Pusat Statistik,webapi-var-1980-updated-2026-08-26,domain=0000;var=1980;vervar=7100;turvar=1672;th=116;turth=0
bps_webapi,sdg04_completion_rate,sd.total,2026-09-08,2016,province,7200,Sulawesi Tengah,percent,90.93,Badan Pusat Statistik,webapi-var-1980-updated-2026-08-26,domain=0000;var=1980;vervar=7200;turvar=1672;th=116;turth=0
bps_webapi,sdg04_completion_rate,sd.total,2026-09-08,2016,province,7300,Sulawesi Selatan,percent,93.79,Badan Pusat Statistik,webapi-var-1980-updated-2026-08-26,domain=0000;var=1980;vervar=7300;turvar=1672;th=116;turth=0
bps_webapi,sdg04_completion_rate,sd.total,2026-09-08,2016,province,7400,Sulawesi Tenggara,percent,95.58,Badan Pusat Statistik,webapi-var-1980-updated-2026-08-26,domain=0000;var=1980;vervar=7400;turvar=1672;th=116;turth=0
bps_webapi,sdg04_completion_rate,sd.total,2026-09-08,2016,province,7500,Gorontalo,percent,88.98,Badan Pusat Statistik,webapi-var-1980-updated-2026-08-26,domain=0000;var=1980;vervar=7500;turvar=1672;th=116;turth=0
bps_webapi,sdg04_completion_rate,sd.total,2026-09-08,2016,province,7600,Sulawesi Barat,percent,90.78,Badan Pusat Statistik,webapi-var-1980-updated-2026-08-26,domain=0000;var=1980;vervar=7600;turvar=1672;th=116;turth=0
bps_webapi,sdg04_completion_rate,sd.total,2026-09-08,2016,province,8100,Maluku,percent,93.6,Badan Pusat Statistik,webapi-var-1980-updated-2026-08-26,domain=0000;var=1980;vervar=8100;turvar=1672;th=116;turth=0
bps_webapi,sdg04_completion_rate,sd.total,2026-09-08,2016,province,8200,Maluku Utara,percent,91.83,Badan Pusat Statistik,webapi-var-1980-updated-2026-08-26,domain=0000;var=1980;vervar=8200;turvar=1672;th=116;turth=0
bps_webapi,sdg04_completion_rate,sd.total,2026-09-08,2016,province,9100,Papua Barat,percent,84.77,Badan Pusat Statistik,webapi-var-1980-updated-2026-08-26,domain=0000;var=1980;vervar=9100;turvar=1672;th=116;turth=0
bps_webapi,sdg04_completion_rate,sd.total,2026-09-08,2016,province,9400,Papua,percent,65.66,Badan Pusat Statistik,webapi-var-1980-updated-2026-08-26,domain=0000;var=1980;vervar=9400;turvar=1672;th=116;turth=0
bps_webapi,sdg04_completion_rate,sd.total,2026-09-08,2017,national,9999,Indonesia,percent,95.25,Badan Pusat Statistik,webapi-var-1980-updated-2026-08-26,domain=0000;var=1980;vervar=9999;turvar=1672;th=117;turth=0
bps_webapi,sdg04_completion_rate,sd.total,2026-09-08,2017,province,1100,Aceh,percent,97.85,Badan Pusat Statistik,webapi-var-1980-updated-2026-08-26,domain=0000;var=1980;vervar=1100;turvar=1672;th=117;turth=0
bps_webapi,sdg04_completion_rate,sd.total,2026-09-08,2017,province,1200,Sumatera Utara,percent,97.63,Badan Pusat Statistik,webapi-var-1980-updated-2026-08-26,domain=0000;var=1980;vervar=1200;turvar=1672;th=117;turth=0
bps_webapi,sdg04_completion_rate,sd.total,2026-09-08,2017,province,1300,Sumatera Barat,percent,92.67,Badan Pusat Statistik,webapi-var-1980-updated-2026-08-26,domain=0000;var=1980;vervar=1300;turvar=1672;th=117;turth=0
bps_webapi,sdg04_completion_rate,sd.total,2026-09-08,2017,province,1400,Riau,percent,94.76,Badan Pusat Statistik,webapi-var-1980-updated-2026-08-26,domain=0000;var=1980;vervar=1400;turvar=1672;th=117;turth=0
bps_webapi,sdg04_completion_rate,sd.total,2026-09-08,2017,province,1500,Jambi,percent,95.65,Badan Pusat Statistik,webapi-var-1980-updated-2026-08-26,domain=0000;var=1980;vervar=1500;turvar=1672;th=117;turth=0
bps_webapi,sdg04_completion_rate,sd.total,2026-09-08,2017,province,1600,Sumatera Selatan,percent,95.88,Badan Pusat Statistik,webapi-var-1980-updated-2026-08-26,domain=0000;var=1980;vervar=1600;turvar=1672;th=117;turth=0
bps_webapi,sdg04_completion_rate,sd.total,2026-09-08,2017,province,1700,Bengkulu,percent,94.23,Badan Pusat Statistik,webapi-var-1980-updated-2026-08-26,domain=0000;var=1980;vervar=1700;turvar=1672;th=117;turth=0
bps_webapi,sdg04_completion_rate,sd.total,2026-09-08,2017,province,1800,Lampung,percent,96.67,Badan Pusat Statistik,webapi-var-1980-updated-2026-08-26,domain=0000;var=1980;vervar=1800;turvar=1672;th=117;turth=0
bps_webapi,sdg04_completion_rate,sd.total,2026-09-08,2017,province,1900,Kep. Bangka Belitung,percent,92.36,Badan Pusat Statistik,webapi-var-1980-updated-2026-08-26,domain=0000;var=1980;vervar=1900;turvar=1672;th=117;turth=0
bps_webapi,sdg04_completion_rate,sd.total,2026-09-08,2017,province,2100,Kep. Riau,percent,96.28,Badan Pusat Statistik,webapi-var-1980-updated-2026-08-26,domain=0000;var=1980;vervar=2100;turvar=1672;th=117;turth=0
bps_webapi,sdg04_completion_rate,sd.total,2026-09-08,2017,province,3100,Dki Jakarta,percent,97.2,Badan Pusat Statistik,webapi-var-1980-updated-2026-08-26,domain=0000;var=1980;vervar=3100;turvar=1672;th=117;turth=0
bps_webapi,sdg04_completion_rate,sd.total,2026-09-08,2017,province,3200,Jawa Barat,percent,96.97,Badan Pusat Statistik,webapi-var-1980-updated-2026-08-26,domain=0000;var=1980;vervar=3200;turvar=1672;th=117;turth=0
bps_webapi,sdg04_completion_rate,sd.total,2026-09-08,2017,province,3300,Jawa Tengah,percent,96.25,Badan Pusat Statistik,webapi-var-1980-updated-2026-08-26,domain=0000;var=1980;vervar=3300;turvar=1672;th=117;turth=0
bps_webapi,sdg04_completion_rate,sd.total,2026-09-08,2017,province,3400,Di Yogyakarta,percent,96.97,Badan Pusat Statistik,webapi-var-1980-updated-2026-08-26,domain=0000;var=1980;vervar=3400;turvar=1672;th=117;turth=0
bps_webapi,sdg04_completion_rate,sd.total,2026-09-08,2017,province,3500,Jawa Timur,percent,96.1,Badan Pusat Statistik,webapi-var-1980-updated-2026-08-26,domain=0000;var=1980;vervar=3500;turvar=1672;th=117;turth=0
bps_webapi,sdg04_completion_rate,sd.total,2026-09-08,2017,province,3600,Banten,percent,97.56,Badan Pusat Statistik,webapi-var-1980-updated-2026-08-26,domain=0000;var=1980;vervar=3600;turvar=1672;th=117;turth=0
bps_webapi,sdg04_completion_rate,sd.total,2026-09-08,2017,province,5100,Bali,percent,97.21,Badan Pusat Statistik,webapi-var-1980-updated-2026-08-26,domain=0000;var=1980;vervar=5100;turvar=1672;th=117;turth=0
bps_webapi,sdg04_completion_rate,sd.total,2026-09-08,2017,province,5200,Nusa Tenggara Barat,percent,96.79,Badan Pusat Statistik,webapi-var-1980-updated-2026-08-26,domain=0000;var=1980;vervar=5200;turvar=1672;th=117;turth=0
bps_webapi,sdg04_completion_rate,sd.total,2026-09-08,2017,province,5300,Nusa Tenggara Timur,percent,85.07,Badan Pusat Statistik,webapi-var-1980-updated-2026-08-26,domain=0000;var=1980;vervar=5300;turvar=1672;th=117;turth=0
bps_webapi,sdg04_completion_rate,sd.total,2026-09-08,2017,province,6100,Kalimantan Barat,percent,86,Badan Pusat Statistik,webapi-var-1980-updated-2026-08-26,domain=0000;var=1980;vervar=6100;turvar=1672;th=117;turth=0
bps_webapi,sdg04_completion_rate,sd.total,2026-09-08,2017,province,6200,Kalimantan Tengah,percent,93.06,Badan Pusat Statistik,webapi-var-1980-updated-2026-08-26,domain=0000;var=1980;vervar=6200;turvar=1672;th=117;turth=0
bps_webapi,sdg04_completion_rate,sd.total,2026-09-08,2017,province,6300,Kalimantan Selatan,percent,92.49,Badan Pusat Statistik,webapi-var-1980-updated-2026-08-26,domain=0000;var=1980;vervar=6300;turvar=1672;th=117;turth=0
bps_webapi,sdg04_completion_rate,sd.total,2026-09-08,2017,province,6400,Kalimantan Timur,percent,96.42,Badan Pusat Statistik,webapi-var-1980-updated-2026-08-26,domain=0000;var=1980;vervar=6400;turvar=1672;th=117;turth=0
bps_webapi,sdg04_completion_rate,sd.total,2026-09-08,2017,province,6500,Kalimantan Utara,percent,92.04,Badan Pusat Statistik,webapi-var-1980-updated-2026-08-26,domain=0000;var=1980;vervar=6500;turvar=1672;th=117;turth=0
bps_webapi,sdg04_completion_rate,sd.total,2026-09-08,2017,province,7100,Sulawesi Utara,percent,95.9,Badan Pusat Statistik,webapi-var-1980-updated-2026-08-26,domain=0000;var=1980;vervar=7100;turvar=1672;th=117;turth=0
bps_webapi,sdg04_completion_rate,sd.total,2026-09-08,2017,province,7200,Sulawesi Tengah,percent,92.83,Badan Pusat Statistik,webapi-var-1980-updated-2026-08-26,domain=0000;var=1980;vervar=7200;turvar=1672;th=117;turth=0
bps_webapi,sdg04_completion_rate,sd.total,2026-09-08,2017,province,7300,Sulawesi Selatan,percent,94.53,Badan Pusat Statistik,webapi-var-1980-updated-2026-08-26,domain=0000;var=1980;vervar=7300;turvar=1672;th=117;turth=0
bps_webapi,sdg04_completion_rate,sd.total,2026-09-08,2017,province,7400,Sulawesi Tenggara,percent,94.16,Badan Pusat Statistik,webapi-var-1980-updated-2026-08-26,domain=0000;var=1980;vervar=7400;turvar=1672;th=117;turth=0
bps_webapi,sdg04_completion_rate,sd.total,2026-09-08,2017,province,7500,Gorontalo,percent,87.14,Badan Pusat Statistik,webapi-var-1980-updated-2026-08-26,domain=0000;var=1980;vervar=7500;turvar=1672;th=117;turth=0
bps_webapi,sdg04_completion_rate,sd.total,2026-09-08,2017,province,7600,Sulawesi Barat,percent,90.29,Badan Pusat Statistik,webapi-var-1980-updated-2026-08-26,domain=0000;var=1980;vervar=7600;turvar=1672;th=117;turth=0
bps_webapi,sdg04_completion_rate,sd.total,2026-09-08,2017,province,8100,Maluku,percent,93.98,Badan Pusat Statistik,webapi-var-1980-updated-2026-08-26,domain=0000;var=1980;vervar=8100;turvar=1672;th=117;turth=0
bps_webapi,sdg04_completion_rate,sd.total,2026-09-08,2017,province,8200,Maluku Utara,percent,95.37,Badan Pusat Statistik,webapi-var-1980-updated-2026-08-26,domain=0000;var=1980;vervar=8200;turvar=1672;th=117;turth=0
bps_webapi,sdg04_completion_rate,sd.total,2026-09-08,2017,province,9100,Papua Barat,percent,85.96,Badan Pusat Statistik,webapi-var-1980-updated-2026-08-26,domain=0000;var=1980;vervar=9100;turvar=1672;th=117;turth=0
bps_webapi,sdg04_completion_rate,sd.total,2026-09-08,2017,province,9400,Papua,percent,74.18,Badan Pusat Statistik,webapi-var-1980-updated-2026-08-26,domain=0000;var=1980;vervar=9400;turvar=1672;th=117;turth=0
bps_webapi,sdg04_completion_rate,sd.total,2026-09-08,2018,national,9999,Indonesia,percent,94.68,Badan Pusat Statistik,webapi-var-1980-updated-2026-08-26,domain=0000;var=1980;vervar=9999;turvar=1672;th=118;turth=0
bps_webapi,sdg04_completion_rate,sd.total,2026-09-08,2018,province,1100,Aceh,percent,96.75,Badan Pusat Statistik,webapi-var-1980-updated-2026-08-26,domain=0000;var=1980;vervar=1100;turvar=1672;th=118;turth=0
bps_webapi,sdg04_completion_rate,sd.total,2026-09-08,2018,province,1200,Sumatera Utara,percent,95.76,Badan Pusat Statistik,webapi-var-1980-updated-2026-08-26,domain=0000;var=1980;vervar=1200;turvar=1672;th=118;turth=0
bps_webapi,sdg04_completion_rate,sd.total,2026-09-08,2018,province,1300,Sumatera Barat,percent,90.54,Badan Pusat Statistik,webapi-var-1980-updated-2026-08-26,domain=0000;var=1980;vervar=1300;turvar=1672;th=118;turth=0
bps_webapi,sdg04_completion_rate,sd.total,2026-09-08,2018,province,1400,Riau,percent,95.39,Badan Pusat Statistik,webapi-var-1980-updated-2026-08-26,domain=0000;var=1980;vervar=1400;turvar=1672;th=118;turth=0
bps_webapi,sdg04_completion_rate,sd.total,2026-09-08,2018,province,1500,Jambi,percent,94.62,Badan Pusat Statistik,webapi-var-1980-updated-2026-08-26,domain=0000;var=1980;vervar=1500;turvar=1672;th=118;turth=0
bps_webapi,sdg04_completion_rate,sd.total,2026-09-08,2018,province,1600,Sumatera Selatan,percent,94.02,Badan Pusat Statistik,webapi-var-1980-updated-2026-08-26,domain=0000;var=1980;vervar=1600;turvar=1672;th=118;turth=0
bps_webapi,sdg04_completion_rate,sd.total,2026-09-08,2018,province,1700,Bengkulu,percent,93.2,Badan Pusat Statistik,webapi-var-1980-updated-2026-08-26,domain=0000;var=1980;vervar=1700;turvar=1672;th=118;turth=0
bps_webapi,sdg04_completion_rate,sd.total,2026-09-08,2018,province,1800,Lampung,percent,95.39,Badan Pusat Statistik,webapi-var-1980-updated-2026-08-26,domain=0000;var=1980;vervar=1800;turvar=1672;th=118;turth=0
bps_webapi,sdg04_completion_rate,sd.total,2026-09-08,2018,province,1900,Kep. Bangka Belitung,percent,92.04,Badan Pusat Statistik,webapi-var-1980-updated-2026-08-26,domain=0000;var=1980;vervar=1900;turvar=1672;th=118;turth=0
bps_webapi,sdg04_completion_rate,sd.total,2026-09-08,2018,province,2100,Kep. Riau,percent,98.13,Badan Pusat Statistik,webapi-var-1980-updated-2026-08-26,domain=0000;var=1980;vervar=2100;turvar=1672;th=118;turth=0
bps_webapi,sdg04_completion_rate,sd.total,2026-09-08,2018,province,3100,Dki Jakarta,percent,95.26,Badan Pusat Statistik,webapi-var-1980-updated-2026-08-26,domain=0000;var=1980;vervar=3100;turvar=1672;th=118;turth=0
bps_webapi,sdg04_completion_rate,sd.total,2026-09-08,2018,province,3200,Jawa Barat,percent,97.08,Badan Pusat Statistik,webapi-var-1980-updated-2026-08-26,domain=0000;var=1980;vervar=3200;turvar=1672;th=118;turth=0
bps_webapi,sdg04_completion_rate,sd.total,2026-09-08,2018,province,3300,Jawa Tengah,percent,96.15,Badan Pusat Statistik,webapi-var-1980-updated-2026-08-26,domain=0000;var=1980;vervar=3300;turvar=1672;th=118;turth=0
bps_webapi,sdg04_completion_rate,sd.total,2026-09-08,2018,province,3400,Di Yogyakarta,percent,95.12,Badan Pusat Statistik,webapi-var-1980-updated-2026-08-26,domain=0000;var=1980;vervar=3400;turvar=1672;th=118;turth=0
bps_webapi,sdg04_completion_rate,sd.total,2026-09-08,2018,province,3500,Jawa Timur,percent,95.7,Badan Pusat Statistik,webapi-var-1980-updated-2026-08-26,domain=0000;var=1980;vervar=3500;turvar=1672;th=118;turth=0
bps_webapi,sdg04_completion_rate,sd.total,2026-09-08,2018,province,3600,Banten,percent,95.35,Badan Pusat Statistik,webapi-var-1980-updated-2026-08-26,domain=0000;var=1980;vervar=3600;turvar=1672;th=118;turth=0
bps_webapi,sdg04_completion_rate,sd.total,2026-09-08,2018,province,5100,Bali,percent,96.4,Badan Pusat Statistik,webapi-var-1980-updated-2026-08-26,domain=0000;var=1980;vervar=5100;turvar=1672;th=118;turth=0
bps_webapi,sdg04_completion_rate,sd.total,2026-09-08,2018,province,5200,Nusa Tenggara Barat,percent,97.59,Badan Pusat Statistik,webapi-var-1980-updated-2026-08-26,domain=0000;var=1980;vervar=5200;turvar=1672;th=118;turth=0
bps_webapi,sdg04_completion_rate,sd.total,2026-09-08,2018,province,5300,Nusa Tenggara Timur,percent,83.87,Badan Pusat Statistik,webapi-var-1980-updated-2026-08-26,domain=0000;var=1980;vervar=5300;turvar=1672;th=118;turth=0
bps_webapi,sdg04_completion_rate,sd.total,2026-09-08,2018,province,6100,Kalimantan Barat,percent,86.44,Badan Pusat Statistik,webapi-var-1980-updated-2026-08-26,domain=0000;var=1980;vervar=6100;turvar=1672;th=118;turth=0
bps_webapi,sdg04_completion_rate,sd.total,2026-09-08,2018,province,6200,Kalimantan Tengah,percent,93.33,Badan Pusat Statistik,webapi-var-1980-updated-2026-08-26,domain=0000;var=1980;vervar=6200;turvar=1672;th=118;turth=0
bps_webapi,sdg04_completion_rate,sd.total,2026-09-08,2018,province,6300,Kalimantan Selatan,percent,92.2,Badan Pusat Statistik,webapi-var-1980-updated-2026-08-26,domain=0000;var=1980;vervar=6300;turvar=1672;th=118;turth=0
bps_webapi,sdg04_completion_rate,sd.total,2026-09-08,2018,province,6400,Kalimantan Timur,percent,95.32,Badan Pusat Statistik,webapi-var-1980-updated-2026-08-26,domain=0000;var=1980;vervar=6400;turvar=1672;th=118;turth=0
bps_webapi,sdg04_completion_rate,sd.total,2026-09-08,2018,province,6500,Kalimantan Utara,percent,92.03,Badan Pusat Statistik,webapi-var-1980-updated-2026-08-26,domain=0000;var=1980;vervar=6500;turvar=1672;th=118;turth=0
bps_webapi,sdg04_completion_rate,sd.total,2026-09-08,2018,province,7100,Sulawesi Utara,percent,95.48,Badan Pusat Statistik,webapi-var-1980-updated-2026-08-26,domain=0000;var=1980;vervar=7100;turvar=1672;th=118;turth=0
bps_webapi,sdg04_completion_rate,sd.total,2026-09-08,2018,province,7200,Sulawesi Tengah,percent,91.44,Badan Pusat Statistik,webapi-var-1980-updated-2026-08-26,domain=0000;var=1980;vervar=7200;turvar=1672;th=118;turth=0
bps_webapi,sdg04_completion_rate,sd.total,2026-09-08,2018,province,7300,Sulawesi Selatan,percent,94.05,Badan Pusat Statistik,webapi-var-1980-updated-2026-08-26,domain=0000;var=1980;vervar=7300;turvar=1672;th=118;turth=0
bps_webapi,sdg04_completion_rate,sd.total,2026-09-08,2018,province,7400,Sulawesi Tenggara,percent,95.25,Badan Pusat Statistik,webapi-var-1980-updated-2026-08-26,domain=0000;var=1980;vervar=7400;turvar=1672;th=118;turth=0
bps_webapi,sdg04_completion_rate,sd.total,2026-09-08,2018,province,7500,Gorontalo,percent,88.24,Badan Pusat Statistik,webapi-var-1980-updated-2026-08-26,domain=0000;var=1980;vervar=7500;turvar=1672;th=118;turth=0
bps_webapi,sdg04_completion_rate,sd.total,2026-09-08,2018,province,7600,Sulawesi Barat,percent,92.6,Badan Pusat Statistik,webapi-var-1980-updated-2026-08-26,domain=0000;var=1980;vervar=7600;turvar=1672;th=118;turth=0
bps_webapi,sdg04_completion_rate,sd.total,2026-09-08,2018,province,8100,Maluku,percent,94.49,Badan Pusat Statistik,webapi-var-1980-updated-2026-08-26,domain=0000;var=1980;vervar=8100;turvar=1672;th=118;turth=0
bps_webapi,sdg04_completion_rate,sd.total,2026-09-08,2018,province,8200,Maluku Utara,percent,95.65,Badan Pusat Statistik,webapi-var-1980-updated-2026-08-26,domain=0000;var=1980;vervar=8200;turvar=1672;th=118;turth=0
bps_webapi,sdg04_completion_rate,sd.total,2026-09-08,2018,province,9100,Papua Barat,percent,86.46,Badan Pusat Statistik,webapi-var-1980-updated-2026-08-26,domain=0000;var=1980;vervar=9100;turvar=1672;th=118;turth=0
bps_webapi,sdg04_completion_rate,sd.total,2026-09-08,2018,province,9400,Papua,percent,71.83,Badan Pusat Statistik,webapi-var-1980-updated-2026-08-26,domain=0000;var=1980;vervar=9400;turvar=1672;th=118;turth=0
bps_webapi,sdg04_completion_rate,sd.total,2026-09-08,2019,national,9999,Indonesia,percent,95.48,Badan Pusat Statistik,webapi-var-1980-updated-2026-08-26,domain=0000;var=1980;vervar=9999;turvar=1672;th=119;turth=0
bps_webapi,sdg04_completion_rate,sd.total,2026-09-08,2019,province,1100,Aceh,percent,98.6,Badan Pusat Statistik,webapi-var-1980-updated-2026-08-26,domain=0000;var=1980;vervar=1100;turvar=1672;th=119;turth=0
bps_webapi,sdg04_completion_rate,sd.total,2026-09-08,2019,province,1200,Sumatera Utara,percent,97.12,Badan Pusat Statistik,webapi-var-1980-updated-2026-08-26,domain=0000;var=1980;vervar=1200;turvar=1672;th=119;turth=0
bps_webapi,sdg04_completion_rate,sd.total,2026-09-08,2019,province,1300,Sumatera Barat,percent,91.25,Badan Pusat Statistik,webapi-var-1980-updated-2026-08-26,domain=0000;var=1980;vervar=1300;turvar=1672;th=119;turth=0
bps_webapi,sdg04_completion_rate,sd.total,2026-09-08,2019,province,1400,Riau,percent,95.11,Badan Pusat Statistik,webapi-var-1980-updated-2026-08-26,domain=0000;var=1980;vervar=1400;turvar=1672;th=119;turth=0
bps_webapi,sdg04_completion_rate,sd.total,2026-09-08,2019,province,1500,Jambi,percent,96.99,Badan Pusat Statistik,webapi-var-1980-updated-2026-08-26,domain=0000;var=1980;vervar=1500;turvar=1672;th=119;turth=0
bps_webapi,sdg04_completion_rate,sd.total,2026-09-08,2019,province,1600,Sumatera Selatan,percent,96.08,Badan Pusat Statistik,webapi-var-1980-updated-2026-08-26,domain=0000;var=1980;vervar=1600;turvar=1672;th=119;turth=0
bps_webapi,sdg04_completion_rate,sd.total,2026-09-08,2019,province,1700,Bengkulu,percent,93.33,Badan Pusat Statistik,webapi-var-1980-updated-2026-08-26,domain=0000;var=1980;vervar=1700;turvar=1672;th=119;turth=0
bps_webapi,sdg04_completion_rate,sd.total,2026-09-08,2019,province,1800,Lampung,percent,96.05,Badan Pusat Statistik,webapi-var-1980-updated-2026-08-26,domain=0000;var=1980;vervar=1800;turvar=1672;th=119;turth=0
bps_webapi,sdg04_completion_rate,sd.total,2026-09-08,2019,province,1900,Kep. Bangka Belitung,percent,92.8,Badan Pusat Statistik,webapi-var-1980-updated-2026-08-26,domain=0000;var=1980;vervar=1900;turvar=1672;th=119;turth=0
bps_webapi,sdg04_completion_rate,sd.total,2026-09-08,2019,province,2100,Kep. Riau,percent,95.69,Badan Pusat Statistik,webapi-var-1980-updated-2026-08-26,domain=0000;var=1980;vervar=2100;turvar=1672;th=119;turth=0
bps_webapi,sdg04_completion_rate,sd.total,2026-09-08,2019,province,3100,Dki Jakarta,percent,96.05,Badan Pusat Statistik,webapi-var-1980-updated-2026-08-26,domain=0000;var=1980;vervar=3100;turvar=1672;th=119;turth=0
bps_webapi,sdg04_completion_rate,sd.total,2026-09-08,2019,province,3200,Jawa Barat,percent,97.92,Badan Pusat Statistik,webapi-var-1980-updated-2026-08-26,domain=0000;var=1980;vervar=3200;turvar=1672;th=119;turth=0
bps_webapi,sdg04_completion_rate,sd.total,2026-09-08,2019,province,3300,Jawa Tengah,percent,96.61,Badan Pusat Statistik,webapi-var-1980-updated-2026-08-26,domain=0000;var=1980;vervar=3300;turvar=1672;th=119;turth=0
bps_webapi,sdg04_completion_rate,sd.total,2026-09-08,2019,province,3400,Di Yogyakarta,percent,94.92,Badan Pusat Statistik,webapi-var-1980-updated-2026-08-26,domain=0000;var=1980;vervar=3400;turvar=1672;th=119;turth=0
bps_webapi,sdg04_completion_rate,sd.total,2026-09-08,2019,province,3500,Jawa Timur,percent,96.3,Badan Pusat Statistik,webapi-var-1980-updated-2026-08-26,domain=0000;var=1980;vervar=3500;turvar=1672;th=119;turth=0
bps_webapi,sdg04_completion_rate,sd.total,2026-09-08,2019,province,3600,Banten,percent,96.26,Badan Pusat Statistik,webapi-var-1980-updated-2026-08-26,domain=0000;var=1980;vervar=3600;turvar=1672;th=119;turth=0
bps_webapi,sdg04_completion_rate,sd.total,2026-09-08,2019,province,5100,Bali,percent,98.34,Badan Pusat Statistik,webapi-var-1980-updated-2026-08-26,domain=0000;var=1980;vervar=5100;turvar=1672;th=119;turth=0
bps_webapi,sdg04_completion_rate,sd.total,2026-09-08,2019,province,5200,Nusa Tenggara Barat,percent,96.62,Badan Pusat Statistik,webapi-var-1980-updated-2026-08-26,domain=0000;var=1980;vervar=5200;turvar=1672;th=119;turth=0
bps_webapi,sdg04_completion_rate,sd.total,2026-09-08,2019,province,5300,Nusa Tenggara Timur,percent,87.39,Badan Pusat Statistik,webapi-var-1980-updated-2026-08-26,domain=0000;var=1980;vervar=5300;turvar=1672;th=119;turth=0
bps_webapi,sdg04_completion_rate,sd.total,2026-09-08,2019,province,6100,Kalimantan Barat,percent,88.23,Badan Pusat Statistik,webapi-var-1980-updated-2026-08-26,domain=0000;var=1980;vervar=6100;turvar=1672;th=119;turth=0
bps_webapi,sdg04_completion_rate,sd.total,2026-09-08,2019,province,6200,Kalimantan Tengah,percent,94.66,Badan Pusat Statistik,webapi-var-1980-updated-2026-08-26,domain=0000;var=1980;vervar=6200;turvar=1672;th=119;turth=0
bps_webapi,sdg04_completion_rate,sd.total,2026-09-08,2019,province,6300,Kalimantan Selatan,percent,91.85,Badan Pusat Statistik,webapi-var-1980-updated-2026-08-26,domain=0000;var=1980;vervar=6300;turvar=1672;th=119;turth=0
bps_webapi,sdg04_completion_rate,sd.total,2026-09-08,2019,province,6400,Kalimantan Timur,percent,96.07,Badan Pusat Statistik,webapi-var-1980-updated-2026-08-26,domain=0000;var=1980;vervar=6400;turvar=1672;th=119;turth=0
bps_webapi,sdg04_completion_rate,sd.total,2026-09-08,2019,province,6500,Kalimantan Utara,percent,93.23,Badan Pusat Statistik,webapi-var-1980-updated-2026-08-26,domain=0000;var=1980;vervar=6500;turvar=1672;th=119;turth=0
bps_webapi,sdg04_completion_rate,sd.total,2026-09-08,2019,province,7100,Sulawesi Utara,percent,95.97,Badan Pusat Statistik,webapi-var-1980-updated-2026-08-26,domain=0000;var=1980;vervar=7100;turvar=1672;th=119;turth=0
bps_webapi,sdg04_completion_rate,sd.total,2026-09-08,2019,province,7200,Sulawesi Tengah,percent,93.56,Badan Pusat Statistik,webapi-var-1980-updated-2026-08-26,domain=0000;var=1980;vervar=7200;turvar=1672;th=119;turth=0
bps_webapi,sdg04_completion_rate,sd.total,2026-09-08,2019,province,7300,Sulawesi Selatan,percent,95.18,Badan Pusat Statistik,webapi-var-1980-updated-2026-08-26,domain=0000;var=1980;vervar=7300;turvar=1672;th=119;turth=0
bps_webapi,sdg04_completion_rate,sd.total,2026-09-08,2019,province,7400,Sulawesi Tenggara,percent,94.54,Badan Pusat Statistik,webapi-var-1980-updated-2026-08-26,domain=0000;var=1980;vervar=7400;turvar=1672;th=119;turth=0
bps_webapi,sdg04_completion_rate,sd.total,2026-09-08,2019,province,7500,Gorontalo,percent,89.04,Badan Pusat Statistik,webapi-var-1980-updated-2026-08-26,domain=0000;var=1980;vervar=7500;turvar=1672;th=119;turth=0
bps_webapi,sdg04_completion_rate,sd.total,2026-09-08,2019,province,7600,Sulawesi Barat,percent,91.54,Badan Pusat Statistik,webapi-var-1980-updated-2026-08-26,domain=0000;var=1980;vervar=7600;turvar=1672;th=119;turth=0
bps_webapi,sdg04_completion_rate,sd.total,2026-09-08,2019,province,8100,Maluku,percent,94.95,Badan Pusat Statistik,webapi-var-1980-updated-2026-08-26,domain=0000;var=1980;vervar=8100;turvar=1672;th=119;turth=0
bps_webapi,sdg04_completion_rate,sd.total,2026-09-08,2019,province,8200,Maluku Utara,percent,94.66,Badan Pusat Statistik,webapi-var-1980-updated-2026-08-26,domain=0000;var=1980;vervar=8200;turvar=1672;th=119;turth=0
bps_webapi,sdg04_completion_rate,sd.total,2026-09-08,2019,province,9100,Papua Barat,percent,88.46,Badan Pusat Statistik,webapi-var-1980-updated-2026-08-26,domain=0000;var=1980;vervar=9100;turvar=1672;th=119;turth=0
bps_webapi,sdg04_completion_rate,sd.total,2026-09-08,2019,province,9400,Papua,percent,73.07,Badan Pusat Statistik,webapi-var-1980-updated-2026-08-26,domain=0000;var=1980;vervar=9400;turvar=1672;th=119;turth=0
bps_webapi,sdg04_completion_rate,sd.total,2026-09-08,2020,national,9999,Indonesia,percent,96,Badan Pusat Statistik,webapi-var-1980-updated-2026-08-26,domain=0000;var=1980;vervar=9999;turvar=1672;th=120;turth=0
bps_webapi,sdg04_completion_rate,sd.total,2026-09-08,2020,province,1100,Aceh,percent,98.33,Badan Pusat Statistik,webapi-var-1980-updated-2026-08-26,domain=0000;var=1980;vervar=1100;turvar=1672;th=120;turth=0
bps_webapi,sdg04_completion_rate,sd.total,2026-09-08,2020,province,1200,Sumatera Utara,percent,96.48,Badan Pusat Statistik,webapi-var-1980-updated-2026-08-26,domain=0000;var=1980;vervar=1200;turvar=1672;th=120;turth=0
bps_webapi,sdg04_completion_rate,sd.total,2026-09-08,2020,province,1300,Sumatera Barat,percent,93.26,Badan Pusat Statistik,webapi-var-1980-updated-2026-08-26,domain=0000;var=1980;vervar=1300;turvar=1672;th=120;turth=0
bps_webapi,sdg04_completion_rate,sd.total,2026-09-08,2020,province,1400,Riau,percent,95.18,Badan Pusat Statistik,webapi-var-1980-updated-2026-08-26,domain=0000;var=1980;vervar=1400;turvar=1672;th=120;turth=0
bps_webapi,sdg04_completion_rate,sd.total,2026-09-08,2020,province,1500,Jambi,percent,95.34,Badan Pusat Statistik,webapi-var-1980-updated-2026-08-26,domain=0000;var=1980;vervar=1500;turvar=1672;th=120;turth=0
bps_webapi,sdg04_completion_rate,sd.total,2026-09-08,2020,province,1600,Sumatera Selatan,percent,95.93,Badan Pusat Statistik,webapi-var-1980-updated-2026-08-26,domain=0000;var=1980;vervar=1600;turvar=1672;th=120;turth=0
bps_webapi,sdg04_completion_rate,sd.total,2026-09-08,2020,province,1700,Bengkulu,percent,95.16,Badan Pusat Statistik,webapi-var-1980-updated-2026-08-26,domain=0000;var=1980;vervar=1700;turvar=1672;th=120;turth=0
bps_webapi,sdg04_completion_rate,sd.total,2026-09-08,2020,province,1800,Lampung,percent,97.69,Badan Pusat Statistik,webapi-var-1980-updated-2026-08-26,domain=0000;var=1980;vervar=1800;turvar=1672;th=120;turth=0
bps_webapi,sdg04_completion_rate,sd.total,2026-09-08,2020,province,1900,Kep. Bangka Belitung,percent,96.05,Badan Pusat Statistik,webapi-var-1980-updated-2026-08-26,domain=0000;var=1980;vervar=1900;turvar=1672;th=120;turth=0
bps_webapi,sdg04_completion_rate,sd.total,2026-09-08,2020,province,2100,Kep. Riau,percent,95.25,Badan Pusat Statistik,webapi-var-1980-updated-2026-08-26,domain=0000;var=1980;vervar=2100;turvar=1672;th=120;turth=0
bps_webapi,sdg04_completion_rate,sd.total,2026-09-08,2020,province,3100,Dki Jakarta,percent,97.8,Badan Pusat Statistik,webapi-var-1980-updated-2026-08-26,domain=0000;var=1980;vervar=3100;turvar=1672;th=120;turth=0
bps_webapi,sdg04_completion_rate,sd.total,2026-09-08,2020,province,3200,Jawa Barat,percent,97.76,Badan Pusat Statistik,webapi-var-1980-updated-2026-08-26,domain=0000;var=1980;vervar=3200;turvar=1672;th=120;turth=0
bps_webapi,sdg04_completion_rate,sd.total,2026-09-08,2020,province,3300,Jawa Tengah,percent,97.2,Badan Pusat Statistik,webapi-var-1980-updated-2026-08-26,domain=0000;var=1980;vervar=3300;turvar=1672;th=120;turth=0
bps_webapi,sdg04_completion_rate,sd.total,2026-09-08,2020,province,3400,Di Yogyakarta,percent,96.43,Badan Pusat Statistik,webapi-var-1980-updated-2026-08-26,domain=0000;var=1980;vervar=3400;turvar=1672;th=120;turth=0
bps_webapi,sdg04_completion_rate,sd.total,2026-09-08,2020,province,3500,Jawa Timur,percent,96.81,Badan Pusat Statistik,webapi-var-1980-updated-2026-08-26,domain=0000;var=1980;vervar=3500;turvar=1672;th=120;turth=0
bps_webapi,sdg04_completion_rate,sd.total,2026-09-08,2020,province,3600,Banten,percent,96.03,Badan Pusat Statistik,webapi-var-1980-updated-2026-08-26,domain=0000;var=1980;vervar=3600;turvar=1672;th=120;turth=0
bps_webapi,sdg04_completion_rate,sd.total,2026-09-08,2020,province,5100,Bali,percent,96.66,Badan Pusat Statistik,webapi-var-1980-updated-2026-08-26,domain=0000;var=1980;vervar=5100;turvar=1672;th=120;turth=0
bps_webapi,sdg04_completion_rate,sd.total,2026-09-08,2020,province,5200,Nusa Tenggara Barat,percent,97.29,Badan Pusat Statistik,webapi-var-1980-updated-2026-08-26,domain=0000;var=1980;vervar=5200;turvar=1672;th=120;turth=0
bps_webapi,sdg04_completion_rate,sd.total,2026-09-08,2020,province,5300,Nusa Tenggara Timur,percent,86.92,Badan Pusat Statistik,webapi-var-1980-updated-2026-08-26,domain=0000;var=1980;vervar=5300;turvar=1672;th=120;turth=0
bps_webapi,sdg04_completion_rate,sd.total,2026-09-08,2020,province,6100,Kalimantan Barat,percent,91.79,Badan Pusat Statistik,webapi-var-1980-updated-2026-08-26,domain=0000;var=1980;vervar=6100;turvar=1672;th=120;turth=0
bps_webapi,sdg04_completion_rate,sd.total,2026-09-08,2020,province,6200,Kalimantan Tengah,percent,95.45,Badan Pusat Statistik,webapi-var-1980-updated-2026-08-26,domain=0000;var=1980;vervar=6200;turvar=1672;th=120;turth=0
bps_webapi,sdg04_completion_rate,sd.total,2026-09-08,2020,province,6300,Kalimantan Selatan,percent,94.1,Badan Pusat Statistik,webapi-var-1980-updated-2026-08-26,domain=0000;var=1980;vervar=6300;turvar=1672;th=120;turth=0
bps_webapi,sdg04_completion_rate,sd.total,2026-09-08,2020,province,6400,Kalimantan Timur,percent,95.84,Badan Pusat Statistik,webapi-var-1980-updated-2026-08-26,domain=0000;var=1980;vervar=6400;turvar=1672;th=120;turth=0
bps_webapi,sdg04_completion_rate,sd.total,2026-09-08,2020,province,6500,Kalimantan Utara,percent,96.38,Badan Pusat Statistik,webapi-var-1980-updated-2026-08-26,domain=0000;var=1980;vervar=6500;turvar=1672;th=120;turth=0
bps_webapi,sdg04_completion_rate,sd.total,2026-09-08,2020,province,7100,Sulawesi Utara,percent,95.58,Badan Pusat Statistik,webapi-var-1980-updated-2026-08-26,domain=0000;var=1980;vervar=7100;turvar=1672;th=120;turth=0
bps_webapi,sdg04_completion_rate,sd.total,2026-09-08,2020,province,7200,Sulawesi Tengah,percent,95.05,Badan Pusat Statistik,webapi-var-1980-updated-2026-08-26,domain=0000;var=1980;vervar=7200;turvar=1672;th=120;turth=0
bps_webapi,sdg04_completion_rate,sd.total,2026-09-08,2020,province,7300,Sulawesi Selatan,percent,96.13,Badan Pusat Statistik,webapi-var-1980-updated-2026-08-26,domain=0000;var=1980;vervar=7300;turvar=1672;th=120;turth=0
bps_webapi,sdg04_completion_rate,sd.total,2026-09-08,2020,province,7400,Sulawesi Tenggara,percent,95.28,Badan Pusat Statistik,webapi-var-1980-updated-2026-08-26,domain=0000;var=1980;vervar=7400;turvar=1672;th=120;turth=0
bps_webapi,sdg04_completion_rate,sd.total,2026-09-08,2020,province,7500,Gorontalo,percent,91.9,Badan Pusat Statistik,webapi-var-1980-updated-2026-08-26,domain=0000;var=1980;vervar=7500;turvar=1672;th=120;turth=0
bps_webapi,sdg04_completion_rate,sd.total,2026-09-08,2020,province,7600,Sulawesi Barat,percent,94.7,Badan Pusat Statistik,webapi-var-1980-updated-2026-08-26,domain=0000;var=1980;vervar=7600;turvar=1672;th=120;turth=0
bps_webapi,sdg04_completion_rate,sd.total,2026-09-08,2020,province,8100,Maluku,percent,97.47,Badan Pusat Statistik,webapi-var-1980-updated-2026-08-26,domain=0000;var=1980;vervar=8100;turvar=1672;th=120;turth=0
bps_webapi,sdg04_completion_rate,sd.total,2026-09-08,2020,province,8200,Maluku Utara,percent,95.59,Badan Pusat Statistik,webapi-var-1980-updated-2026-08-26,domain=0000;var=1980;vervar=8200;turvar=1672;th=120;turth=0
bps_webapi,sdg04_completion_rate,sd.total,2026-09-08,2020,province,9100,Papua Barat,percent,89.25,Badan Pusat Statistik,webapi-var-1980-updated-2026-08-26,domain=0000;var=1980;vervar=9100;turvar=1672;th=120;turth=0
bps_webapi,sdg04_completion_rate,sd.total,2026-09-08,2020,province,9400,Papua,percent,78.4,Badan Pusat Statistik,webapi-var-1980-updated-2026-08-26,domain=0000;var=1980;vervar=9400;turvar=1672;th=120;turth=0
bps_webapi,sdg04_completion_rate,sd.total,2026-09-08,2021,national,9999,Indonesia,percent,97.37,Badan Pusat Statistik,webapi-var-1980-updated-2026-08-26,domain=0000;var=1980;vervar=9999;turvar=1672;th=121;turth=0
bps_webapi,sdg04_completion_rate,sd.total,2026-09-08,2021,province,1100,Aceh,percent,99.44,Badan Pusat Statistik,webapi-var-1980-updated-2026-08-26,domain=0000;var=1980;vervar=1100;turvar=1672;th=121;turth=0
bps_webapi,sdg04_completion_rate,sd.total,2026-09-08,2021,province,1200,Sumatera Utara,percent,98.57,Badan Pusat Statistik,webapi-var-1980-updated-2026-08-26,domain=0000;var=1980;vervar=1200;turvar=1672;th=121;turth=0
bps_webapi,sdg04_completion_rate,sd.total,2026-09-08,2021,province,1300,Sumatera Barat,percent,95.29,Badan Pusat Statistik,webapi-var-1980-updated-2026-08-26,domain=0000;var=1980;vervar=1300;turvar=1672;th=121;turth=0
bps_webapi,sdg04_completion_rate,sd.total,2026-09-08,2021,province,1400,Riau,percent,96.91,Badan Pusat Statistik,webapi-var-1980-updated-2026-08-26,domain=0000;var=1980;vervar=1400;turvar=1672;th=121;turth=0
bps_webapi,sdg04_completion_rate,sd.total,2026-09-08,2021,province,1500,Jambi,percent,98.54,Badan Pusat Statistik,webapi-var-1980-updated-2026-08-26,domain=0000;var=1980;vervar=1500;turvar=1672;th=121;turth=0
bps_webapi,sdg04_completion_rate,sd.total,2026-09-08,2021,province,1600,Sumatera Selatan,percent,97.82,Badan Pusat Statistik,webapi-var-1980-updated-2026-08-26,domain=0000;var=1980;vervar=1600;turvar=1672;th=121;turth=0
bps_webapi,sdg04_completion_rate,sd.total,2026-09-08,2021,province,1700,Bengkulu,percent,98.16,Badan Pusat Statistik,webapi-var-1980-updated-2026-08-26,domain=0000;var=1980;vervar=1700;turvar=1672;th=121;turth=0
bps_webapi,sdg04_completion_rate,sd.total,2026-09-08,2021,province,1800,Lampung,percent,98.33,Badan Pusat Statistik,webapi-var-1980-updated-2026-08-26,domain=0000;var=1980;vervar=1800;turvar=1672;th=121;turth=0
bps_webapi,sdg04_completion_rate,sd.total,2026-09-08,2021,province,1900,Kep. Bangka Belitung,percent,96.61,Badan Pusat Statistik,webapi-var-1980-updated-2026-08-26,domain=0000;var=1980;vervar=1900;turvar=1672;th=121;turth=0
bps_webapi,sdg04_completion_rate,sd.total,2026-09-08,2021,province,2100,Kep. Riau,percent,98.16,Badan Pusat Statistik,webapi-var-1980-updated-2026-08-26,domain=0000;var=1980;vervar=2100;turvar=1672;th=121;turth=0
bps_webapi,sdg04_completion_rate,sd.total,2026-09-08,2021,province,3100,Dki Jakarta,percent,99.26,Badan Pusat Statistik,webapi-var-1980-updated-2026-08-26,domain=0000;var=1980;vervar=3100;turvar=1672;th=121;turth=0
bps_webapi,sdg04_completion_rate,sd.total,2026-09-08,2021,province,3200,Jawa Barat,percent,98.45,Badan Pusat Statistik,webapi-var-1980-updated-2026-08-26,domain=0000;var=1980;vervar=3200;turvar=1672;th=121;turth=0
bps_webapi,sdg04_completion_rate,sd.total,2026-09-08,2021,province,3300,Jawa Tengah,percent,98.06,Badan Pusat Statistik,webapi-var-1980-updated-2026-08-26,domain=0000;var=1980;vervar=3300;turvar=1672;th=121;turth=0
bps_webapi,sdg04_completion_rate,sd.total,2026-09-08,2021,province,3400,Di Yogyakarta,percent,98.48,Badan Pusat Statistik,webapi-var-1980-updated-2026-08-26,domain=0000;var=1980;vervar=3400;turvar=1672;th=121;turth=0
bps_webapi,sdg04_completion_rate,sd.total,2026-09-08,2021,province,3500,Jawa Timur,percent,97.76,Badan Pusat Statistik,webapi-var-1980-updated-2026-08-26,domain=0000;var=1980;vervar=3500;turvar=1672;th=121;turth=0
bps_webapi,sdg04_completion_rate,sd.total,2026-09-08,2021,province,3600,Banten,percent,98.82,Badan Pusat Statistik,webapi-var-1980-updated-2026-08-26,domain=0000;var=1980;vervar=3600;turvar=1672;th=121;turth=0
bps_webapi,sdg04_completion_rate,sd.total,2026-09-08,2021,province,5100,Bali,percent,97.02,Badan Pusat Statistik,webapi-var-1980-updated-2026-08-26,domain=0000;var=1980;vervar=5100;turvar=1672;th=121;turth=0
bps_webapi,sdg04_completion_rate,sd.total,2026-09-08,2021,province,5200,Nusa Tenggara Barat,percent,98.71,Badan Pusat Statistik,webapi-var-1980-updated-2026-08-26,domain=0000;var=1980;vervar=5200;turvar=1672;th=121;turth=0
bps_webapi,sdg04_completion_rate,sd.total,2026-09-08,2021,province,5300,Nusa Tenggara Timur,percent,91.84,Badan Pusat Statistik,webapi-var-1980-updated-2026-08-26,domain=0000;var=1980;vervar=5300;turvar=1672;th=121;turth=0
bps_webapi,sdg04_completion_rate,sd.total,2026-09-08,2021,province,6100,Kalimantan Barat,percent,94.29,Badan Pusat Statistik,webapi-var-1980-updated-2026-08-26,domain=0000;var=1980;vervar=6100;turvar=1672;th=121;turth=0
bps_webapi,sdg04_completion_rate,sd.total,2026-09-08,2021,province,6200,Kalimantan Tengah,percent,97.45,Badan Pusat Statistik,webapi-var-1980-updated-2026-08-26,domain=0000;var=1980;vervar=6200;turvar=1672;th=121;turth=0
bps_webapi,sdg04_completion_rate,sd.total,2026-09-08,2021,province,6300,Kalimantan Selatan,percent,95.67,Badan Pusat Statistik,webapi-var-1980-updated-2026-08-26,domain=0000;var=1980;vervar=6300;turvar=1672;th=121;turth=0
bps_webapi,sdg04_completion_rate,sd.total,2026-09-08,2021,province,6400,Kalimantan Timur,percent,96.82,Badan Pusat Statistik,webapi-var-1980-updated-2026-08-26,domain=0000;var=1980;vervar=6400;turvar=1672;th=121;turth=0
bps_webapi,sdg04_completion_rate,sd.total,2026-09-08,2021,province,6500,Kalimantan Utara,percent,95.77,Badan Pusat Statistik,webapi-var-1980-updated-2026-08-26,domain=0000;var=1980;vervar=6500;turvar=1672;th=121;turth=0
bps_webapi,sdg04_completion_rate,sd.total,2026-09-08,2021,province,7100,Sulawesi Utara,percent,96.1,Badan Pusat Statistik,webapi-var-1980-updated-2026-08-26,domain=0000;var=1980;vervar=7100;turvar=1672;th=121;turth=0
bps_webapi,sdg04_completion_rate,sd.total,2026-09-08,2021,province,7200,Sulawesi Tengah,percent,96.19,Badan Pusat Statistik,webapi-var-1980-updated-2026-08-26,domain=0000;var=1980;vervar=7200;turvar=1672;th=121;turth=0
bps_webapi,sdg04_completion_rate,sd.total,2026-09-08,2021,province,7300,Sulawesi Selatan,percent,97.3,Badan Pusat Statistik,webapi-var-1980-updated-2026-08-26,domain=0000;var=1980;vervar=7300;turvar=1672;th=121;turth=0
bps_webapi,sdg04_completion_rate,sd.total,2026-09-08,2021,province,7400,Sulawesi Tenggara,percent,95.58,Badan Pusat Statistik,webapi-var-1980-updated-2026-08-26,domain=0000;var=1980;vervar=7400;turvar=1672;th=121;turth=0
bps_webapi,sdg04_completion_rate,sd.total,2026-09-08,2021,province,7500,Gorontalo,percent,93.44,Badan Pusat Statistik,webapi-var-1980-updated-2026-08-26,domain=0000;var=1980;vervar=7500;turvar=1672;th=121;turth=0
bps_webapi,sdg04_completion_rate,sd.total,2026-09-08,2021,province,7600,Sulawesi Barat,percent,95.93,Badan Pusat Statistik,webapi-var-1980-updated-2026-08-26,domain=0000;var=1980;vervar=7600;turvar=1672;th=121;turth=0
bps_webapi,sdg04_completion_rate,sd.total,2026-09-08,2021,province,8100,Maluku,percent,98.5,Badan Pusat Statistik,webapi-var-1980-updated-2026-08-26,domain=0000;var=1980;vervar=8100;turvar=1672;th=121;turth=0
bps_webapi,sdg04_completion_rate,sd.total,2026-09-08,2021,province,8200,Maluku Utara,percent,96.97,Badan Pusat Statistik,webapi-var-1980-updated-2026-08-26,domain=0000;var=1980;vervar=8200;turvar=1672;th=121;turth=0
bps_webapi,sdg04_completion_rate,sd.total,2026-09-08,2021,province,9100,Papua Barat,percent,91.81,Badan Pusat Statistik,webapi-var-1980-updated-2026-08-26,domain=0000;var=1980;vervar=9100;turvar=1672;th=121;turth=0
bps_webapi,sdg04_completion_rate,sd.total,2026-09-08,2021,province,9400,Papua,percent,78.43,Badan Pusat Statistik,webapi-var-1980-updated-2026-08-26,domain=0000;var=1980;vervar=9400;turvar=1672;th=121;turth=0
bps_webapi,sdg04_completion_rate,sd.total,2026-09-08,2022,national,9999,Indonesia,percent,97.82,Badan Pusat Statistik,webapi-var-1980-updated-2026-08-26,domain=0000;var=1980;vervar=9999;turvar=1672;th=122;turth=0
bps_webapi,sdg04_completion_rate,sd.total,2026-09-08,2022,province,1100,Aceh,percent,99.45,Badan Pusat Statistik,webapi-var-1980-updated-2026-08-26,domain=0000;var=1980;vervar=1100;turvar=1672;th=122;turth=0
bps_webapi,sdg04_completion_rate,sd.total,2026-09-08,2022,province,1200,Sumatera Utara,percent,98.74,Badan Pusat Statistik,webapi-var-1980-updated-2026-08-26,domain=0000;var=1980;vervar=1200;turvar=1672;th=122;turth=0
bps_webapi,sdg04_completion_rate,sd.total,2026-09-08,2022,province,1300,Sumatera Barat,percent,97.87,Badan Pusat Statistik,webapi-var-1980-updated-2026-08-26,domain=0000;var=1980;vervar=1300;turvar=1672;th=122;turth=0
bps_webapi,sdg04_completion_rate,sd.total,2026-09-08,2022,province,1400,Riau,percent,98.2,Badan Pusat Statistik,webapi-var-1980-updated-2026-08-26,domain=0000;var=1980;vervar=1400;turvar=1672;th=122;turth=0
bps_webapi,sdg04_completion_rate,sd.total,2026-09-08,2022,province,1500,Jambi,percent,97.62,Badan Pusat Statistik,webapi-var-1980-updated-2026-08-26,domain=0000;var=1980;vervar=1500;turvar=1672;th=122;turth=0
bps_webapi,sdg04_completion_rate,sd.total,2026-09-08,2022,province,1600,Sumatera Selatan,percent,97.53,Badan Pusat Statistik,webapi-var-1980-updated-2026-08-26,domain=0000;var=1980;vervar=1600;turvar=1672;th=122;turth=0
bps_webapi,sdg04_completion_rate,sd.total,2026-09-08,2022,province,1700,Bengkulu,percent,97.65,Badan Pusat Statistik,webapi-var-1980-updated-2026-08-26,domain=0000;var=1980;vervar=1700;turvar=1672;th=122;turth=0
bps_webapi,sdg04_completion_rate,sd.total,2026-09-08,2022,province,1800,Lampung,percent,98.41,Badan Pusat Statistik,webapi-var-1980-updated-2026-08-26,domain=0000;var=1980;vervar=1800;turvar=1672;th=122;turth=0
bps_webapi,sdg04_completion_rate,sd.total,2026-09-08,2022,province,1900,Kep. Bangka Belitung,percent,96.45,Badan Pusat Statistik,webapi-var-1980-updated-2026-08-26,domain=0000;var=1980;vervar=1900;turvar=1672;th=122;turth=0
bps_webapi,sdg04_completion_rate,sd.total,2026-09-08,2022,province,2100,Kep. Riau,percent,98.38,Badan Pusat Statistik,webapi-var-1980-updated-2026-08-26,domain=0000;var=1980;vervar=2100;turvar=1672;th=122;turth=0
bps_webapi,sdg04_completion_rate,sd.total,2026-09-08,2022,province,3100,Dki Jakarta,percent,98.58,Badan Pusat Statistik,webapi-var-1980-updated-2026-08-26,domain=0000;var=1980;vervar=3100;turvar=1672;th=122;turth=0
bps_webapi,sdg04_completion_rate,sd.total,2026-09-08,2022,province,3200,Jawa Barat,percent,99.08,Badan Pusat Statistik,webapi-var-1980-updated-2026-08-26,domain=0000;var=1980;vervar=3200;turvar=1672;th=122;turth=0
bps_webapi,sdg04_completion_rate,sd.total,2026-09-08,2022,province,3300,Jawa Tengah,percent,98.01,Badan Pusat Statistik,webapi-var-1980-updated-2026-08-26,domain=0000;var=1980;vervar=3300;turvar=1672;th=122;turth=0
bps_webapi,sdg04_completion_rate,sd.total,2026-09-08,2022,province,3400,Di Yogyakarta,percent,98.91,Badan Pusat Statistik,webapi-var-1980-updated-2026-08-26,domain=0000;var=1980;vervar=3400;turvar=1672;th=122;turth=0
bps_webapi,sdg04_completion_rate,sd.total,2026-09-08,2022,province,3500,Jawa Timur,percent,98.71,Badan Pusat Statistik,webapi-var-1980-updated-2026-08-26,domain=0000;var=1980;vervar=3500;turvar=1672;th=122;turth=0
bps_webapi,sdg04_completion_rate,sd.total,2026-09-08,2022,province,3600,Banten,percent,97.24,Badan Pusat Statistik,webapi-var-1980-updated-2026-08-26,domain=0000;var=1980;vervar=3600;turvar=1672;th=122;turth=0
bps_webapi,sdg04_completion_rate,sd.total,2026-09-08,2022,province,5100,Bali,percent,97.55,Badan Pusat Statistik,webapi-var-1980-updated-2026-08-26,domain=0000;var=1980;vervar=5100;turvar=1672;th=122;turth=0
bps_webapi,sdg04_completion_rate,sd.total,2026-09-08,2022,province,5200,Nusa Tenggara Barat,percent,98.47,Badan Pusat Statistik,webapi-var-1980-updated-2026-08-26,domain=0000;var=1980;vervar=5200;turvar=1672;th=122;turth=0
bps_webapi,sdg04_completion_rate,sd.total,2026-09-08,2022,province,5300,Nusa Tenggara Timur,percent,92.35,Badan Pusat Statistik,webapi-var-1980-updated-2026-08-26,domain=0000;var=1980;vervar=5300;turvar=1672;th=122;turth=0
bps_webapi,sdg04_completion_rate,sd.total,2026-09-08,2022,province,6100,Kalimantan Barat,percent,95.13,Badan Pusat Statistik,webapi-var-1980-updated-2026-08-26,domain=0000;var=1980;vervar=6100;turvar=1672;th=122;turth=0
bps_webapi,sdg04_completion_rate,sd.total,2026-09-08,2022,province,6200,Kalimantan Tengah,percent,98.51,Badan Pusat Statistik,webapi-var-1980-updated-2026-08-26,domain=0000;var=1980;vervar=6200;turvar=1672;th=122;turth=0
bps_webapi,sdg04_completion_rate,sd.total,2026-09-08,2022,province,6300,Kalimantan Selatan,percent,94.68,Badan Pusat Statistik,webapi-var-1980-updated-2026-08-26,domain=0000;var=1980;vervar=6300;turvar=1672;th=122;turth=0
bps_webapi,sdg04_completion_rate,sd.total,2026-09-08,2022,province,6400,Kalimantan Timur,percent,99.18,Badan Pusat Statistik,webapi-var-1980-updated-2026-08-26,domain=0000;var=1980;vervar=6400;turvar=1672;th=122;turth=0
bps_webapi,sdg04_completion_rate,sd.total,2026-09-08,2022,province,6500,Kalimantan Utara,percent,96.94,Badan Pusat Statistik,webapi-var-1980-updated-2026-08-26,domain=0000;var=1980;vervar=6500;turvar=1672;th=122;turth=0
bps_webapi,sdg04_completion_rate,sd.total,2026-09-08,2022,province,7100,Sulawesi Utara,percent,96.74,Badan Pusat Statistik,webapi-var-1980-updated-2026-08-26,domain=0000;var=1980;vervar=7100;turvar=1672;th=122;turth=0
bps_webapi,sdg04_completion_rate,sd.total,2026-09-08,2022,province,7200,Sulawesi Tengah,percent,97.19,Badan Pusat Statistik,webapi-var-1980-updated-2026-08-26,domain=0000;var=1980;vervar=7200;turvar=1672;th=122;turth=0
bps_webapi,sdg04_completion_rate,sd.total,2026-09-08,2022,province,7300,Sulawesi Selatan,percent,98.05,Badan Pusat Statistik,webapi-var-1980-updated-2026-08-26,domain=0000;var=1980;vervar=7300;turvar=1672;th=122;turth=0
bps_webapi,sdg04_completion_rate,sd.total,2026-09-08,2022,province,7400,Sulawesi Tenggara,percent,97.24,Badan Pusat Statistik,webapi-var-1980-updated-2026-08-26,domain=0000;var=1980;vervar=7400;turvar=1672;th=122;turth=0
bps_webapi,sdg04_completion_rate,sd.total,2026-09-08,2022,province,7500,Gorontalo,percent,95.12,Badan Pusat Statistik,webapi-var-1980-updated-2026-08-26,domain=0000;var=1980;vervar=7500;turvar=1672;th=122;turth=0
bps_webapi,sdg04_completion_rate,sd.total,2026-09-08,2022,province,7600,Sulawesi Barat,percent,97.15,Badan Pusat Statistik,webapi-var-1980-updated-2026-08-26,domain=0000;var=1980;vervar=7600;turvar=1672;th=122;turth=0
bps_webapi,sdg04_completion_rate,sd.total,2026-09-08,2022,province,8100,Maluku,percent,98.98,Badan Pusat Statistik,webapi-var-1980-updated-2026-08-26,domain=0000;var=1980;vervar=8100;turvar=1672;th=122;turth=0
bps_webapi,sdg04_completion_rate,sd.total,2026-09-08,2022,province,8200,Maluku Utara,percent,97.72,Badan Pusat Statistik,webapi-var-1980-updated-2026-08-26,domain=0000;var=1980;vervar=8200;turvar=1672;th=122;turth=0
bps_webapi,sdg04_completion_rate,sd.total,2026-09-08,2022,province,9100,Papua Barat,percent,93.94,Badan Pusat Statistik,webapi-var-1980-updated-2026-08-26,domain=0000;var=1980;vervar=9100;turvar=1672;th=122;turth=0
bps_webapi,sdg04_completion_rate,sd.total,2026-09-08,2022,province,9400,Papua,percent,81.99,Badan Pusat Statistik,webapi-var-1980-updated-2026-08-26,domain=0000;var=1980;vervar=9400;turvar=1672;th=122;turth=0
bps_webapi,sdg04_completion_rate,sd.total,2026-09-08,2023,national,9999,Indonesia,percent,97.83,Badan Pusat Statistik,webapi-var-1980-updated-2026-08-26,domain=0000;var=1980;vervar=9999;turvar=1672;th=123;turth=0
bps_webapi,sdg04_completion_rate,sd.total,2026-09-08,2023,province,1100,Aceh,percent,99.08,Badan Pusat Statistik,webapi-var-1980-updated-2026-08-26,domain=0000;var=1980;vervar=1100;turvar=1672;th=123;turth=0
bps_webapi,sdg04_completion_rate,sd.total,2026-09-08,2023,province,1200,Sumatera Utara,percent,98.75,Badan Pusat Statistik,webapi-var-1980-updated-2026-08-26,domain=0000;var=1980;vervar=1200;turvar=1672;th=123;turth=0
bps_webapi,sdg04_completion_rate,sd.total,2026-09-08,2023,province,1300,Sumatera Barat,percent,95.81,Badan Pusat Statistik,webapi-var-1980-updated-2026-08-26,domain=0000;var=1980;vervar=1300;turvar=1672;th=123;turth=0
bps_webapi,sdg04_completion_rate,sd.total,2026-09-08,2023,province,1400,Riau,percent,98.09,Badan Pusat Statistik,webapi-var-1980-updated-2026-08-26,domain=0000;var=1980;vervar=1400;turvar=1672;th=123;turth=0
bps_webapi,sdg04_completion_rate,sd.total,2026-09-08,2023,province,1500,Jambi,percent,97.76,Badan Pusat Statistik,webapi-var-1980-updated-2026-08-26,domain=0000;var=1980;vervar=1500;turvar=1672;th=123;turth=0
bps_webapi,sdg04_completion_rate,sd.total,2026-09-08,2023,province,1600,Sumatera Selatan,percent,97.58,Badan Pusat Statistik,webapi-var-1980-updated-2026-08-26,domain=0000;var=1980;vervar=1600;turvar=1672;th=123;turth=0
bps_webapi,sdg04_completion_rate,sd.total,2026-09-08,2023,province,1700,Bengkulu,percent,97.1,Badan Pusat Statistik,webapi-var-1980-updated-2026-08-26,domain=0000;var=1980;vervar=1700;turvar=1672;th=123;turth=0
bps_webapi,sdg04_completion_rate,sd.total,2026-09-08,2023,province,1800,Lampung,percent,98.67,Badan Pusat Statistik,webapi-var-1980-updated-2026-08-26,domain=0000;var=1980;vervar=1800;turvar=1672;th=123;turth=0
bps_webapi,sdg04_completion_rate,sd.total,2026-09-08,2023,province,1900,Kep. Bangka Belitung,percent,96.01,Badan Pusat Statistik,webapi-var-1980-updated-2026-08-26,domain=0000;var=1980;vervar=1900;turvar=1672;th=123;turth=0
bps_webapi,sdg04_completion_rate,sd.total,2026-09-08,2023,province,2100,Kep. Riau,percent,97.92,Badan Pusat Statistik,webapi-var-1980-updated-2026-08-26,domain=0000;var=1980;vervar=2100;turvar=1672;th=123;turth=0
bps_webapi,sdg04_completion_rate,sd.total,2026-09-08,2023,province,3100,Dki Jakarta,percent,98.66,Badan Pusat Statistik,webapi-var-1980-updated-2026-08-26,domain=0000;var=1980;vervar=3100;turvar=1672;th=123;turth=0
bps_webapi,sdg04_completion_rate,sd.total,2026-09-08,2023,province,3200,Jawa Barat,percent,99.09,Badan Pusat Statistik,webapi-var-1980-updated-2026-08-26,domain=0000;var=1980;vervar=3200;turvar=1672;th=123;turth=0
bps_webapi,sdg04_completion_rate,sd.total,2026-09-08,2023,province,3300,Jawa Tengah,percent,98.42,Badan Pusat Statistik,webapi-var-1980-updated-2026-08-26,domain=0000;var=1980;vervar=3300;turvar=1672;th=123;turth=0
bps_webapi,sdg04_completion_rate,sd.total,2026-09-08,2023,province,3400,Di Yogyakarta,percent,98.95,Badan Pusat Statistik,webapi-var-1980-updated-2026-08-26,domain=0000;var=1980;vervar=3400;turvar=1672;th=123;turth=0
bps_webapi,sdg04_completion_rate,sd.total,2026-09-08,2023,province,3500,Jawa Timur,percent,98.78,Badan Pusat Statistik,webapi-var-1980-updated-2026-08-26,domain=0000;var=1980;vervar=3500;turvar=1672;th=123;turth=0
bps_webapi,sdg04_completion_rate,sd.total,2026-09-08,2023,province,3600,Banten,percent,97.15,Badan Pusat Statistik,webapi-var-1980-updated-2026-08-26,domain=0000;var=1980;vervar=3600;turvar=1672;th=123;turth=0
bps_webapi,sdg04_completion_rate,sd.total,2026-09-08,2023,province,5100,Bali,percent,98.43,Badan Pusat Statistik,webapi-var-1980-updated-2026-08-26,domain=0000;var=1980;vervar=5100;turvar=1672;th=123;turth=0
bps_webapi,sdg04_completion_rate,sd.total,2026-09-08,2023,province,5200,Nusa Tenggara Barat,percent,98.11,Badan Pusat Statistik,webapi-var-1980-updated-2026-08-26,domain=0000;var=1980;vervar=5200;turvar=1672;th=123;turth=0
bps_webapi,sdg04_completion_rate,sd.total,2026-09-08,2023,province,5300,Nusa Tenggara Timur,percent,93.41,Badan Pusat Statistik,webapi-var-1980-updated-2026-08-26,domain=0000;var=1980;vervar=5300;turvar=1672;th=123;turth=0
bps_webapi,sdg04_completion_rate,sd.total,2026-09-08,2023,province,6100,Kalimantan Barat,percent,95.33,Badan Pusat Statistik,webapi-var-1980-updated-2026-08-26,domain=0000;var=1980;vervar=6100;turvar=1672;th=123;turth=0
bps_webapi,sdg04_completion_rate,sd.total,2026-09-08,2023,province,6200,Kalimantan Tengah,percent,97.47,Badan Pusat Statistik,webapi-var-1980-updated-2026-08-26,domain=0000;var=1980;vervar=6200;turvar=1672;th=123;turth=0
bps_webapi,sdg04_completion_rate,sd.total,2026-09-08,2023,province,6300,Kalimantan Selatan,percent,95.99,Badan Pusat Statistik,webapi-var-1980-updated-2026-08-26,domain=0000;var=1980;vervar=6300;turvar=1672;th=123;turth=0
bps_webapi,sdg04_completion_rate,sd.total,2026-09-08,2023,province,6400,Kalimantan Timur,percent,97.88,Badan Pusat Statistik,webapi-var-1980-updated-2026-08-26,domain=0000;var=1980;vervar=6400;turvar=1672;th=123;turth=0
bps_webapi,sdg04_completion_rate,sd.total,2026-09-08,2023,province,6500,Kalimantan Utara,percent,96.41,Badan Pusat Statistik,webapi-var-1980-updated-2026-08-26,domain=0000;var=1980;vervar=6500;turvar=1672;th=123;turth=0
bps_webapi,sdg04_completion_rate,sd.total,2026-09-08,2023,province,7100,Sulawesi Utara,percent,96.18,Badan Pusat Statistik,webapi-var-1980-updated-2026-08-26,domain=0000;var=1980;vervar=7100;turvar=1672;th=123;turth=0
bps_webapi,sdg04_completion_rate,sd.total,2026-09-08,2023,province,7200,Sulawesi Tengah,percent,97.56,Badan Pusat Statistik,webapi-var-1980-updated-2026-08-26,domain=0000;var=1980;vervar=7200;turvar=1672;th=123;turth=0
bps_webapi,sdg04_completion_rate,sd.total,2026-09-08,2023,province,7300,Sulawesi Selatan,percent,98.37,Badan Pusat Statistik,webapi-var-1980-updated-2026-08-26,domain=0000;var=1980;vervar=7300;turvar=1672;th=123;turth=0
bps_webapi,sdg04_completion_rate,sd.total,2026-09-08,2023,province,7400,Sulawesi Tenggara,percent,97.83,Badan Pusat Statistik,webapi-var-1980-updated-2026-08-26,domain=0000;var=1980;vervar=7400;turvar=1672;th=123;turth=0
bps_webapi,sdg04_completion_rate,sd.total,2026-09-08,2023,province,7500,Gorontalo,percent,93.69,Badan Pusat Statistik,webapi-var-1980-updated-2026-08-26,domain=0000;var=1980;vervar=7500;turvar=1672;th=123;turth=0
bps_webapi,sdg04_completion_rate,sd.total,2026-09-08,2023,province,7600,Sulawesi Barat,percent,95.13,Badan Pusat Statistik,webapi-var-1980-updated-2026-08-26,domain=0000;var=1980;vervar=7600;turvar=1672;th=123;turth=0
bps_webapi,sdg04_completion_rate,sd.total,2026-09-08,2023,province,8100,Maluku,percent,98.69,Badan Pusat Statistik,webapi-var-1980-updated-2026-08-26,domain=0000;var=1980;vervar=8100;turvar=1672;th=123;turth=0
bps_webapi,sdg04_completion_rate,sd.total,2026-09-08,2023,province,8200,Maluku Utara,percent,98.3,Badan Pusat Statistik,webapi-var-1980-updated-2026-08-26,domain=0000;var=1980;vervar=8200;turvar=1672;th=123;turth=0
bps_webapi,sdg04_completion_rate,sd.total,2026-09-08,2023,province,9100,Papua Barat,percent,92.69,Badan Pusat Statistik,webapi-var-1980-updated-2026-08-26,domain=0000;var=1980;vervar=9100;turvar=1672;th=123;turth=0
bps_webapi,sdg04_completion_rate,sd.total,2026-09-08,2023,province,9400,Papua,percent,80.09,Badan Pusat Statistik,webapi-var-1980-updated-2026-08-26,domain=0000;var=1980;vervar=9400;turvar=1672;th=123;turth=0
bps_webapi,sdg04_completion_rate,sma.expenditure.q1,2026-09-08,2015,national,9999,Indonesia,percent,28.62,Badan Pusat Statistik,webapi-var-1983-updated-2026-04-08,domain=0000;var=1983;vervar=1;turvar=1674;th=115;turth=0
bps_webapi,sdg04_completion_rate,sma.expenditure.q1,2026-09-08,2016,national,9999,Indonesia,percent,32.48,Badan Pusat Statistik,webapi-var-1983-updated-2026-04-08,domain=0000;var=1983;vervar=1;turvar=1674;th=116;turth=0
bps_webapi,sdg04_completion_rate,sma.expenditure.q1,2026-09-08,2017,national,9999,Indonesia,percent,37.81,Badan Pusat Statistik,webapi-var-1983-updated-2026-04-08,domain=0000;var=1983;vervar=1;turvar=1674;th=117;turth=0
bps_webapi,sdg04_completion_rate,sma.expenditure.q1,2026-09-08,2018,national,9999,Indonesia,percent,38.52,Badan Pusat Statistik,webapi-var-1983-updated-2026-04-08,domain=0000;var=1983;vervar=1;turvar=1674;th=118;turth=0
bps_webapi,sdg04_completion_rate,sma.expenditure.q1,2026-09-08,2019,national,9999,Indonesia,percent,40.57,Badan Pusat Statistik,webapi-var-1983-updated-2026-04-08,domain=0000;var=1983;vervar=1;turvar=1674;th=119;turth=0
bps_webapi,sdg04_completion_rate,sma.expenditure.q1,2026-09-08,2020,national,9999,Indonesia,percent,45.19,Badan Pusat Statistik,webapi-var-1983-updated-2026-04-08,domain=0000;var=1983;vervar=1;turvar=1674;th=120;turth=0
bps_webapi,sdg04_completion_rate,sma.expenditure.q1,2026-09-08,2021,national,9999,Indonesia,percent,48.43,Badan Pusat Statistik,webapi-var-1983-updated-2026-04-08,domain=0000;var=1983;vervar=1;turvar=1674;th=121;turth=0
bps_webapi,sdg04_completion_rate,sma.expenditure.q1,2026-09-08,2022,national,9999,Indonesia,percent,51.71,Badan Pusat Statistik,webapi-var-1983-updated-2026-04-08,domain=0000;var=1983;vervar=1;turvar=1674;th=122;turth=0
bps_webapi,sdg04_completion_rate,sma.expenditure.q1,2026-09-08,2023,national,9999,Indonesia,percent,52.41,Badan Pusat Statistik,webapi-var-1983-updated-2026-04-08,domain=0000;var=1983;vervar=1;turvar=1674;th=123;turth=0
bps_webapi,sdg04_completion_rate,sma.expenditure.q2,2026-09-08,2015,national,9999,Indonesia,percent,37.29,Badan Pusat Statistik,webapi-var-1983-updated-2026-04-08,domain=0000;var=1983;vervar=2;turvar=1674;th=115;turth=0
bps_webapi,sdg04_completion_rate,sma.expenditure.q2,2026-09-08,2016,national,9999,Indonesia,percent,44.21,Badan Pusat Statistik,webapi-var-1983-updated-2026-04-08,domain=0000;var=1983;vervar=2;turvar=1674;th=116;turth=0
bps_webapi,sdg04_completion_rate,sma.expenditure.q2,2026-09-08,2017,national,9999,Indonesia,percent,46.58,Badan Pusat Statistik,webapi-var-1983-updated-2026-04-08,domain=0000;var=1983;vervar=2;turvar=1674;th=117;turth=0
bps_webapi,sdg04_completion_rate,sma.expenditure.q2,2026-09-08,2018,national,9999,Indonesia,percent,52.24,Badan Pusat Statistik,webapi-var-1983-updated-2026-04-08,domain=0000;var=1983;vervar=2;turvar=1674;th=118;turth=0
bps_webapi,sdg04_completion_rate,sma.expenditure.q2,2026-09-08,2019,national,9999,Indonesia,percent,48.9,Badan Pusat Statistik,webapi-var-1983-updated-2026-04-08,domain=0000;var=1983;vervar=2;turvar=1674;th=119;turth=0
bps_webapi,sdg04_completion_rate,sma.expenditure.q2,2026-09-08,2020,national,9999,Indonesia,percent,54.87,Badan Pusat Statistik,webapi-var-1983-updated-2026-04-08,domain=0000;var=1983;vervar=2;turvar=1674;th=120;turth=0
bps_webapi,sdg04_completion_rate,sma.expenditure.q2,2026-09-08,2021,national,9999,Indonesia,percent,58.24,Badan Pusat Statistik,webapi-var-1983-updated-2026-04-08,domain=0000;var=1983;vervar=2;turvar=1674;th=121;turth=0
bps_webapi,sdg04_completion_rate,sma.expenditure.q2,2026-09-08,2022,national,9999,Indonesia,percent,59.85,Badan Pusat Statistik,webapi-var-1983-updated-2026-04-08,domain=0000;var=1983;vervar=2;turvar=1674;th=122;turth=0
bps_webapi,sdg04_completion_rate,sma.expenditure.q2,2026-09-08,2023,national,9999,Indonesia,percent,62.21,Badan Pusat Statistik,webapi-var-1983-updated-2026-04-08,domain=0000;var=1983;vervar=2;turvar=1674;th=123;turth=0
bps_webapi,sdg04_completion_rate,sma.expenditure.q3,2026-09-08,2015,national,9999,Indonesia,percent,46.83,Badan Pusat Statistik,webapi-var-1983-updated-2026-04-08,domain=0000;var=1983;vervar=3;turvar=1674;th=115;turth=0
bps_webapi,sdg04_completion_rate,sma.expenditure.q3,2026-09-08,2016,national,9999,Indonesia,percent,52.91,Badan Pusat Statistik,webapi-var-1983-updated-2026-04-08,domain=0000;var=1983;vervar=3;turvar=1674;th=116;turth=0
bps_webapi,sdg04_completion_rate,sma.expenditure.q3,2026-09-08,2017,national,9999,Indonesia,percent,53.13,Badan Pusat Statistik,webapi-var-1983-updated-2026-04-08,domain=0000;var=1983;vervar=3;turvar=1674;th=117;turth=0
bps_webapi,sdg04_completion_rate,sma.expenditure.q3,2026-09-08,2018,national,9999,Indonesia,percent,59.55,Badan Pusat Statistik,webapi-var-1983-updated-2026-04-08,domain=0000;var=1983;vervar=3;turvar=1674;th=118;turth=0
bps_webapi,sdg04_completion_rate,sma.expenditure.q3,2026-09-08,2019,national,9999,Indonesia,percent,54.31,Badan Pusat Statistik,webapi-var-1983-updated-2026-04-08,domain=0000;var=1983;vervar=3;turvar=1674;th=119;turth=0
bps_webapi,sdg04_completion_rate,sma.expenditure.q3,2026-09-08,2020,national,9999,Indonesia,percent,61.37,Badan Pusat Statistik,webapi-var-1983-updated-2026-04-08,domain=0000;var=1983;vervar=3;turvar=1674;th=120;turth=0
bps_webapi,sdg04_completion_rate,sma.expenditure.q3,2026-09-08,2021,national,9999,Indonesia,percent,64.7,Badan Pusat Statistik,webapi-var-1983-updated-2026-04-08,domain=0000;var=1983;vervar=3;turvar=1674;th=121;turth=0
bps_webapi,sdg04_completion_rate,sma.expenditure.q3,2026-09-08,2022,national,9999,Indonesia,percent,65.58,Badan Pusat Statistik,webapi-var-1983-updated-2026-04-08,domain=0000;var=1983;vervar=3;turvar=1674;th=122;turth=0
bps_webapi,sdg04_completion_rate,sma.expenditure.q3,2026-09-08,2023,national,9999,Indonesia,percent,68.26,Badan Pusat Statistik,webapi-var-1983-updated-2026-04-08,domain=0000;var=1983;vervar=3;turvar=1674;th=123;turth=0
bps_webapi,sdg04_completion_rate,sma.expenditure.q4,2026-09-08,2015,national,9999,Indonesia,percent,59.43,Badan Pusat Statistik,webapi-var-1983-updated-2026-04-08,domain=0000;var=1983;vervar=4;turvar=1674;th=115;turth=0
bps_webapi,sdg04_completion_rate,sma.expenditure.q4,2026-09-08,2016,national,9999,Indonesia,percent,65.92,Badan Pusat Statistik,webapi-var-1983-updated-2026-04-08,domain=0000;var=1983;vervar=4;turvar=1674;th=116;turth=0
bps_webapi,sdg04_completion_rate,sma.expenditure.q4,2026-09-08,2017,national,9999,Indonesia,percent,62.33,Badan Pusat Statistik,webapi-var-1983-updated-2026-04-08,domain=0000;var=1983;vervar=4;turvar=1674;th=117;turth=0
bps_webapi,sdg04_completion_rate,sma.expenditure.q4,2026-09-08,2018,national,9999,Indonesia,percent,68.23,Badan Pusat Statistik,webapi-var-1983-updated-2026-04-08,domain=0000;var=1983;vervar=4;turvar=1674;th=118;turth=0
bps_webapi,sdg04_completion_rate,sma.expenditure.q4,2026-09-08,2019,national,9999,Indonesia,percent,63.33,Badan Pusat Statistik,webapi-var-1983-updated-2026-04-08,domain=0000;var=1983;vervar=4;turvar=1674;th=119;turth=0
bps_webapi,sdg04_completion_rate,sma.expenditure.q4,2026-09-08,2020,national,9999,Indonesia,percent,69.05,Badan Pusat Statistik,webapi-var-1983-updated-2026-04-08,domain=0000;var=1983;vervar=4;turvar=1674;th=120;turth=0
bps_webapi,sdg04_completion_rate,sma.expenditure.q4,2026-09-08,2021,national,9999,Indonesia,percent,70.78,Badan Pusat Statistik,webapi-var-1983-updated-2026-04-08,domain=0000;var=1983;vervar=4;turvar=1674;th=121;turth=0
bps_webapi,sdg04_completion_rate,sma.expenditure.q4,2026-09-08,2022,national,9999,Indonesia,percent,71.13,Badan Pusat Statistik,webapi-var-1983-updated-2026-04-08,domain=0000;var=1983;vervar=4;turvar=1674;th=122;turth=0
bps_webapi,sdg04_completion_rate,sma.expenditure.q4,2026-09-08,2023,national,9999,Indonesia,percent,70.32,Badan Pusat Statistik,webapi-var-1983-updated-2026-04-08,domain=0000;var=1983;vervar=4;turvar=1674;th=123;turth=0
bps_webapi,sdg04_completion_rate,sma.expenditure.q5,2026-09-08,2015,national,9999,Indonesia,percent,76.97,Badan Pusat Statistik,webapi-var-1983-updated-2026-04-08,domain=0000;var=1983;vervar=5;turvar=1674;th=115;turth=0
bps_webapi,sdg04_completion_rate,sma.expenditure.q5,2026-09-08,2016,national,9999,Indonesia,percent,81.1,Badan Pusat Statistik,webapi-var-1983-updated-2026-04-08,domain=0000;var=1983;vervar=5;turvar=1674;th=116;turth=0
bps_webapi,sdg04_completion_rate,sma.expenditure.q5,2026-09-08,2017,national,9999,Indonesia,percent,77.27,Badan Pusat Statistik,webapi-var-1983-updated-2026-04-08,domain=0000;var=1983;vervar=5;turvar=1674;th=117;turth=0
bps_webapi,sdg04_completion_rate,sma.expenditure.q5,2026-09-08,2018,national,9999,Indonesia,percent,82.38,Badan Pusat Statistik,webapi-var-1983-updated-2026-04-08,domain=0000;var=1983;vervar=5;turvar=1674;th=118;turth=0
bps_webapi,sdg04_completion_rate,sma.expenditure.q5,2026-09-08,2019,national,9999,Indonesia,percent,77.26,Badan Pusat Statistik,webapi-var-1983-updated-2026-04-08,domain=0000;var=1983;vervar=5;turvar=1674;th=119;turth=0
bps_webapi,sdg04_completion_rate,sma.expenditure.q5,2026-09-08,2020,national,9999,Indonesia,percent,82.84,Badan Pusat Statistik,webapi-var-1983-updated-2026-04-08,domain=0000;var=1983;vervar=5;turvar=1674;th=120;turth=0
bps_webapi,sdg04_completion_rate,sma.expenditure.q5,2026-09-08,2021,national,9999,Indonesia,percent,81.81,Badan Pusat Statistik,webapi-var-1983-updated-2026-04-08,domain=0000;var=1983;vervar=5;turvar=1674;th=121;turth=0
bps_webapi,sdg04_completion_rate,sma.expenditure.q5,2026-09-08,2022,national,9999,Indonesia,percent,80.24,Badan Pusat Statistik,webapi-var-1983-updated-2026-04-08,domain=0000;var=1983;vervar=5;turvar=1674;th=122;turth=0
bps_webapi,sdg04_completion_rate,sma.expenditure.q5,2026-09-08,2023,national,9999,Indonesia,percent,77.76,Badan Pusat Statistik,webapi-var-1983-updated-2026-04-08,domain=0000;var=1983;vervar=5;turvar=1674;th=123;turth=0
bps_webapi,sdg04_completion_rate,sma.residence.rural,2026-09-08,2015,national,9999,Indonesia,percent,36.87,Badan Pusat Statistik,webapi-var-1981-updated-2024-05-26,domain=0000;var=1981;vervar=2;turvar=1674;th=115;turth=0
bps_webapi,sdg04_completion_rate,sma.residence.rural,2026-09-08,2016,national,9999,Indonesia,percent,43.67,Badan Pusat Statistik,webapi-var-1981-updated-2024-05-26,domain=0000;var=1981;vervar=2;turvar=1674;th=116;turth=0
bps_webapi,sdg04_completion_rate,sma.residence.rural,2026-09-08,2017,national,9999,Indonesia,percent,45.79,Badan Pusat Statistik,webapi-var-1981-updated-2024-05-26,domain=0000;var=1981;vervar=2;turvar=1674;th=117;turth=0
bps_webapi,sdg04_completion_rate,sma.residence.rural,2026-09-08,2018,national,9999,Indonesia,percent,47.83,Badan Pusat Statistik,webapi-var-1981-updated-2024-05-26,domain=0000;var=1981;vervar=2;turvar=1674;th=118;turth=0
bps_webapi,sdg04_completion_rate,sma.residence.rural,2026-09-08,2019,national,9999,Indonesia,percent,47.25,Badan Pusat Statistik,webapi-var-1981-updated-2024-05-26,domain=0000;var=1981;vervar=2;turvar=1674;th=119;turth=0
bps_webapi,sdg04_completion_rate,sma.residence.rural,2026-09-08,2020,national,9999,Indonesia,percent,51.76,Badan Pusat Statistik,webapi-var-1981-updated-2024-05-26,domain=0000;var=1981;vervar=2;turvar=1674;th=120;turth=0
bps_webapi,sdg04_completion_rate,sma.residence.rural,2026-09-08,2021,national,9999,Indonesia,percent,53.85,Badan Pusat Statistik,webapi-var-1981-updated-2024-05-26,domain=0000;var=1981;vervar=2;turvar=1674;th=121;turth=0
bps_webapi,sdg04_completion_rate,sma.residence.rural,2026-09-08,2022,national,9999,Indonesia,percent,55.48,Badan Pusat Statistik,webapi-var-1981-updated-2024-05-26,domain=0000;var=1981;vervar=2;turvar=1674;th=122;turth=0
bps_webapi,sdg04_completion_rate,sma.residence.rural,2026-09-08,2023,national,9999,Indonesia,percent,56.38,Badan Pusat Statistik,webapi-var-1981-updated-2024-05-26,domain=0000;var=1981;vervar=2;turvar=1674;th=123;turth=0
bps_webapi,sdg04_completion_rate,sma.residence.urban,2026-09-08,2015,national,9999,Indonesia,percent,64.27,Badan Pusat Statistik,webapi-var-1981-updated-2024-05-26,domain=0000;var=1981;vervar=1;turvar=1674;th=115;turth=0
bps_webapi,sdg04_completion_rate,sma.residence.urban,2026-09-08,2016,national,9999,Indonesia,percent,68.1,Badan Pusat Statistik,webapi-var-1981-updated-2024-05-26,domain=0000;var=1981;vervar=1;turvar=1674;th=116;turth=0
bps_webapi,sdg04_completion_rate,sma.residence.urban,2026-09-08,2017,national,9999,Indonesia,percent,66.7,Badan Pusat Statistik,webapi-var-1981-updated-2024-05-26,domain=0000;var=1981;vervar=1;turvar=1674;th=117;turth=0
bps_webapi,sdg04_completion_rate,sma.residence.urban,2026-09-08,2018,national,9999,Indonesia,percent,71.56,Badan Pusat Statistik,webapi-var-1981-updated-2024-05-26,domain=0000;var=1981;vervar=1;turvar=1674;th=118;turth=0
bps_webapi,sdg04_completion_rate,sma.residence.urban,2026-09-08,2019,national,9999,Indonesia,percent,65.89,Badan Pusat Statistik,webapi-var-1981-updated-2024-05-26,domain=0000;var=1981;vervar=1;turvar=1674;th=119;turth=0
bps_webapi,sdg04_completion_rate,sma.residence.urban,2026-09-08,2020,national,9999,Indonesia,percent,72.43,Badan Pusat Statistik,webapi-var-1981-updated-2024-05-26,domain=0000;var=1981;vervar=1;turvar=1674;th=120;turth=0
bps_webapi,sdg04_completion_rate,sma.residence.urban,2026-09-08,2021,national,9999,Indonesia,percent,74.17,Badan Pusat Statistik,webapi-var-1981-updated-2024-05-26,domain=0000;var=1981;vervar=1;turvar=1674;th=121;turth=0
bps_webapi,sdg04_completion_rate,sma.residence.urban,2026-09-08,2022,national,9999,Indonesia,percent,73.91,Badan Pusat Statistik,webapi-var-1981-updated-2024-05-26,domain=0000;var=1981;vervar=1;turvar=1674;th=122;turth=0
bps_webapi,sdg04_completion_rate,sma.residence.urban,2026-09-08,2023,national,9999,Indonesia,percent,73.25,Badan Pusat Statistik,webapi-var-1981-updated-2024-05-26,domain=0000;var=1981;vervar=1;turvar=1674;th=123;turth=0
bps_webapi,sdg04_completion_rate,sma.sex.female,2026-09-08,2015,national,9999,Indonesia,percent,55.68,Badan Pusat Statistik,webapi-var-1982-updated-2026-08-26,domain=0000;var=1982;vervar=2;turvar=1674;th=115;turth=0
bps_webapi,sdg04_completion_rate,sma.sex.female,2026-09-08,2016,national,9999,Indonesia,percent,59.71,Badan Pusat Statistik,webapi-var-1982-updated-2026-08-26,domain=0000;var=1982;vervar=2;turvar=1674;th=116;turth=0
bps_webapi,sdg04_completion_rate,sma.sex.female,2026-09-08,2017,national,9999,Indonesia,percent,58.84,Badan Pusat Statistik,webapi-var-1982-updated-2026-08-26,domain=0000;var=1982;vervar=2;turvar=1674;th=117;turth=0
bps_webapi,sdg04_completion_rate,sma.sex.female,2026-09-08,2018,national,9999,Indonesia,percent,63.1,Badan Pusat Statistik,webapi-var-1982-updated-2026-08-26,domain=0000;var=1982;vervar=2;turvar=1674;th=118;turth=0
bps_webapi,sdg04_completion_rate,sma.sex.female,2026-09-08,2019,national,9999,Indonesia,percent,59.75,Badan Pusat Statistik,webapi-var-1982-updated-2026-08-26,domain=0000;var=1982;vervar=2;turvar=1674;th=119;turth=0
bps_webapi,sdg04_completion_rate,sma.sex.female,2026-09-08,2020,national,9999,Indonesia,percent,65.85,Badan Pusat Statistik,webapi-var-1982-updated-2026-08-26,domain=0000;var=1982;vervar=2;turvar=1674;th=120;turth=0
bps_webapi,sdg04_completion_rate,sma.sex.female,2026-09-08,2021,national,9999,Indonesia,percent,67.46,Badan Pusat Statistik,webapi-var-1982-updated-2026-08-26,domain=0000;var=1982;vervar=2;turvar=1674;th=121;turth=0
bps_webapi,sdg04_completion_rate,sma.sex.female,2026-09-08,2022,national,9999,Indonesia,percent,68.31,Badan Pusat Statistik,webapi-var-1982-updated-2026-08-26,domain=0000;var=1982;vervar=2;turvar=1674;th=122;turth=0
bps_webapi,sdg04_completion_rate,sma.sex.female,2026-09-08,2023,national,9999,Indonesia,percent,69.54,Badan Pusat Statistik,webapi-var-1982-updated-2026-08-26,domain=0000;var=1982;vervar=2;turvar=1674;th=123;turth=0
bps_webapi,sdg04_completion_rate,sma.sex.male,2026-09-08,2015,national,9999,Indonesia,percent,48.61,Badan Pusat Statistik,webapi-var-1982-updated-2026-08-26,domain=0000;var=1982;vervar=1;turvar=1674;th=115;turth=0
bps_webapi,sdg04_completion_rate,sma.sex.male,2026-09-08,2016,national,9999,Indonesia,percent,55.4,Badan Pusat Statistik,webapi-var-1982-updated-2026-08-26,domain=0000;var=1982;vervar=1;turvar=1674;th=116;turth=0
bps_webapi,sdg04_completion_rate,sma.sex.male,2026-09-08,2017,national,9999,Indonesia,percent,56.64,Badan Pusat Statistik,webapi-var-1982-updated-2026-08-26,domain=0000;var=1982;vervar=1;turvar=1674;th=117;turth=0
bps_webapi,sdg04_completion_rate,sma.sex.male,2026-09-08,2018,national,9999,Indonesia,percent,60.64,Badan Pusat Statistik,webapi-var-1982-updated-2026-08-26,domain=0000;var=1982;vervar=1;turvar=1674;th=118;turth=0
bps_webapi,sdg04_completion_rate,sma.sex.male,2026-09-08,2019,national,9999,Indonesia,percent,57,Badan Pusat Statistik,webapi-var-1982-updated-2026-08-26,domain=0000;var=1982;vervar=1;turvar=1674;th=119;turth=0
bps_webapi,sdg04_completion_rate,sma.sex.male,2026-09-08,2020,national,9999,Indonesia,percent,62.15,Badan Pusat Statistik,webapi-var-1982-updated-2026-08-26,domain=0000;var=1982;vervar=1;turvar=1674;th=120;turth=0
bps_webapi,sdg04_completion_rate,sma.sex.male,2026-09-08,2021,national,9999,Indonesia,percent,64.48,Badan Pusat Statistik,webapi-var-1982-updated-2026-08-26,domain=0000;var=1982;vervar=1;turvar=1674;th=121;turth=0
bps_webapi,sdg04_completion_rate,sma.sex.male,2026-09-08,2022,national,9999,Indonesia,percent,64.09,Badan Pusat Statistik,webapi-var-1982-updated-2026-08-26,domain=0000;var=1982;vervar=1;turvar=1674;th=122;turth=0
bps_webapi,sdg04_completion_rate,sma.sex.male,2026-09-08,2023,national,9999,Indonesia,percent,64.14,Badan Pusat Statistik,webapi-var-1982-updated-2026-08-26,domain=0000;var=1982;vervar=1;turvar=1674;th=123;turth=0
bps_webapi,sdg04_completion_rate,sma.total,2026-09-08,2015,national,9999,Indonesia,percent,52.04,Badan Pusat Statistik,webapi-var-1980-updated-2026-08-26,domain=0000;var=1980;vervar=9999;turvar=1674;th=115;turth=0
bps_webapi,sdg04_completion_rate,sma.total,2026-09-08,2015,province,1100,Aceh,percent,68.16,Badan Pusat Statistik,webapi-var-1980-updated-2026-08-26,domain=0000;var=1980;vervar=1100;turvar=1674;th=115;turth=0
bps_webapi,sdg04_completion_rate,sma.total,2026-09-08,2015,province,1200,Sumatera Utara,percent,59.54,Badan Pusat Statistik,webapi-var-1980-updated-2026-08-26,domain=0000;var=1980;vervar=1200;turvar=1674;th=115;turth=0
bps_webapi,sdg04_completion_rate,sma.total,2026-09-08,2015,province,1300,Sumatera Barat,percent,58.04,Badan Pusat Statistik,webapi-var-1980-updated-2026-08-26,domain=0000;var=1980;vervar=1300;turvar=1674;th=115;turth=0
bps_webapi,sdg04_completion_rate,sma.total,2026-09-08,2015,province,1400,Riau,percent,57.28,Badan Pusat Statistik,webapi-var-1980-updated-2026-08-26,domain=0000;var=1980;vervar=1400;turvar=1674;th=115;turth=0
bps_webapi,sdg04_completion_rate,sma.total,2026-09-08,2015,province,1500,Jambi,percent,49.05,Badan Pusat Statistik,webapi-var-1980-updated-2026-08-26,domain=0000;var=1980;vervar=1500;turvar=1674;th=115;turth=0
bps_webapi,sdg04_completion_rate,sma.total,2026-09-08,2015,province,1600,Sumatera Selatan,percent,48.9,Badan Pusat Statistik,webapi-var-1980-updated-2026-08-26,domain=0000;var=1980;vervar=1600;turvar=1674;th=115;turth=0
bps_webapi,sdg04_completion_rate,sma.total,2026-09-08,2015,province,1700,Bengkulu,percent,55.94,Badan Pusat Statistik,webapi-var-1980-updated-2026-08-26,domain=0000;var=1980;vervar=1700;turvar=1674;th=115;turth=0
bps_webapi,sdg04_completion_rate,sma.total,2026-09-08,2015,province,1800,Lampung,percent,40.6,Badan Pusat Statistik,webapi-var-1980-updated-2026-08-26,domain=0000;var=1980;vervar=1800;turvar=1674;th=115;turth=0
bps_webapi,sdg04_completion_rate,sma.total,2026-09-08,2015,province,1900,Kep. Bangka Belitung,percent,43.46,Badan Pusat Statistik,webapi-var-1980-updated-2026-08-26,domain=0000;var=1980;vervar=1900;turvar=1674;th=115;turth=0
bps_webapi,sdg04_completion_rate,sma.total,2026-09-08,2015,province,2100,Kep. Riau,percent,65.28,Badan Pusat Statistik,webapi-var-1980-updated-2026-08-26,domain=0000;var=1980;vervar=2100;turvar=1674;th=115;turth=0
bps_webapi,sdg04_completion_rate,sma.total,2026-09-08,2015,province,3100,Dki Jakarta,percent,74.1,Badan Pusat Statistik,webapi-var-1980-updated-2026-08-26,domain=0000;var=1980;vervar=3100;turvar=1674;th=115;turth=0
bps_webapi,sdg04_completion_rate,sma.total,2026-09-08,2015,province,3200,Jawa Barat,percent,48.53,Badan Pusat Statistik,webapi-var-1980-updated-2026-08-26,domain=0000;var=1980;vervar=3200;turvar=1674;th=115;turth=0
bps_webapi,sdg04_completion_rate,sma.total,2026-09-08,2015,province,3300,Jawa Tengah,percent,43.86,Badan Pusat Statistik,webapi-var-1980-updated-2026-08-26,domain=0000;var=1980;vervar=3300;turvar=1674;th=115;turth=0
bps_webapi,sdg04_completion_rate,sma.total,2026-09-08,2015,province,3400,Di Yogyakarta,percent,80.77,Badan Pusat Statistik,webapi-var-1980-updated-2026-08-26,domain=0000;var=1980;vervar=3400;turvar=1674;th=115;turth=0
bps_webapi,sdg04_completion_rate,sma.total,2026-09-08,2015,province,3500,Jawa Timur,percent,52.04,Badan Pusat Statistik,webapi-var-1980-updated-2026-08-26,domain=0000;var=1980;vervar=3500;turvar=1674;th=115;turth=0
bps_webapi,sdg04_completion_rate,sma.total,2026-09-08,2015,province,3600,Banten,percent,52.95,Badan Pusat Statistik,webapi-var-1980-updated-2026-08-26,domain=0000;var=1980;vervar=3600;turvar=1674;th=115;turth=0
bps_webapi,sdg04_completion_rate,sma.total,2026-09-08,2015,province,5100,Bali,percent,69.08,Badan Pusat Statistik,webapi-var-1980-updated-2026-08-26,domain=0000;var=1980;vervar=5100;turvar=1674;th=115;turth=0
bps_webapi,sdg04_completion_rate,sma.total,2026-09-08,2015,province,5200,Nusa Tenggara Barat,percent,51.83,Badan Pusat Statistik,webapi-var-1980-updated-2026-08-26,domain=0000;var=1980;vervar=5200;turvar=1674;th=115;turth=0
bps_webapi,sdg04_completion_rate,sma.total,2026-09-08,2015,province,5300,Nusa Tenggara Timur,percent,37.78,Badan Pusat Statistik,webapi-var-1980-updated-2026-08-26,domain=0000;var=1980;vervar=5300;turvar=1674;th=115;turth=0
bps_webapi,sdg04_completion_rate,sma.total,2026-09-08,2015,province,6100,Kalimantan Barat,percent,35.69,Badan Pusat Statistik,webapi-var-1980-updated-2026-08-26,domain=0000;var=1980;vervar=6100;turvar=1674;th=115;turth=0
bps_webapi,sdg04_completion_rate,sma.total,2026-09-08,2015,province,6200,Kalimantan Tengah,percent,47.28,Badan Pusat Statistik,webapi-var-1980-updated-2026-08-26,domain=0000;var=1980;vervar=6200;turvar=1674;th=115;turth=0
bps_webapi,sdg04_completion_rate,sma.total,2026-09-08,2015,province,6300,Kalimantan Selatan,percent,44.85,Badan Pusat Statistik,webapi-var-1980-updated-2026-08-26,domain=0000;var=1980;vervar=6300;turvar=1674;th=115;turth=0
bps_webapi,sdg04_completion_rate,sma.total,2026-09-08,2015,province,6400,Kalimantan Timur,percent,67.56,Badan Pusat Statistik,webapi-var-1980-updated-2026-08-26,domain=0000;var=1980;vervar=6400;turvar=1674;th=115;turth=0
bps_webapi,sdg04_completion_rate,sma.total,2026-09-08,2015,province,6500,Kalimantan Utara,percent,47.64,Badan Pusat Statistik,webapi-var-1980-updated-2026-08-26,domain=0000;var=1980;vervar=6500;turvar=1674;th=115;turth=0
bps_webapi,sdg04_completion_rate,sma.total,2026-09-08,2015,province,7100,Sulawesi Utara,percent,55.5,Badan Pusat Statistik,webapi-var-1980-updated-2026-08-26,domain=0000;var=1980;vervar=7100;turvar=1674;th=115;turth=0
bps_webapi,sdg04_completion_rate,sma.total,2026-09-08,2015,province,7200,Sulawesi Tengah,percent,45.84,Badan Pusat Statistik,webapi-var-1980-updated-2026-08-26,domain=0000;var=1980;vervar=7200;turvar=1674;th=115;turth=0
bps_webapi,sdg04_completion_rate,sma.total,2026-09-08,2015,province,7300,Sulawesi Selatan,percent,50.85,Badan Pusat Statistik,webapi-var-1980-updated-2026-08-26,domain=0000;var=1980;vervar=7300;turvar=1674;th=115;turth=0
bps_webapi,sdg04_completion_rate,sma.total,2026-09-08,2015,province,7400,Sulawesi Tenggara,percent,61.52,Badan Pusat Statistik,webapi-var-1980-updated-2026-08-26,domain=0000;var=1980;vervar=7400;turvar=1674;th=115;turth=0
bps_webapi,sdg04_completion_rate,sma.total,2026-09-08,2015,province,7500,Gorontalo,percent,44.67,Badan Pusat Statistik,webapi-var-1980-updated-2026-08-26,domain=0000;var=1980;vervar=7500;turvar=1674;th=115;turth=0
bps_webapi,sdg04_completion_rate,sma.total,2026-09-08,2015,province,7600,Sulawesi Barat,percent,39.29,Badan Pusat Statistik,webapi-var-1980-updated-2026-08-26,domain=0000;var=1980;vervar=7600;turvar=1674;th=115;turth=0
bps_webapi,sdg04_completion_rate,sma.total,2026-09-08,2015,province,8100,Maluku,percent,58.59,Badan Pusat Statistik,webapi-var-1980-updated-2026-08-26,domain=0000;var=1980;vervar=8100;turvar=1674;th=115;turth=0
bps_webapi,sdg04_completion_rate,sma.total,2026-09-08,2015,province,8200,Maluku Utara,percent,57.12,Badan Pusat Statistik,webapi-var-1980-updated-2026-08-26,domain=0000;var=1980;vervar=8200;turvar=1674;th=115;turth=0
bps_webapi,sdg04_completion_rate,sma.total,2026-09-08,2015,province,9100,Papua Barat,percent,55.24,Badan Pusat Statistik,webapi-var-1980-updated-2026-08-26,domain=0000;var=1980;vervar=9100;turvar=1674;th=115;turth=0
bps_webapi,sdg04_completion_rate,sma.total,2026-09-08,2015,province,9400,Papua,percent,28.23,Badan Pusat Statistik,webapi-var-1980-updated-2026-08-26,domain=0000;var=1980;vervar=9400;turvar=1674;th=115;turth=0
bps_webapi,sdg04_completion_rate,sma.total,2026-09-08,2016,national,9999,Indonesia,percent,57.47,Badan Pusat Statistik,webapi-var-1980-updated-2026-08-26,domain=0000;var=1980;vervar=9999;turvar=1674;th=116;turth=0
bps_webapi,sdg04_completion_rate,sma.total,2026-09-08,2016,province,1100,Aceh,percent,74.46,Badan Pusat Statistik,webapi-var-1980-updated-2026-08-26,domain=0000;var=1980;vervar=1100;turvar=1674;th=116;turth=0
bps_webapi,sdg04_completion_rate,sma.total,2026-09-08,2016,province,1200,Sumatera Utara,percent,69.69,Badan Pusat Statistik,webapi-var-1980-updated-2026-08-26,domain=0000;var=1980;vervar=1200;turvar=1674;th=116;turth=0
bps_webapi,sdg04_completion_rate,sma.total,2026-09-08,2016,province,1300,Sumatera Barat,percent,64.97,Badan Pusat Statistik,webapi-var-1980-updated-2026-08-26,domain=0000;var=1980;vervar=1300;turvar=1674;th=116;turth=0
bps_webapi,sdg04_completion_rate,sma.total,2026-09-08,2016,province,1400,Riau,percent,62.12,Badan Pusat Statistik,webapi-var-1980-updated-2026-08-26,domain=0000;var=1980;vervar=1400;turvar=1674;th=116;turth=0
bps_webapi,sdg04_completion_rate,sma.total,2026-09-08,2016,province,1500,Jambi,percent,60.5,Badan Pusat Statistik,webapi-var-1980-updated-2026-08-26,domain=0000;var=1980;vervar=1500;turvar=1674;th=116;turth=0
bps_webapi,sdg04_completion_rate,sma.total,2026-09-08,2016,province,1600,Sumatera Selatan,percent,55.37,Badan Pusat Statistik,webapi-var-1980-updated-2026-08-26,domain=0000;var=1980;vervar=1600;turvar=1674;th=116;turth=0
bps_webapi,sdg04_completion_rate,sma.total,2026-09-08,2016,province,1700,Bengkulu,percent,64.31,Badan Pusat Statistik,webapi-var-1980-updated-2026-08-26,domain=0000;var=1980;vervar=1700;turvar=1674;th=116;turth=0
bps_webapi,sdg04_completion_rate,sma.total,2026-09-08,2016,province,1800,Lampung,percent,47.62,Badan Pusat Statistik,webapi-var-1980-updated-2026-08-26,domain=0000;var=1980;vervar=1800;turvar=1674;th=116;turth=0
bps_webapi,sdg04_completion_rate,sma.total,2026-09-08,2016,province,1900,Kep. Bangka Belitung,percent,53.84,Badan Pusat Statistik,webapi-var-1980-updated-2026-08-26,domain=0000;var=1980;vervar=1900;turvar=1674;th=116;turth=0
bps_webapi,sdg04_completion_rate,sma.total,2026-09-08,2016,province,2100,Kep. Riau,percent,75.93,Badan Pusat Statistik,webapi-var-1980-updated-2026-08-26,domain=0000;var=1980;vervar=2100;turvar=1674;th=116;turth=0
bps_webapi,sdg04_completion_rate,sma.total,2026-09-08,2016,province,3100,Dki Jakarta,percent,74.74,Badan Pusat Statistik,webapi-var-1980-updated-2026-08-26,domain=0000;var=1980;vervar=3100;turvar=1674;th=116;turth=0
bps_webapi,sdg04_completion_rate,sma.total,2026-09-08,2016,province,3200,Jawa Barat,percent,55.03,Badan Pusat Statistik,webapi-var-1980-updated-2026-08-26,domain=0000;var=1980;vervar=3200;turvar=1674;th=116;turth=0
bps_webapi,sdg04_completion_rate,sma.total,2026-09-08,2016,province,3300,Jawa Tengah,percent,44.59,Badan Pusat Statistik,webapi-var-1980-updated-2026-08-26,domain=0000;var=1980;vervar=3300;turvar=1674;th=116;turth=0
bps_webapi,sdg04_completion_rate,sma.total,2026-09-08,2016,province,3400,Di Yogyakarta,percent,79.95,Badan Pusat Statistik,webapi-var-1980-updated-2026-08-26,domain=0000;var=1980;vervar=3400;turvar=1674;th=116;turth=0
bps_webapi,sdg04_completion_rate,sma.total,2026-09-08,2016,province,3500,Jawa Timur,percent,55.13,Badan Pusat Statistik,webapi-var-1980-updated-2026-08-26,domain=0000;var=1980;vervar=3500;turvar=1674;th=116;turth=0
bps_webapi,sdg04_completion_rate,sma.total,2026-09-08,2016,province,3600,Banten,percent,60.83,Badan Pusat Statistik,webapi-var-1980-updated-2026-08-26,domain=0000;var=1980;vervar=3600;turvar=1674;th=116;turth=0
bps_webapi,sdg04_completion_rate,sma.total,2026-09-08,2016,province,5100,Bali,percent,73.65,Badan Pusat Statistik,webapi-var-1980-updated-2026-08-26,domain=0000;var=1980;vervar=5100;turvar=1674;th=116;turth=0
bps_webapi,sdg04_completion_rate,sma.total,2026-09-08,2016,province,5200,Nusa Tenggara Barat,percent,55.01,Badan Pusat Statistik,webapi-var-1980-updated-2026-08-26,domain=0000;var=1980;vervar=5200;turvar=1674;th=116;turth=0
bps_webapi,sdg04_completion_rate,sma.total,2026-09-08,2016,province,5300,Nusa Tenggara Timur,percent,48.95,Badan Pusat Statistik,webapi-var-1980-updated-2026-08-26,domain=0000;var=1980;vervar=5300;turvar=1674;th=116;turth=0
bps_webapi,sdg04_completion_rate,sma.total,2026-09-08,2016,province,6100,Kalimantan Barat,percent,35.69,Badan Pusat Statistik,webapi-var-1980-updated-2026-08-26,domain=0000;var=1980;vervar=6100;turvar=1674;th=116;turth=0
bps_webapi,sdg04_completion_rate,sma.total,2026-09-08,2016,province,6200,Kalimantan Tengah,percent,52.42,Badan Pusat Statistik,webapi-var-1980-updated-2026-08-26,domain=0000;var=1980;vervar=6200;turvar=1674;th=116;turth=0
bps_webapi,sdg04_completion_rate,sma.total,2026-09-08,2016,province,6300,Kalimantan Selatan,percent,52.91,Badan Pusat Statistik,webapi-var-1980-updated-2026-08-26,domain=0000;var=1980;vervar=6300;turvar=1674;th=116;turth=0
bps_webapi,sdg04_completion_rate,sma.total,2026-09-08,2016,province,6400,Kalimantan Timur,percent,66.76,Badan Pusat Statistik,webapi-var-1980-updated-2026-08-26,domain=0000;var=1980;vervar=6400;turvar=1674;th=116;turth=0
bps_webapi,sdg04_completion_rate,sma.total,2026-09-08,2016,province,6500,Kalimantan Utara,percent,58.6,Badan Pusat Statistik,webapi-var-1980-updated-2026-08-26,domain=0000;var=1980;vervar=6500;turvar=1674;th=116;turth=0
bps_webapi,sdg04_completion_rate,sma.total,2026-09-08,2016,province,7100,Sulawesi Utara,percent,72.33,Badan Pusat Statistik,webapi-var-1980-updated-2026-08-26,domain=0000;var=1980;vervar=7100;turvar=1674;th=116;turth=0
bps_webapi,sdg04_completion_rate,sma.total,2026-09-08,2016,province,7200,Sulawesi Tengah,percent,61.79,Badan Pusat Statistik,webapi-var-1980-updated-2026-08-26,domain=0000;var=1980;vervar=7200;turvar=1674;th=116;turth=0
bps_webapi,sdg04_completion_rate,sma.total,2026-09-08,2016,province,7300,Sulawesi Selatan,percent,59.56,Badan Pusat Statistik,webapi-var-1980-updated-2026-08-26,domain=0000;var=1980;vervar=7300;turvar=1674;th=116;turth=0
bps_webapi,sdg04_completion_rate,sma.total,2026-09-08,2016,province,7400,Sulawesi Tenggara,percent,67.12,Badan Pusat Statistik,webapi-var-1980-updated-2026-08-26,domain=0000;var=1980;vervar=7400;turvar=1674;th=116;turth=0
bps_webapi,sdg04_completion_rate,sma.total,2026-09-08,2016,province,7500,Gorontalo,percent,50.79,Badan Pusat Statistik,webapi-var-1980-updated-2026-08-26,domain=0000;var=1980;vervar=7500;turvar=1674;th=116;turth=0
bps_webapi,sdg04_completion_rate,sma.total,2026-09-08,2016,province,7600,Sulawesi Barat,percent,53.45,Badan Pusat Statistik,webapi-var-1980-updated-2026-08-26,domain=0000;var=1980;vervar=7600;turvar=1674;th=116;turth=0
bps_webapi,sdg04_completion_rate,sma.total,2026-09-08,2016,province,8100,Maluku,percent,72.87,Badan Pusat Statistik,webapi-var-1980-updated-2026-08-26,domain=0000;var=1980;vervar=8100;turvar=1674;th=116;turth=0
bps_webapi,sdg04_completion_rate,sma.total,2026-09-08,2016,province,8200,Maluku Utara,percent,64.87,Badan Pusat Statistik,webapi-var-1980-updated-2026-08-26,domain=0000;var=1980;vervar=8200;turvar=1674;th=116;turth=0
bps_webapi,sdg04_completion_rate,sma.total,2026-09-08,2016,province,9100,Papua Barat,percent,56.12,Badan Pusat Statistik,webapi-var-1980-updated-2026-08-26,domain=0000;var=1980;vervar=9100;turvar=1674;th=116;turth=0
bps_webapi,sdg04_completion_rate,sma.total,2026-09-08,2016,province,9400,Papua,percent,35.69,Badan Pusat Statistik,webapi-var-1980-updated-2026-08-26,domain=0000;var=1980;vervar=9400;turvar=1674;th=116;turth=0
bps_webapi,sdg04_completion_rate,sma.total,2026-09-08,2017,national,9999,Indonesia,percent,57.71,Badan Pusat Statistik,webapi-var-1980-updated-2026-08-26,domain=0000;var=1980;vervar=9999;turvar=1674;th=117;turth=0
bps_webapi,sdg04_completion_rate,sma.total,2026-09-08,2017,province,1100,Aceh,percent,70.64,Badan Pusat Statistik,webapi-var-1980-updated-2026-08-26,domain=0000;var=1980;vervar=1100;turvar=1674;th=117;turth=0
bps_webapi,sdg04_completion_rate,sma.total,2026-09-08,2017,province,1200,Sumatera Utara,percent,67.16,Badan Pusat Statistik,webapi-var-1980-updated-2026-08-26,domain=0000;var=1980;vervar=1200;turvar=1674;th=117;turth=0
bps_webapi,sdg04_completion_rate,sma.total,2026-09-08,2017,province,1300,Sumatera Barat,percent,60.8,Badan Pusat Statistik,webapi-var-1980-updated-2026-08-26,domain=0000;var=1980;vervar=1300;turvar=1674;th=117;turth=0
bps_webapi,sdg04_completion_rate,sma.total,2026-09-08,2017,province,1400,Riau,percent,61.9,Badan Pusat Statistik,webapi-var-1980-updated-2026-08-26,domain=0000;var=1980;vervar=1400;turvar=1674;th=117;turth=0
bps_webapi,sdg04_completion_rate,sma.total,2026-09-08,2017,province,1500,Jambi,percent,58.27,Badan Pusat Statistik,webapi-var-1980-updated-2026-08-26,domain=0000;var=1980;vervar=1500;turvar=1674;th=117;turth=0
bps_webapi,sdg04_completion_rate,sma.total,2026-09-08,2017,province,1600,Sumatera Selatan,percent,54.15,Badan Pusat Statistik,webapi-var-1980-updated-2026-08-26,domain=0000;var=1980;vervar=1600;turvar=1674;th=117;turth=0
bps_webapi,sdg04_completion_rate,sma.total,2026-09-08,2017,province,1700,Bengkulu,percent,62.57,Badan Pusat Statistik,webapi-var-1980-updated-2026-08-26,domain=0000;var=1980;vervar=1700;turvar=1674;th=117;turth=0
bps_webapi,sdg04_completion_rate,sma.total,2026-09-08,2017,province,1800,Lampung,percent,48.75,Badan Pusat Statistik,webapi-var-1980-updated-2026-08-26,domain=0000;var=1980;vervar=1800;turvar=1674;th=117;turth=0
bps_webapi,sdg04_completion_rate,sma.total,2026-09-08,2017,province,1900,Kep. Bangka Belitung,percent,51.55,Badan Pusat Statistik,webapi-var-1980-updated-2026-08-26,domain=0000;var=1980;vervar=1900;turvar=1674;th=117;turth=0
bps_webapi,sdg04_completion_rate,sma.total,2026-09-08,2017,province,2100,Kep. Riau,percent,83.55,Badan Pusat Statistik,webapi-var-1980-updated-2026-08-26,domain=0000;var=1980;vervar=2100;turvar=1674;th=117;turth=0
bps_webapi,sdg04_completion_rate,sma.total,2026-09-08,2017,province,3100,Dki Jakarta,percent,78.25,Badan Pusat Statistik,webapi-var-1980-updated-2026-08-26,domain=0000;var=1980;vervar=3100;turvar=1674;th=117;turth=0
bps_webapi,sdg04_completion_rate,sma.total,2026-09-08,2017,province,3200,Jawa Barat,percent,48.32,Badan Pusat Statistik,webapi-var-1980-updated-2026-08-26,domain=0000;var=1980;vervar=3200;turvar=1674;th=117;turth=0
bps_webapi,sdg04_completion_rate,sma.total,2026-09-08,2017,province,3300,Jawa Tengah,percent,51.52,Badan Pusat Statistik,webapi-var-1980-updated-2026-08-26,domain=0000;var=1980;vervar=3300;turvar=1674;th=117;turth=0
bps_webapi,sdg04_completion_rate,sma.total,2026-09-08,2017,province,3400,Di Yogyakarta,percent,85.53,Badan Pusat Statistik,webapi-var-1980-updated-2026-08-26,domain=0000;var=1980;vervar=3400;turvar=1674;th=117;turth=0
bps_webapi,sdg04_completion_rate,sma.total,2026-09-08,2017,province,3500,Jawa Timur,percent,59.9,Badan Pusat Statistik,webapi-var-1980-updated-2026-08-26,domain=0000;var=1980;vervar=3500;turvar=1674;th=117;turth=0
bps_webapi,sdg04_completion_rate,sma.total,2026-09-08,2017,province,3600,Banten,percent,59.87,Badan Pusat Statistik,webapi-var-1980-updated-2026-08-26,domain=0000;var=1980;vervar=3600;turvar=1674;th=117;turth=0
bps_webapi,sdg04_completion_rate,sma.total,2026-09-08,2017,province,5100,Bali,percent,74.62,Badan Pusat Statistik,webapi-var-1980-updated-2026-08-26,domain=0000;var=1980;vervar=5100;turvar=1674;th=117;turth=0
bps_webapi,sdg04_completion_rate,sma.total,2026-09-08,2017,province,5200,Nusa Tenggara Barat,percent,59.1,Badan Pusat Statistik,webapi-var-1980-updated-2026-08-26,domain=0000;var=1980;vervar=5200;turvar=1674;th=117;turth=0
bps_webapi,sdg04_completion_rate,sma.total,2026-09-08,2017,province,5300,Nusa Tenggara Timur,percent,41.44,Badan Pusat Statistik,webapi-var-1980-updated-2026-08-26,domain=0000;var=1980;vervar=5300;turvar=1674;th=117;turth=0
bps_webapi,sdg04_completion_rate,sma.total,2026-09-08,2017,province,6100,Kalimantan Barat,percent,42.7,Badan Pusat Statistik,webapi-var-1980-updated-2026-08-26,domain=0000;var=1980;vervar=6100;turvar=1674;th=117;turth=0
bps_webapi,sdg04_completion_rate,sma.total,2026-09-08,2017,province,6200,Kalimantan Tengah,percent,56.48,Badan Pusat Statistik,webapi-var-1980-updated-2026-08-26,domain=0000;var=1980;vervar=6200;turvar=1674;th=117;turth=0
bps_webapi,sdg04_completion_rate,sma.total,2026-09-08,2017,province,6300,Kalimantan Selatan,percent,56.75,Badan Pusat Statistik,webapi-var-1980-updated-2026-08-26,domain=0000;var=1980;vervar=6300;turvar=1674;th=117;turth=0
bps_webapi,sdg04_completion_rate,sma.total,2026-09-08,2017,province,6400,Kalimantan Timur,percent,67.72,Badan Pusat Statistik,webapi-var-1980-updated-2026-08-26,domain=0000;var=1980;vervar=6400;turvar=1674;th=117;turth=0
bps_webapi,sdg04_completion_rate,sma.total,2026-09-08,2017,province,6500,Kalimantan Utara,percent,57.43,Badan Pusat Statistik,webapi-var-1980-updated-2026-08-26,domain=0000;var=1980;vervar=6500;turvar=1674;th=117;turth=0
bps_webapi,sdg04_completion_rate,sma.total,2026-09-08,2017,province,7100,Sulawesi Utara,percent,67.46,Badan Pusat Statistik,webapi-var-1980-updated-2026-08-26,domain=0000;var=1980;vervar=7100;turvar=1674;th=117;turth=0
bps_webapi,sdg04_completion_rate,sma.total,2026-09-08,2017,province,7200,Sulawesi Tengah,percent,62.73,Badan Pusat Statistik,webapi-var-1980-updated-2026-08-26,domain=0000;var=1980;vervar=7200;turvar=1674;th=117;turth=0
bps_webapi,sdg04_completion_rate,sma.total,2026-09-08,2017,province,7300,Sulawesi Selatan,percent,63.82,Badan Pusat Statistik,webapi-var-1980-updated-2026-08-26,domain=0000;var=1980;vervar=7300;turvar=1674;th=117;turth=0
bps_webapi,sdg04_completion_rate,sma.total,2026-09-08,2017,province,7400,Sulawesi Tenggara,percent,67.75,Badan Pusat Statistik,webapi-var-1980-updated-2026-08-26,domain=0000;var=1980;vervar=7400;turvar=1674;th=117;turth=0
bps_webapi,sdg04_completion_rate,sma.total,2026-09-08,2017,province,7500,Gorontalo,percent,55.3,Badan Pusat Statistik,webapi-var-1980-updated-2026-08-26,domain=0000;var=1980;vervar=7500;turvar=1674;th=117;turth=0
bps_webapi,sdg04_completion_rate,sma.total,2026-09-08,2017,province,7600,Sulawesi Barat,percent,56.17,Badan Pusat Statistik,webapi-var-1980-updated-2026-08-26,domain=0000;var=1980;vervar=7600;turvar=1674;th=117;turth=0
bps_webapi,sdg04_completion_rate,sma.total,2026-09-08,2017,province,8100,Maluku,percent,73.58,Badan Pusat Statistik,webapi-var-1980-updated-2026-08-26,domain=0000;var=1980;vervar=8100;turvar=1674;th=117;turth=0
bps_webapi,sdg04_completion_rate,sma.total,2026-09-08,2017,province,8200,Maluku Utara,percent,65.14,Badan Pusat Statistik,webapi-var-1980-updated-2026-08-26,domain=0000;var=1980;vervar=8200;turvar=1674;th=117;turth=0
bps_webapi,sdg04_completion_rate,sma.total,2026-09-08,2017,province,9100,Papua Barat,percent,62.81,Badan Pusat Statistik,webapi-var-1980-updated-2026-08-26,domain=0000;var=1980;vervar=9100;turvar=1674;th=117;turth=0
bps_webapi,sdg04_completion_rate,sma.total,2026-09-08,2017,province,9400,Papua,percent,33.82,Badan Pusat Statistik,webapi-var-1980-updated-2026-08-26,domain=0000;var=1980;vervar=9400;turvar=1674;th=117;turth=0
bps_webapi,sdg04_completion_rate,sma.total,2026-09-08,2018,national,9999,Indonesia,percent,61.84,Badan Pusat Statistik,webapi-var-1980-updated-2026-08-26,domain=0000;var=1980;vervar=9999;turvar=1674;th=118;turth=0
bps_webapi,sdg04_completion_rate,sma.total,2026-09-08,2018,province,1100,Aceh,percent,70.68,Badan Pusat Statistik,webapi-var-1980-updated-2026-08-26,domain=0000;var=1980;vervar=1100;turvar=1674;th=118;turth=0
bps_webapi,sdg04_completion_rate,sma.total,2026-09-08,2018,province,1200,Sumatera Utara,percent,68.34,Badan Pusat Statistik,webapi-var-1980-updated-2026-08-26,domain=0000;var=1980;vervar=1200;turvar=1674;th=118;turth=0
bps_webapi,sdg04_completion_rate,sma.total,2026-09-08,2018,province,1300,Sumatera Barat,percent,65.34,Badan Pusat Statistik,webapi-var-1980-updated-2026-08-26,domain=0000;var=1980;vervar=1300;turvar=1674;th=118;turth=0
bps_webapi,sdg04_completion_rate,sma.total,2026-09-08,2018,province,1400,Riau,percent,63.71,Badan Pusat Statistik,webapi-var-1980-updated-2026-08-26,domain=0000;var=1980;vervar=1400;turvar=1674;th=118;turth=0
bps_webapi,sdg04_completion_rate,sma.total,2026-09-08,2018,province,1500,Jambi,percent,66.06,Badan Pusat Statistik,webapi-var-1980-updated-2026-08-26,domain=0000;var=1980;vervar=1500;turvar=1674;th=118;turth=0
bps_webapi,sdg04_completion_rate,sma.total,2026-09-08,2018,province,1600,Sumatera Selatan,percent,63.94,Badan Pusat Statistik,webapi-var-1980-updated-2026-08-26,domain=0000;var=1980;vervar=1600;turvar=1674;th=118;turth=0
bps_webapi,sdg04_completion_rate,sma.total,2026-09-08,2018,province,1700,Bengkulu,percent,58.86,Badan Pusat Statistik,webapi-var-1980-updated-2026-08-26,domain=0000;var=1980;vervar=1700;turvar=1674;th=118;turth=0
bps_webapi,sdg04_completion_rate,sma.total,2026-09-08,2018,province,1800,Lampung,percent,54.89,Badan Pusat Statistik,webapi-var-1980-updated-2026-08-26,domain=0000;var=1980;vervar=1800;turvar=1674;th=118;turth=0
bps_webapi,sdg04_completion_rate,sma.total,2026-09-08,2018,province,1900,Kep. Bangka Belitung,percent,55.01,Badan Pusat Statistik,webapi-var-1980-updated-2026-08-26,domain=0000;var=1980;vervar=1900;turvar=1674;th=118;turth=0
bps_webapi,sdg04_completion_rate,sma.total,2026-09-08,2018,province,2100,Kep. Riau,percent,82.86,Badan Pusat Statistik,webapi-var-1980-updated-2026-08-26,domain=0000;var=1980;vervar=2100;turvar=1674;th=118;turth=0
bps_webapi,sdg04_completion_rate,sma.total,2026-09-08,2018,province,3100,Dki Jakarta,percent,83.48,Badan Pusat Statistik,webapi-var-1980-updated-2026-08-26,domain=0000;var=1980;vervar=3100;turvar=1674;th=118;turth=0
bps_webapi,sdg04_completion_rate,sma.total,2026-09-08,2018,province,3200,Jawa Barat,percent,61.04,Badan Pusat Statistik,webapi-var-1980-updated-2026-08-26,domain=0000;var=1980;vervar=3200;turvar=1674;th=118;turth=0
bps_webapi,sdg04_completion_rate,sma.total,2026-09-08,2018,province,3300,Jawa Tengah,percent,55.62,Badan Pusat Statistik,webapi-var-1980-updated-2026-08-26,domain=0000;var=1980;vervar=3300;turvar=1674;th=118;turth=0
bps_webapi,sdg04_completion_rate,sma.total,2026-09-08,2018,province,3400,Di Yogyakarta,percent,81.96,Badan Pusat Statistik,webapi-var-1980-updated-2026-08-26,domain=0000;var=1980;vervar=3400;turvar=1674;th=118;turth=0
bps_webapi,sdg04_completion_rate,sma.total,2026-09-08,2018,province,3500,Jawa Timur,percent,62.48,Badan Pusat Statistik,webapi-var-1980-updated-2026-08-26,domain=0000;var=1980;vervar=3500;turvar=1674;th=118;turth=0
bps_webapi,sdg04_completion_rate,sma.total,2026-09-08,2018,province,3600,Banten,percent,67.54,Badan Pusat Statistik,webapi-var-1980-updated-2026-08-26,domain=0000;var=1980;vervar=3600;turvar=1674;th=118;turth=0
bps_webapi,sdg04_completion_rate,sma.total,2026-09-08,2018,province,5100,Bali,percent,78.67,Badan Pusat Statistik,webapi-var-1980-updated-2026-08-26,domain=0000;var=1980;vervar=5100;turvar=1674;th=118;turth=0
bps_webapi,sdg04_completion_rate,sma.total,2026-09-08,2018,province,5200,Nusa Tenggara Barat,percent,52.6,Badan Pusat Statistik,webapi-var-1980-updated-2026-08-26,domain=0000;var=1980;vervar=5200;turvar=1674;th=118;turth=0
bps_webapi,sdg04_completion_rate,sma.total,2026-09-08,2018,province,5300,Nusa Tenggara Timur,percent,43.41,Badan Pusat Statistik,webapi-var-1980-updated-2026-08-26,domain=0000;var=1980;vervar=5300;turvar=1674;th=118;turth=0
bps_webapi,sdg04_completion_rate,sma.total,2026-09-08,2018,province,6100,Kalimantan Barat,percent,47.66,Badan Pusat Statistik,webapi-var-1980-updated-2026-08-26,domain=0000;var=1980;vervar=6100;turvar=1674;th=118;turth=0
bps_webapi,sdg04_completion_rate,sma.total,2026-09-08,2018,province,6200,Kalimantan Tengah,percent,53.47,Badan Pusat Statistik,webapi-var-1980-updated-2026-08-26,domain=0000;var=1980;vervar=6200;turvar=1674;th=118;turth=0
bps_webapi,sdg04_completion_rate,sma.total,2026-09-08,2018,province,6300,Kalimantan Selatan,percent,61.09,Badan Pusat Statistik,webapi-var-1980-updated-2026-08-26,domain=0000;var=1980;vervar=6300;turvar=1674;th=118;turth=0
bps_webapi,sdg04_completion_rate,sma.total,2026-09-08,2018,province,6400,Kalimantan Timur,percent,68.73,Badan Pusat Statistik,webapi-var-1980-updated-2026-08-26,domain=0000;var=1980;vervar=6400;turvar=1674;th=118;turth=0
bps_webapi,sdg04_completion_rate,sma.total,2026-09-08,2018,province,6500,Kalimantan Utara,percent,58.22,Badan Pusat Statistik,webapi-var-1980-updated-2026-08-26,domain=0000;var=1980;vervar=6500;turvar=1674;th=118;turth=0
bps_webapi,sdg04_completion_rate,sma.total,2026-09-08,2018,province,7100,Sulawesi Utara,percent,70.02,Badan Pusat Statistik,webapi-var-1980-updated-2026-08-26,domain=0000;var=1980;vervar=7100;turvar=1674;th=118;turth=0
bps_webapi,sdg04_completion_rate,sma.total,2026-09-08,2018,province,7200,Sulawesi Tengah,percent,53.84,Badan Pusat Statistik,webapi-var-1980-updated-2026-08-26,domain=0000;var=1980;vervar=7200;turvar=1674;th=118;turth=0
bps_webapi,sdg04_completion_rate,sma.total,2026-09-08,2018,province,7300,Sulawesi Selatan,percent,56.86,Badan Pusat Statistik,webapi-var-1980-updated-2026-08-26,domain=0000;var=1980;vervar=7300;turvar=1674;th=118;turth=0
bps_webapi,sdg04_completion_rate,sma.total,2026-09-08,2018,province,7400,Sulawesi Tenggara,percent,67.67,Badan Pusat Statistik,webapi-var-1980-updated-2026-08-26,domain=0000;var=1980;vervar=7400;turvar=1674;th=118;turth=0
bps_webapi,sdg04_completion_rate,sma.total,2026-09-08,2018,province,7500,Gorontalo,percent,52.39,Badan Pusat Statistik,webapi-var-1980-updated-2026-08-26,domain=0000;var=1980;vervar=7500;turvar=1674;th=118;turth=0
bps_webapi,sdg04_completion_rate,sma.total,2026-09-08,2018,province,7600,Sulawesi Barat,percent,37.65,Badan Pusat Statistik,webapi-var-1980-updated-2026-08-26,domain=0000;var=1980;vervar=7600;turvar=1674;th=118;turth=0
bps_webapi,sdg04_completion_rate,sma.total,2026-09-08,2018,province,8100,Maluku,percent,66.42,Badan Pusat Statistik,webapi-var-1980-updated-2026-08-26,domain=0000;var=1980;vervar=8100;turvar=1674;th=118;turth=0
bps_webapi,sdg04_completion_rate,sma.total,2026-09-08,2018,province,8200,Maluku Utara,percent,60.07,Badan Pusat Statistik,webapi-var-1980-updated-2026-08-26,domain=0000;var=1980;vervar=8200;turvar=1674;th=118;turth=0
bps_webapi,sdg04_completion_rate,sma.total,2026-09-08,2018,province,9100,Papua Barat,percent,60.47,Badan Pusat Statistik,webapi-var-1980-updated-2026-08-26,domain=0000;var=1980;vervar=9100;turvar=1674;th=118;turth=0
bps_webapi,sdg04_completion_rate,sma.total,2026-09-08,2018,province,9400,Papua,percent,29.56,Badan Pusat Statistik,webapi-var-1980-updated-2026-08-26,domain=0000;var=1980;vervar=9400;turvar=1674;th=118;turth=0
bps_webapi,sdg04_completion_rate,sma.total,2026-09-08,2019,national,9999,Indonesia,percent,58.33,Badan Pusat Statistik,webapi-var-1980-updated-2026-08-26,domain=0000;var=1980;vervar=9999;turvar=1674;th=119;turth=0
bps_webapi,sdg04_completion_rate,sma.total,2026-09-08,2019,province,1100,Aceh,percent,69.96,Badan Pusat Statistik,webapi-var-1980-updated-2026-08-26,domain=0000;var=1980;vervar=1100;turvar=1674;th=119;turth=0
bps_webapi,sdg04_completion_rate,sma.total,2026-09-08,2019,province,1200,Sumatera Utara,percent,65.21,Badan Pusat Statistik,webapi-var-1980-updated-2026-08-26,domain=0000;var=1980;vervar=1200;turvar=1674;th=119;turth=0
bps_webapi,sdg04_completion_rate,sma.total,2026-09-08,2019,province,1300,Sumatera Barat,percent,60.32,Badan Pusat Statistik,webapi-var-1980-updated-2026-08-26,domain=0000;var=1980;vervar=1300;turvar=1674;th=119;turth=0
bps_webapi,sdg04_completion_rate,sma.total,2026-09-08,2019,province,1400,Riau,percent,58.78,Badan Pusat Statistik,webapi-var-1980-updated-2026-08-26,domain=0000;var=1980;vervar=1400;turvar=1674;th=119;turth=0
bps_webapi,sdg04_completion_rate,sma.total,2026-09-08,2019,province,1500,Jambi,percent,56.87,Badan Pusat Statistik,webapi-var-1980-updated-2026-08-26,domain=0000;var=1980;vervar=1500;turvar=1674;th=119;turth=0
bps_webapi,sdg04_completion_rate,sma.total,2026-09-08,2019,province,1600,Sumatera Selatan,percent,58.23,Badan Pusat Statistik,webapi-var-1980-updated-2026-08-26,domain=0000;var=1980;vervar=1600;turvar=1674;th=119;turth=0
bps_webapi,sdg04_completion_rate,sma.total,2026-09-08,2019,province,1700,Bengkulu,percent,61.47,Badan Pusat Statistik,webapi-var-1980-updated-2026-08-26,domain=0000;var=1980;vervar=1700;turvar=1674;th=119;turth=0
bps_webapi,sdg04_completion_rate,sma.total,2026-09-08,2019,province,1800,Lampung,percent,54.87,Badan Pusat Statistik,webapi-var-1980-updated-2026-08-26,domain=0000;var=1980;vervar=1800;turvar=1674;th=119;turth=0
bps_webapi,sdg04_completion_rate,sma.total,2026-09-08,2019,province,1900,Kep. Bangka Belitung,percent,53.84,Badan Pusat Statistik,webapi-var-1980-updated-2026-08-26,domain=0000;var=1980;vervar=1900;turvar=1674;th=119;turth=0
bps_webapi,sdg04_completion_rate,sma.total,2026-09-08,2019,province,2100,Kep. Riau,percent,78.14,Badan Pusat Statistik,webapi-var-1980-updated-2026-08-26,domain=0000;var=1980;vervar=2100;turvar=1674;th=119;turth=0
bps_webapi,sdg04_completion_rate,sma.total,2026-09-08,2019,province,3100,Dki Jakarta,percent,84.35,Badan Pusat Statistik,webapi-var-1980-updated-2026-08-26,domain=0000;var=1980;vervar=3100;turvar=1674;th=119;turth=0
bps_webapi,sdg04_completion_rate,sma.total,2026-09-08,2019,province,3200,Jawa Barat,percent,57.46,Badan Pusat Statistik,webapi-var-1980-updated-2026-08-26,domain=0000;var=1980;vervar=3200;turvar=1674;th=119;turth=0
bps_webapi,sdg04_completion_rate,sma.total,2026-09-08,2019,province,3300,Jawa Tengah,percent,49.79,Badan Pusat Statistik,webapi-var-1980-updated-2026-08-26,domain=0000;var=1980;vervar=3300;turvar=1674;th=119;turth=0
bps_webapi,sdg04_completion_rate,sma.total,2026-09-08,2019,province,3400,Di Yogyakarta,percent,84.54,Badan Pusat Statistik,webapi-var-1980-updated-2026-08-26,domain=0000;var=1980;vervar=3400;turvar=1674;th=119;turth=0
bps_webapi,sdg04_completion_rate,sma.total,2026-09-08,2019,province,3500,Jawa Timur,percent,57.74,Badan Pusat Statistik,webapi-var-1980-updated-2026-08-26,domain=0000;var=1980;vervar=3500;turvar=1674;th=119;turth=0
bps_webapi,sdg04_completion_rate,sma.total,2026-09-08,2019,province,3600,Banten,percent,56.94,Badan Pusat Statistik,webapi-var-1980-updated-2026-08-26,domain=0000;var=1980;vervar=3600;turvar=1674;th=119;turth=0
bps_webapi,sdg04_completion_rate,sma.total,2026-09-08,2019,province,5100,Bali,percent,64.52,Badan Pusat Statistik,webapi-var-1980-updated-2026-08-26,domain=0000;var=1980;vervar=5100;turvar=1674;th=119;turth=0
bps_webapi,sdg04_completion_rate,sma.total,2026-09-08,2019,province,5200,Nusa Tenggara Barat,percent,57.6,Badan Pusat Statistik,webapi-var-1980-updated-2026-08-26,domain=0000;var=1980;vervar=5200;turvar=1674;th=119;turth=0
bps_webapi,sdg04_completion_rate,sma.total,2026-09-08,2019,province,5300,Nusa Tenggara Timur,percent,43.85,Badan Pusat Statistik,webapi-var-1980-updated-2026-08-26,domain=0000;var=1980;vervar=5300;turvar=1674;th=119;turth=0
bps_webapi,sdg04_completion_rate,sma.total,2026-09-08,2019,province,6100,Kalimantan Barat,percent,49.29,Badan Pusat Statistik,webapi-var-1980-updated-2026-08-26,domain=0000;var=1980;vervar=6100;turvar=1674;th=119;turth=0
bps_webapi,sdg04_completion_rate,sma.total,2026-09-08,2019,province,6200,Kalimantan Tengah,percent,50.01,Badan Pusat Statistik,webapi-var-1980-updated-2026-08-26,domain=0000;var=1980;vervar=6200;turvar=1674;th=119;turth=0
bps_webapi,sdg04_completion_rate,sma.total,2026-09-08,2019,province,6300,Kalimantan Selatan,percent,59.52,Badan Pusat Statistik,webapi-var-1980-updated-2026-08-26,domain=0000;var=1980;vervar=6300;turvar=1674;th=119;turth=0
bps_webapi,sdg04_completion_rate,sma.total,2026-09-08,2019,province,6400,Kalimantan Timur,percent,64.74,Badan Pusat Statistik,webapi-var-1980-updated-2026-08-26,domain=0000;var=1980;vervar=6400;turvar=1674;th=119;turth=0
bps_webapi,sdg04_completion_rate,sma.total,2026-09-08,2019,province,6500,Kalimantan Utara,percent,61.1,Badan Pusat Statistik,webapi-var-1980-updated-2026-08-26,domain=0000;var=1980;vervar=6500;turvar=1674;th=119;turth=0
bps_webapi,sdg04_completion_rate,sma.total,2026-09-08,2019,province,7100,Sulawesi Utara,percent,67.58,Badan Pusat Statistik,webapi-var-1980-updated-2026-08-26,domain=0000;var=1980;vervar=7100;turvar=1674;th=119;turth=0
bps_webapi,sdg04_completion_rate,sma.total,2026-09-08,2019,province,7200,Sulawesi Tengah,percent,52,Badan Pusat Statistik,webapi-var-1980-updated-2026-08-26,domain=0000;var=1980;vervar=7200;turvar=1674;th=119;turth=0
bps_webapi,sdg04_completion_rate,sma.total,2026-09-08,2019,province,7300,Sulawesi Selatan,percent,60.97,Badan Pusat Statistik,webapi-var-1980-updated-2026-08-26,domain=0000;var=1980;vervar=7300;turvar=1674;th=119;turth=0
bps_webapi,sdg04_completion_rate,sma.total,2026-09-08,2019,province,7400,Sulawesi Tenggara,percent,64.26,Badan Pusat Statistik,webapi-var-1980-updated-2026-08-26,domain=0000;var=1980;vervar=7400;turvar=1674;th=119;turth=0
bps_webapi,sdg04_completion_rate,sma.total,2026-09-08,2019,province,7500,Gorontalo,percent,50.87,Badan Pusat Statistik,webapi-var-1980-updated-2026-08-26,domain=0000;var=1980;vervar=7500;turvar=1674;th=119;turth=0
bps_webapi,sdg04_completion_rate,sma.total,2026-09-08,2019,province,7600,Sulawesi Barat,percent,48.2,Badan Pusat Statistik,webapi-var-1980-updated-2026-08-26,domain=0000;var=1980;vervar=7600;turvar=1674;th=119;turth=0
bps_webapi,sdg04_completion_rate,sma.total,2026-09-08,2019,province,8100,Maluku,percent,67.82,Badan Pusat Statistik,webapi-var-1980-updated-2026-08-26,domain=0000;var=1980;vervar=8100;turvar=1674;th=119;turth=0
bps_webapi,sdg04_completion_rate,sma.total,2026-09-08,2019,province,8200,Maluku Utara,percent,59.13,Badan Pusat Statistik,webapi-var-1980-updated-2026-08-26,domain=0000;var=1980;vervar=8200;turvar=1674;th=119;turth=0
bps_webapi,sdg04_completion_rate,sma.total,2026-09-08,2019,province,9100,Papua Barat,percent,50.95,Badan Pusat Statistik,webapi-var-1980-updated-2026-08-26,domain=0000;var=1980;vervar=9100;turvar=1674;th=119;turth=0
bps_webapi,sdg04_completion_rate,sma.total,2026-09-08,2019,province,9400,Papua,percent,27.44,Badan Pusat Statistik,webapi-var-1980-updated-2026-08-26,domain=0000;var=1980;vervar=9400;turvar=1674;th=119;turth=0
bps_webapi,sdg04_completion_rate,sma.total,2026-09-08,2020,national,9999,Indonesia,percent,63.95,Badan Pusat Statistik,webapi-var-1980-updated-2026-08-26,domain=0000;var=1980;vervar=9999;turvar=1674;th=120;turth=0
bps_webapi,sdg04_completion_rate,sma.total,2026-09-08,2020,province,1100,Aceh,percent,70.07,Badan Pusat Statistik,webapi-var-1980-updated-2026-08-26,domain=0000;var=1980;vervar=1100;turvar=1674;th=120;turth=0
bps_webapi,sdg04_completion_rate,sma.total,2026-09-08,2020,province,1200,Sumatera Utara,percent,70.39,Badan Pusat Statistik,webapi-var-1980-updated-2026-08-26,domain=0000;var=1980;vervar=1200;turvar=1674;th=120;turth=0
bps_webapi,sdg04_completion_rate,sma.total,2026-09-08,2020,province,1300,Sumatera Barat,percent,67.11,Badan Pusat Statistik,webapi-var-1980-updated-2026-08-26,domain=0000;var=1980;vervar=1300;turvar=1674;th=120;turth=0
bps_webapi,sdg04_completion_rate,sma.total,2026-09-08,2020,province,1400,Riau,percent,66.62,Badan Pusat Statistik,webapi-var-1980-updated-2026-08-26,domain=0000;var=1980;vervar=1400;turvar=1674;th=120;turth=0
bps_webapi,sdg04_completion_rate,sma.total,2026-09-08,2020,province,1500,Jambi,percent,63.66,Badan Pusat Statistik,webapi-var-1980-updated-2026-08-26,domain=0000;var=1980;vervar=1500;turvar=1674;th=120;turth=0
bps_webapi,sdg04_completion_rate,sma.total,2026-09-08,2020,province,1600,Sumatera Selatan,percent,65.42,Badan Pusat Statistik,webapi-var-1980-updated-2026-08-26,domain=0000;var=1980;vervar=1600;turvar=1674;th=120;turth=0
bps_webapi,sdg04_completion_rate,sma.total,2026-09-08,2020,province,1700,Bengkulu,percent,62.73,Badan Pusat Statistik,webapi-var-1980-updated-2026-08-26,domain=0000;var=1980;vervar=1700;turvar=1674;th=120;turth=0
bps_webapi,sdg04_completion_rate,sma.total,2026-09-08,2020,province,1800,Lampung,percent,57.59,Badan Pusat Statistik,webapi-var-1980-updated-2026-08-26,domain=0000;var=1980;vervar=1800;turvar=1674;th=120;turth=0
bps_webapi,sdg04_completion_rate,sma.total,2026-09-08,2020,province,1900,Kep. Bangka Belitung,percent,56.74,Badan Pusat Statistik,webapi-var-1980-updated-2026-08-26,domain=0000;var=1980;vervar=1900;turvar=1674;th=120;turth=0
bps_webapi,sdg04_completion_rate,sma.total,2026-09-08,2020,province,2100,Kep. Riau,percent,78.65,Badan Pusat Statistik,webapi-var-1980-updated-2026-08-26,domain=0000;var=1980;vervar=2100;turvar=1674;th=120;turth=0
bps_webapi,sdg04_completion_rate,sma.total,2026-09-08,2020,province,3100,Dki Jakarta,percent,85.67,Badan Pusat Statistik,webapi-var-1980-updated-2026-08-26,domain=0000;var=1980;vervar=3100;turvar=1674;th=120;turth=0
bps_webapi,sdg04_completion_rate,sma.total,2026-09-08,2020,province,3200,Jawa Barat,percent,63.56,Badan Pusat Statistik,webapi-var-1980-updated-2026-08-26,domain=0000;var=1980;vervar=3200;turvar=1674;th=120;turth=0
bps_webapi,sdg04_completion_rate,sma.total,2026-09-08,2020,province,3300,Jawa Tengah,percent,55.82,Badan Pusat Statistik,webapi-var-1980-updated-2026-08-26,domain=0000;var=1980;vervar=3300;turvar=1674;th=120;turth=0
bps_webapi,sdg04_completion_rate,sma.total,2026-09-08,2020,province,3400,Di Yogyakarta,percent,87.99,Badan Pusat Statistik,webapi-var-1980-updated-2026-08-26,domain=0000;var=1980;vervar=3400;turvar=1674;th=120;turth=0
bps_webapi,sdg04_completion_rate,sma.total,2026-09-08,2020,province,3500,Jawa Timur,percent,63.53,Badan Pusat Statistik,webapi-var-1980-updated-2026-08-26,domain=0000;var=1980;vervar=3500;turvar=1674;th=120;turth=0
bps_webapi,sdg04_completion_rate,sma.total,2026-09-08,2020,province,3600,Banten,percent,64.24,Badan Pusat Statistik,webapi-var-1980-updated-2026-08-26,domain=0000;var=1980;vervar=3600;turvar=1674;th=120;turth=0
bps_webapi,sdg04_completion_rate,sma.total,2026-09-08,2020,province,5100,Bali,percent,74.88,Badan Pusat Statistik,webapi-var-1980-updated-2026-08-26,domain=0000;var=1980;vervar=5100;turvar=1674;th=120;turth=0
bps_webapi,sdg04_completion_rate,sma.total,2026-09-08,2020,province,5200,Nusa Tenggara Barat,percent,64.66,Badan Pusat Statistik,webapi-var-1980-updated-2026-08-26,domain=0000;var=1980;vervar=5200;turvar=1674;th=120;turth=0
bps_webapi,sdg04_completion_rate,sma.total,2026-09-08,2020,province,5300,Nusa Tenggara Timur,percent,50.65,Badan Pusat Statistik,webapi-var-1980-updated-2026-08-26,domain=0000;var=1980;vervar=5300;turvar=1674;th=120;turth=0
bps_webapi,sdg04_completion_rate,sma.total,2026-09-08,2020,province,6100,Kalimantan Barat,percent,55.23,Badan Pusat Statistik,webapi-var-1980-updated-2026-08-26,domain=0000;var=1980;vervar=6100;turvar=1674;th=120;turth=0
bps_webapi,sdg04_completion_rate,sma.total,2026-09-08,2020,province,6200,Kalimantan Tengah,percent,60.77,Badan Pusat Statistik,webapi-var-1980-updated-2026-08-26,domain=0000;var=1980;vervar=6200;turvar=1674;th=120;turth=0
bps_webapi,sdg04_completion_rate,sma.total,2026-09-08,2020,province,6300,Kalimantan Selatan,percent,63.05,Badan Pusat Statistik,webapi-var-1980-updated-2026-08-26,domain=0000;var=1980;vervar=6300;turvar=1674;th=120;turth=0
bps_webapi,sdg04_completion_rate,sma.total,2026-09-08,2020,province,6400,Kalimantan Timur,percent,71.63,Badan Pusat Statistik,webapi-var-1980-updated-2026-08-26,domain=0000;var=1980;vervar=6400;turvar=1674;th=120;turth=0
bps_webapi,sdg04_completion_rate,sma.total,2026-09-08,2020,province,6500,Kalimantan Utara,percent,67.77,Badan Pusat Statistik,webapi-var-1980-updated-2026-08-26,domain=0000;var=1980;vervar=6500;turvar=1674;th=120;turth=0
bps_webapi,sdg04_completion_rate,sma.total,2026-09-08,2020,province,7100,Sulawesi Utara,percent,73.79,Badan Pusat Statistik,webapi-var-1980-updated-2026-08-26,domain=0000;var=1980;vervar=7100;turvar=1674;th=120;turth=0
bps_webapi,sdg04_completion_rate,sma.total,2026-09-08,2020,province,7200,Sulawesi Tengah,percent,57.68,Badan Pusat Statistik,webapi-var-1980-updated-2026-08-26,domain=0000;var=1980;vervar=7200;turvar=1674;th=120;turth=0
bps_webapi,sdg04_completion_rate,sma.total,2026-09-08,2020,province,7300,Sulawesi Selatan,percent,66.22,Badan Pusat Statistik,webapi-var-1980-updated-2026-08-26,domain=0000;var=1980;vervar=7300;turvar=1674;th=120;turth=0
bps_webapi,sdg04_completion_rate,sma.total,2026-09-08,2020,province,7400,Sulawesi Tenggara,percent,68.28,Badan Pusat Statistik,webapi-var-1980-updated-2026-08-26,domain=0000;var=1980;vervar=7400;turvar=1674;th=120;turth=0
bps_webapi,sdg04_completion_rate,sma.total,2026-09-08,2020,province,7500,Gorontalo,percent,55.35,Badan Pusat Statistik,webapi-var-1980-updated-2026-08-26,domain=0000;var=1980;vervar=7500;turvar=1674;th=120;turth=0
bps_webapi,sdg04_completion_rate,sma.total,2026-09-08,2020,province,7600,Sulawesi Barat,percent,56.6,Badan Pusat Statistik,webapi-var-1980-updated-2026-08-26,domain=0000;var=1980;vervar=7600;turvar=1674;th=120;turth=0
bps_webapi,sdg04_completion_rate,sma.total,2026-09-08,2020,province,8100,Maluku,percent,70.55,Badan Pusat Statistik,webapi-var-1980-updated-2026-08-26,domain=0000;var=1980;vervar=8100;turvar=1674;th=120;turth=0
bps_webapi,sdg04_completion_rate,sma.total,2026-09-08,2020,province,8200,Maluku Utara,percent,66.52,Badan Pusat Statistik,webapi-var-1980-updated-2026-08-26,domain=0000;var=1980;vervar=8200;turvar=1674;th=120;turth=0
bps_webapi,sdg04_completion_rate,sma.total,2026-09-08,2020,province,9100,Papua Barat,percent,61.49,Badan Pusat Statistik,webapi-var-1980-updated-2026-08-26,domain=0000;var=1980;vervar=9100;turvar=1674;th=120;turth=0
bps_webapi,sdg04_completion_rate,sma.total,2026-09-08,2020,province,9400,Papua,percent,30.92,Badan Pusat Statistik,webapi-var-1980-updated-2026-08-26,domain=0000;var=1980;vervar=9400;turvar=1674;th=120;turth=0
bps_webapi,sdg04_completion_rate,sma.total,2026-09-08,2021,national,9999,Indonesia,percent,65.94,Badan Pusat Statistik,webapi-var-1980-updated-2026-08-26,domain=0000;var=1980;vervar=9999;turvar=1674;th=121;turth=0
bps_webapi,sdg04_completion_rate,sma.total,2026-09-08,2021,province,1100,Aceh,percent,74.36,Badan Pusat Statistik,webapi-var-1980-updated-2026-08-26,domain=0000;var=1980;vervar=1100;turvar=1674;th=121;turth=0
bps_webapi,sdg04_completion_rate,sma.total,2026-09-08,2021,province,1200,Sumatera Utara,percent,72.81,Badan Pusat Statistik,webapi-var-1980-updated-2026-08-26,domain=0000;var=1980;vervar=1200;turvar=1674;th=121;turth=0
bps_webapi,sdg04_completion_rate,sma.total,2026-09-08,2021,province,1300,Sumatera Barat,percent,70.06,Badan Pusat Statistik,webapi-var-1980-updated-2026-08-26,domain=0000;var=1980;vervar=1300;turvar=1674;th=121;turth=0
bps_webapi,sdg04_completion_rate,sma.total,2026-09-08,2021,province,1400,Riau,percent,68.94,Badan Pusat Statistik,webapi-var-1980-updated-2026-08-26,domain=0000;var=1980;vervar=1400;turvar=1674;th=121;turth=0
bps_webapi,sdg04_completion_rate,sma.total,2026-09-08,2021,province,1500,Jambi,percent,64.51,Badan Pusat Statistik,webapi-var-1980-updated-2026-08-26,domain=0000;var=1980;vervar=1500;turvar=1674;th=121;turth=0
bps_webapi,sdg04_completion_rate,sma.total,2026-09-08,2021,province,1600,Sumatera Selatan,percent,67.2,Badan Pusat Statistik,webapi-var-1980-updated-2026-08-26,domain=0000;var=1980;vervar=1600;turvar=1674;th=121;turth=0
bps_webapi,sdg04_completion_rate,sma.total,2026-09-08,2021,province,1700,Bengkulu,percent,62.46,Badan Pusat Statistik,webapi-var-1980-updated-2026-08-26,domain=0000;var=1980;vervar=1700;turvar=1674;th=121;turth=0
bps_webapi,sdg04_completion_rate,sma.total,2026-09-08,2021,province,1800,Lampung,percent,60.09,Badan Pusat Statistik,webapi-var-1980-updated-2026-08-26,domain=0000;var=1980;vervar=1800;turvar=1674;th=121;turth=0
bps_webapi,sdg04_completion_rate,sma.total,2026-09-08,2021,province,1900,Kep. Bangka Belitung,percent,63.98,Badan Pusat Statistik,webapi-var-1980-updated-2026-08-26,domain=0000;var=1980;vervar=1900;turvar=1674;th=121;turth=0
bps_webapi,sdg04_completion_rate,sma.total,2026-09-08,2021,province,2100,Kep. Riau,percent,81.07,Badan Pusat Statistik,webapi-var-1980-updated-2026-08-26,domain=0000;var=1980;vervar=2100;turvar=1674;th=121;turth=0
bps_webapi,sdg04_completion_rate,sma.total,2026-09-08,2021,province,3100,Dki Jakarta,percent,84.98,Badan Pusat Statistik,webapi-var-1980-updated-2026-08-26,domain=0000;var=1980;vervar=3100;turvar=1674;th=121;turth=0
bps_webapi,sdg04_completion_rate,sma.total,2026-09-08,2021,province,3200,Jawa Barat,percent,64.89,Badan Pusat Statistik,webapi-var-1980-updated-2026-08-26,domain=0000;var=1980;vervar=3200;turvar=1674;th=121;turth=0
bps_webapi,sdg04_completion_rate,sma.total,2026-09-08,2021,province,3300,Jawa Tengah,percent,59.9,Badan Pusat Statistik,webapi-var-1980-updated-2026-08-26,domain=0000;var=1980;vervar=3300;turvar=1674;th=121;turth=0
bps_webapi,sdg04_completion_rate,sma.total,2026-09-08,2021,province,3400,Di Yogyakarta,percent,90.12,Badan Pusat Statistik,webapi-var-1980-updated-2026-08-26,domain=0000;var=1980;vervar=3400;turvar=1674;th=121;turth=0
bps_webapi,sdg04_completion_rate,sma.total,2026-09-08,2021,province,3500,Jawa Timur,percent,66.33,Badan Pusat Statistik,webapi-var-1980-updated-2026-08-26,domain=0000;var=1980;vervar=3500;turvar=1674;th=121;turth=0
bps_webapi,sdg04_completion_rate,sma.total,2026-09-08,2021,province,3600,Banten,percent,66.9,Badan Pusat Statistik,webapi-var-1980-updated-2026-08-26,domain=0000;var=1980;vervar=3600;turvar=1674;th=121;turth=0
bps_webapi,sdg04_completion_rate,sma.total,2026-09-08,2021,province,5100,Bali,percent,75.86,Badan Pusat Statistik,webapi-var-1980-updated-2026-08-26,domain=0000;var=1980;vervar=5100;turvar=1674;th=121;turth=0
bps_webapi,sdg04_completion_rate,sma.total,2026-09-08,2021,province,5200,Nusa Tenggara Barat,percent,65.71,Badan Pusat Statistik,webapi-var-1980-updated-2026-08-26,domain=0000;var=1980;vervar=5200;turvar=1674;th=121;turth=0
bps_webapi,sdg04_completion_rate,sma.total,2026-09-08,2021,province,5300,Nusa Tenggara Timur,percent,44.88,Badan Pusat Statistik,webapi-var-1980-updated-2026-08-26,domain=0000;var=1980;vervar=5300;turvar=1674;th=121;turth=0
bps_webapi,sdg04_completion_rate,sma.total,2026-09-08,2021,province,6100,Kalimantan Barat,percent,54.27,Badan Pusat Statistik,webapi-var-1980-updated-2026-08-26,domain=0000;var=1980;vervar=6100;turvar=1674;th=121;turth=0
bps_webapi,sdg04_completion_rate,sma.total,2026-09-08,2021,province,6200,Kalimantan Tengah,percent,61.04,Badan Pusat Statistik,webapi-var-1980-updated-2026-08-26,domain=0000;var=1980;vervar=6200;turvar=1674;th=121;turth=0
bps_webapi,sdg04_completion_rate,sma.total,2026-09-08,2021,province,6300,Kalimantan Selatan,percent,63.59,Badan Pusat Statistik,webapi-var-1980-updated-2026-08-26,domain=0000;var=1980;vervar=6300;turvar=1674;th=121;turth=0
bps_webapi,sdg04_completion_rate,sma.total,2026-09-08,2021,province,6400,Kalimantan Timur,percent,74.26,Badan Pusat Statistik,webapi-var-1980-updated-2026-08-26,domain=0000;var=1980;vervar=6400;turvar=1674;th=121;turth=0
bps_webapi,sdg04_completion_rate,sma.total,2026-09-08,2021,province,6500,Kalimantan Utara,percent,62.3,Badan Pusat Statistik,webapi-var-1980-updated-2026-08-26,domain=0000;var=1980;vervar=6500;turvar=1674;th=121;turth=0
bps_webapi,sdg04_completion_rate,sma.total,2026-09-08,2021,province,7100,Sulawesi Utara,percent,68.56,Badan Pusat Statistik,webapi-var-1980-updated-2026-08-26,domain=0000;var=1980;vervar=7100;turvar=1674;th=121;turth=0
bps_webapi,sdg04_completion_rate,sma.total,2026-09-08,2021,province,7200,Sulawesi Tengah,percent,61.16,Badan Pusat Statistik,webapi-var-1980-updated-2026-08-26,domain=0000;var=1980;vervar=7200;turvar=1674;th=121;turth=0
bps_webapi,sdg04_completion_rate,sma.total,2026-09-08,2021,province,7300,Sulawesi Selatan,percent,69.43,Badan Pusat Statistik,webapi-var-1980-updated-2026-08-26,domain=0000;var=1980;vervar=7300;turvar=1674;th=121;turth=0
bps_webapi,sdg04_completion_rate,sma.total,2026-09-08,2021,province,7400,Sulawesi Tenggara,percent,70.65,Badan Pusat Statistik,webapi-var-1980-updated-2026-08-26,domain=0000;var=1980;vervar=7400;turvar=1674;th=121;turth=0
bps_webapi,sdg04_completion_rate,sma.total,2026-09-08,2021,province,7500,Gorontalo,percent,53.73,Badan Pusat Statistik,webapi-var-1980-updated-2026-08-26,domain=0000;var=1980;vervar=7500;turvar=1674;th=121;turth=0
bps_webapi,sdg04_completion_rate,sma.total,2026-09-08,2021,province,7600,Sulawesi Barat,percent,56.22,Badan Pusat Statistik,webapi-var-1980-updated-2026-08-26,domain=0000;var=1980;vervar=7600;turvar=1674;th=121;turth=0
bps_webapi,sdg04_completion_rate,sma.total,2026-09-08,2021,province,8100,Maluku,percent,68.12,Badan Pusat Statistik,webapi-var-1980-updated-2026-08-26,domain=0000;var=1980;vervar=8100;turvar=1674;th=121;turth=0
bps_webapi,sdg04_completion_rate,sma.total,2026-09-08,2021,province,8200,Maluku Utara,percent,66.95,Badan Pusat Statistik,webapi-var-1980-updated-2026-08-26,domain=0000;var=1980;vervar=8200;turvar=1674;th=121;turth=0
bps_webapi,sdg04_completion_rate,sma.total,2026-09-08,2021,province,9100,Papua Barat,percent,59.08,Badan Pusat Statistik,webapi-var-1980-updated-2026-08-26,domain=0000;var=1980;vervar=9100;turvar=1674;th=121;turth=0
bps_webapi,sdg04_completion_rate,sma.total,2026-09-08,2021,province,9400,Papua,percent,32.95,Badan Pusat Statistik,webapi-var-1980-updated-2026-08-26,domain=0000;var=1980;vervar=9400;turvar=1674;th=121;turth=0
bps_webapi,sdg04_completion_rate,sma.total,2026-09-08,2022,national,9999,Indonesia,percent,66.13,Badan Pusat Statistik,webapi-var-1980-updated-2026-08-26,domain=0000;var=1980;vervar=9999;turvar=1674;th=122;turth=0
bps_webapi,sdg04_completion_rate,sma.total,2026-09-08,2022,province,1100,Aceh,percent,70.67,Badan Pusat Statistik,webapi-var-1980-updated-2026-08-26,domain=0000;var=1980;vervar=1100;turvar=1674;th=122;turth=0
bps_webapi,sdg04_completion_rate,sma.total,2026-09-08,2022,province,1200,Sumatera Utara,percent,77.16,Badan Pusat Statistik,webapi-var-1980-updated-2026-08-26,domain=0000;var=1980;vervar=1200;turvar=1674;th=122;turth=0
bps_webapi,sdg04_completion_rate,sma.total,2026-09-08,2022,province,1300,Sumatera Barat,percent,65.96,Badan Pusat Statistik,webapi-var-1980-updated-2026-08-26,domain=0000;var=1980;vervar=1300;turvar=1674;th=122;turth=0
bps_webapi,sdg04_completion_rate,sma.total,2026-09-08,2022,province,1400,Riau,percent,66.91,Badan Pusat Statistik,webapi-var-1980-updated-2026-08-26,domain=0000;var=1980;vervar=1400;turvar=1674;th=122;turth=0
bps_webapi,sdg04_completion_rate,sma.total,2026-09-08,2022,province,1500,Jambi,percent,65.85,Badan Pusat Statistik,webapi-var-1980-updated-2026-08-26,domain=0000;var=1980;vervar=1500;turvar=1674;th=122;turth=0
bps_webapi,sdg04_completion_rate,sma.total,2026-09-08,2022,province,1600,Sumatera Selatan,percent,67.07,Badan Pusat Statistik,webapi-var-1980-updated-2026-08-26,domain=0000;var=1980;vervar=1600;turvar=1674;th=122;turth=0
bps_webapi,sdg04_completion_rate,sma.total,2026-09-08,2022,province,1700,Bengkulu,percent,64.88,Badan Pusat Statistik,webapi-var-1980-updated-2026-08-26,domain=0000;var=1980;vervar=1700;turvar=1674;th=122;turth=0
bps_webapi,sdg04_completion_rate,sma.total,2026-09-08,2022,province,1800,Lampung,percent,62.42,Badan Pusat Statistik,webapi-var-1980-updated-2026-08-26,domain=0000;var=1980;vervar=1800;turvar=1674;th=122;turth=0
bps_webapi,sdg04_completion_rate,sma.total,2026-09-08,2022,province,1900,Kep. Bangka Belitung,percent,66.87,Badan Pusat Statistik,webapi-var-1980-updated-2026-08-26,domain=0000;var=1980;vervar=1900;turvar=1674;th=122;turth=0
bps_webapi,sdg04_completion_rate,sma.total,2026-09-08,2022,province,2100,Kep. Riau,percent,73.93,Badan Pusat Statistik,webapi-var-1980-updated-2026-08-26,domain=0000;var=1980;vervar=2100;turvar=1674;th=122;turth=0
bps_webapi,sdg04_completion_rate,sma.total,2026-09-08,2022,province,3100,Dki Jakarta,percent,87.71,Badan Pusat Statistik,webapi-var-1980-updated-2026-08-26,domain=0000;var=1980;vervar=3100;turvar=1674;th=122;turth=0
bps_webapi,sdg04_completion_rate,sma.total,2026-09-08,2022,province,3200,Jawa Barat,percent,67.05,Badan Pusat Statistik,webapi-var-1980-updated-2026-08-26,domain=0000;var=1980;vervar=3200;turvar=1674;th=122;turth=0
bps_webapi,sdg04_completion_rate,sma.total,2026-09-08,2022,province,3300,Jawa Tengah,percent,58.75,Badan Pusat Statistik,webapi-var-1980-updated-2026-08-26,domain=0000;var=1980;vervar=3300;turvar=1674;th=122;turth=0
bps_webapi,sdg04_completion_rate,sma.total,2026-09-08,2022,province,3400,Di Yogyakarta,percent,87.92,Badan Pusat Statistik,webapi-var-1980-updated-2026-08-26,domain=0000;var=1980;vervar=3400;turvar=1674;th=122;turth=0
bps_webapi,sdg04_completion_rate,sma.total,2026-09-08,2022,province,3500,Jawa Timur,percent,66.87,Badan Pusat Statistik,webapi-var-1980-updated-2026-08-26,domain=0000;var=1980;vervar=3500;turvar=1674;th=122;turth=0
bps_webapi,sdg04_completion_rate,sma.total,2026-09-08,2022,province,3600,Banten,percent,66.02,Badan Pusat Statistik,webapi-var-1980-updated-2026-08-26,domain=0000;var=1980;vervar=3600;turvar=1674;th=122;turth=0
bps_webapi,sdg04_completion_rate,sma.total,2026-09-08,2022,province,5100,Bali,percent,76.59,Badan Pusat Statistik,webapi-var-1980-updated-2026-08-26,domain=0000;var=1980;vervar=5100;turvar=1674;th=122;turth=0
bps_webapi,sdg04_completion_rate,sma.total,2026-09-08,2022,province,5200,Nusa Tenggara Barat,percent,61,Badan Pusat Statistik,webapi-var-1980-updated-2026-08-26,domain=0000;var=1980;vervar=5200;turvar=1674;th=122;turth=0
bps_webapi,sdg04_completion_rate,sma.total,2026-09-08,2022,province,5300,Nusa Tenggara Timur,percent,38.47,Badan Pusat Statistik,webapi-var-1980-updated-2026-08-26,domain=0000;var=1980;vervar=5300;turvar=1674;th=122;turth=0
bps_webapi,sdg04_completion_rate,sma.total,2026-09-08,2022,province,6100,Kalimantan Barat,percent,58.4,Badan Pusat Statistik,webapi-var-1980-updated-2026-08-26,domain=0000;var=1980;vervar=6100;turvar=1674;th=122;turth=0
bps_webapi,sdg04_completion_rate,sma.total,2026-09-08,2022,province,6200,Kalimantan Tengah,percent,61.88,Badan Pusat Statistik,webapi-var-1980-updated-2026-08-26,domain=0000;var=1980;vervar=6200;turvar=1674;th=122;turth=0
bps_webapi,sdg04_completion_rate,sma.total,2026-09-08,2022,province,6300,Kalimantan Selatan,percent,67.81,Badan Pusat Statistik,webapi-var-1980-updated-2026-08-26,domain=0000;var=1980;vervar=6300;turvar=1674;th=122;turth=0
bps_webapi,sdg04_completion_rate,sma.total,2026-09-08,2022,province,6400,Kalimantan Timur,percent,74,Badan Pusat Statistik,webapi-var-1980-updated-2026-08-26,domain=0000;var=1980;vervar=6400;turvar=1674;th=122;turth=0
bps_webapi,sdg04_completion_rate,sma.total,2026-09-08,2022,province,6500,Kalimantan Utara,percent,54.8,Badan Pusat Statistik,webapi-var-1980-updated-2026-08-26,domain=0000;var=1980;vervar=6500;turvar=1674;th=122;turth=0
bps_webapi,sdg04_completion_rate,sma.total,2026-09-08,2022,province,7100,Sulawesi Utara,percent,66.66,Badan Pusat Statistik,webapi-var-1980-updated-2026-08-26,domain=0000;var=1980;vervar=7100;turvar=1674;th=122;turth=0
bps_webapi,sdg04_completion_rate,sma.total,2026-09-08,2022,province,7200,Sulawesi Tengah,percent,53.73,Badan Pusat Statistik,webapi-var-1980-updated-2026-08-26,domain=0000;var=1980;vervar=7200;turvar=1674;th=122;turth=0
bps_webapi,sdg04_completion_rate,sma.total,2026-09-08,2022,province,7300,Sulawesi Selatan,percent,68.32,Badan Pusat Statistik,webapi-var-1980-updated-2026-08-26,domain=0000;var=1980;vervar=7300;turvar=1674;th=122;turth=0
bps_webapi,sdg04_completion_rate,sma.total,2026-09-08,2022,province,7400,Sulawesi Tenggara,percent,65.97,Badan Pusat Statistik,webapi-var-1980-updated-2026-08-26,domain=0000;var=1980;vervar=7400;turvar=1674;th=122;turth=0
bps_webapi,sdg04_completion_rate,sma.total,2026-09-08,2022,province,7500,Gorontalo,percent,45.12,Badan Pusat Statistik,webapi-var-1980-updated-2026-08-26,domain=0000;var=1980;vervar=7500;turvar=1674;th=122;turth=0
bps_webapi,sdg04_completion_rate,sma.total,2026-09-08,2022,province,7600,Sulawesi Barat,percent,55.18,Badan Pusat Statistik,webapi-var-1980-updated-2026-08-26,domain=0000;var=1980;vervar=7600;turvar=1674;th=122;turth=0
bps_webapi,sdg04_completion_rate,sma.total,2026-09-08,2022,province,8100,Maluku,percent,72.08,Badan Pusat Statistik,webapi-var-1980-updated-2026-08-26,domain=0000;var=1980;vervar=8100;turvar=1674;th=122;turth=0
bps_webapi,sdg04_completion_rate,sma.total,2026-09-08,2022,province,8200,Maluku Utara,percent,67.1,Badan Pusat Statistik,webapi-var-1980-updated-2026-08-26,domain=0000;var=1980;vervar=8200;turvar=1674;th=122;turth=0
bps_webapi,sdg04_completion_rate,sma.total,2026-09-08,2022,province,9100,Papua Barat,percent,57.07,Badan Pusat Statistik,webapi-var-1980-updated-2026-08-26,domain=0000;var=1980;vervar=9100;turvar=1674;th=122;turth=0
bps_webapi,sdg04_completion_rate,sma.total,2026-09-08,2022,province,9400,Papua,percent,39.01,Badan Pusat Statistik,webapi-var-1980-updated-2026-08-26,domain=0000;var=1980;vervar=9400;turvar=1674;th=122;turth=0
bps_webapi,sdg04_completion_rate,sma.total,2026-09-08,2023,national,9999,Indonesia,percent,66.79,Badan Pusat Statistik,webapi-var-1980-updated-2026-08-26,domain=0000;var=1980;vervar=9999;turvar=1674;th=123;turth=0
bps_webapi,sdg04_completion_rate,sma.total,2026-09-08,2023,province,1100,Aceh,percent,74.46,Badan Pusat Statistik,webapi-var-1980-updated-2026-08-26,domain=0000;var=1980;vervar=1100;turvar=1674;th=123;turth=0
bps_webapi,sdg04_completion_rate,sma.total,2026-09-08,2023,province,1200,Sumatera Utara,percent,74.43,Badan Pusat Statistik,webapi-var-1980-updated-2026-08-26,domain=0000;var=1980;vervar=1200;turvar=1674;th=123;turth=0
bps_webapi,sdg04_completion_rate,sma.total,2026-09-08,2023,province,1300,Sumatera Barat,percent,68.64,Badan Pusat Statistik,webapi-var-1980-updated-2026-08-26,domain=0000;var=1980;vervar=1300;turvar=1674;th=123;turth=0
bps_webapi,sdg04_completion_rate,sma.total,2026-09-08,2023,province,1400,Riau,percent,67.79,Badan Pusat Statistik,webapi-var-1980-updated-2026-08-26,domain=0000;var=1980;vervar=1400;turvar=1674;th=123;turth=0
bps_webapi,sdg04_completion_rate,sma.total,2026-09-08,2023,province,1500,Jambi,percent,66.62,Badan Pusat Statistik,webapi-var-1980-updated-2026-08-26,domain=0000;var=1980;vervar=1500;turvar=1674;th=123;turth=0
bps_webapi,sdg04_completion_rate,sma.total,2026-09-08,2023,province,1600,Sumatera Selatan,percent,64.81,Badan Pusat Statistik,webapi-var-1980-updated-2026-08-26,domain=0000;var=1980;vervar=1600;turvar=1674;th=123;turth=0
bps_webapi,sdg04_completion_rate,sma.total,2026-09-08,2023,province,1700,Bengkulu,percent,63.41,Badan Pusat Statistik,webapi-var-1980-updated-2026-08-26,domain=0000;var=1980;vervar=1700;turvar=1674;th=123;turth=0
bps_webapi,sdg04_completion_rate,sma.total,2026-09-08,2023,province,1800,Lampung,percent,64.54,Badan Pusat Statistik,webapi-var-1980-updated-2026-08-26,domain=0000;var=1980;vervar=1800;turvar=1674;th=123;turth=0
bps_webapi,sdg04_completion_rate,sma.total,2026-09-08,2023,province,1900,Kep. Bangka Belitung,percent,68.96,Badan Pusat Statistik,webapi-var-1980-updated-2026-08-26,domain=0000;var=1980;vervar=1900;turvar=1674;th=123;turth=0
bps_webapi,sdg04_completion_rate,sma.total,2026-09-08,2023,province,2100,Kep. Riau,percent,78.97,Badan Pusat Statistik,webapi-var-1980-updated-2026-08-26,domain=0000;var=1980;vervar=2100;turvar=1674;th=123;turth=0
bps_webapi,sdg04_completion_rate,sma.total,2026-09-08,2023,province,3100,Dki Jakarta,percent,88.1,Badan Pusat Statistik,webapi-var-1980-updated-2026-08-26,domain=0000;var=1980;vervar=3100;turvar=1674;th=123;turth=0
bps_webapi,sdg04_completion_rate,sma.total,2026-09-08,2023,province,3200,Jawa Barat,percent,66.47,Badan Pusat Statistik,webapi-var-1980-updated-2026-08-26,domain=0000;var=1980;vervar=3200;turvar=1674;th=123;turth=0
bps_webapi,sdg04_completion_rate,sma.total,2026-09-08,2023,province,3300,Jawa Tengah,percent,58.35,Badan Pusat Statistik,webapi-var-1980-updated-2026-08-26,domain=0000;var=1980;vervar=3300;turvar=1674;th=123;turth=0
bps_webapi,sdg04_completion_rate,sma.total,2026-09-08,2023,province,3400,Di Yogyakarta,percent,89.69,Badan Pusat Statistik,webapi-var-1980-updated-2026-08-26,domain=0000;var=1980;vervar=3400;turvar=1674;th=123;turth=0
bps_webapi,sdg04_completion_rate,sma.total,2026-09-08,2023,province,3500,Jawa Timur,percent,68.65,Badan Pusat Statistik,webapi-var-1980-updated-2026-08-26,domain=0000;var=1980;vervar=3500;turvar=1674;th=123;turth=0
bps_webapi,sdg04_completion_rate,sma.total,2026-09-08,2023,province,3600,Banten,percent,70.07,Badan Pusat Statistik,webapi-var-1980-updated-2026-08-26,domain=0000;var=1980;vervar=3600;turvar=1674;th=123;turth=0
bps_webapi,sdg04_completion_rate,sma.total,2026-09-08,2023,province,5100,Bali,percent,76.51,Badan Pusat Statistik,webapi-var-1980-updated-2026-08-26,domain=0000;var=1980;vervar=5100;turvar=1674;th=123;turth=0
bps_webapi,sdg04_completion_rate,sma.total,2026-09-08,2023,province,5200,Nusa Tenggara Barat,percent,63.66,Badan Pusat Statistik,webapi-var-1980-updated-2026-08-26,domain=0000;var=1980;vervar=5200;turvar=1674;th=123;turth=0
bps_webapi,sdg04_completion_rate,sma.total,2026-09-08,2023,province,5300,Nusa Tenggara Timur,percent,43.46,Badan Pusat Statistik,webapi-var-1980-updated-2026-08-26,domain=0000;var=1980;vervar=5300;turvar=1674;th=123;turth=0
bps_webapi,sdg04_completion_rate,sma.total,2026-09-08,2023,province,6100,Kalimantan Barat,percent,55.58,Badan Pusat Statistik,webapi-var-1980-updated-2026-08-26,domain=0000;var=1980;vervar=6100;turvar=1674;th=123;turth=0
bps_webapi,sdg04_completion_rate,sma.total,2026-09-08,2023,province,6200,Kalimantan Tengah,percent,63.93,Badan Pusat Statistik,webapi-var-1980-updated-2026-08-26,domain=0000;var=1980;vervar=6200;turvar=1674;th=123;turth=0
bps_webapi,sdg04_completion_rate,sma.total,2026-09-08,2023,province,6300,Kalimantan Selatan,percent,68.35,Badan Pusat Statistik,webapi-var-1980-updated-2026-08-26,domain=0000;var=1980;vervar=6300;turvar=1674;th=123;turth=0
bps_webapi,sdg04_completion_rate,sma.total,2026-09-08,2023,province,6400,Kalimantan Timur,percent,73.63,Badan Pusat Statistik,webapi-var-1980-updated-2026-08-26,domain=0000;var=1980;vervar=6400;turvar=1674;th=123;turth=0
bps_webapi,sdg04_completion_rate,sma.total,2026-09-08,2023,province,6500,Kalimantan Utara,percent,59.5,Badan Pusat Statistik,webapi-var-1980-updated-2026-08-26,domain=0000;var=1980;vervar=6500;turvar=1674;th=123;turth=0
bps_webapi,sdg04_completion_rate,sma.total,2026-09-08,2023,province,7100,Sulawesi Utara,percent,67.57,Badan Pusat Statistik,webapi-var-1980-updated-2026-08-26,domain=0000;var=1980;vervar=7100;turvar=1674;th=123;turth=0
bps_webapi,sdg04_completion_rate,sma.total,2026-09-08,2023,province,7200,Sulawesi Tengah,percent,55.69,Badan Pusat Statistik,webapi-var-1980-updated-2026-08-26,domain=0000;var=1980;vervar=7200;turvar=1674;th=123;turth=0
bps_webapi,sdg04_completion_rate,sma.total,2026-09-08,2023,province,7300,Sulawesi Selatan,percent,67.41,Badan Pusat Statistik,webapi-var-1980-updated-2026-08-26,domain=0000;var=1980;vervar=7300;turvar=1674;th=123;turth=0
bps_webapi,sdg04_completion_rate,sma.total,2026-09-08,2023,province,7400,Sulawesi Tenggara,percent,68.28,Badan Pusat Statistik,webapi-var-1980-updated-2026-08-26,domain=0000;var=1980;vervar=7400;turvar=1674;th=123;turth=0
bps_webapi,sdg04_completion_rate,sma.total,2026-09-08,2023,province,7500,Gorontalo,percent,46.19,Badan Pusat Statistik,webapi-var-1980-updated-2026-08-26,domain=0000;var=1980;vervar=7500;turvar=1674;th=123;turth=0
bps_webapi,sdg04_completion_rate,sma.total,2026-09-08,2023,province,7600,Sulawesi Barat,percent,54.79,Badan Pusat Statistik,webapi-var-1980-updated-2026-08-26,domain=0000;var=1980;vervar=7600;turvar=1674;th=123;turth=0
bps_webapi,sdg04_completion_rate,sma.total,2026-09-08,2023,province,8100,Maluku,percent,75.01,Badan Pusat Statistik,webapi-var-1980-updated-2026-08-26,domain=0000;var=1980;vervar=8100;turvar=1674;th=123;turth=0
bps_webapi,sdg04_completion_rate,sma.total,2026-09-08,2023,province,8200,Maluku Utara,percent,64.61,Badan Pusat Statistik,webapi-var-1980-updated-2026-08-26,domain=0000;var=1980;vervar=8200;turvar=1674;th=123;turth=0
bps_webapi,sdg04_completion_rate,sma.total,2026-09-08,2023,province,9100,Papua Barat,percent,59.99,Badan Pusat Statistik,webapi-var-1980-updated-2026-08-26,domain=0000;var=1980;vervar=9100;turvar=1674;th=123;turth=0
bps_webapi,sdg04_completion_rate,sma.total,2026-09-08,2023,province,9400,Papua,percent,39.5,Badan Pusat Statistik,webapi-var-1980-updated-2026-08-26,domain=0000;var=1980;vervar=9400;turvar=1674;th=123;turth=0
bps_webapi,sdg04_completion_rate,smp.expenditure.q1,2026-09-08,2015,national,9999,Indonesia,percent,65.93,Badan Pusat Statistik,webapi-var-1983-updated-2026-04-08,domain=0000;var=1983;vervar=1;turvar=1673;th=115;turth=0
bps_webapi,sdg04_completion_rate,smp.expenditure.q1,2026-09-08,2016,national,9999,Indonesia,percent,71.56,Badan Pusat Statistik,webapi-var-1983-updated-2026-04-08,domain=0000;var=1983;vervar=1;turvar=1673;th=116;turth=0
bps_webapi,sdg04_completion_rate,smp.expenditure.q1,2026-09-08,2017,national,9999,Indonesia,percent,73.16,Badan Pusat Statistik,webapi-var-1983-updated-2026-04-08,domain=0000;var=1983;vervar=1;turvar=1673;th=117;turth=0
bps_webapi,sdg04_completion_rate,smp.expenditure.q1,2026-09-08,2018,national,9999,Indonesia,percent,73.87,Badan Pusat Statistik,webapi-var-1983-updated-2026-04-08,domain=0000;var=1983;vervar=1;turvar=1673;th=118;turth=0
bps_webapi,sdg04_completion_rate,smp.expenditure.q1,2026-09-08,2019,national,9999,Indonesia,percent,77.02,Badan Pusat Statistik,webapi-var-1983-updated-2026-04-08,domain=0000;var=1983;vervar=1;turvar=1673;th=119;turth=0
bps_webapi,sdg04_completion_rate,smp.expenditure.q1,2026-09-08,2020,national,9999,Indonesia,percent,80.42,Badan Pusat Statistik,webapi-var-1983-updated-2026-04-08,domain=0000;var=1983;vervar=1;turvar=1673;th=120;turth=0
bps_webapi,sdg04_completion_rate,smp.expenditure.q1,2026-09-08,2021,national,9999,Indonesia,percent,83.59,Badan Pusat Statistik,webapi-var-1983-updated-2026-04-08,domain=0000;var=1983;vervar=1;turvar=1673;th=121;turth=0
bps_webapi,sdg04_completion_rate,smp.expenditure.q1,2026-09-08,2022,national,9999,Indonesia,percent,85.76,Badan Pusat Statistik,webapi-var-1983-updated-2026-04-08,domain=0000;var=1983;vervar=1;turvar=1673;th=122;turth=0
bps_webapi,sdg04_completion_rate,smp.expenditure.q1,2026-09-08,2023,national,9999,Indonesia,percent,85.17,Badan Pusat Statistik,webapi-var-1983-updated-2026-04-08,domain=0000;var=1983;vervar=1;turvar=1673;th=123;turth=0
bps_webapi,sdg04_completion_rate,smp.expenditure.q2,2026-09-08,2015,national,9999,Indonesia,percent,73.93,Badan Pusat Statistik,webapi-var-1983-updated-2026-04-08,domain=0000;var=1983;vervar=2;turvar=1673;th=115;turth=0
bps_webapi,sdg04_completion_rate,smp.expenditure.q2,2026-09-08,2016,national,9999,Indonesia,percent,79.6,Badan Pusat Statistik,webapi-var-1983-updated-2026-04-08,domain=0000;var=1983;vervar=2;turvar=1673;th=116;turth=0
bps_webapi,sdg04_completion_rate,smp.expenditure.q2,2026-09-08,2017,national,9999,Indonesia,percent,81.54,Badan Pusat Statistik,webapi-var-1983-updated-2026-04-08,domain=0000;var=1983;vervar=2;turvar=1673;th=117;turth=0
bps_webapi,sdg04_completion_rate,smp.expenditure.q2,2026-09-08,2018,national,9999,Indonesia,percent,82.5,Badan Pusat Statistik,webapi-var-1983-updated-2026-04-08,domain=0000;var=1983;vervar=2;turvar=1673;th=118;turth=0
bps_webapi,sdg04_completion_rate,smp.expenditure.q2,2026-09-08,2019,national,9999,Indonesia,percent,82.38,Badan Pusat Statistik,webapi-var-1983-updated-2026-04-08,domain=0000;var=1983;vervar=2;turvar=1673;th=119;turth=0
bps_webapi,sdg04_completion_rate,smp.expenditure.q2,2026-09-08,2020,national,9999,Indonesia,percent,86.19,Badan Pusat Statistik,webapi-var-1983-updated-2026-04-08,domain=0000;var=1983;vervar=2;turvar=1673;th=120;turth=0
bps_webapi,sdg04_completion_rate,smp.expenditure.q2,2026-09-08,2021,national,9999,Indonesia,percent,87.52,Badan Pusat Statistik,webapi-var-1983-updated-2026-04-08,domain=0000;var=1983;vervar=2;turvar=1673;th=121;turth=0
bps_webapi,sdg04_completion_rate,smp.expenditure.q2,2026-09-08,2022,national,9999,Indonesia,percent,88.69,Badan Pusat Statistik,webapi-var-1983-updated-2026-04-08,domain=0000;var=1983;vervar=2;turvar=1673;th=122;turth=0
bps_webapi,sdg04_completion_rate,smp.expenditure.q2,2026-09-08,2023,national,9999,Indonesia,percent,89.36,Badan Pusat Statistik,webapi-var-1983-updated-2026-04-08,domain=0000;var=1983;vervar=2;turvar=1673;th=123;turth=0
bps_webapi,sdg04_completion_rate,smp.expenditure.q3,2026-09-08,2015,national,9999,Indonesia,percent,78.89,Badan Pusat Statistik,webapi-var-1983-updated-2026-04-08,domain=0000;var=1983;vervar=3;turvar=1673;th=115;turth=0
bps_webapi,sdg04_completion_rate,smp.expenditure.q3,2026-09-08,2016,national,9999,Indonesia,percent,85.19,Badan Pusat Statistik,webapi-var-1983-updated-2026-04-08,domain=0000;var=1983;vervar=3;turvar=1673;th=116;turth=0
bps_webapi,sdg04_completion_rate,smp.expenditure.q3,2026-09-08,2017,national,9999,Indonesia,percent,85.61,Badan Pusat Statistik,webapi-var-1983-updated-2026-04-08,domain=0000;var=1983;vervar=3;turvar=1673;th=117;turth=0
bps_webapi,sdg04_completion_rate,smp.expenditure.q3,2026-09-08,2018,national,9999,Indonesia,percent,86.21,Badan Pusat Statistik,webapi-var-1983-updated-2026-04-08,domain=0000;var=1983;vervar=3;turvar=1673;th=118;turth=0
bps_webapi,sdg04_completion_rate,smp.expenditure.q3,2026-09-08,2019,national,9999,Indonesia,percent,85.88,Badan Pusat Statistik,webapi-var-1983-updated-2026-04-08,domain=0000;var=1983;vervar=3;turvar=1673;th=119;turth=0
bps_webapi,sdg04_completion_rate,smp.expenditure.q3,2026-09-08,2020,national,9999,Indonesia,percent,88.8,Badan Pusat Statistik,webapi-var-1983-updated-2026-04-08,domain=0000;var=1983;vervar=3;turvar=1673;th=120;turth=0
bps_webapi,sdg04_completion_rate,smp.expenditure.q3,2026-09-08,2021,national,9999,Indonesia,percent,89.92,Badan Pusat Statistik,webapi-var-1983-updated-2026-04-08,domain=0000;var=1983;vervar=3;turvar=1673;th=121;turth=0
bps_webapi,sdg04_completion_rate,smp.expenditure.q3,2026-09-08,2022,national,9999,Indonesia,percent,90.61,Badan Pusat Statistik,webapi-var-1983-updated-2026-04-08,domain=0000;var=1983;vervar=3;turvar=1673;th=122;turth=0
bps_webapi,sdg04_completion_rate,smp.expenditure.q3,2026-09-08,2023,national,9999,Indonesia,percent,91.12,Badan Pusat Statistik,webapi-var-1983-updated-2026-04-08,domain=0000;var=1983;vervar=3;turvar=1673;th=123;turth=0
bps_webapi,sdg04_completion_rate,smp.expenditure.q4,2026-09-08,2015,national,9999,Indonesia,percent,84.55,Badan Pusat Statistik,webapi-var-1983-updated-2026-04-08,domain=0000;var=1983;vervar=4;turvar=1673;th=115;turth=0
bps_webapi,sdg04_completion_rate,smp.expenditure.q4,2026-09-08,2016,national,9999,Indonesia,percent,88.96,Badan Pusat Statistik,webapi-var-1983-updated-2026-04-08,domain=0000;var=1983;vervar=4;turvar=1673;th=116;turth=0
bps_webapi,sdg04_completion_rate,smp.expenditure.q4,2026-09-08,2017,national,9999,Indonesia,percent,88.84,Badan Pusat Statistik,webapi-var-1983-updated-2026-04-08,domain=0000;var=1983;vervar=4;turvar=1673;th=117;turth=0
bps_webapi,sdg04_completion_rate,smp.expenditure.q4,2026-09-08,2018,national,9999,Indonesia,percent,89.11,Badan Pusat Statistik,webapi-var-1983-updated-2026-04-08,domain=0000;var=1983;vervar=4;turvar=1673;th=118;turth=0
bps_webapi,sdg04_completion_rate,smp.expenditure.q4,2026-09-08,2019,national,9999,Indonesia,percent,87.88,Badan Pusat Statistik,webapi-var-1983-updated-2026-04-08,domain=0000;var=1983;vervar=4;turvar=1673;th=119;turth=0
bps_webapi,sdg04_completion_rate,smp.expenditure.q4,2026-09-08,2020,national,9999,Indonesia,percent,90.3,Badan Pusat Statistik,webapi-var-1983-updated-2026-04-08,domain=0000;var=1983;vervar=4;turvar=1673;th=120;turth=0
bps_webapi,sdg04_completion_rate,smp.expenditure.q4,2026-09-08,2021,national,9999,Indonesia,percent,91.02,Badan Pusat Statistik,webapi-var-1983-updated-2026-04-08,domain=0000;var=1983;vervar=4;turvar=1673;th=121;turth=0
bps_webapi,sdg04_completion_rate,smp.expenditure.q4,2026-09-08,2022,national,9999,Indonesia,percent,91.88,Badan Pusat Statistik,webapi-var-1983-updated-2026-04-08,domain=0000;var=1983;vervar=4;turvar=1673;th=122;turth=0
bps_webapi,sdg04_completion_rate,smp.expenditure.q4,2026-09-08,2023,national,9999,Indonesia,percent,92.36,Badan Pusat Statistik,webapi-var-1983-updated-2026-04-08,domain=0000;var=1983;vervar=4;turvar=1673;th=123;turth=0
bps_webapi,sdg04_completion_rate,smp.expenditure.q5,2026-09-08,2015,national,9999,Indonesia,percent,91.42,Badan Pusat Statistik,webapi-var-1983-updated-2026-04-08,domain=0000;var=1983;vervar=5;turvar=1673;th=115;turth=0
bps_webapi,sdg04_completion_rate,smp.expenditure.q5,2026-09-08,2016,national,9999,Indonesia,percent,93.29,Badan Pusat Statistik,webapi-var-1983-updated-2026-04-08,domain=0000;var=1983;vervar=5;turvar=1673;th=116;turth=0
bps_webapi,sdg04_completion_rate,smp.expenditure.q5,2026-09-08,2017,national,9999,Indonesia,percent,93.51,Badan Pusat Statistik,webapi-var-1983-updated-2026-04-08,domain=0000;var=1983;vervar=5;turvar=1673;th=117;turth=0
bps_webapi,sdg04_completion_rate,smp.expenditure.q5,2026-09-08,2018,national,9999,Indonesia,percent,92.83,Badan Pusat Statistik,webapi-var-1983-updated-2026-04-08,domain=0000;var=1983;vervar=5;turvar=1673;th=118;turth=0
bps_webapi,sdg04_completion_rate,smp.expenditure.q5,2026-09-08,2019,national,9999,Indonesia,percent,92.64,Badan Pusat Statistik,webapi-var-1983-updated-2026-04-08,domain=0000;var=1983;vervar=5;turvar=1673;th=119;turth=0
bps_webapi,sdg04_completion_rate,smp.expenditure.q5,2026-09-08,2020,national,9999,Indonesia,percent,93.53,Badan Pusat Statistik,webapi-var-1983-updated-2026-04-08,domain=0000;var=1983;vervar=5;turvar=1673;th=120;turth=0
bps_webapi,sdg04_completion_rate,smp.expenditure.q5,2026-09-08,2021,national,9999,Indonesia,percent,92.48,Badan Pusat Statistik,webapi-var-1983-updated-2026-04-08,domain=0000;var=1983;vervar=5;turvar=1673;th=121;turth=0
bps_webapi,sdg04_completion_rate,smp.expenditure.q5,2026-09-08,2022,national,9999,Indonesia,percent,94.18,Badan Pusat Statistik,webapi-var-1983-updated-2026-04-08,domain=0000;var=1983;vervar=5;turvar=1673;th=122;turth=0
bps_webapi,sdg04_completion_rate,smp.expenditure.q5,2026-09-08,2023,national,9999,Indonesia,percent,94.55,Badan Pusat Statistik,webapi-var-1983-updated-2026-04-08,domain=0000;var=1983;vervar=5;turvar=1673;th=123;turth=0
bps_webapi,sdg04_completion_rate,smp.residence.rural,2026-09-08,2015,national,9999,Indonesia,percent,72.26,Badan Pusat Statistik,webapi-var-1981-updated-2024-05-26,domain=0000;var=1981;vervar=2;turvar=1673;th=115;turth=0
bps_webapi,sdg04_completion_rate,smp.residence.rural,2026-09-08,2016,national,9999,Indonesia,percent,77.65,Badan Pusat Statistik,webapi-var-1981-updated-2024-05-26,domain=0000;var=1981;vervar=2;turvar=1673;th=116;turth=0
bps_webapi,sdg04_completion_rate,smp.residence.rural,2026-09-08,2017,national,9999,Indonesia,percent,79.68,Badan Pusat Statistik,webapi-var-1981-updated-2024-05-26,domain=0000;var=1981;vervar=2;turvar=1673;th=117;turth=0
bps_webapi,sdg04_completion_rate,smp.residence.rural,2026-09-08,2018,national,9999,Indonesia,percent,79.78,Badan Pusat Statistik,webapi-var-1981-updated-2024-05-26,domain=0000;var=1981;vervar=2;turvar=1673;th=118;turth=0
bps_webapi,sdg04_completion_rate,smp.residence.rural,2026-09-08,2019,national,9999,Indonesia,percent,80.8,Badan Pusat Statistik,webapi-var-1981-updated-2024-05-26,domain=0000;var=1981;vervar=2;turvar=1673;th=119;turth=0
bps_webapi,sdg04_completion_rate,smp.residence.rural,2026-09-08,2020,national,9999,Indonesia,percent,84.04,Badan Pusat Statistik,webapi-var-1981-updated-2024-05-26,domain=0000;var=1981;vervar=2;turvar=1673;th=120;turth=0
bps_webapi,sdg04_completion_rate,smp.residence.rural,2026-09-08,2021,national,9999,Indonesia,percent,85.47,Badan Pusat Statistik,webapi-var-1981-updated-2024-05-26,domain=0000;var=1981;vervar=2;turvar=1673;th=121;turth=0
bps_webapi,sdg04_completion_rate,smp.residence.rural,2026-09-08,2022,national,9999,Indonesia,percent,86.6,Badan Pusat Statistik,webapi-var-1981-updated-2024-05-26,domain=0000;var=1981;vervar=2;turvar=1673;th=122;turth=0
bps_webapi,sdg04_completion_rate,smp.residence.rural,2026-09-08,2023,national,9999,Indonesia,percent,87.01,Badan Pusat Statistik,webapi-var-1981-updated-2024-05-26,domain=0000;var=1981;vervar=2;turvar=1673;th=123;turth=0
bps_webapi,sdg04_completion_rate,smp.residence.urban,2026-09-08,2015,national,9999,Indonesia,percent,85.33,Badan Pusat Statistik,webapi-var-1981-updated-2024-05-26,domain=0000;var=1981;vervar=1;turvar=1673;th=115;turth=0
bps_webapi,sdg04_completion_rate,smp.residence.urban,2026-09-08,2016,national,9999,Indonesia,percent,89.26,Badan Pusat Statistik,webapi-var-1981-updated-2024-05-26,domain=0000;var=1981;vervar=1;turvar=1673;th=116;turth=0
bps_webapi,sdg04_completion_rate,smp.residence.urban,2026-09-08,2017,national,9999,Indonesia,percent,89.21,Badan Pusat Statistik,webapi-var-1981-updated-2024-05-26,domain=0000;var=1981;vervar=1;turvar=1673;th=117;turth=0
bps_webapi,sdg04_completion_rate,smp.residence.urban,2026-09-08,2018,national,9999,Indonesia,percent,89.2,Badan Pusat Statistik,webapi-var-1981-updated-2024-05-26,domain=0000;var=1981;vervar=1;turvar=1673;th=118;turth=0
bps_webapi,sdg04_completion_rate,smp.residence.urban,2026-09-08,2019,national,9999,Indonesia,percent,88.61,Badan Pusat Statistik,webapi-var-1981-updated-2024-05-26,domain=0000;var=1981;vervar=1;turvar=1673;th=119;turth=0
bps_webapi,sdg04_completion_rate,smp.residence.urban,2026-09-08,2020,national,9999,Indonesia,percent,90.82,Badan Pusat Statistik,webapi-var-1981-updated-2024-05-26,domain=0000;var=1981;vervar=1;turvar=1673;th=120;turth=0
bps_webapi,sdg04_completion_rate,smp.residence.urban,2026-09-08,2021,national,9999,Indonesia,percent,91.38,Badan Pusat Statistik,webapi-var-1981-updated-2024-05-26,domain=0000;var=1981;vervar=1;turvar=1673;th=121;turth=0
bps_webapi,sdg04_completion_rate,smp.residence.urban,2026-09-08,2022,national,9999,Indonesia,percent,92.74,Badan Pusat Statistik,webapi-var-1981-updated-2024-05-26,domain=0000;var=1981;vervar=1;turvar=1673;th=122;turth=0
bps_webapi,sdg04_completion_rate,smp.residence.urban,2026-09-08,2023,national,9999,Indonesia,percent,92.85,Badan Pusat Statistik,webapi-var-1981-updated-2024-05-26,domain=0000;var=1981;vervar=1;turvar=1673;th=123;turth=0
bps_webapi,sdg04_completion_rate,smp.sex.female,2026-09-08,2015,national,9999,Indonesia,percent,80.78,Badan Pusat Statistik,webapi-var-1982-updated-2026-08-26,domain=0000;var=1982;vervar=2;turvar=1673;th=115;turth=0
bps_webapi,sdg04_completion_rate,smp.sex.female,2026-09-08,2016,national,9999,Indonesia,percent,86.06,Badan Pusat Statistik,webapi-var-1982-updated-2026-08-26,domain=0000;var=1982;vervar=2;turvar=1673;th=116;turth=0
bps_webapi,sdg04_completion_rate,smp.sex.female,2026-09-08,2017,national,9999,Indonesia,percent,86.82,Badan Pusat Statistik,webapi-var-1982-updated-2026-08-26,domain=0000;var=1982;vervar=2;turvar=1673;th=117;turth=0
bps_webapi,sdg04_completion_rate,smp.sex.female,2026-09-08,2018,national,9999,Indonesia,percent,87.34,Badan Pusat Statistik,webapi-var-1982-updated-2026-08-26,domain=0000;var=1982;vervar=2;turvar=1673;th=118;turth=0
bps_webapi,sdg04_completion_rate,smp.sex.female,2026-09-08,2019,national,9999,Indonesia,percent,87.23,Badan Pusat Statistik,webapi-var-1982-updated-2026-08-26,domain=0000;var=1982;vervar=2;turvar=1673;th=119;turth=0
bps_webapi,sdg04_completion_rate,smp.sex.female,2026-09-08,2020,national,9999,Indonesia,percent,89.58,Badan Pusat Statistik,webapi-var-1982-updated-2026-08-26,domain=0000;var=1982;vervar=2;turvar=1673;th=120;turth=0
bps_webapi,sdg04_completion_rate,smp.sex.female,2026-09-08,2021,national,9999,Indonesia,percent,90.78,Badan Pusat Statistik,webapi-var-1982-updated-2026-08-26,domain=0000;var=1982;vervar=2;turvar=1673;th=121;turth=0
bps_webapi,sdg04_completion_rate,smp.sex.female,2026-09-08,2022,national,9999,Indonesia,percent,91.71,Badan Pusat Statistik,webapi-var-1982-updated-2026-08-26,domain=0000;var=1982;vervar=2;turvar=1673;th=122;turth=0
bps_webapi,sdg04_completion_rate,smp.sex.female,2026-09-08,2023,national,9999,Indonesia,percent,92.1,Badan Pusat Statistik,webapi-var-1982-updated-2026-08-26,domain=0000;var=1982;vervar=2;turvar=1673;th=123;turth=0
bps_webapi,sdg04_completion_rate,smp.sex.male,2026-09-08,2015,national,9999,Indonesia,percent,77.44,Badan Pusat Statistik,webapi-var-1982-updated-2026-08-26,domain=0000;var=1982;vervar=1;turvar=1673;th=115;turth=0
bps_webapi,sdg04_completion_rate,smp.sex.male,2026-09-08,2016,national,9999,Indonesia,percent,81.56,Badan Pusat Statistik,webapi-var-1982-updated-2026-08-26,domain=0000;var=1982;vervar=1;turvar=1673;th=116;turth=0
bps_webapi,sdg04_completion_rate,smp.sex.male,2026-09-08,2017,national,9999,Indonesia,percent,82.7,Badan Pusat Statistik,webapi-var-1982-updated-2026-08-26,domain=0000;var=1982;vervar=1;turvar=1673;th=117;turth=0
bps_webapi,sdg04_completion_rate,smp.sex.male,2026-09-08,2018,national,9999,Indonesia,percent,82.65,Badan Pusat Statistik,webapi-var-1982-updated-2026-08-26,domain=0000;var=1982;vervar=1;turvar=1673;th=118;turth=0
bps_webapi,sdg04_completion_rate,smp.sex.male,2026-09-08,2019,national,9999,Indonesia,percent,83.34,Badan Pusat Statistik,webapi-var-1982-updated-2026-08-26,domain=0000;var=1982;vervar=1;turvar=1673;th=119;turth=0
bps_webapi,sdg04_completion_rate,smp.sex.male,2026-09-08,2020,national,9999,Indonesia,percent,86.26,Badan Pusat Statistik,webapi-var-1982-updated-2026-08-26,domain=0000;var=1982;vervar=1;turvar=1673;th=120;turth=0
bps_webapi,sdg04_completion_rate,smp.sex.male,2026-09-08,2021,national,9999,Indonesia,percent,87.04,Badan Pusat Statistik,webapi-var-1982-updated-2026-08-26,domain=0000;var=1982;vervar=1;turvar=1673;th=121;turth=0
bps_webapi,sdg04_completion_rate,smp.sex.male,2026-09-08,2022,national,9999,Indonesia,percent,88.64,Badan Pusat Statistik,webapi-var-1982-updated-2026-08-26,domain=0000;var=1982;vervar=1;turvar=1673;th=122;turth=0
bps_webapi,sdg04_completion_rate,smp.sex.male,2026-09-08,2023,national,9999,Indonesia,percent,88.86,Badan Pusat Statistik,webapi-var-1982-updated-2026-08-26,domain=0000;var=1982;vervar=1;turvar=1673;th=123;turth=0
bps_webapi,sdg04_completion_rate,smp.total,2026-09-08,2015,national,9999,Indonesia,percent,79.05,Badan Pusat Statistik,webapi-var-1980-updated-2026-08-26,domain=0000;var=1980;vervar=9999;turvar=1673;th=115;turth=0
bps_webapi,sdg04_completion_rate,smp.total,2026-09-08,2015,province,1100,Aceh,percent,89.01,Badan Pusat Statistik,webapi-var-1980-updated-2026-08-26,domain=0000;var=1980;vervar=1100;turvar=1673;th=115;turth=0
bps_webapi,sdg04_completion_rate,smp.total,2026-09-08,2015,province,1200,Sumatera Utara,percent,80.87,Badan Pusat Statistik,webapi-var-1980-updated-2026-08-26,domain=0000;var=1980;vervar=1200;turvar=1673;th=115;turth=0
bps_webapi,sdg04_completion_rate,smp.total,2026-09-08,2015,province,1300,Sumatera Barat,percent,78.77,Badan Pusat Statistik,webapi-var-1980-updated-2026-08-26,domain=0000;var=1980;vervar=1300;turvar=1673;th=115;turth=0
bps_webapi,sdg04_completion_rate,smp.total,2026-09-08,2015,province,1400,Riau,percent,76.54,Badan Pusat Statistik,webapi-var-1980-updated-2026-08-26,domain=0000;var=1980;vervar=1400;turvar=1673;th=115;turth=0
bps_webapi,sdg04_completion_rate,smp.total,2026-09-08,2015,province,1500,Jambi,percent,78.04,Badan Pusat Statistik,webapi-var-1980-updated-2026-08-26,domain=0000;var=1980;vervar=1500;turvar=1673;th=115;turth=0
bps_webapi,sdg04_completion_rate,smp.total,2026-09-08,2015,province,1600,Sumatera Selatan,percent,78.35,Badan Pusat Statistik,webapi-var-1980-updated-2026-08-26,domain=0000;var=1980;vervar=1600;turvar=1673;th=115;turth=0
bps_webapi,sdg04_completion_rate,smp.total,2026-09-08,2015,province,1700,Bengkulu,percent,78.16,Badan Pusat Statistik,webapi-var-1980-updated-2026-08-26,domain=0000;var=1980;vervar=1700;turvar=1673;th=115;turth=0
bps_webapi,sdg04_completion_rate,smp.total,2026-09-08,2015,province,1800,Lampung,percent,76.68,Badan Pusat Statistik,webapi-var-1980-updated-2026-08-26,domain=0000;var=1980;vervar=1800;turvar=1673;th=115;turth=0
bps_webapi,sdg04_completion_rate,smp.total,2026-09-08,2015,province,1900,Kep. Bangka Belitung,percent,70.35,Badan Pusat Statistik,webapi-var-1980-updated-2026-08-26,domain=0000;var=1980;vervar=1900;turvar=1673;th=115;turth=0
bps_webapi,sdg04_completion_rate,smp.total,2026-09-08,2015,province,2100,Kep. Riau,percent,88.25,Badan Pusat Statistik,webapi-var-1980-updated-2026-08-26,domain=0000;var=1980;vervar=2100;turvar=1673;th=115;turth=0
bps_webapi,sdg04_completion_rate,smp.total,2026-09-08,2015,province,3100,Dki Jakarta,percent,86.79,Badan Pusat Statistik,webapi-var-1980-updated-2026-08-26,domain=0000;var=1980;vervar=3100;turvar=1673;th=115;turth=0
bps_webapi,sdg04_completion_rate,smp.total,2026-09-08,2015,province,3200,Jawa Barat,percent,79.09,Badan Pusat Statistik,webapi-var-1980-updated-2026-08-26,domain=0000;var=1980;vervar=3200;turvar=1673;th=115;turth=0
bps_webapi,sdg04_completion_rate,smp.total,2026-09-08,2015,province,3300,Jawa Tengah,percent,78.96,Badan Pusat Statistik,webapi-var-1980-updated-2026-08-26,domain=0000;var=1980;vervar=3300;turvar=1673;th=115;turth=0
bps_webapi,sdg04_completion_rate,smp.total,2026-09-08,2015,province,3400,Di Yogyakarta,percent,87.41,Badan Pusat Statistik,webapi-var-1980-updated-2026-08-26,domain=0000;var=1980;vervar=3400;turvar=1673;th=115;turth=0
bps_webapi,sdg04_completion_rate,smp.total,2026-09-08,2015,province,3500,Jawa Timur,percent,80.98,Badan Pusat Statistik,webapi-var-1980-updated-2026-08-26,domain=0000;var=1980;vervar=3500;turvar=1673;th=115;turth=0
bps_webapi,sdg04_completion_rate,smp.total,2026-09-08,2015,province,3600,Banten,percent,79.23,Badan Pusat Statistik,webapi-var-1980-updated-2026-08-26,domain=0000;var=1980;vervar=3600;turvar=1673;th=115;turth=0
bps_webapi,sdg04_completion_rate,smp.total,2026-09-08,2015,province,5100,Bali,percent,85.95,Badan Pusat Statistik,webapi-var-1980-updated-2026-08-26,domain=0000;var=1980;vervar=5100;turvar=1673;th=115;turth=0
bps_webapi,sdg04_completion_rate,smp.total,2026-09-08,2015,province,5200,Nusa Tenggara Barat,percent,84.04,Badan Pusat Statistik,webapi-var-1980-updated-2026-08-26,domain=0000;var=1980;vervar=5200;turvar=1673;th=115;turth=0
bps_webapi,sdg04_completion_rate,smp.total,2026-09-08,2015,province,5300,Nusa Tenggara Timur,percent,66.62,Badan Pusat Statistik,webapi-var-1980-updated-2026-08-26,domain=0000;var=1980;vervar=5300;turvar=1673;th=115;turth=0
bps_webapi,sdg04_completion_rate,smp.total,2026-09-08,2015,province,6100,Kalimantan Barat,percent,63.41,Badan Pusat Statistik,webapi-var-1980-updated-2026-08-26,domain=0000;var=1980;vervar=6100;turvar=1673;th=115;turth=0
bps_webapi,sdg04_completion_rate,smp.total,2026-09-08,2015,province,6200,Kalimantan Tengah,percent,72.59,Badan Pusat Statistik,webapi-var-1980-updated-2026-08-26,domain=0000;var=1980;vervar=6200;turvar=1673;th=115;turth=0
bps_webapi,sdg04_completion_rate,smp.total,2026-09-08,2015,province,6300,Kalimantan Selatan,percent,72.89,Badan Pusat Statistik,webapi-var-1980-updated-2026-08-26,domain=0000;var=1980;vervar=6300;turvar=1673;th=115;turth=0
bps_webapi,sdg04_completion_rate,smp.total,2026-09-08,2015,province,6400,Kalimantan Timur,percent,85.13,Badan Pusat Statistik,webapi-var-1980-updated-2026-08-26,domain=0000;var=1980;vervar=6400;turvar=1673;th=115;turth=0
bps_webapi,sdg04_completion_rate,smp.total,2026-09-08,2015,province,6500,Kalimantan Utara,percent,83.02,Badan Pusat Statistik,webapi-var-1980-updated-2026-08-26,domain=0000;var=1980;vervar=6500;turvar=1673;th=115;turth=0
bps_webapi,sdg04_completion_rate,smp.total,2026-09-08,2015,province,7100,Sulawesi Utara,percent,82.35,Badan Pusat Statistik,webapi-var-1980-updated-2026-08-26,domain=0000;var=1980;vervar=7100;turvar=1673;th=115;turth=0
bps_webapi,sdg04_completion_rate,smp.total,2026-09-08,2015,province,7200,Sulawesi Tengah,percent,77.31,Badan Pusat Statistik,webapi-var-1980-updated-2026-08-26,domain=0000;var=1980;vervar=7200;turvar=1673;th=115;turth=0
bps_webapi,sdg04_completion_rate,smp.total,2026-09-08,2015,province,7300,Sulawesi Selatan,percent,78.08,Badan Pusat Statistik,webapi-var-1980-updated-2026-08-26,domain=0000;var=1980;vervar=7300;turvar=1673;th=115;turth=0
bps_webapi,sdg04_completion_rate,smp.total,2026-09-08,2015,province,7400,Sulawesi Tenggara,percent,82.75,Badan Pusat Statistik,webapi-var-1980-updated-2026-08-26,domain=0000;var=1980;vervar=7400;turvar=1673;th=115;turth=0
bps_webapi,sdg04_completion_rate,smp.total,2026-09-08,2015,province,7500,Gorontalo,percent,68.81,Badan Pusat Statistik,webapi-var-1980-updated-2026-08-26,domain=0000;var=1980;vervar=7500;turvar=1673;th=115;turth=0
bps_webapi,sdg04_completion_rate,smp.total,2026-09-08,2015,province,7600,Sulawesi Barat,percent,75.58,Badan Pusat Statistik,webapi-var-1980-updated-2026-08-26,domain=0000;var=1980;vervar=7600;turvar=1673;th=115;turth=0
bps_webapi,sdg04_completion_rate,smp.total,2026-09-08,2015,province,8100,Maluku,percent,86.29,Badan Pusat Statistik,webapi-var-1980-updated-2026-08-26,domain=0000;var=1980;vervar=8100;turvar=1673;th=115;turth=0
bps_webapi,sdg04_completion_rate,smp.total,2026-09-08,2015,province,8200,Maluku Utara,percent,76.39,Badan Pusat Statistik,webapi-var-1980-updated-2026-08-26,domain=0000;var=1980;vervar=8200;turvar=1673;th=115;turth=0
bps_webapi,sdg04_completion_rate,smp.total,2026-09-08,2015,province,9100,Papua Barat,percent,76.33,Badan Pusat Statistik,webapi-var-1980-updated-2026-08-26,domain=0000;var=1980;vervar=9100;turvar=1673;th=115;turth=0
bps_webapi,sdg04_completion_rate,smp.total,2026-09-08,2015,province,9400,Papua,percent,50.57,Badan Pusat Statistik,webapi-var-1980-updated-2026-08-26,domain=0000;var=1980;vervar=9400;turvar=1673;th=115;turth=0
bps_webapi,sdg04_completion_rate,smp.total,2026-09-08,2016,national,9999,Indonesia,percent,83.76,Badan Pusat Statistik,webapi-var-1980-updated-2026-08-26,domain=0000;var=1980;vervar=9999;turvar=1673;th=116;turth=0
bps_webapi,sdg04_completion_rate,smp.total,2026-09-08,2016,province,1100,Aceh,percent,88.7,Badan Pusat Statistik,webapi-var-1980-updated-2026-08-26,domain=0000;var=1980;vervar=1100;turvar=1673;th=116;turth=0
bps_webapi,sdg04_completion_rate,smp.total,2026-09-08,2016,province,1200,Sumatera Utara,percent,87.97,Badan Pusat Statistik,webapi-var-1980-updated-2026-08-26,domain=0000;var=1980;vervar=1200;turvar=1673;th=116;turth=0
bps_webapi,sdg04_completion_rate,smp.total,2026-09-08,2016,province,1300,Sumatera Barat,percent,82.5,Badan Pusat Statistik,webapi-var-1980-updated-2026-08-26,domain=0000;var=1980;vervar=1300;turvar=1673;th=116;turth=0
bps_webapi,sdg04_completion_rate,smp.total,2026-09-08,2016,province,1400,Riau,percent,81.3,Badan Pusat Statistik,webapi-var-1980-updated-2026-08-26,domain=0000;var=1980;vervar=1400;turvar=1673;th=116;turth=0
bps_webapi,sdg04_completion_rate,smp.total,2026-09-08,2016,province,1500,Jambi,percent,79.86,Badan Pusat Statistik,webapi-var-1980-updated-2026-08-26,domain=0000;var=1980;vervar=1500;turvar=1673;th=116;turth=0
bps_webapi,sdg04_completion_rate,smp.total,2026-09-08,2016,province,1600,Sumatera Selatan,percent,82.41,Badan Pusat Statistik,webapi-var-1980-updated-2026-08-26,domain=0000;var=1980;vervar=1600;turvar=1673;th=116;turth=0
bps_webapi,sdg04_completion_rate,smp.total,2026-09-08,2016,province,1700,Bengkulu,percent,84.21,Badan Pusat Statistik,webapi-var-1980-updated-2026-08-26,domain=0000;var=1980;vervar=1700;turvar=1673;th=116;turth=0
bps_webapi,sdg04_completion_rate,smp.total,2026-09-08,2016,province,1800,Lampung,percent,79.68,Badan Pusat Statistik,webapi-var-1980-updated-2026-08-26,domain=0000;var=1980;vervar=1800;turvar=1673;th=116;turth=0
bps_webapi,sdg04_completion_rate,smp.total,2026-09-08,2016,province,1900,Kep. Bangka Belitung,percent,75.77,Badan Pusat Statistik,webapi-var-1980-updated-2026-08-26,domain=0000;var=1980;vervar=1900;turvar=1673;th=116;turth=0
bps_webapi,sdg04_completion_rate,smp.total,2026-09-08,2016,province,2100,Kep. Riau,percent,86.92,Badan Pusat Statistik,webapi-var-1980-updated-2026-08-26,domain=0000;var=1980;vervar=2100;turvar=1673;th=116;turth=0
bps_webapi,sdg04_completion_rate,smp.total,2026-09-08,2016,province,3100,Dki Jakarta,percent,90.75,Badan Pusat Statistik,webapi-var-1980-updated-2026-08-26,domain=0000;var=1980;vervar=3100;turvar=1673;th=116;turth=0
bps_webapi,sdg04_completion_rate,smp.total,2026-09-08,2016,province,3200,Jawa Barat,percent,84.24,Badan Pusat Statistik,webapi-var-1980-updated-2026-08-26,domain=0000;var=1980;vervar=3200;turvar=1673;th=116;turth=0
bps_webapi,sdg04_completion_rate,smp.total,2026-09-08,2016,province,3300,Jawa Tengah,percent,85.93,Badan Pusat Statistik,webapi-var-1980-updated-2026-08-26,domain=0000;var=1980;vervar=3300;turvar=1673;th=116;turth=0
bps_webapi,sdg04_completion_rate,smp.total,2026-09-08,2016,province,3400,Di Yogyakarta,percent,92.87,Badan Pusat Statistik,webapi-var-1980-updated-2026-08-26,domain=0000;var=1980;vervar=3400;turvar=1673;th=116;turth=0
bps_webapi,sdg04_completion_rate,smp.total,2026-09-08,2016,province,3500,Jawa Timur,percent,84.7,Badan Pusat Statistik,webapi-var-1980-updated-2026-08-26,domain=0000;var=1980;vervar=3500;turvar=1673;th=116;turth=0
bps_webapi,sdg04_completion_rate,smp.total,2026-09-08,2016,province,3600,Banten,percent,82.69,Badan Pusat Statistik,webapi-var-1980-updated-2026-08-26,domain=0000;var=1980;vervar=3600;turvar=1673;th=116;turth=0
bps_webapi,sdg04_completion_rate,smp.total,2026-09-08,2016,province,5100,Bali,percent,91.99,Badan Pusat Statistik,webapi-var-1980-updated-2026-08-26,domain=0000;var=1980;vervar=5100;turvar=1673;th=116;turth=0
bps_webapi,sdg04_completion_rate,smp.total,2026-09-08,2016,province,5200,Nusa Tenggara Barat,percent,86.91,Badan Pusat Statistik,webapi-var-1980-updated-2026-08-26,domain=0000;var=1980;vervar=5200;turvar=1673;th=116;turth=0
bps_webapi,sdg04_completion_rate,smp.total,2026-09-08,2016,province,5300,Nusa Tenggara Timur,percent,70.73,Badan Pusat Statistik,webapi-var-1980-updated-2026-08-26,domain=0000;var=1980;vervar=5300;turvar=1673;th=116;turth=0
bps_webapi,sdg04_completion_rate,smp.total,2026-09-08,2016,province,6100,Kalimantan Barat,percent,72.66,Badan Pusat Statistik,webapi-var-1980-updated-2026-08-26,domain=0000;var=1980;vervar=6100;turvar=1673;th=116;turth=0
bps_webapi,sdg04_completion_rate,smp.total,2026-09-08,2016,province,6200,Kalimantan Tengah,percent,80.64,Badan Pusat Statistik,webapi-var-1980-updated-2026-08-26,domain=0000;var=1980;vervar=6200;turvar=1673;th=116;turth=0
bps_webapi,sdg04_completion_rate,smp.total,2026-09-08,2016,province,6300,Kalimantan Selatan,percent,77.25,Badan Pusat Statistik,webapi-var-1980-updated-2026-08-26,domain=0000;var=1980;vervar=6300;turvar=1673;th=116;turth=0
bps_webapi,sdg04_completion_rate,smp.total,2026-09-08,2016,province,6400,Kalimantan Timur,percent,86.7,Badan Pusat Statistik,webapi-var-1980-updated-2026-08-26,domain=0000;var=1980;vervar=6400;turvar=1673;th=116;turth=0
bps_webapi,sdg04_completion_rate,smp.total,2026-09-08,2016,province,6500,Kalimantan Utara,percent,81.96,Badan Pusat Statistik,webapi-var-1980-updated-2026-08-26,domain=0000;var=1980;vervar=6500;turvar=1673;th=116;turth=0
bps_webapi,sdg04_completion_rate,smp.total,2026-09-08,2016,province,7100,Sulawesi Utara,percent,88.08,Badan Pusat Statistik,webapi-var-1980-updated-2026-08-26,domain=0000;var=1980;vervar=7100;turvar=1673;th=116;turth=0
bps_webapi,sdg04_completion_rate,smp.total,2026-09-08,2016,province,7200,Sulawesi Tengah,percent,80.76,Badan Pusat Statistik,webapi-var-1980-updated-2026-08-26,domain=0000;var=1980;vervar=7200;turvar=1673;th=116;turth=0
bps_webapi,sdg04_completion_rate,smp.total,2026-09-08,2016,province,7300,Sulawesi Selatan,percent,82.46,Badan Pusat Statistik,webapi-var-1980-updated-2026-08-26,domain=0000;var=1980;vervar=7300;turvar=1673;th=116;turth=0
bps_webapi,sdg04_completion_rate,smp.total,2026-09-08,2016,province,7400,Sulawesi Tenggara,percent,88.06,Badan Pusat Statistik,webapi-var-1980-updated-2026-08-26,domain=0000;var=1980;vervar=7400;turvar=1673;th=116;turth=0
bps_webapi,sdg04_completion_rate,smp.total,2026-09-08,2016,province,7500,Gorontalo,percent,73.35,Badan Pusat Statistik,webapi-var-1980-updated-2026-08-26,domain=0000;var=1980;vervar=7500;turvar=1673;th=116;turth=0
bps_webapi,sdg04_completion_rate,smp.total,2026-09-08,2016,province,7600,Sulawesi Barat,percent,79.45,Badan Pusat Statistik,webapi-var-1980-updated-2026-08-26,domain=0000;var=1980;vervar=7600;turvar=1673;th=116;turth=0
bps_webapi,sdg04_completion_rate,smp.total,2026-09-08,2016,province,8100,Maluku,percent,88.43,Badan Pusat Statistik,webapi-var-1980-updated-2026-08-26,domain=0000;var=1980;vervar=8100;turvar=1673;th=116;turth=0
bps_webapi,sdg04_completion_rate,smp.total,2026-09-08,2016,province,8200,Maluku Utara,percent,83.23,Badan Pusat Statistik,webapi-var-1980-updated-2026-08-26,domain=0000;var=1980;vervar=8200;turvar=1673;th=116;turth=0
bps_webapi,sdg04_completion_rate,smp.total,2026-09-08,2016,province,9100,Papua Barat,percent,76.28,Badan Pusat Statistik,webapi-var-1980-updated-2026-08-26,domain=0000;var=1980;vervar=9100;turvar=1673;th=116;turth=0
bps_webapi,sdg04_completion_rate,smp.total,2026-09-08,2016,province,9400,Papua,percent,54.82,Badan Pusat Statistik,webapi-var-1980-updated-2026-08-26,domain=0000;var=1980;vervar=9400;turvar=1673;th=116;turth=0
bps_webapi,sdg04_completion_rate,smp.total,2026-09-08,2017,national,9999,Indonesia,percent,84.74,Badan Pusat Statistik,webapi-var-1980-updated-2026-08-26,domain=0000;var=1980;vervar=9999;turvar=1673;th=117;turth=0
bps_webapi,sdg04_completion_rate,smp.total,2026-09-08,2017,province,1100,Aceh,percent,89.42,Badan Pusat Statistik,webapi-var-1980-updated-2026-08-26,domain=0000;var=1980;vervar=1100;turvar=1673;th=117;turth=0
bps_webapi,sdg04_completion_rate,smp.total,2026-09-08,2017,province,1200,Sumatera Utara,percent,88.7,Badan Pusat Statistik,webapi-var-1980-updated-2026-08-26,domain=0000;var=1980;vervar=1200;turvar=1673;th=117;turth=0
bps_webapi,sdg04_completion_rate,smp.total,2026-09-08,2017,province,1300,Sumatera Barat,percent,81.11,Badan Pusat Statistik,webapi-var-1980-updated-2026-08-26,domain=0000;var=1980;vervar=1300;turvar=1673;th=117;turth=0
bps_webapi,sdg04_completion_rate,smp.total,2026-09-08,2017,province,1400,Riau,percent,85.37,Badan Pusat Statistik,webapi-var-1980-updated-2026-08-26,domain=0000;var=1980;vervar=1400;turvar=1673;th=117;turth=0
bps_webapi,sdg04_completion_rate,smp.total,2026-09-08,2017,province,1500,Jambi,percent,84.9,Badan Pusat Statistik,webapi-var-1980-updated-2026-08-26,domain=0000;var=1980;vervar=1500;turvar=1673;th=117;turth=0
bps_webapi,sdg04_completion_rate,smp.total,2026-09-08,2017,province,1600,Sumatera Selatan,percent,82.59,Badan Pusat Statistik,webapi-var-1980-updated-2026-08-26,domain=0000;var=1980;vervar=1600;turvar=1673;th=117;turth=0
bps_webapi,sdg04_completion_rate,smp.total,2026-09-08,2017,province,1700,Bengkulu,percent,82.9,Badan Pusat Statistik,webapi-var-1980-updated-2026-08-26,domain=0000;var=1980;vervar=1700;turvar=1673;th=117;turth=0
bps_webapi,sdg04_completion_rate,smp.total,2026-09-08,2017,province,1800,Lampung,percent,85.02,Badan Pusat Statistik,webapi-var-1980-updated-2026-08-26,domain=0000;var=1980;vervar=1800;turvar=1673;th=117;turth=0
bps_webapi,sdg04_completion_rate,smp.total,2026-09-08,2017,province,1900,Kep. Bangka Belitung,percent,75.3,Badan Pusat Statistik,webapi-var-1980-updated-2026-08-26,domain=0000;var=1980;vervar=1900;turvar=1673;th=117;turth=0
bps_webapi,sdg04_completion_rate,smp.total,2026-09-08,2017,province,2100,Kep. Riau,percent,92.11,Badan Pusat Statistik,webapi-var-1980-updated-2026-08-26,domain=0000;var=1980;vervar=2100;turvar=1673;th=117;turth=0
bps_webapi,sdg04_completion_rate,smp.total,2026-09-08,2017,province,3100,Dki Jakarta,percent,91.2,Badan Pusat Statistik,webapi-var-1980-updated-2026-08-26,domain=0000;var=1980;vervar=3100;turvar=1673;th=117;turth=0
bps_webapi,sdg04_completion_rate,smp.total,2026-09-08,2017,province,3200,Jawa Barat,percent,84.64,Badan Pusat Statistik,webapi-var-1980-updated-2026-08-26,domain=0000;var=1980;vervar=3200;turvar=1673;th=117;turth=0
bps_webapi,sdg04_completion_rate,smp.total,2026-09-08,2017,province,3300,Jawa Tengah,percent,87.24,Badan Pusat Statistik,webapi-var-1980-updated-2026-08-26,domain=0000;var=1980;vervar=3300;turvar=1673;th=117;turth=0
bps_webapi,sdg04_completion_rate,smp.total,2026-09-08,2017,province,3400,Di Yogyakarta,percent,92.13,Badan Pusat Statistik,webapi-var-1980-updated-2026-08-26,domain=0000;var=1980;vervar=3400;turvar=1673;th=117;turth=0
bps_webapi,sdg04_completion_rate,smp.total,2026-09-08,2017,province,3500,Jawa Timur,percent,86.2,Badan Pusat Statistik,webapi-var-1980-updated-2026-08-26,domain=0000;var=1980;vervar=3500;turvar=1673;th=117;turth=0
bps_webapi,sdg04_completion_rate,smp.total,2026-09-08,2017,province,3600,Banten,percent,86.82,Badan Pusat Statistik,webapi-var-1980-updated-2026-08-26,domain=0000;var=1980;vervar=3600;turvar=1673;th=117;turth=0
bps_webapi,sdg04_completion_rate,smp.total,2026-09-08,2017,province,5100,Bali,percent,91.43,Badan Pusat Statistik,webapi-var-1980-updated-2026-08-26,domain=0000;var=1980;vervar=5100;turvar=1673;th=117;turth=0
bps_webapi,sdg04_completion_rate,smp.total,2026-09-08,2017,province,5200,Nusa Tenggara Barat,percent,87.14,Badan Pusat Statistik,webapi-var-1980-updated-2026-08-26,domain=0000;var=1980;vervar=5200;turvar=1673;th=117;turth=0
bps_webapi,sdg04_completion_rate,smp.total,2026-09-08,2017,province,5300,Nusa Tenggara Timur,percent,70.54,Badan Pusat Statistik,webapi-var-1980-updated-2026-08-26,domain=0000;var=1980;vervar=5300;turvar=1673;th=117;turth=0
bps_webapi,sdg04_completion_rate,smp.total,2026-09-08,2017,province,6100,Kalimantan Barat,percent,72.54,Badan Pusat Statistik,webapi-var-1980-updated-2026-08-26,domain=0000;var=1980;vervar=6100;turvar=1673;th=117;turth=0
bps_webapi,sdg04_completion_rate,smp.total,2026-09-08,2017,province,6200,Kalimantan Tengah,percent,76.84,Badan Pusat Statistik,webapi-var-1980-updated-2026-08-26,domain=0000;var=1980;vervar=6200;turvar=1673;th=117;turth=0
bps_webapi,sdg04_completion_rate,smp.total,2026-09-08,2017,province,6300,Kalimantan Selatan,percent,77.11,Badan Pusat Statistik,webapi-var-1980-updated-2026-08-26,domain=0000;var=1980;vervar=6300;turvar=1673;th=117;turth=0
bps_webapi,sdg04_completion_rate,smp.total,2026-09-08,2017,province,6400,Kalimantan Timur,percent,88.31,Badan Pusat Statistik,webapi-var-1980-updated-2026-08-26,domain=0000;var=1980;vervar=6400;turvar=1673;th=117;turth=0
bps_webapi,sdg04_completion_rate,smp.total,2026-09-08,2017,province,6500,Kalimantan Utara,percent,82.36,Badan Pusat Statistik,webapi-var-1980-updated-2026-08-26,domain=0000;var=1980;vervar=6500;turvar=1673;th=117;turth=0
bps_webapi,sdg04_completion_rate,smp.total,2026-09-08,2017,province,7100,Sulawesi Utara,percent,86.01,Badan Pusat Statistik,webapi-var-1980-updated-2026-08-26,domain=0000;var=1980;vervar=7100;turvar=1673;th=117;turth=0
bps_webapi,sdg04_completion_rate,smp.total,2026-09-08,2017,province,7200,Sulawesi Tengah,percent,81.72,Badan Pusat Statistik,webapi-var-1980-updated-2026-08-26,domain=0000;var=1980;vervar=7200;turvar=1673;th=117;turth=0
bps_webapi,sdg04_completion_rate,smp.total,2026-09-08,2017,province,7300,Sulawesi Selatan,percent,83.01,Badan Pusat Statistik,webapi-var-1980-updated-2026-08-26,domain=0000;var=1980;vervar=7300;turvar=1673;th=117;turth=0
bps_webapi,sdg04_completion_rate,smp.total,2026-09-08,2017,province,7400,Sulawesi Tenggara,percent,85.1,Badan Pusat Statistik,webapi-var-1980-updated-2026-08-26,domain=0000;var=1980;vervar=7400;turvar=1673;th=117;turth=0
bps_webapi,sdg04_completion_rate,smp.total,2026-09-08,2017,province,7500,Gorontalo,percent,73.62,Badan Pusat Statistik,webapi-var-1980-updated-2026-08-26,domain=0000;var=1980;vervar=7500;turvar=1673;th=117;turth=0
bps_webapi,sdg04_completion_rate,smp.total,2026-09-08,2017,province,7600,Sulawesi Barat,percent,78.46,Badan Pusat Statistik,webapi-var-1980-updated-2026-08-26,domain=0000;var=1980;vervar=7600;turvar=1673;th=117;turth=0
bps_webapi,sdg04_completion_rate,smp.total,2026-09-08,2017,province,8100,Maluku,percent,84.35,Badan Pusat Statistik,webapi-var-1980-updated-2026-08-26,domain=0000;var=1980;vervar=8100;turvar=1673;th=117;turth=0
bps_webapi,sdg04_completion_rate,smp.total,2026-09-08,2017,province,8200,Maluku Utara,percent,83.76,Badan Pusat Statistik,webapi-var-1980-updated-2026-08-26,domain=0000;var=1980;vervar=8200;turvar=1673;th=117;turth=0
bps_webapi,sdg04_completion_rate,smp.total,2026-09-08,2017,province,9100,Papua Barat,percent,78.31,Badan Pusat Statistik,webapi-var-1980-updated-2026-08-26,domain=0000;var=1980;vervar=9100;turvar=1673;th=117;turth=0
bps_webapi,sdg04_completion_rate,smp.total,2026-09-08,2017,province,9400,Papua,percent,57.86,Badan Pusat Statistik,webapi-var-1980-updated-2026-08-26,domain=0000;var=1980;vervar=9400;turvar=1673;th=117;turth=0
bps_webapi,sdg04_completion_rate,smp.total,2026-09-08,2018,national,9999,Indonesia,percent,84.96,Badan Pusat Statistik,webapi-var-1980-updated-2026-08-26,domain=0000;var=1980;vervar=9999;turvar=1673;th=118;turth=0
bps_webapi,sdg04_completion_rate,smp.total,2026-09-08,2018,province,1100,Aceh,percent,87.15,Badan Pusat Statistik,webapi-var-1980-updated-2026-08-26,domain=0000;var=1980;vervar=1100;turvar=1673;th=118;turth=0
bps_webapi,sdg04_completion_rate,smp.total,2026-09-08,2018,province,1200,Sumatera Utara,percent,87.97,Badan Pusat Statistik,webapi-var-1980-updated-2026-08-26,domain=0000;var=1980;vervar=1200;turvar=1673;th=118;turth=0
bps_webapi,sdg04_completion_rate,smp.total,2026-09-08,2018,province,1300,Sumatera Barat,percent,82.59,Badan Pusat Statistik,webapi-var-1980-updated-2026-08-26,domain=0000;var=1980;vervar=1300;turvar=1673;th=118;turth=0
bps_webapi,sdg04_completion_rate,smp.total,2026-09-08,2018,province,1400,Riau,percent,83.45,Badan Pusat Statistik,webapi-var-1980-updated-2026-08-26,domain=0000;var=1980;vervar=1400;turvar=1673;th=118;turth=0
bps_webapi,sdg04_completion_rate,smp.total,2026-09-08,2018,province,1500,Jambi,percent,83.29,Badan Pusat Statistik,webapi-var-1980-updated-2026-08-26,domain=0000;var=1980;vervar=1500;turvar=1673;th=118;turth=0
bps_webapi,sdg04_completion_rate,smp.total,2026-09-08,2018,province,1600,Sumatera Selatan,percent,84.18,Badan Pusat Statistik,webapi-var-1980-updated-2026-08-26,domain=0000;var=1980;vervar=1600;turvar=1673;th=118;turth=0
bps_webapi,sdg04_completion_rate,smp.total,2026-09-08,2018,province,1700,Bengkulu,percent,86.34,Badan Pusat Statistik,webapi-var-1980-updated-2026-08-26,domain=0000;var=1980;vervar=1700;turvar=1673;th=118;turth=0
bps_webapi,sdg04_completion_rate,smp.total,2026-09-08,2018,province,1800,Lampung,percent,85.09,Badan Pusat Statistik,webapi-var-1980-updated-2026-08-26,domain=0000;var=1980;vervar=1800;turvar=1673;th=118;turth=0
bps_webapi,sdg04_completion_rate,smp.total,2026-09-08,2018,province,1900,Kep. Bangka Belitung,percent,79.7,Badan Pusat Statistik,webapi-var-1980-updated-2026-08-26,domain=0000;var=1980;vervar=1900;turvar=1673;th=118;turth=0
bps_webapi,sdg04_completion_rate,smp.total,2026-09-08,2018,province,2100,Kep. Riau,percent,90.15,Badan Pusat Statistik,webapi-var-1980-updated-2026-08-26,domain=0000;var=1980;vervar=2100;turvar=1673;th=118;turth=0
bps_webapi,sdg04_completion_rate,smp.total,2026-09-08,2018,province,3100,Dki Jakarta,percent,92.8,Badan Pusat Statistik,webapi-var-1980-updated-2026-08-26,domain=0000;var=1980;vervar=3100;turvar=1673;th=118;turth=0
bps_webapi,sdg04_completion_rate,smp.total,2026-09-08,2018,province,3200,Jawa Barat,percent,85.18,Badan Pusat Statistik,webapi-var-1980-updated-2026-08-26,domain=0000;var=1980;vervar=3200;turvar=1673;th=118;turth=0
bps_webapi,sdg04_completion_rate,smp.total,2026-09-08,2018,province,3300,Jawa Tengah,percent,86.9,Badan Pusat Statistik,webapi-var-1980-updated-2026-08-26,domain=0000;var=1980;vervar=3300;turvar=1673;th=118;turth=0
bps_webapi,sdg04_completion_rate,smp.total,2026-09-08,2018,province,3400,Di Yogyakarta,percent,92.66,Badan Pusat Statistik,webapi-var-1980-updated-2026-08-26,domain=0000;var=1980;vervar=3400;turvar=1673;th=118;turth=0
bps_webapi,sdg04_completion_rate,smp.total,2026-09-08,2018,province,3500,Jawa Timur,percent,86.04,Badan Pusat Statistik,webapi-var-1980-updated-2026-08-26,domain=0000;var=1980;vervar=3500;turvar=1673;th=118;turth=0
bps_webapi,sdg04_completion_rate,smp.total,2026-09-08,2018,province,3600,Banten,percent,85.21,Badan Pusat Statistik,webapi-var-1980-updated-2026-08-26,domain=0000;var=1980;vervar=3600;turvar=1673;th=118;turth=0
bps_webapi,sdg04_completion_rate,smp.total,2026-09-08,2018,province,5100,Bali,percent,93.78,Badan Pusat Statistik,webapi-var-1980-updated-2026-08-26,domain=0000;var=1980;vervar=5100;turvar=1673;th=118;turth=0
bps_webapi,sdg04_completion_rate,smp.total,2026-09-08,2018,province,5200,Nusa Tenggara Barat,percent,87.88,Badan Pusat Statistik,webapi-var-1980-updated-2026-08-26,domain=0000;var=1980;vervar=5200;turvar=1673;th=118;turth=0
bps_webapi,sdg04_completion_rate,smp.total,2026-09-08,2018,province,5300,Nusa Tenggara Timur,percent,71.42,Badan Pusat Statistik,webapi-var-1980-updated-2026-08-26,domain=0000;var=1980;vervar=5300;turvar=1673;th=118;turth=0
bps_webapi,sdg04_completion_rate,smp.total,2026-09-08,2018,province,6100,Kalimantan Barat,percent,71.47,Badan Pusat Statistik,webapi-var-1980-updated-2026-08-26,domain=0000;var=1980;vervar=6100;turvar=1673;th=118;turth=0
bps_webapi,sdg04_completion_rate,smp.total,2026-09-08,2018,province,6200,Kalimantan Tengah,percent,79.87,Badan Pusat Statistik,webapi-var-1980-updated-2026-08-26,domain=0000;var=1980;vervar=6200;turvar=1673;th=118;turth=0
bps_webapi,sdg04_completion_rate,smp.total,2026-09-08,2018,province,6300,Kalimantan Selatan,percent,84.05,Badan Pusat Statistik,webapi-var-1980-updated-2026-08-26,domain=0000;var=1980;vervar=6300;turvar=1673;th=118;turth=0
bps_webapi,sdg04_completion_rate,smp.total,2026-09-08,2018,province,6400,Kalimantan Timur,percent,89.14,Badan Pusat Statistik,webapi-var-1980-updated-2026-08-26,domain=0000;var=1980;vervar=6400;turvar=1673;th=118;turth=0
bps_webapi,sdg04_completion_rate,smp.total,2026-09-08,2018,province,6500,Kalimantan Utara,percent,82.85,Badan Pusat Statistik,webapi-var-1980-updated-2026-08-26,domain=0000;var=1980;vervar=6500;turvar=1673;th=118;turth=0
bps_webapi,sdg04_completion_rate,smp.total,2026-09-08,2018,province,7100,Sulawesi Utara,percent,86.72,Badan Pusat Statistik,webapi-var-1980-updated-2026-08-26,domain=0000;var=1980;vervar=7100;turvar=1673;th=118;turth=0
bps_webapi,sdg04_completion_rate,smp.total,2026-09-08,2018,province,7200,Sulawesi Tengah,percent,78.61,Badan Pusat Statistik,webapi-var-1980-updated-2026-08-26,domain=0000;var=1980;vervar=7200;turvar=1673;th=118;turth=0
bps_webapi,sdg04_completion_rate,smp.total,2026-09-08,2018,province,7300,Sulawesi Selatan,percent,83.32,Badan Pusat Statistik,webapi-var-1980-updated-2026-08-26,domain=0000;var=1980;vervar=7300;turvar=1673;th=118;turth=0
bps_webapi,sdg04_completion_rate,smp.total,2026-09-08,2018,province,7400,Sulawesi Tenggara,percent,86.05,Badan Pusat Statistik,webapi-var-1980-updated-2026-08-26,domain=0000;var=1980;vervar=7400;turvar=1673;th=118;turth=0
bps_webapi,sdg04_completion_rate,smp.total,2026-09-08,2018,province,7500,Gorontalo,percent,77.41,Badan Pusat Statistik,webapi-var-1980-updated-2026-08-26,domain=0000;var=1980;vervar=7500;turvar=1673;th=118;turth=0
bps_webapi,sdg04_completion_rate,smp.total,2026-09-08,2018,province,7600,Sulawesi Barat,percent,78.83,Badan Pusat Statistik,webapi-var-1980-updated-2026-08-26,domain=0000;var=1980;vervar=7600;turvar=1673;th=118;turth=0
bps_webapi,sdg04_completion_rate,smp.total,2026-09-08,2018,province,8100,Maluku,percent,86.38,Badan Pusat Statistik,webapi-var-1980-updated-2026-08-26,domain=0000;var=1980;vervar=8100;turvar=1673;th=118;turth=0
bps_webapi,sdg04_completion_rate,smp.total,2026-09-08,2018,province,8200,Maluku Utara,percent,85.39,Badan Pusat Statistik,webapi-var-1980-updated-2026-08-26,domain=0000;var=1980;vervar=8200;turvar=1673;th=118;turth=0
bps_webapi,sdg04_completion_rate,smp.total,2026-09-08,2018,province,9100,Papua Barat,percent,81.19,Badan Pusat Statistik,webapi-var-1980-updated-2026-08-26,domain=0000;var=1980;vervar=9100;turvar=1673;th=118;turth=0
bps_webapi,sdg04_completion_rate,smp.total,2026-09-08,2018,province,9400,Papua,percent,57.19,Badan Pusat Statistik,webapi-var-1980-updated-2026-08-26,domain=0000;var=1980;vervar=9400;turvar=1673;th=118;turth=0
bps_webapi,sdg04_completion_rate,smp.total,2026-09-08,2019,national,9999,Indonesia,percent,85.23,Badan Pusat Statistik,webapi-var-1980-updated-2026-08-26,domain=0000;var=1980;vervar=9999;turvar=1673;th=119;turth=0
bps_webapi,sdg04_completion_rate,smp.total,2026-09-08,2019,province,1100,Aceh,percent,89.5,Badan Pusat Statistik,webapi-var-1980-updated-2026-08-26,domain=0000;var=1980;vervar=1100;turvar=1673;th=119;turth=0
bps_webapi,sdg04_completion_rate,smp.total,2026-09-08,2019,province,1200,Sumatera Utara,percent,88.26,Badan Pusat Statistik,webapi-var-1980-updated-2026-08-26,domain=0000;var=1980;vervar=1200;turvar=1673;th=119;turth=0
bps_webapi,sdg04_completion_rate,smp.total,2026-09-08,2019,province,1300,Sumatera Barat,percent,84.07,Badan Pusat Statistik,webapi-var-1980-updated-2026-08-26,domain=0000;var=1980;vervar=1300;turvar=1673;th=119;turth=0
bps_webapi,sdg04_completion_rate,smp.total,2026-09-08,2019,province,1400,Riau,percent,84.97,Badan Pusat Statistik,webapi-var-1980-updated-2026-08-26,domain=0000;var=1980;vervar=1400;turvar=1673;th=119;turth=0
bps_webapi,sdg04_completion_rate,smp.total,2026-09-08,2019,province,1500,Jambi,percent,84.4,Badan Pusat Statistik,webapi-var-1980-updated-2026-08-26,domain=0000;var=1980;vervar=1500;turvar=1673;th=119;turth=0
bps_webapi,sdg04_completion_rate,smp.total,2026-09-08,2019,province,1600,Sumatera Selatan,percent,83.4,Badan Pusat Statistik,webapi-var-1980-updated-2026-08-26,domain=0000;var=1980;vervar=1600;turvar=1673;th=119;turth=0
bps_webapi,sdg04_completion_rate,smp.total,2026-09-08,2019,province,1700,Bengkulu,percent,85.13,Badan Pusat Statistik,webapi-var-1980-updated-2026-08-26,domain=0000;var=1980;vervar=1700;turvar=1673;th=119;turth=0
bps_webapi,sdg04_completion_rate,smp.total,2026-09-08,2019,province,1800,Lampung,percent,84.08,Badan Pusat Statistik,webapi-var-1980-updated-2026-08-26,domain=0000;var=1980;vervar=1800;turvar=1673;th=119;turth=0
bps_webapi,sdg04_completion_rate,smp.total,2026-09-08,2019,province,1900,Kep. Bangka Belitung,percent,77.96,Badan Pusat Statistik,webapi-var-1980-updated-2026-08-26,domain=0000;var=1980;vervar=1900;turvar=1673;th=119;turth=0
bps_webapi,sdg04_completion_rate,smp.total,2026-09-08,2019,province,2100,Kep. Riau,percent,91.56,Badan Pusat Statistik,webapi-var-1980-updated-2026-08-26,domain=0000;var=1980;vervar=2100;turvar=1673;th=119;turth=0
bps_webapi,sdg04_completion_rate,smp.total,2026-09-08,2019,province,3100,Dki Jakarta,percent,93.02,Badan Pusat Statistik,webapi-var-1980-updated-2026-08-26,domain=0000;var=1980;vervar=3100;turvar=1673;th=119;turth=0
bps_webapi,sdg04_completion_rate,smp.total,2026-09-08,2019,province,3200,Jawa Barat,percent,85.53,Badan Pusat Statistik,webapi-var-1980-updated-2026-08-26,domain=0000;var=1980;vervar=3200;turvar=1673;th=119;turth=0
bps_webapi,sdg04_completion_rate,smp.total,2026-09-08,2019,province,3300,Jawa Tengah,percent,85.47,Badan Pusat Statistik,webapi-var-1980-updated-2026-08-26,domain=0000;var=1980;vervar=3300;turvar=1673;th=119;turth=0
bps_webapi,sdg04_completion_rate,smp.total,2026-09-08,2019,province,3400,Di Yogyakarta,percent,92.34,Badan Pusat Statistik,webapi-var-1980-updated-2026-08-26,domain=0000;var=1980;vervar=3400;turvar=1673;th=119;turth=0
bps_webapi,sdg04_completion_rate,smp.total,2026-09-08,2019,province,3500,Jawa Timur,percent,86.21,Badan Pusat Statistik,webapi-var-1980-updated-2026-08-26,domain=0000;var=1980;vervar=3500;turvar=1673;th=119;turth=0
bps_webapi,sdg04_completion_rate,smp.total,2026-09-08,2019,province,3600,Banten,percent,87.4,Badan Pusat Statistik,webapi-var-1980-updated-2026-08-26,domain=0000;var=1980;vervar=3600;turvar=1673;th=119;turth=0
bps_webapi,sdg04_completion_rate,smp.total,2026-09-08,2019,province,5100,Bali,percent,93.33,Badan Pusat Statistik,webapi-var-1980-updated-2026-08-26,domain=0000;var=1980;vervar=5100;turvar=1673;th=119;turth=0
bps_webapi,sdg04_completion_rate,smp.total,2026-09-08,2019,province,5200,Nusa Tenggara Barat,percent,88.64,Badan Pusat Statistik,webapi-var-1980-updated-2026-08-26,domain=0000;var=1980;vervar=5200;turvar=1673;th=119;turth=0
bps_webapi,sdg04_completion_rate,smp.total,2026-09-08,2019,province,5300,Nusa Tenggara Timur,percent,74.31,Badan Pusat Statistik,webapi-var-1980-updated-2026-08-26,domain=0000;var=1980;vervar=5300;turvar=1673;th=119;turth=0
bps_webapi,sdg04_completion_rate,smp.total,2026-09-08,2019,province,6100,Kalimantan Barat,percent,72.78,Badan Pusat Statistik,webapi-var-1980-updated-2026-08-26,domain=0000;var=1980;vervar=6100;turvar=1673;th=119;turth=0
bps_webapi,sdg04_completion_rate,smp.total,2026-09-08,2019,province,6200,Kalimantan Tengah,percent,81.01,Badan Pusat Statistik,webapi-var-1980-updated-2026-08-26,domain=0000;var=1980;vervar=6200;turvar=1673;th=119;turth=0
bps_webapi,sdg04_completion_rate,smp.total,2026-09-08,2019,province,6300,Kalimantan Selatan,percent,82.77,Badan Pusat Statistik,webapi-var-1980-updated-2026-08-26,domain=0000;var=1980;vervar=6300;turvar=1673;th=119;turth=0
bps_webapi,sdg04_completion_rate,smp.total,2026-09-08,2019,province,6400,Kalimantan Timur,percent,86.98,Badan Pusat Statistik,webapi-var-1980-updated-2026-08-26,domain=0000;var=1980;vervar=6400;turvar=1673;th=119;turth=0
bps_webapi,sdg04_completion_rate,smp.total,2026-09-08,2019,province,6500,Kalimantan Utara,percent,83.85,Badan Pusat Statistik,webapi-var-1980-updated-2026-08-26,domain=0000;var=1980;vervar=6500;turvar=1673;th=119;turth=0
bps_webapi,sdg04_completion_rate,smp.total,2026-09-08,2019,province,7100,Sulawesi Utara,percent,85.67,Badan Pusat Statistik,webapi-var-1980-updated-2026-08-26,domain=0000;var=1980;vervar=7100;turvar=1673;th=119;turth=0
bps_webapi,sdg04_completion_rate,smp.total,2026-09-08,2019,province,7200,Sulawesi Tengah,percent,82.23,Badan Pusat Statistik,webapi-var-1980-updated-2026-08-26,domain=0000;var=1980;vervar=7200;turvar=1673;th=119;turth=0
bps_webapi,sdg04_completion_rate,smp.total,2026-09-08,2019,province,7300,Sulawesi Selatan,percent,83.74,Badan Pusat Statistik,webapi-var-1980-updated-2026-08-26,domain=0000;var=1980;vervar=7300;turvar=1673;th=119;turth=0
bps_webapi,sdg04_completion_rate,smp.total,2026-09-08,2019,province,7400,Sulawesi Tenggara,percent,85.46,Badan Pusat Statistik,webapi-var-1980-updated-2026-08-26,domain=0000;var=1980;vervar=7400;turvar=1673;th=119;turth=0
bps_webapi,sdg04_completion_rate,smp.total,2026-09-08,2019,province,7500,Gorontalo,percent,80.6,Badan Pusat Statistik,webapi-var-1980-updated-2026-08-26,domain=0000;var=1980;vervar=7500;turvar=1673;th=119;turth=0
bps_webapi,sdg04_completion_rate,smp.total,2026-09-08,2019,province,7600,Sulawesi Barat,percent,77.68,Badan Pusat Statistik,webapi-var-1980-updated-2026-08-26,domain=0000;var=1980;vervar=7600;turvar=1673;th=119;turth=0
bps_webapi,sdg04_completion_rate,smp.total,2026-09-08,2019,province,8100,Maluku,percent,88.43,Badan Pusat Statistik,webapi-var-1980-updated-2026-08-26,domain=0000;var=1980;vervar=8100;turvar=1673;th=119;turth=0
bps_webapi,sdg04_completion_rate,smp.total,2026-09-08,2019,province,8200,Maluku Utara,percent,85.07,Badan Pusat Statistik,webapi-var-1980-updated-2026-08-26,domain=0000;var=1980;vervar=8200;turvar=1673;th=119;turth=0
bps_webapi,sdg04_completion_rate,smp.total,2026-09-08,2019,province,9100,Papua Barat,percent,80.91,Badan Pusat Statistik,webapi-var-1980-updated-2026-08-26,domain=0000;var=1980;vervar=9100;turvar=1673;th=119;turth=0
bps_webapi,sdg04_completion_rate,smp.total,2026-09-08,2019,province,9400,Papua,percent,59.31,Badan Pusat Statistik,webapi-var-1980-updated-2026-08-26,domain=0000;var=1980;vervar=9400;turvar=1673;th=119;turth=0
bps_webapi,sdg04_completion_rate,smp.total,2026-09-08,2020,national,9999,Indonesia,percent,87.89,Badan Pusat Statistik,webapi-var-1980-updated-2026-08-26,domain=0000;var=1980;vervar=9999;turvar=1673;th=120;turth=0
bps_webapi,sdg04_completion_rate,smp.total,2026-09-08,2020,province,1100,Aceh,percent,90.92,Badan Pusat Statistik,webapi-var-1980-updated-2026-08-26,domain=0000;var=1980;vervar=1100;turvar=1673;th=120;turth=0
bps_webapi,sdg04_completion_rate,smp.total,2026-09-08,2020,province,1200,Sumatera Utara,percent,91.63,Badan Pusat Statistik,webapi-var-1980-updated-2026-08-26,domain=0000;var=1980;vervar=1200;turvar=1673;th=120;turth=0
bps_webapi,sdg04_completion_rate,smp.total,2026-09-08,2020,province,1300,Sumatera Barat,percent,87.12,Badan Pusat Statistik,webapi-var-1980-updated-2026-08-26,domain=0000;var=1980;vervar=1300;turvar=1673;th=120;turth=0
bps_webapi,sdg04_completion_rate,smp.total,2026-09-08,2020,province,1400,Riau,percent,86.84,Badan Pusat Statistik,webapi-var-1980-updated-2026-08-26,domain=0000;var=1980;vervar=1400;turvar=1673;th=120;turth=0
bps_webapi,sdg04_completion_rate,smp.total,2026-09-08,2020,province,1500,Jambi,percent,86.31,Badan Pusat Statistik,webapi-var-1980-updated-2026-08-26,domain=0000;var=1980;vervar=1500;turvar=1673;th=120;turth=0
bps_webapi,sdg04_completion_rate,smp.total,2026-09-08,2020,province,1600,Sumatera Selatan,percent,85.02,Badan Pusat Statistik,webapi-var-1980-updated-2026-08-26,domain=0000;var=1980;vervar=1600;turvar=1673;th=120;turth=0
bps_webapi,sdg04_completion_rate,smp.total,2026-09-08,2020,province,1700,Bengkulu,percent,87.68,Badan Pusat Statistik,webapi-var-1980-updated-2026-08-26,domain=0000;var=1980;vervar=1700;turvar=1673;th=120;turth=0
bps_webapi,sdg04_completion_rate,smp.total,2026-09-08,2020,province,1800,Lampung,percent,86.66,Badan Pusat Statistik,webapi-var-1980-updated-2026-08-26,domain=0000;var=1980;vervar=1800;turvar=1673;th=120;turth=0
bps_webapi,sdg04_completion_rate,smp.total,2026-09-08,2020,province,1900,Kep. Bangka Belitung,percent,81.91,Badan Pusat Statistik,webapi-var-1980-updated-2026-08-26,domain=0000;var=1980;vervar=1900;turvar=1673;th=120;turth=0
bps_webapi,sdg04_completion_rate,smp.total,2026-09-08,2020,province,2100,Kep. Riau,percent,94.8,Badan Pusat Statistik,webapi-var-1980-updated-2026-08-26,domain=0000;var=1980;vervar=2100;turvar=1673;th=120;turth=0
bps_webapi,sdg04_completion_rate,smp.total,2026-09-08,2020,province,3100,Dki Jakarta,percent,94.57,Badan Pusat Statistik,webapi-var-1980-updated-2026-08-26,domain=0000;var=1980;vervar=3100;turvar=1673;th=120;turth=0
bps_webapi,sdg04_completion_rate,smp.total,2026-09-08,2020,province,3200,Jawa Barat,percent,88.17,Badan Pusat Statistik,webapi-var-1980-updated-2026-08-26,domain=0000;var=1980;vervar=3200;turvar=1673;th=120;turth=0
bps_webapi,sdg04_completion_rate,smp.total,2026-09-08,2020,province,3300,Jawa Tengah,percent,89,Badan Pusat Statistik,webapi-var-1980-updated-2026-08-26,domain=0000;var=1980;vervar=3300;turvar=1673;th=120;turth=0
bps_webapi,sdg04_completion_rate,smp.total,2026-09-08,2020,province,3400,Di Yogyakarta,percent,92.36,Badan Pusat Statistik,webapi-var-1980-updated-2026-08-26,domain=0000;var=1980;vervar=3400;turvar=1673;th=120;turth=0
bps_webapi,sdg04_completion_rate,smp.total,2026-09-08,2020,province,3500,Jawa Timur,percent,89.98,Badan Pusat Statistik,webapi-var-1980-updated-2026-08-26,domain=0000;var=1980;vervar=3500;turvar=1673;th=120;turth=0
bps_webapi,sdg04_completion_rate,smp.total,2026-09-08,2020,province,3600,Banten,percent,86.7,Badan Pusat Statistik,webapi-var-1980-updated-2026-08-26,domain=0000;var=1980;vervar=3600;turvar=1673;th=120;turth=0
bps_webapi,sdg04_completion_rate,smp.total,2026-09-08,2020,province,5100,Bali,percent,93.21,Badan Pusat Statistik,webapi-var-1980-updated-2026-08-26,domain=0000;var=1980;vervar=5100;turvar=1673;th=120;turth=0
bps_webapi,sdg04_completion_rate,smp.total,2026-09-08,2020,province,5200,Nusa Tenggara Barat,percent,89.91,Badan Pusat Statistik,webapi-var-1980-updated-2026-08-26,domain=0000;var=1980;vervar=5200;turvar=1673;th=120;turth=0
bps_webapi,sdg04_completion_rate,smp.total,2026-09-08,2020,province,5300,Nusa Tenggara Timur,percent,78.81,Badan Pusat Statistik,webapi-var-1980-updated-2026-08-26,domain=0000;var=1980;vervar=5300;turvar=1673;th=120;turth=0
bps_webapi,sdg04_completion_rate,smp.total,2026-09-08,2020,province,6100,Kalimantan Barat,percent,80.88,Badan Pusat Statistik,webapi-var-1980-updated-2026-08-26,domain=0000;var=1980;vervar=6100;turvar=1673;th=120;turth=0
bps_webapi,sdg04_completion_rate,smp.total,2026-09-08,2020,province,6200,Kalimantan Tengah,percent,84.83,Badan Pusat Statistik,webapi-var-1980-updated-2026-08-26,domain=0000;var=1980;vervar=6200;turvar=1673;th=120;turth=0
bps_webapi,sdg04_completion_rate,smp.total,2026-09-08,2020,province,6300,Kalimantan Selatan,percent,82.48,Badan Pusat Statistik,webapi-var-1980-updated-2026-08-26,domain=0000;var=1980;vervar=6300;turvar=1673;th=120;turth=0
bps_webapi,sdg04_completion_rate,smp.total,2026-09-08,2020,province,6400,Kalimantan Timur,percent,92.4,Badan Pusat Statistik,webapi-var-1980-updated-2026-08-26,domain=0000;var=1980;vervar=6400;turvar=1673;th=120;turth=0
bps_webapi,sdg04_completion_rate,smp.total,2026-09-08,2020,province,6500,Kalimantan Utara,percent,87.14,Badan Pusat Statistik,webapi-var-1980-updated-2026-08-26,domain=0000;var=1980;vervar=6500;turvar=1673;th=120;turth=0
bps_webapi,sdg04_completion_rate,smp.total,2026-09-08,2020,province,7100,Sulawesi Utara,percent,86.69,Badan Pusat Statistik,webapi-var-1980-updated-2026-08-26,domain=0000;var=1980;vervar=7100;turvar=1673;th=120;turth=0
bps_webapi,sdg04_completion_rate,smp.total,2026-09-08,2020,province,7200,Sulawesi Tengah,percent,82.79,Badan Pusat Statistik,webapi-var-1980-updated-2026-08-26,domain=0000;var=1980;vervar=7200;turvar=1673;th=120;turth=0
bps_webapi,sdg04_completion_rate,smp.total,2026-09-08,2020,province,7300,Sulawesi Selatan,percent,85.08,Badan Pusat Statistik,webapi-var-1980-updated-2026-08-26,domain=0000;var=1980;vervar=7300;turvar=1673;th=120;turth=0
bps_webapi,sdg04_completion_rate,smp.total,2026-09-08,2020,province,7400,Sulawesi Tenggara,percent,89.18,Badan Pusat Statistik,webapi-var-1980-updated-2026-08-26,domain=0000;var=1980;vervar=7400;turvar=1673;th=120;turth=0
bps_webapi,sdg04_completion_rate,smp.total,2026-09-08,2020,province,7500,Gorontalo,percent,80.1,Badan Pusat Statistik,webapi-var-1980-updated-2026-08-26,domain=0000;var=1980;vervar=7500;turvar=1673;th=120;turth=0
bps_webapi,sdg04_completion_rate,smp.total,2026-09-08,2020,province,7600,Sulawesi Barat,percent,83.08,Badan Pusat Statistik,webapi-var-1980-updated-2026-08-26,domain=0000;var=1980;vervar=7600;turvar=1673;th=120;turth=0
bps_webapi,sdg04_completion_rate,smp.total,2026-09-08,2020,province,8100,Maluku,percent,88.04,Badan Pusat Statistik,webapi-var-1980-updated-2026-08-26,domain=0000;var=1980;vervar=8100;turvar=1673;th=120;turth=0
bps_webapi,sdg04_completion_rate,smp.total,2026-09-08,2020,province,8200,Maluku Utara,percent,87.41,Badan Pusat Statistik,webapi-var-1980-updated-2026-08-26,domain=0000;var=1980;vervar=8200;turvar=1673;th=120;turth=0
bps_webapi,sdg04_completion_rate,smp.total,2026-09-08,2020,province,9100,Papua Barat,percent,83.47,Badan Pusat Statistik,webapi-var-1980-updated-2026-08-26,domain=0000;var=1980;vervar=9100;turvar=1673;th=120;turth=0
bps_webapi,sdg04_completion_rate,smp.total,2026-09-08,2020,province,9400,Papua,percent,65.75,Badan Pusat Statistik,webapi-var-1980-updated-2026-08-26,domain=0000;var=1980;vervar=9400;turvar=1673;th=120;turth=0
bps_webapi,sdg04_completion_rate,smp.total,2026-09-08,2021,national,9999,Indonesia,percent,88.88,Badan Pusat Statistik,webapi-var-1980-updated-2026-08-26,domain=0000;var=1980;vervar=9999;turvar=1673;th=121;turth=0
bps_webapi,sdg04_completion_rate,smp.total,2026-09-08,2021,province,1100,Aceh,percent,93.43,Badan Pusat Statistik,webapi-var-1980-updated-2026-08-26,domain=0000;var=1980;vervar=1100;turvar=1673;th=121;turth=0
bps_webapi,sdg04_completion_rate,smp.total,2026-09-08,2021,province,1200,Sumatera Utara,percent,91.35,Badan Pusat Statistik,webapi-var-1980-updated-2026-08-26,domain=0000;var=1980;vervar=1200;turvar=1673;th=121;turth=0
bps_webapi,sdg04_completion_rate,smp.total,2026-09-08,2021,province,1300,Sumatera Barat,percent,89.49,Badan Pusat Statistik,webapi-var-1980-updated-2026-08-26,domain=0000;var=1980;vervar=1300;turvar=1673;th=121;turth=0
bps_webapi,sdg04_completion_rate,smp.total,2026-09-08,2021,province,1400,Riau,percent,87.11,Badan Pusat Statistik,webapi-var-1980-updated-2026-08-26,domain=0000;var=1980;vervar=1400;turvar=1673;th=121;turth=0
bps_webapi,sdg04_completion_rate,smp.total,2026-09-08,2021,province,1500,Jambi,percent,89,Badan Pusat Statistik,webapi-var-1980-updated-2026-08-26,domain=0000;var=1980;vervar=1500;turvar=1673;th=121;turth=0
bps_webapi,sdg04_completion_rate,smp.total,2026-09-08,2021,province,1600,Sumatera Selatan,percent,87.68,Badan Pusat Statistik,webapi-var-1980-updated-2026-08-26,domain=0000;var=1980;vervar=1600;turvar=1673;th=121;turth=0
bps_webapi,sdg04_completion_rate,smp.total,2026-09-08,2021,province,1700,Bengkulu,percent,89.94,Badan Pusat Statistik,webapi-var-1980-updated-2026-08-26,domain=0000;var=1980;vervar=1700;turvar=1673;th=121;turth=0
bps_webapi,sdg04_completion_rate,smp.total,2026-09-08,2021,province,1800,Lampung,percent,89.46,Badan Pusat Statistik,webapi-var-1980-updated-2026-08-26,domain=0000;var=1980;vervar=1800;turvar=1673;th=121;turth=0
bps_webapi,sdg04_completion_rate,smp.total,2026-09-08,2021,province,1900,Kep. Bangka Belitung,percent,80.99,Badan Pusat Statistik,webapi-var-1980-updated-2026-08-26,domain=0000;var=1980;vervar=1900;turvar=1673;th=121;turth=0
bps_webapi,sdg04_completion_rate,smp.total,2026-09-08,2021,province,2100,Kep. Riau,percent,92.71,Badan Pusat Statistik,webapi-var-1980-updated-2026-08-26,domain=0000;var=1980;vervar=2100;turvar=1673;th=121;turth=0
bps_webapi,sdg04_completion_rate,smp.total,2026-09-08,2021,province,3100,Dki Jakarta,percent,95,Badan Pusat Statistik,webapi-var-1980-updated-2026-08-26,domain=0000;var=1980;vervar=3100;turvar=1673;th=121;turth=0
bps_webapi,sdg04_completion_rate,smp.total,2026-09-08,2021,province,3200,Jawa Barat,percent,88.18,Badan Pusat Statistik,webapi-var-1980-updated-2026-08-26,domain=0000;var=1980;vervar=3200;turvar=1673;th=121;turth=0
bps_webapi,sdg04_completion_rate,smp.total,2026-09-08,2021,province,3300,Jawa Tengah,percent,88.44,Badan Pusat Statistik,webapi-var-1980-updated-2026-08-26,domain=0000;var=1980;vervar=3300;turvar=1673;th=121;turth=0
bps_webapi,sdg04_completion_rate,smp.total,2026-09-08,2021,province,3400,Di Yogyakarta,percent,94.94,Badan Pusat Statistik,webapi-var-1980-updated-2026-08-26,domain=0000;var=1980;vervar=3400;turvar=1673;th=121;turth=0
bps_webapi,sdg04_completion_rate,smp.total,2026-09-08,2021,province,3500,Jawa Timur,percent,90.3,Badan Pusat Statistik,webapi-var-1980-updated-2026-08-26,domain=0000;var=1980;vervar=3500;turvar=1673;th=121;turth=0
bps_webapi,sdg04_completion_rate,smp.total,2026-09-08,2021,province,3600,Banten,percent,90.63,Badan Pusat Statistik,webapi-var-1980-updated-2026-08-26,domain=0000;var=1980;vervar=3600;turvar=1673;th=121;turth=0
bps_webapi,sdg04_completion_rate,smp.total,2026-09-08,2021,province,5100,Bali,percent,94.26,Badan Pusat Statistik,webapi-var-1980-updated-2026-08-26,domain=0000;var=1980;vervar=5100;turvar=1673;th=121;turth=0
bps_webapi,sdg04_completion_rate,smp.total,2026-09-08,2021,province,5200,Nusa Tenggara Barat,percent,92.19,Badan Pusat Statistik,webapi-var-1980-updated-2026-08-26,domain=0000;var=1980;vervar=5200;turvar=1673;th=121;turth=0
bps_webapi,sdg04_completion_rate,smp.total,2026-09-08,2021,province,5300,Nusa Tenggara Timur,percent,78.83,Badan Pusat Statistik,webapi-var-1980-updated-2026-08-26,domain=0000;var=1980;vervar=5300;turvar=1673;th=121;turth=0
bps_webapi,sdg04_completion_rate,smp.total,2026-09-08,2021,province,6100,Kalimantan Barat,percent,79.65,Badan Pusat Statistik,webapi-var-1980-updated-2026-08-26,domain=0000;var=1980;vervar=6100;turvar=1673;th=121;turth=0
bps_webapi,sdg04_completion_rate,smp.total,2026-09-08,2021,province,6200,Kalimantan Tengah,percent,89.76,Badan Pusat Statistik,webapi-var-1980-updated-2026-08-26,domain=0000;var=1980;vervar=6200;turvar=1673;th=121;turth=0
bps_webapi,sdg04_completion_rate,smp.total,2026-09-08,2021,province,6300,Kalimantan Selatan,percent,84.06,Badan Pusat Statistik,webapi-var-1980-updated-2026-08-26,domain=0000;var=1980;vervar=6300;turvar=1673;th=121;turth=0
bps_webapi,sdg04_completion_rate,smp.total,2026-09-08,2021,province,6400,Kalimantan Timur,percent,95.34,Badan Pusat Statistik,webapi-var-1980-updated-2026-08-26,domain=0000;var=1980;vervar=6400;turvar=1673;th=121;turth=0
bps_webapi,sdg04_completion_rate,smp.total,2026-09-08,2021,province,6500,Kalimantan Utara,percent,90.14,Badan Pusat Statistik,webapi-var-1980-updated-2026-08-26,domain=0000;var=1980;vervar=6500;turvar=1673;th=121;turth=0
bps_webapi,sdg04_completion_rate,smp.total,2026-09-08,2021,province,7100,Sulawesi Utara,percent,91.05,Badan Pusat Statistik,webapi-var-1980-updated-2026-08-26,domain=0000;var=1980;vervar=7100;turvar=1673;th=121;turth=0
bps_webapi,sdg04_completion_rate,smp.total,2026-09-08,2021,province,7200,Sulawesi Tengah,percent,85.42,Badan Pusat Statistik,webapi-var-1980-updated-2026-08-26,domain=0000;var=1980;vervar=7200;turvar=1673;th=121;turth=0
bps_webapi,sdg04_completion_rate,smp.total,2026-09-08,2021,province,7300,Sulawesi Selatan,percent,88.18,Badan Pusat Statistik,webapi-var-1980-updated-2026-08-26,domain=0000;var=1980;vervar=7300;turvar=1673;th=121;turth=0
bps_webapi,sdg04_completion_rate,smp.total,2026-09-08,2021,province,7400,Sulawesi Tenggara,percent,90.88,Badan Pusat Statistik,webapi-var-1980-updated-2026-08-26,domain=0000;var=1980;vervar=7400;turvar=1673;th=121;turth=0
bps_webapi,sdg04_completion_rate,smp.total,2026-09-08,2021,province,7500,Gorontalo,percent,81.22,Badan Pusat Statistik,webapi-var-1980-updated-2026-08-26,domain=0000;var=1980;vervar=7500;turvar=1673;th=121;turth=0
bps_webapi,sdg04_completion_rate,smp.total,2026-09-08,2021,province,7600,Sulawesi Barat,percent,86.09,Badan Pusat Statistik,webapi-var-1980-updated-2026-08-26,domain=0000;var=1980;vervar=7600;turvar=1673;th=121;turth=0
bps_webapi,sdg04_completion_rate,smp.total,2026-09-08,2021,province,8100,Maluku,percent,93.08,Badan Pusat Statistik,webapi-var-1980-updated-2026-08-26,domain=0000;var=1980;vervar=8100;turvar=1673;th=121;turth=0
bps_webapi,sdg04_completion_rate,smp.total,2026-09-08,2021,province,8200,Maluku Utara,percent,92.93,Badan Pusat Statistik,webapi-var-1980-updated-2026-08-26,domain=0000;var=1980;vervar=8200;turvar=1673;th=121;turth=0
bps_webapi,sdg04_completion_rate,smp.total,2026-09-08,2021,province,9100,Papua Barat,percent,85.18,Badan Pusat Statistik,webapi-var-1980-updated-2026-08-26,domain=0000;var=1980;vervar=9100;turvar=1673;th=121;turth=0
bps_webapi,sdg04_completion_rate,smp.total,2026-09-08,2021,province,9400,Papua,percent,66.06,Badan Pusat Statistik,webapi-var-1980-updated-2026-08-26,domain=0000;var=1980;vervar=9400;turvar=1673;th=121;turth=0
bps_webapi,sdg04_completion_rate,smp.total,2026-09-08,2022,national,9999,Indonesia,percent,90.13,Badan Pusat Statistik,webapi-var-1980-updated-2026-08-26,domain=0000;var=1980;vervar=9999;turvar=1673;th=122;turth=0
bps_webapi,sdg04_completion_rate,smp.total,2026-09-08,2022,province,1100,Aceh,percent,97.63,Badan Pusat Statistik,webapi-var-1980-updated-2026-08-26,domain=0000;var=1980;vervar=1100;turvar=1673;th=122;turth=0
bps_webapi,sdg04_completion_rate,smp.total,2026-09-08,2022,province,1200,Sumatera Utara,percent,92.84,Badan Pusat Statistik,webapi-var-1980-updated-2026-08-26,domain=0000;var=1980;vervar=1200;turvar=1673;th=122;turth=0
bps_webapi,sdg04_completion_rate,smp.total,2026-09-08,2022,province,1300,Sumatera Barat,percent,88.83,Badan Pusat Statistik,webapi-var-1980-updated-2026-08-26,domain=0000;var=1980;vervar=1300;turvar=1673;th=122;turth=0
bps_webapi,sdg04_completion_rate,smp.total,2026-09-08,2022,province,1400,Riau,percent,88.53,Badan Pusat Statistik,webapi-var-1980-updated-2026-08-26,domain=0000;var=1980;vervar=1400;turvar=1673;th=122;turth=0
bps_webapi,sdg04_completion_rate,smp.total,2026-09-08,2022,province,1500,Jambi,percent,86.57,Badan Pusat Statistik,webapi-var-1980-updated-2026-08-26,domain=0000;var=1980;vervar=1500;turvar=1673;th=122;turth=0
bps_webapi,sdg04_completion_rate,smp.total,2026-09-08,2022,province,1600,Sumatera Selatan,percent,88.41,Badan Pusat Statistik,webapi-var-1980-updated-2026-08-26,domain=0000;var=1980;vervar=1600;turvar=1673;th=122;turth=0
bps_webapi,sdg04_completion_rate,smp.total,2026-09-08,2022,province,1700,Bengkulu,percent,90.81,Badan Pusat Statistik,webapi-var-1980-updated-2026-08-26,domain=0000;var=1980;vervar=1700;turvar=1673;th=122;turth=0
bps_webapi,sdg04_completion_rate,smp.total,2026-09-08,2022,province,1800,Lampung,percent,90.99,Badan Pusat Statistik,webapi-var-1980-updated-2026-08-26,domain=0000;var=1980;vervar=1800;turvar=1673;th=122;turth=0
bps_webapi,sdg04_completion_rate,smp.total,2026-09-08,2022,province,1900,Kep. Bangka Belitung,percent,84.72,Badan Pusat Statistik,webapi-var-1980-updated-2026-08-26,domain=0000;var=1980;vervar=1900;turvar=1673;th=122;turth=0
bps_webapi,sdg04_completion_rate,smp.total,2026-09-08,2022,province,2100,Kep. Riau,percent,95.72,Badan Pusat Statistik,webapi-var-1980-updated-2026-08-26,domain=0000;var=1980;vervar=2100;turvar=1673;th=122;turth=0
bps_webapi,sdg04_completion_rate,smp.total,2026-09-08,2022,province,3100,Dki Jakarta,percent,95.4,Badan Pusat Statistik,webapi-var-1980-updated-2026-08-26,domain=0000;var=1980;vervar=3100;turvar=1673;th=122;turth=0
bps_webapi,sdg04_completion_rate,smp.total,2026-09-08,2022,province,3200,Jawa Barat,percent,89.29,Badan Pusat Statistik,webapi-var-1980-updated-2026-08-26,domain=0000;var=1980;vervar=3200;turvar=1673;th=122;turth=0
bps_webapi,sdg04_completion_rate,smp.total,2026-09-08,2022,province,3300,Jawa Tengah,percent,90.02,Badan Pusat Statistik,webapi-var-1980-updated-2026-08-26,domain=0000;var=1980;vervar=3300;turvar=1673;th=122;turth=0
bps_webapi,sdg04_completion_rate,smp.total,2026-09-08,2022,province,3400,Di Yogyakarta,percent,97.06,Badan Pusat Statistik,webapi-var-1980-updated-2026-08-26,domain=0000;var=1980;vervar=3400;turvar=1673;th=122;turth=0
bps_webapi,sdg04_completion_rate,smp.total,2026-09-08,2022,province,3500,Jawa Timur,percent,90.47,Badan Pusat Statistik,webapi-var-1980-updated-2026-08-26,domain=0000;var=1980;vervar=3500;turvar=1673;th=122;turth=0
bps_webapi,sdg04_completion_rate,smp.total,2026-09-08,2022,province,3600,Banten,percent,92.65,Badan Pusat Statistik,webapi-var-1980-updated-2026-08-26,domain=0000;var=1980;vervar=3600;turvar=1673;th=122;turth=0
bps_webapi,sdg04_completion_rate,smp.total,2026-09-08,2022,province,5100,Bali,percent,94.15,Badan Pusat Statistik,webapi-var-1980-updated-2026-08-26,domain=0000;var=1980;vervar=5100;turvar=1673;th=122;turth=0
bps_webapi,sdg04_completion_rate,smp.total,2026-09-08,2022,province,5200,Nusa Tenggara Barat,percent,95.39,Badan Pusat Statistik,webapi-var-1980-updated-2026-08-26,domain=0000;var=1980;vervar=5200;turvar=1673;th=122;turth=0
bps_webapi,sdg04_completion_rate,smp.total,2026-09-08,2022,province,5300,Nusa Tenggara Timur,percent,83.25,Badan Pusat Statistik,webapi-var-1980-updated-2026-08-26,domain=0000;var=1980;vervar=5300;turvar=1673;th=122;turth=0
bps_webapi,sdg04_completion_rate,smp.total,2026-09-08,2022,province,6100,Kalimantan Barat,percent,81.82,Badan Pusat Statistik,webapi-var-1980-updated-2026-08-26,domain=0000;var=1980;vervar=6100;turvar=1673;th=122;turth=0
bps_webapi,sdg04_completion_rate,smp.total,2026-09-08,2022,province,6200,Kalimantan Tengah,percent,87.79,Badan Pusat Statistik,webapi-var-1980-updated-2026-08-26,domain=0000;var=1980;vervar=6200;turvar=1673;th=122;turth=0
bps_webapi,sdg04_completion_rate,smp.total,2026-09-08,2022,province,6300,Kalimantan Selatan,percent,87.95,Badan Pusat Statistik,webapi-var-1980-updated-2026-08-26,domain=0000;var=1980;vervar=6300;turvar=1673;th=122;turth=0
bps_webapi,sdg04_completion_rate,smp.total,2026-09-08,2022,province,6400,Kalimantan Timur,percent,95.32,Badan Pusat Statistik,webapi-var-1980-updated-2026-08-26,domain=0000;var=1980;vervar=6400;turvar=1673;th=122;turth=0
bps_webapi,sdg04_completion_rate,smp.total,2026-09-08,2022,province,6500,Kalimantan Utara,percent,90.55,Badan Pusat Statistik,webapi-var-1980-updated-2026-08-26,domain=0000;var=1980;vervar=6500;turvar=1673;th=122;turth=0
bps_webapi,sdg04_completion_rate,smp.total,2026-09-08,2022,province,7100,Sulawesi Utara,percent,91.98,Badan Pusat Statistik,webapi-var-1980-updated-2026-08-26,domain=0000;var=1980;vervar=7100;turvar=1673;th=122;turth=0
bps_webapi,sdg04_completion_rate,smp.total,2026-09-08,2022,province,7200,Sulawesi Tengah,percent,88.9,Badan Pusat Statistik,webapi-var-1980-updated-2026-08-26,domain=0000;var=1980;vervar=7200;turvar=1673;th=122;turth=0
bps_webapi,sdg04_completion_rate,smp.total,2026-09-08,2022,province,7300,Sulawesi Selatan,percent,90.55,Badan Pusat Statistik,webapi-var-1980-updated-2026-08-26,domain=0000;var=1980;vervar=7300;turvar=1673;th=122;turth=0
bps_webapi,sdg04_completion_rate,smp.total,2026-09-08,2022,province,7400,Sulawesi Tenggara,percent,91.19,Badan Pusat Statistik,webapi-var-1980-updated-2026-08-26,domain=0000;var=1980;vervar=7400;turvar=1673;th=122;turth=0
bps_webapi,sdg04_completion_rate,smp.total,2026-09-08,2022,province,7500,Gorontalo,percent,80.56,Badan Pusat Statistik,webapi-var-1980-updated-2026-08-26,domain=0000;var=1980;vervar=7500;turvar=1673;th=122;turth=0
bps_webapi,sdg04_completion_rate,smp.total,2026-09-08,2022,province,7600,Sulawesi Barat,percent,84.14,Badan Pusat Statistik,webapi-var-1980-updated-2026-08-26,domain=0000;var=1980;vervar=7600;turvar=1673;th=122;turth=0
bps_webapi,sdg04_completion_rate,smp.total,2026-09-08,2022,province,8100,Maluku,percent,93.65,Badan Pusat Statistik,webapi-var-1980-updated-2026-08-26,domain=0000;var=1980;vervar=8100;turvar=1673;th=122;turth=0
bps_webapi,sdg04_completion_rate,smp.total,2026-09-08,2022,province,8200,Maluku Utara,percent,94.92,Badan Pusat Statistik,webapi-var-1980-updated-2026-08-26,domain=0000;var=1980;vervar=8200;turvar=1673;th=122;turth=0
bps_webapi,sdg04_completion_rate,smp.total,2026-09-08,2022,province,9100,Papua Barat,percent,87.03,Badan Pusat Statistik,webapi-var-1980-updated-2026-08-26,domain=0000;var=1980;vervar=9100;turvar=1673;th=122;turth=0
bps_webapi,sdg04_completion_rate,smp.total,2026-09-08,2022,province,9400,Papua,percent,66.16,Badan Pusat Statistik,webapi-var-1980-updated-2026-08-26,domain=0000;var=1980;vervar=9400;turvar=1673;th=122;turth=0
bps_webapi,sdg04_completion_rate,smp.total,2026-09-08,2023,national,9999,Indonesia,percent,90.44,Badan Pusat Statistik,webapi-var-1980-updated-2026-08-26,domain=0000;var=1980;vervar=9999;turvar=1673;th=123;turth=0
bps_webapi,sdg04_completion_rate,smp.total,2026-09-08,2023,province,1100,Aceh,percent,94.55,Badan Pusat Statistik,webapi-var-1980-updated-2026-08-26,domain=0000;var=1980;vervar=1100;turvar=1673;th=123;turth=0
bps_webapi,sdg04_completion_rate,smp.total,2026-09-08,2023,province,1200,Sumatera Utara,percent,94.35,Badan Pusat Statistik,webapi-var-1980-updated-2026-08-26,domain=0000;var=1980;vervar=1200;turvar=1673;th=123;turth=0
bps_webapi,sdg04_completion_rate,smp.total,2026-09-08,2023,province,1300,Sumatera Barat,percent,90.65,Badan Pusat Statistik,webapi-var-1980-updated-2026-08-26,domain=0000;var=1980;vervar=1300;turvar=1673;th=123;turth=0
bps_webapi,sdg04_completion_rate,smp.total,2026-09-08,2023,province,1400,Riau,percent,90.52,Badan Pusat Statistik,webapi-var-1980-updated-2026-08-26,domain=0000;var=1980;vervar=1400;turvar=1673;th=123;turth=0
bps_webapi,sdg04_completion_rate,smp.total,2026-09-08,2023,province,1500,Jambi,percent,89.35,Badan Pusat Statistik,webapi-var-1980-updated-2026-08-26,domain=0000;var=1980;vervar=1500;turvar=1673;th=123;turth=0
bps_webapi,sdg04_completion_rate,smp.total,2026-09-08,2023,province,1600,Sumatera Selatan,percent,87.95,Badan Pusat Statistik,webapi-var-1980-updated-2026-08-26,domain=0000;var=1980;vervar=1600;turvar=1673;th=123;turth=0
bps_webapi,sdg04_completion_rate,smp.total,2026-09-08,2023,province,1700,Bengkulu,percent,89.25,Badan Pusat Statistik,webapi-var-1980-updated-2026-08-26,domain=0000;var=1980;vervar=1700;turvar=1673;th=123;turth=0
bps_webapi,sdg04_completion_rate,smp.total,2026-09-08,2023,province,1800,Lampung,percent,87.67,Badan Pusat Statistik,webapi-var-1980-updated-2026-08-26,domain=0000;var=1980;vervar=1800;turvar=1673;th=123;turth=0
bps_webapi,sdg04_completion_rate,smp.total,2026-09-08,2023,province,1900,Kep. Bangka Belitung,percent,87.11,Badan Pusat Statistik,webapi-var-1980-updated-2026-08-26,domain=0000;var=1980;vervar=1900;turvar=1673;th=123;turth=0
bps_webapi,sdg04_completion_rate,smp.total,2026-09-08,2023,province,2100,Kep. Riau,percent,95.51,Badan Pusat Statistik,webapi-var-1980-updated-2026-08-26,domain=0000;var=1980;vervar=2100;turvar=1673;th=123;turth=0
bps_webapi,sdg04_completion_rate,smp.total,2026-09-08,2023,province,3100,Dki Jakarta,percent,95.85,Badan Pusat Statistik,webapi-var-1980-updated-2026-08-26,domain=0000;var=1980;vervar=3100;turvar=1673;th=123;turth=0
bps_webapi,sdg04_completion_rate,smp.total,2026-09-08,2023,province,3200,Jawa Barat,percent,91.42,Badan Pusat Statistik,webapi-var-1980-updated-2026-08-26,domain=0000;var=1980;vervar=3200;turvar=1673;th=123;turth=0
bps_webapi,sdg04_completion_rate,smp.total,2026-09-08,2023,province,3300,Jawa Tengah,percent,90.64,Badan Pusat Statistik,webapi-var-1980-updated-2026-08-26,domain=0000;var=1980;vervar=3300;turvar=1673;th=123;turth=0
bps_webapi,sdg04_completion_rate,smp.total,2026-09-08,2023,province,3400,Di Yogyakarta,percent,97.02,Badan Pusat Statistik,webapi-var-1980-updated-2026-08-26,domain=0000;var=1980;vervar=3400;turvar=1673;th=123;turth=0
bps_webapi,sdg04_completion_rate,smp.total,2026-09-08,2023,province,3500,Jawa Timur,percent,90.74,Badan Pusat Statistik,webapi-var-1980-updated-2026-08-26,domain=0000;var=1980;vervar=3500;turvar=1673;th=123;turth=0
bps_webapi,sdg04_completion_rate,smp.total,2026-09-08,2023,province,3600,Banten,percent,90.86,Badan Pusat Statistik,webapi-var-1980-updated-2026-08-26,domain=0000;var=1980;vervar=3600;turvar=1673;th=123;turth=0
bps_webapi,sdg04_completion_rate,smp.total,2026-09-08,2023,province,5100,Bali,percent,93.03,Badan Pusat Statistik,webapi-var-1980-updated-2026-08-26,domain=0000;var=1980;vervar=5100;turvar=1673;th=123;turth=0
bps_webapi,sdg04_completion_rate,smp.total,2026-09-08,2023,province,5200,Nusa Tenggara Barat,percent,92.95,Badan Pusat Statistik,webapi-var-1980-updated-2026-08-26,domain=0000;var=1980;vervar=5200;turvar=1673;th=123;turth=0
bps_webapi,sdg04_completion_rate,smp.total,2026-09-08,2023,province,5300,Nusa Tenggara Timur,percent,82.48,Badan Pusat Statistik,webapi-var-1980-updated-2026-08-26,domain=0000;var=1980;vervar=5300;turvar=1673;th=123;turth=0
bps_webapi,sdg04_completion_rate,smp.total,2026-09-08,2023,province,6100,Kalimantan Barat,percent,81.56,Badan Pusat Statistik,webapi-var-1980-updated-2026-08-26,domain=0000;var=1980;vervar=6100;turvar=1673;th=123;turth=0
bps_webapi,sdg04_completion_rate,smp.total,2026-09-08,2023,province,6200,Kalimantan Tengah,percent,88.92,Badan Pusat Statistik,webapi-var-1980-updated-2026-08-26,domain=0000;var=1980;vervar=6200;turvar=1673;th=123;turth=0
bps_webapi,sdg04_completion_rate,smp.total,2026-09-08,2023,province,6300,Kalimantan Selatan,percent,88.19,Badan Pusat Statistik,webapi-var-1980-updated-2026-08-26,domain=0000;var=1980;vervar=6300;turvar=1673;th=123;turth=0
bps_webapi,sdg04_completion_rate,smp.total,2026-09-08,2023,province,6400,Kalimantan Timur,percent,94.85,Badan Pusat Statistik,webapi-var-1980-updated-2026-08-26,domain=0000;var=1980;vervar=6400;turvar=1673;th=123;turth=0
bps_webapi,sdg04_completion_rate,smp.total,2026-09-08,2023,province,6500,Kalimantan Utara,percent,88.08,Badan Pusat Statistik,webapi-var-1980-updated-2026-08-26,domain=0000;var=1980;vervar=6500;turvar=1673;th=123;turth=0
bps_webapi,sdg04_completion_rate,smp.total,2026-09-08,2023,province,7100,Sulawesi Utara,percent,92.07,Badan Pusat Statistik,webapi-var-1980-updated-2026-08-26,domain=0000;var=1980;vervar=7100;turvar=1673;th=123;turth=0
bps_webapi,sdg04_completion_rate,smp.total,2026-09-08,2023,province,7200,Sulawesi Tengah,percent,90.05,Badan Pusat Statistik,webapi-var-1980-updated-2026-08-26,domain=0000;var=1980;vervar=7200;turvar=1673;th=123;turth=0
bps_webapi,sdg04_completion_rate,smp.total,2026-09-08,2023,province,7300,Sulawesi Selatan,percent,88.74,Badan Pusat Statistik,webapi-var-1980-updated-2026-08-26,domain=0000;var=1980;vervar=7300;turvar=1673;th=123;turth=0
bps_webapi,sdg04_completion_rate,smp.total,2026-09-08,2023,province,7400,Sulawesi Tenggara,percent,89.55,Badan Pusat Statistik,webapi-var-1980-updated-2026-08-26,domain=0000;var=1980;vervar=7400;turvar=1673;th=123;turth=0
bps_webapi,sdg04_completion_rate,smp.total,2026-09-08,2023,province,7500,Gorontalo,percent,83.71,Badan Pusat Statistik,webapi-var-1980-updated-2026-08-26,domain=0000;var=1980;vervar=7500;turvar=1673;th=123;turth=0
bps_webapi,sdg04_completion_rate,smp.total,2026-09-08,2023,province,7600,Sulawesi Barat,percent,84.04,Badan Pusat Statistik,webapi-var-1980-updated-2026-08-26,domain=0000;var=1980;vervar=7600;turvar=1673;th=123;turth=0
bps_webapi,sdg04_completion_rate,smp.total,2026-09-08,2023,province,8100,Maluku,percent,93.9,Badan Pusat Statistik,webapi-var-1980-updated-2026-08-26,domain=0000;var=1980;vervar=8100;turvar=1673;th=123;turth=0
bps_webapi,sdg04_completion_rate,smp.total,2026-09-08,2023,province,8200,Maluku Utara,percent,93.46,Badan Pusat Statistik,webapi-var-1980-updated-2026-08-26,domain=0000;var=1980;vervar=8200;turvar=1673;th=123;turth=0
bps_webapi,sdg04_completion_rate,smp.total,2026-09-08,2023,province,9100,Papua Barat,percent,88.63,Badan Pusat Statistik,webapi-var-1980-updated-2026-08-26,domain=0000;var=1980;vervar=9100;turvar=1673;th=123;turth=0
bps_webapi,sdg04_completion_rate,smp.total,2026-09-08,2023,province,9400,Papua,percent,67.12,Badan Pusat Statistik,webapi-var-1980-updated-2026-08-26,domain=0000;var=1980;vervar=9400;turvar=1673;th=123;turth=0
bps_webapi,sdg04_parity_index,sd.total,2026-09-08,2015,national,9999,Indonesia,index_percent,100.33,Badan Pusat Statistik,webapi-var-1455-updated-2025-12-12,domain=0000;var=1455;vervar=9999;turvar=1169;th=115;turth=0
bps_webapi,sdg04_parity_index,sd.total,2026-09-08,2015,province,1100,Aceh,index_percent,102.83,Badan Pusat Statistik,webapi-var-1455-updated-2025-12-12,domain=0000;var=1455;vervar=1100;turvar=1169;th=115;turth=0
bps_webapi,sdg04_parity_index,sd.total,2026-09-08,2015,province,1200,Sumatera Utara,index_percent,100.55,Badan Pusat Statistik,webapi-var-1455-updated-2025-12-12,domain=0000;var=1455;vervar=1200;turvar=1169;th=115;turth=0
bps_webapi,sdg04_parity_index,sd.total,2026-09-08,2015,province,1300,Sumatera Barat,index_percent,99.72,Badan Pusat Statistik,webapi-var-1455-updated-2025-12-12,domain=0000;var=1455;vervar=1300;turvar=1169;th=115;turth=0
bps_webapi,sdg04_parity_index,sd.total,2026-09-08,2015,province,1400,Riau,index_percent,98.26,Badan Pusat Statistik,webapi-var-1455-updated-2025-12-12,domain=0000;var=1455;vervar=1400;turvar=1169;th=115;turth=0
bps_webapi,sdg04_parity_index,sd.total,2026-09-08,2015,province,1500,Jambi,index_percent,101.3,Badan Pusat Statistik,webapi-var-1455-updated-2025-12-12,domain=0000;var=1455;vervar=1500;turvar=1169;th=115;turth=0
bps_webapi,sdg04_parity_index,sd.total,2026-09-08,2015,province,1600,Sumatera Selatan,index_percent,100.39,Badan Pusat Statistik,webapi-var-1455-updated-2025-12-12,domain=0000;var=1455;vervar=1600;turvar=1169;th=115;turth=0
bps_webapi,sdg04_parity_index,sd.total,2026-09-08,2015,province,1700,Bengkulu,index_percent,102.15,Badan Pusat Statistik,webapi-var-1455-updated-2025-12-12,domain=0000;var=1455;vervar=1700;turvar=1169;th=115;turth=0
bps_webapi,sdg04_parity_index,sd.total,2026-09-08,2015,province,1800,Lampung,index_percent,101.26,Badan Pusat Statistik,webapi-var-1455-updated-2025-12-12,domain=0000;var=1455;vervar=1800;turvar=1169;th=115;turth=0
bps_webapi,sdg04_parity_index,sd.total,2026-09-08,2015,province,1900,Kep. Bangka Belitung,index_percent,100.53,Badan Pusat Statistik,webapi-var-1455-updated-2025-12-12,domain=0000;var=1455;vervar=1900;turvar=1169;th=115;turth=0
bps_webapi,sdg04_parity_index,sd.total,2026-09-08,2015,province,2100,Kep. Riau,index_percent,99.13,Badan Pusat Statistik,webapi-var-1455-updated-2025-12-12,domain=0000;var=1455;vervar=2100;turvar=1169;th=115;turth=0
bps_webapi,sdg04_parity_index,sd.total,2026-09-08,2015,province,3100,Dki Jakarta,index_percent,99.61,Badan Pusat Statistik,webapi-var-1455-updated-2025-12-12,domain=0000;var=1455;vervar=3100;turvar=1169;th=115;turth=0
bps_webapi,sdg04_parity_index,sd.total,2026-09-08,2015,province,3200,Jawa Barat,index_percent,101.37,Badan Pusat Statistik,webapi-var-1455-updated-2025-12-12,domain=0000;var=1455;vervar=3200;turvar=1169;th=115;turth=0
bps_webapi,sdg04_parity_index,sd.total,2026-09-08,2015,province,3300,Jawa Tengah,index_percent,99.68,Badan Pusat Statistik,webapi-var-1455-updated-2025-12-12,domain=0000;var=1455;vervar=3300;turvar=1169;th=115;turth=0
bps_webapi,sdg04_parity_index,sd.total,2026-09-08,2015,province,3400,Di Yogyakarta,index_percent,100.03,Badan Pusat Statistik,webapi-var-1455-updated-2025-12-12,domain=0000;var=1455;vervar=3400;turvar=1169;th=115;turth=0
bps_webapi,sdg04_parity_index,sd.total,2026-09-08,2015,province,3500,Jawa Timur,index_percent,99.68,Badan Pusat Statistik,webapi-var-1455-updated-2025-12-12,domain=0000;var=1455;vervar=3500;turvar=1169;th=115;turth=0
bps_webapi,sdg04_parity_index,sd.total,2026-09-08,2015,province,3600,Banten,index_percent,98.68,Badan Pusat Statistik,webapi-var-1455-updated-2025-12-12,domain=0000;var=1455;vervar=3600;turvar=1169;th=115;turth=0
bps_webapi,sdg04_parity_index,sd.total,2026-09-08,2015,province,5100,Bali,index_percent,97.98,Badan Pusat Statistik,webapi-var-1455-updated-2025-12-12,domain=0000;var=1455;vervar=5100;turvar=1169;th=115;turth=0
bps_webapi,sdg04_parity_index,sd.total,2026-09-08,2015,province,5200,Nusa Tenggara Barat,index_percent,98.66,Badan Pusat Statistik,webapi-var-1455-updated-2025-12-12,domain=0000;var=1455;vervar=5200;turvar=1169;th=115;turth=0
bps_webapi,sdg04_parity_index,sd.total,2026-09-08,2015,province,5300,Nusa Tenggara Timur,index_percent,100.28,Badan Pusat Statistik,webapi-var-1455-updated-2025-12-12,domain=0000;var=1455;vervar=5300;turvar=1169;th=115;turth=0
bps_webapi,sdg04_parity_index,sd.total,2026-09-08,2015,province,6100,Kalimantan Barat,index_percent,103.18,Badan Pusat Statistik,webapi-var-1455-updated-2025-12-12,domain=0000;var=1455;vervar=6100;turvar=1169;th=115;turth=0
bps_webapi,sdg04_parity_index,sd.total,2026-09-08,2015,province,6200,Kalimantan Tengah,index_percent,100.93,Badan Pusat Statistik,webapi-var-1455-updated-2025-12-12,domain=0000;var=1455;vervar=6200;turvar=1169;th=115;turth=0
bps_webapi,sdg04_parity_index,sd.total,2026-09-08,2015,province,6300,Kalimantan Selatan,index_percent,102.83,Badan Pusat Statistik,webapi-var-1455-updated-2025-12-12,domain=0000;var=1455;vervar=6300;turvar=1169;th=115;turth=0
bps_webapi,sdg04_parity_index,sd.total,2026-09-08,2015,province,6400,Kalimantan Timur,index_percent,96.37,Badan Pusat Statistik,webapi-var-1455-updated-2025-12-12,domain=0000;var=1455;vervar=6400;turvar=1169;th=115;turth=0
bps_webapi,sdg04_parity_index,sd.total,2026-09-08,2015,province,6500,Kalimantan Utara,index_percent,99.1,Badan Pusat Statistik,webapi-var-1455-updated-2025-12-12,domain=0000;var=1455;vervar=6500;turvar=1169;th=115;turth=0
bps_webapi,sdg04_parity_index,sd.total,2026-09-08,2015,province,7100,Sulawesi Utara,index_percent,101.03,Badan Pusat Statistik,webapi-var-1455-updated-2025-12-12,domain=0000;var=1455;vervar=7100;turvar=1169;th=115;turth=0
bps_webapi,sdg04_parity_index,sd.total,2026-09-08,2015,province,7200,Sulawesi Tengah,index_percent,99.66,Badan Pusat Statistik,webapi-var-1455-updated-2025-12-12,domain=0000;var=1455;vervar=7200;turvar=1169;th=115;turth=0
bps_webapi,sdg04_parity_index,sd.total,2026-09-08,2015,province,7300,Sulawesi Selatan,index_percent,101.55,Badan Pusat Statistik,webapi-var-1455-updated-2025-12-12,domain=0000;var=1455;vervar=7300;turvar=1169;th=115;turth=0
bps_webapi,sdg04_parity_index,sd.total,2026-09-08,2015,province,7400,Sulawesi Tenggara,index_percent,102.56,Badan Pusat Statistik,webapi-var-1455-updated-2025-12-12,domain=0000;var=1455;vervar=7400;turvar=1169;th=115;turth=0
bps_webapi,sdg04_parity_index,sd.total,2026-09-08,2015,province,7500,Gorontalo,index_percent,102.96,Badan Pusat Statistik,webapi-var-1455-updated-2025-12-12,domain=0000;var=1455;vervar=7500;turvar=1169;th=115;turth=0
bps_webapi,sdg04_parity_index,sd.total,2026-09-08,2015,province,7600,Sulawesi Barat,index_percent,100.69,Badan Pusat Statistik,webapi-var-1455-updated-2025-12-12,domain=0000;var=1455;vervar=7600;turvar=1169;th=115;turth=0
bps_webapi,sdg04_parity_index,sd.total,2026-09-08,2015,province,8100,Maluku,index_percent,97.49,Badan Pusat Statistik,webapi-var-1455-updated-2025-12-12,domain=0000;var=1455;vervar=8100;turvar=1169;th=115;turth=0
bps_webapi,sdg04_parity_index,sd.total,2026-09-08,2015,province,8200,Maluku Utara,index_percent,100.14,Badan Pusat Statistik,webapi-var-1455-updated-2025-12-12,domain=0000;var=1455;vervar=8200;turvar=1169;th=115;turth=0
bps_webapi,sdg04_parity_index,sd.total,2026-09-08,2015,province,9100,Papua Barat,index_percent,97.91,Badan Pusat Statistik,webapi-var-1455-updated-2025-12-12,domain=0000;var=1455;vervar=9100;turvar=1169;th=115;turth=0
bps_webapi,sdg04_parity_index,sd.total,2026-09-08,2015,province,9400,Papua,index_percent,99.4,Badan Pusat Statistik,webapi-var-1455-updated-2025-12-12,domain=0000;var=1455;vervar=9400;turvar=1169;th=115;turth=0
bps_webapi,sdg04_parity_index,sd.total,2026-09-08,2016,national,9999,Indonesia,index_percent,99.7,Badan Pusat Statistik,webapi-var-1455-updated-2025-12-12,domain=0000;var=1455;vervar=9999;turvar=1169;th=116;turth=0
bps_webapi,sdg04_parity_index,sd.total,2026-09-08,2016,province,1100,Aceh,index_percent,99.13,Badan Pusat Statistik,webapi-var-1455-updated-2025-12-12,domain=0000;var=1455;vervar=1100;turvar=1169;th=116;turth=0
bps_webapi,sdg04_parity_index,sd.total,2026-09-08,2016,province,1200,Sumatera Utara,index_percent,100.53,Badan Pusat Statistik,webapi-var-1455-updated-2025-12-12,domain=0000;var=1455;vervar=1200;turvar=1169;th=116;turth=0
bps_webapi,sdg04_parity_index,sd.total,2026-09-08,2016,province,1300,Sumatera Barat,index_percent,100.57,Badan Pusat Statistik,webapi-var-1455-updated-2025-12-12,domain=0000;var=1455;vervar=1300;turvar=1169;th=116;turth=0
bps_webapi,sdg04_parity_index,sd.total,2026-09-08,2016,province,1400,Riau,index_percent,100.48,Badan Pusat Statistik,webapi-var-1455-updated-2025-12-12,domain=0000;var=1455;vervar=1400;turvar=1169;th=116;turth=0
bps_webapi,sdg04_parity_index,sd.total,2026-09-08,2016,province,1500,Jambi,index_percent,99.28,Badan Pusat Statistik,webapi-var-1455-updated-2025-12-12,domain=0000;var=1455;vervar=1500;turvar=1169;th=116;turth=0
bps_webapi,sdg04_parity_index,sd.total,2026-09-08,2016,province,1600,Sumatera Selatan,index_percent,99.37,Badan Pusat Statistik,webapi-var-1455-updated-2025-12-12,domain=0000;var=1455;vervar=1600;turvar=1169;th=116;turth=0
bps_webapi,sdg04_parity_index,sd.total,2026-09-08,2016,province,1700,Bengkulu,index_percent,100.04,Badan Pusat Statistik,webapi-var-1455-updated-2025-12-12,domain=0000;var=1455;vervar=1700;turvar=1169;th=116;turth=0
bps_webapi,sdg04_parity_index,sd.total,2026-09-08,2016,province,1800,Lampung,index_percent,99.09,Badan Pusat Statistik,webapi-var-1455-updated-2025-12-12,domain=0000;var=1455;vervar=1800;turvar=1169;th=116;turth=0
bps_webapi,sdg04_parity_index,sd.total,2026-09-08,2016,province,1900,Kep. Bangka Belitung,index_percent,100.9,Badan Pusat Statistik,webapi-var-1455-updated-2025-12-12,domain=0000;var=1455;vervar=1900;turvar=1169;th=116;turth=0
bps_webapi,sdg04_parity_index,sd.total,2026-09-08,2016,province,2100,Kep. Riau,index_percent,99.81,Badan Pusat Statistik,webapi-var-1455-updated-2025-12-12,domain=0000;var=1455;vervar=2100;turvar=1169;th=116;turth=0
bps_webapi,sdg04_parity_index,sd.total,2026-09-08,2016,province,3100,Dki Jakarta,index_percent,100.7,Badan Pusat Statistik,webapi-var-1455-updated-2025-12-12,domain=0000;var=1455;vervar=3100;turvar=1169;th=116;turth=0
bps_webapi,sdg04_parity_index,sd.total,2026-09-08,2016,province,3200,Jawa Barat,index_percent,99.21,Badan Pusat Statistik,webapi-var-1455-updated-2025-12-12,domain=0000;var=1455;vervar=3200;turvar=1169;th=116;turth=0
bps_webapi,sdg04_parity_index,sd.total,2026-09-08,2016,province,3300,Jawa Tengah,index_percent,99.09,Badan Pusat Statistik,webapi-var-1455-updated-2025-12-12,domain=0000;var=1455;vervar=3300;turvar=1169;th=116;turth=0
bps_webapi,sdg04_parity_index,sd.total,2026-09-08,2016,province,3400,Di Yogyakarta,index_percent,99.88,Badan Pusat Statistik,webapi-var-1455-updated-2025-12-12,domain=0000;var=1455;vervar=3400;turvar=1169;th=116;turth=0
bps_webapi,sdg04_parity_index,sd.total,2026-09-08,2016,province,3500,Jawa Timur,index_percent,99.82,Badan Pusat Statistik,webapi-var-1455-updated-2025-12-12,domain=0000;var=1455;vervar=3500;turvar=1169;th=116;turth=0
bps_webapi,sdg04_parity_index,sd.total,2026-09-08,2016,province,3600,Banten,index_percent,100.26,Badan Pusat Statistik,webapi-var-1455-updated-2025-12-12,domain=0000;var=1455;vervar=3600;turvar=1169;th=116;turth=0
bps_webapi,sdg04_parity_index,sd.total,2026-09-08,2016,province,5100,Bali,index_percent,97.2,Badan Pusat Statistik,webapi-var-1455-updated-2025-12-12,domain=0000;var=1455;vervar=5100;turvar=1169;th=116;turth=0
bps_webapi,sdg04_parity_index,sd.total,2026-09-08,2016,province,5200,Nusa Tenggara Barat,index_percent,99.3,Badan Pusat Statistik,webapi-var-1455-updated-2025-12-12,domain=0000;var=1455;vervar=5200;turvar=1169;th=116;turth=0
bps_webapi,sdg04_parity_index,sd.total,2026-09-08,2016,province,5300,Nusa Tenggara Timur,index_percent,98.52,Badan Pusat Statistik,webapi-var-1455-updated-2025-12-12,domain=0000;var=1455;vervar=5300;turvar=1169;th=116;turth=0
bps_webapi,sdg04_parity_index,sd.total,2026-09-08,2016,province,6100,Kalimantan Barat,index_percent,100.9,Badan Pusat Statistik,webapi-var-1455-updated-2025-12-12,domain=0000;var=1455;vervar=6100;turvar=1169;th=116;turth=0
bps_webapi,sdg04_parity_index,sd.total,2026-09-08,2016,province,6200,Kalimantan Tengah,index_percent,99.65,Badan Pusat Statistik,webapi-var-1455-updated-2025-12-12,domain=0000;var=1455;vervar=6200;turvar=1169;th=116;turth=0
bps_webapi,sdg04_parity_index,sd.total,2026-09-08,2016,province,6300,Kalimantan Selatan,index_percent,98.63,Badan Pusat Statistik,webapi-var-1455-updated-2025-12-12,domain=0000;var=1455;vervar=6300;turvar=1169;th=116;turth=0
bps_webapi,sdg04_parity_index,sd.total,2026-09-08,2016,province,6400,Kalimantan Timur,index_percent,99.36,Badan Pusat Statistik,webapi-var-1455-updated-2025-12-12,domain=0000;var=1455;vervar=6400;turvar=1169;th=116;turth=0
bps_webapi,sdg04_parity_index,sd.total,2026-09-08,2016,province,6500,Kalimantan Utara,index_percent,99.78,Badan Pusat Statistik,webapi-var-1455-updated-2025-12-12,domain=0000;var=1455;vervar=6500;turvar=1169;th=116;turth=0
bps_webapi,sdg04_parity_index,sd.total,2026-09-08,2016,province,7100,Sulawesi Utara,index_percent,99.99,Badan Pusat Statistik,webapi-var-1455-updated-2025-12-12,domain=0000;var=1455;vervar=7100;turvar=1169;th=116;turth=0
bps_webapi,sdg04_parity_index,sd.total,2026-09-08,2016,province,7200,Sulawesi Tengah,index_percent,102.84,Badan Pusat Statistik,webapi-var-1455-updated-2025-12-12,domain=0000;var=1455;vervar=7200;turvar=1169;th=116;turth=0
bps_webapi,sdg04_parity_index,sd.total,2026-09-08,2016,province,7300,Sulawesi Selatan,index_percent,100.83,Badan Pusat Statistik,webapi-var-1455-updated-2025-12-12,domain=0000;var=1455;vervar=7300;turvar=1169;th=116;turth=0
bps_webapi,sdg04_parity_index,sd.total,2026-09-08,2016,province,7400,Sulawesi Tenggara,index_percent,101.12,Badan Pusat Statistik,webapi-var-1455-updated-2025-12-12,domain=0000;var=1455;vervar=7400;turvar=1169;th=116;turth=0
bps_webapi,sdg04_parity_index,sd.total,2026-09-08,2016,province,7500,Gorontalo,index_percent,100.94,Badan Pusat Statistik,webapi-var-1455-updated-2025-12-12,domain=0000;var=1455;vervar=7500;turvar=1169;th=116;turth=0
bps_webapi,sdg04_parity_index,sd.total,2026-09-08,2016,province,7600,Sulawesi Barat,index_percent,101.13,Badan Pusat Statistik,webapi-var-1455-updated-2025-12-12,domain=0000;var=1455;vervar=7600;turvar=1169;th=116;turth=0
bps_webapi,sdg04_parity_index,sd.total,2026-09-08,2016,province,8100,Maluku,index_percent,99.15,Badan Pusat Statistik,webapi-var-1455-updated-2025-12-12,domain=0000;var=1455;vervar=8100;turvar=1169;th=116;turth=0
bps_webapi,sdg04_parity_index,sd.total,2026-09-08,2016,province,8200,Maluku Utara,index_percent,99.01,Badan Pusat Statistik,webapi-var-1455-updated-2025-12-12,domain=0000;var=1455;vervar=8200;turvar=1169;th=116;turth=0
bps_webapi,sdg04_parity_index,sd.total,2026-09-08,2016,province,9100,Papua Barat,index_percent,98.21,Badan Pusat Statistik,webapi-var-1455-updated-2025-12-12,domain=0000;var=1455;vervar=9100;turvar=1169;th=116;turth=0
bps_webapi,sdg04_parity_index,sd.total,2026-09-08,2016,province,9400,Papua,index_percent,99.28,Badan Pusat Statistik,webapi-var-1455-updated-2025-12-12,domain=0000;var=1455;vervar=9400;turvar=1169;th=116;turth=0
bps_webapi,sdg04_parity_index,sd.total,2026-09-08,2017,national,9999,Indonesia,index_percent,99.69,Badan Pusat Statistik,webapi-var-1455-updated-2025-12-12,domain=0000;var=1455;vervar=9999;turvar=1169;th=117;turth=0
bps_webapi,sdg04_parity_index,sd.total,2026-09-08,2017,province,1100,Aceh,index_percent,99.93,Badan Pusat Statistik,webapi-var-1455-updated-2025-12-12,domain=0000;var=1455;vervar=1100;turvar=1169;th=117;turth=0
bps_webapi,sdg04_parity_index,sd.total,2026-09-08,2017,province,1200,Sumatera Utara,index_percent,100.11,Badan Pusat Statistik,webapi-var-1455-updated-2025-12-12,domain=0000;var=1455;vervar=1200;turvar=1169;th=117;turth=0
bps_webapi,sdg04_parity_index,sd.total,2026-09-08,2017,province,1300,Sumatera Barat,index_percent,100.41,Badan Pusat Statistik,webapi-var-1455-updated-2025-12-12,domain=0000;var=1455;vervar=1300;turvar=1169;th=117;turth=0
bps_webapi,sdg04_parity_index,sd.total,2026-09-08,2017,province,1400,Riau,index_percent,98.52,Badan Pusat Statistik,webapi-var-1455-updated-2025-12-12,domain=0000;var=1455;vervar=1400;turvar=1169;th=117;turth=0
bps_webapi,sdg04_parity_index,sd.total,2026-09-08,2017,province,1500,Jambi,index_percent,100.61,Badan Pusat Statistik,webapi-var-1455-updated-2025-12-12,domain=0000;var=1455;vervar=1500;turvar=1169;th=117;turth=0
bps_webapi,sdg04_parity_index,sd.total,2026-09-08,2017,province,1600,Sumatera Selatan,index_percent,98.29,Badan Pusat Statistik,webapi-var-1455-updated-2025-12-12,domain=0000;var=1455;vervar=1600;turvar=1169;th=117;turth=0
bps_webapi,sdg04_parity_index,sd.total,2026-09-08,2017,province,1700,Bengkulu,index_percent,99.93,Badan Pusat Statistik,webapi-var-1455-updated-2025-12-12,domain=0000;var=1455;vervar=1700;turvar=1169;th=117;turth=0
bps_webapi,sdg04_parity_index,sd.total,2026-09-08,2017,province,1800,Lampung,index_percent,99.8,Badan Pusat Statistik,webapi-var-1455-updated-2025-12-12,domain=0000;var=1455;vervar=1800;turvar=1169;th=117;turth=0
bps_webapi,sdg04_parity_index,sd.total,2026-09-08,2017,province,1900,Kep. Bangka Belitung,index_percent,100.92,Badan Pusat Statistik,webapi-var-1455-updated-2025-12-12,domain=0000;var=1455;vervar=1900;turvar=1169;th=117;turth=0
bps_webapi,sdg04_parity_index,sd.total,2026-09-08,2017,province,2100,Kep. Riau,index_percent,101.01,Badan Pusat Statistik,webapi-var-1455-updated-2025-12-12,domain=0000;var=1455;vervar=2100;turvar=1169;th=117;turth=0
bps_webapi,sdg04_parity_index,sd.total,2026-09-08,2017,province,3100,Dki Jakarta,index_percent,99.87,Badan Pusat Statistik,webapi-var-1455-updated-2025-12-12,domain=0000;var=1455;vervar=3100;turvar=1169;th=117;turth=0
bps_webapi,sdg04_parity_index,sd.total,2026-09-08,2017,province,3200,Jawa Barat,index_percent,99.47,Badan Pusat Statistik,webapi-var-1455-updated-2025-12-12,domain=0000;var=1455;vervar=3200;turvar=1169;th=117;turth=0
bps_webapi,sdg04_parity_index,sd.total,2026-09-08,2017,province,3300,Jawa Tengah,index_percent,99.28,Badan Pusat Statistik,webapi-var-1455-updated-2025-12-12,domain=0000;var=1455;vervar=3300;turvar=1169;th=117;turth=0
bps_webapi,sdg04_parity_index,sd.total,2026-09-08,2017,province,3400,Di Yogyakarta,index_percent,99.33,Badan Pusat Statistik,webapi-var-1455-updated-2025-12-12,domain=0000;var=1455;vervar=3400;turvar=1169;th=117;turth=0
bps_webapi,sdg04_parity_index,sd.total,2026-09-08,2017,province,3500,Jawa Timur,index_percent,99.74,Badan Pusat Statistik,webapi-var-1455-updated-2025-12-12,domain=0000;var=1455;vervar=3500;turvar=1169;th=117;turth=0
bps_webapi,sdg04_parity_index,sd.total,2026-09-08,2017,province,3600,Banten,index_percent,100,Badan Pusat Statistik,webapi-var-1455-updated-2025-12-12,domain=0000;var=1455;vervar=3600;turvar=1169;th=117;turth=0
bps_webapi,sdg04_parity_index,sd.total,2026-09-08,2017,province,5100,Bali,index_percent,100.95,Badan Pusat Statistik,webapi-var-1455-updated-2025-12-12,domain=0000;var=1455;vervar=5100;turvar=1169;th=117;turth=0
bps_webapi,sdg04_parity_index,sd.total,2026-09-08,2017,province,5200,Nusa Tenggara Barat,index_percent,100.57,Badan Pusat Statistik,webapi-var-1455-updated-2025-12-12,domain=0000;var=1455;vervar=5200;turvar=1169;th=117;turth=0
bps_webapi,sdg04_parity_index,sd.total,2026-09-08,2017,province,5300,Nusa Tenggara Timur,index_percent,100.16,Badan Pusat Statistik,webapi-var-1455-updated-2025-12-12,domain=0000;var=1455;vervar=5300;turvar=1169;th=117;turth=0
bps_webapi,sdg04_parity_index,sd.total,2026-09-08,2017,province,6100,Kalimantan Barat,index_percent,99.76,Badan Pusat Statistik,webapi-var-1455-updated-2025-12-12,domain=0000;var=1455;vervar=6100;turvar=1169;th=117;turth=0
bps_webapi,sdg04_parity_index,sd.total,2026-09-08,2017,province,6200,Kalimantan Tengah,index_percent,99.53,Badan Pusat Statistik,webapi-var-1455-updated-2025-12-12,domain=0000;var=1455;vervar=6200;turvar=1169;th=117;turth=0
bps_webapi,sdg04_parity_index,sd.total,2026-09-08,2017,province,6300,Kalimantan Selatan,index_percent,99.74,Badan Pusat Statistik,webapi-var-1455-updated-2025-12-12,domain=0000;var=1455;vervar=6300;turvar=1169;th=117;turth=0
bps_webapi,sdg04_parity_index,sd.total,2026-09-08,2017,province,6400,Kalimantan Timur,index_percent,99.8,Badan Pusat Statistik,webapi-var-1455-updated-2025-12-12,domain=0000;var=1455;vervar=6400;turvar=1169;th=117;turth=0
bps_webapi,sdg04_parity_index,sd.total,2026-09-08,2017,province,6500,Kalimantan Utara,index_percent,101.95,Badan Pusat Statistik,webapi-var-1455-updated-2025-12-12,domain=0000;var=1455;vervar=6500;turvar=1169;th=117;turth=0
bps_webapi,sdg04_parity_index,sd.total,2026-09-08,2017,province,7100,Sulawesi Utara,index_percent,99.32,Badan Pusat Statistik,webapi-var-1455-updated-2025-12-12,domain=0000;var=1455;vervar=7100;turvar=1169;th=117;turth=0
bps_webapi,sdg04_parity_index,sd.total,2026-09-08,2017,province,7200,Sulawesi Tengah,index_percent,99.83,Badan Pusat Statistik,webapi-var-1455-updated-2025-12-12,domain=0000;var=1455;vervar=7200;turvar=1169;th=117;turth=0
bps_webapi,sdg04_parity_index,sd.total,2026-09-08,2017,province,7300,Sulawesi Selatan,index_percent,100.09,Badan Pusat Statistik,webapi-var-1455-updated-2025-12-12,domain=0000;var=1455;vervar=7300;turvar=1169;th=117;turth=0
bps_webapi,sdg04_parity_index,sd.total,2026-09-08,2017,province,7400,Sulawesi Tenggara,index_percent,96.9,Badan Pusat Statistik,webapi-var-1455-updated-2025-12-12,domain=0000;var=1455;vervar=7400;turvar=1169;th=117;turth=0
bps_webapi,sdg04_parity_index,sd.total,2026-09-08,2017,province,7500,Gorontalo,index_percent,99.44,Badan Pusat Statistik,webapi-var-1455-updated-2025-12-12,domain=0000;var=1455;vervar=7500;turvar=1169;th=117;turth=0
bps_webapi,sdg04_parity_index,sd.total,2026-09-08,2017,province,7600,Sulawesi Barat,index_percent,100.18,Badan Pusat Statistik,webapi-var-1455-updated-2025-12-12,domain=0000;var=1455;vervar=7600;turvar=1169;th=117;turth=0
bps_webapi,sdg04_parity_index,sd.total,2026-09-08,2017,province,8100,Maluku,index_percent,100.84,Badan Pusat Statistik,webapi-var-1455-updated-2025-12-12,domain=0000;var=1455;vervar=8100;turvar=1169;th=117;turth=0
bps_webapi,sdg04_parity_index,sd.total,2026-09-08,2017,province,8200,Maluku Utara,index_percent,100.7,Badan Pusat Statistik,webapi-var-1455-updated-2025-12-12,domain=0000;var=1455;vervar=8200;turvar=1169;th=117;turth=0
bps_webapi,sdg04_parity_index,sd.total,2026-09-08,2017,province,9100,Papua Barat,index_percent,98.3,Badan Pusat Statistik,webapi-var-1455-updated-2025-12-12,domain=0000;var=1455;vervar=9100;turvar=1169;th=117;turth=0
bps_webapi,sdg04_parity_index,sd.total,2026-09-08,2017,province,9400,Papua,index_percent,99.42,Badan Pusat Statistik,webapi-var-1455-updated-2025-12-12,domain=0000;var=1455;vervar=9400;turvar=1169;th=117;turth=0
bps_webapi,sdg04_parity_index,sd.total,2026-09-08,2018,national,9999,Indonesia,index_percent,99.57,Badan Pusat Statistik,webapi-var-1455-updated-2025-12-12,domain=0000;var=1455;vervar=9999;turvar=1169;th=118;turth=0
bps_webapi,sdg04_parity_index,sd.total,2026-09-08,2018,province,1100,Aceh,index_percent,99.64,Badan Pusat Statistik,webapi-var-1455-updated-2025-12-12,domain=0000;var=1455;vervar=1100;turvar=1169;th=118;turth=0
bps_webapi,sdg04_parity_index,sd.total,2026-09-08,2018,province,1200,Sumatera Utara,index_percent,99.26,Badan Pusat Statistik,webapi-var-1455-updated-2025-12-12,domain=0000;var=1455;vervar=1200;turvar=1169;th=118;turth=0
bps_webapi,sdg04_parity_index,sd.total,2026-09-08,2018,province,1300,Sumatera Barat,index_percent,99.65,Badan Pusat Statistik,webapi-var-1455-updated-2025-12-12,domain=0000;var=1455;vervar=1300;turvar=1169;th=118;turth=0
bps_webapi,sdg04_parity_index,sd.total,2026-09-08,2018,province,1400,Riau,index_percent,99.96,Badan Pusat Statistik,webapi-var-1455-updated-2025-12-12,domain=0000;var=1455;vervar=1400;turvar=1169;th=118;turth=0
bps_webapi,sdg04_parity_index,sd.total,2026-09-08,2018,province,1500,Jambi,index_percent,99.69,Badan Pusat Statistik,webapi-var-1455-updated-2025-12-12,domain=0000;var=1455;vervar=1500;turvar=1169;th=118;turth=0
bps_webapi,sdg04_parity_index,sd.total,2026-09-08,2018,province,1600,Sumatera Selatan,index_percent,99.13,Badan Pusat Statistik,webapi-var-1455-updated-2025-12-12,domain=0000;var=1455;vervar=1600;turvar=1169;th=118;turth=0
bps_webapi,sdg04_parity_index,sd.total,2026-09-08,2018,province,1700,Bengkulu,index_percent,100.26,Badan Pusat Statistik,webapi-var-1455-updated-2025-12-12,domain=0000;var=1455;vervar=1700;turvar=1169;th=118;turth=0
bps_webapi,sdg04_parity_index,sd.total,2026-09-08,2018,province,1800,Lampung,index_percent,99.22,Badan Pusat Statistik,webapi-var-1455-updated-2025-12-12,domain=0000;var=1455;vervar=1800;turvar=1169;th=118;turth=0
bps_webapi,sdg04_parity_index,sd.total,2026-09-08,2018,province,1900,Kep. Bangka Belitung,index_percent,98.77,Badan Pusat Statistik,webapi-var-1455-updated-2025-12-12,domain=0000;var=1455;vervar=1900;turvar=1169;th=118;turth=0
bps_webapi,sdg04_parity_index,sd.total,2026-09-08,2018,province,2100,Kep. Riau,index_percent,99.12,Badan Pusat Statistik,webapi-var-1455-updated-2025-12-12,domain=0000;var=1455;vervar=2100;turvar=1169;th=118;turth=0
bps_webapi,sdg04_parity_index,sd.total,2026-09-08,2018,province,3100,Dki Jakarta,index_percent,99.09,Badan Pusat Statistik,webapi-var-1455-updated-2025-12-12,domain=0000;var=1455;vervar=3100;turvar=1169;th=118;turth=0
bps_webapi,sdg04_parity_index,sd.total,2026-09-08,2018,province,3200,Jawa Barat,index_percent,99.29,Badan Pusat Statistik,webapi-var-1455-updated-2025-12-12,domain=0000;var=1455;vervar=3200;turvar=1169;th=118;turth=0
bps_webapi,sdg04_parity_index,sd.total,2026-09-08,2018,province,3300,Jawa Tengah,index_percent,99.96,Badan Pusat Statistik,webapi-var-1455-updated-2025-12-12,domain=0000;var=1455;vervar=3300;turvar=1169;th=118;turth=0
bps_webapi,sdg04_parity_index,sd.total,2026-09-08,2018,province,3400,Di Yogyakarta,index_percent,99.89,Badan Pusat Statistik,webapi-var-1455-updated-2025-12-12,domain=0000;var=1455;vervar=3400;turvar=1169;th=118;turth=0
bps_webapi,sdg04_parity_index,sd.total,2026-09-08,2018,province,3500,Jawa Timur,index_percent,99.78,Badan Pusat Statistik,webapi-var-1455-updated-2025-12-12,domain=0000;var=1455;vervar=3500;turvar=1169;th=118;turth=0
bps_webapi,sdg04_parity_index,sd.total,2026-09-08,2018,province,3600,Banten,index_percent,99.29,Badan Pusat Statistik,webapi-var-1455-updated-2025-12-12,domain=0000;var=1455;vervar=3600;turvar=1169;th=118;turth=0
bps_webapi,sdg04_parity_index,sd.total,2026-09-08,2018,province,5100,Bali,index_percent,99.12,Badan Pusat Statistik,webapi-var-1455-updated-2025-12-12,domain=0000;var=1455;vervar=5100;turvar=1169;th=118;turth=0
bps_webapi,sdg04_parity_index,sd.total,2026-09-08,2018,province,5200,Nusa Tenggara Barat,index_percent,100.3,Badan Pusat Statistik,webapi-var-1455-updated-2025-12-12,domain=0000;var=1455;vervar=5200;turvar=1169;th=118;turth=0
bps_webapi,sdg04_parity_index,sd.total,2026-09-08,2018,province,5300,Nusa Tenggara Timur,index_percent,99.48,Badan Pusat Statistik,webapi-var-1455-updated-2025-12-12,domain=0000;var=1455;vervar=5300;turvar=1169;th=118;turth=0
bps_webapi,sdg04_parity_index,sd.total,2026-09-08,2018,province,6100,Kalimantan Barat,index_percent,99.65,Badan Pusat Statistik,webapi-var-1455-updated-2025-12-12,domain=0000;var=1455;vervar=6100;turvar=1169;th=118;turth=0
bps_webapi,sdg04_parity_index,sd.total,2026-09-08,2018,province,6200,Kalimantan Tengah,index_percent,99.91,Badan Pusat Statistik,webapi-var-1455-updated-2025-12-12,domain=0000;var=1455;vervar=6200;turvar=1169;th=118;turth=0
bps_webapi,sdg04_parity_index,sd.total,2026-09-08,2018,province,6300,Kalimantan Selatan,index_percent,98.78,Badan Pusat Statistik,webapi-var-1455-updated-2025-12-12,domain=0000;var=1455;vervar=6300;turvar=1169;th=118;turth=0
bps_webapi,sdg04_parity_index,sd.total,2026-09-08,2018,province,6400,Kalimantan Timur,index_percent,100.13,Badan Pusat Statistik,webapi-var-1455-updated-2025-12-12,domain=0000;var=1455;vervar=6400;turvar=1169;th=118;turth=0
bps_webapi,sdg04_parity_index,sd.total,2026-09-08,2018,province,6500,Kalimantan Utara,index_percent,99.11,Badan Pusat Statistik,webapi-var-1455-updated-2025-12-12,domain=0000;var=1455;vervar=6500;turvar=1169;th=118;turth=0
bps_webapi,sdg04_parity_index,sd.total,2026-09-08,2018,province,7100,Sulawesi Utara,index_percent,100.04,Badan Pusat Statistik,webapi-var-1455-updated-2025-12-12,domain=0000;var=1455;vervar=7100;turvar=1169;th=118;turth=0
bps_webapi,sdg04_parity_index,sd.total,2026-09-08,2018,province,7200,Sulawesi Tengah,index_percent,98.06,Badan Pusat Statistik,webapi-var-1455-updated-2025-12-12,domain=0000;var=1455;vervar=7200;turvar=1169;th=118;turth=0
bps_webapi,sdg04_parity_index,sd.total,2026-09-08,2018,province,7300,Sulawesi Selatan,index_percent,100.25,Badan Pusat Statistik,webapi-var-1455-updated-2025-12-12,domain=0000;var=1455;vervar=7300;turvar=1169;th=118;turth=0
bps_webapi,sdg04_parity_index,sd.total,2026-09-08,2018,province,7400,Sulawesi Tenggara,index_percent,100.39,Badan Pusat Statistik,webapi-var-1455-updated-2025-12-12,domain=0000;var=1455;vervar=7400;turvar=1169;th=118;turth=0
bps_webapi,sdg04_parity_index,sd.total,2026-09-08,2018,province,7500,Gorontalo,index_percent,100.89,Badan Pusat Statistik,webapi-var-1455-updated-2025-12-12,domain=0000;var=1455;vervar=7500;turvar=1169;th=118;turth=0
bps_webapi,sdg04_parity_index,sd.total,2026-09-08,2018,province,7600,Sulawesi Barat,index_percent,100.57,Badan Pusat Statistik,webapi-var-1455-updated-2025-12-12,domain=0000;var=1455;vervar=7600;turvar=1169;th=118;turth=0
bps_webapi,sdg04_parity_index,sd.total,2026-09-08,2018,province,8100,Maluku,index_percent,99.74,Badan Pusat Statistik,webapi-var-1455-updated-2025-12-12,domain=0000;var=1455;vervar=8100;turvar=1169;th=118;turth=0
bps_webapi,sdg04_parity_index,sd.total,2026-09-08,2018,province,8200,Maluku Utara,index_percent,99.78,Badan Pusat Statistik,webapi-var-1455-updated-2025-12-12,domain=0000;var=1455;vervar=8200;turvar=1169;th=118;turth=0
bps_webapi,sdg04_parity_index,sd.total,2026-09-08,2018,province,9100,Papua Barat,index_percent,98.22,Badan Pusat Statistik,webapi-var-1455-updated-2025-12-12,domain=0000;var=1455;vervar=9100;turvar=1169;th=118;turth=0
bps_webapi,sdg04_parity_index,sd.total,2026-09-08,2018,province,9400,Papua,index_percent,99.18,Badan Pusat Statistik,webapi-var-1455-updated-2025-12-12,domain=0000;var=1455;vervar=9400;turvar=1169;th=118;turth=0
bps_webapi,sdg04_parity_index,sd.total,2026-09-08,2019,national,9999,Indonesia,index_percent,100.02,Badan Pusat Statistik,webapi-var-1455-updated-2025-12-12,domain=0000;var=1455;vervar=9999;turvar=1169;th=119;turth=0
bps_webapi,sdg04_parity_index,sd.total,2026-09-08,2019,province,1100,Aceh,index_percent,99.68,Badan Pusat Statistik,webapi-var-1455-updated-2025-12-12,domain=0000;var=1455;vervar=1100;turvar=1169;th=119;turth=0
bps_webapi,sdg04_parity_index,sd.total,2026-09-08,2019,province,1200,Sumatera Utara,index_percent,99.74,Badan Pusat Statistik,webapi-var-1455-updated-2025-12-12,domain=0000;var=1455;vervar=1200;turvar=1169;th=119;turth=0
bps_webapi,sdg04_parity_index,sd.total,2026-09-08,2019,province,1300,Sumatera Barat,index_percent,99.74,Badan Pusat Statistik,webapi-var-1455-updated-2025-12-12,domain=0000;var=1455;vervar=1300;turvar=1169;th=119;turth=0
bps_webapi,sdg04_parity_index,sd.total,2026-09-08,2019,province,1400,Riau,index_percent,99.9,Badan Pusat Statistik,webapi-var-1455-updated-2025-12-12,domain=0000;var=1455;vervar=1400;turvar=1169;th=119;turth=0
bps_webapi,sdg04_parity_index,sd.total,2026-09-08,2019,province,1500,Jambi,index_percent,100.62,Badan Pusat Statistik,webapi-var-1455-updated-2025-12-12,domain=0000;var=1455;vervar=1500;turvar=1169;th=119;turth=0
bps_webapi,sdg04_parity_index,sd.total,2026-09-08,2019,province,1600,Sumatera Selatan,index_percent,99.39,Badan Pusat Statistik,webapi-var-1455-updated-2025-12-12,domain=0000;var=1455;vervar=1600;turvar=1169;th=119;turth=0
bps_webapi,sdg04_parity_index,sd.total,2026-09-08,2019,province,1700,Bengkulu,index_percent,99.9,Badan Pusat Statistik,webapi-var-1455-updated-2025-12-12,domain=0000;var=1455;vervar=1700;turvar=1169;th=119;turth=0
bps_webapi,sdg04_parity_index,sd.total,2026-09-08,2019,province,1800,Lampung,index_percent,100.41,Badan Pusat Statistik,webapi-var-1455-updated-2025-12-12,domain=0000;var=1455;vervar=1800;turvar=1169;th=119;turth=0
bps_webapi,sdg04_parity_index,sd.total,2026-09-08,2019,province,1900,Kep. Bangka Belitung,index_percent,98.48,Badan Pusat Statistik,webapi-var-1455-updated-2025-12-12,domain=0000;var=1455;vervar=1900;turvar=1169;th=119;turth=0
bps_webapi,sdg04_parity_index,sd.total,2026-09-08,2019,province,2100,Kep. Riau,index_percent,99.97,Badan Pusat Statistik,webapi-var-1455-updated-2025-12-12,domain=0000;var=1455;vervar=2100;turvar=1169;th=119;turth=0
bps_webapi,sdg04_parity_index,sd.total,2026-09-08,2019,province,3100,Dki Jakarta,index_percent,99.66,Badan Pusat Statistik,webapi-var-1455-updated-2025-12-12,domain=0000;var=1455;vervar=3100;turvar=1169;th=119;turth=0
bps_webapi,sdg04_parity_index,sd.total,2026-09-08,2019,province,3200,Jawa Barat,index_percent,100.47,Badan Pusat Statistik,webapi-var-1455-updated-2025-12-12,domain=0000;var=1455;vervar=3200;turvar=1169;th=119;turth=0
bps_webapi,sdg04_parity_index,sd.total,2026-09-08,2019,province,3300,Jawa Tengah,index_percent,99.6,Badan Pusat Statistik,webapi-var-1455-updated-2025-12-12,domain=0000;var=1455;vervar=3300;turvar=1169;th=119;turth=0
bps_webapi,sdg04_parity_index,sd.total,2026-09-08,2019,province,3400,Di Yogyakarta,index_percent,99.92,Badan Pusat Statistik,webapi-var-1455-updated-2025-12-12,domain=0000;var=1455;vervar=3400;turvar=1169;th=119;turth=0
bps_webapi,sdg04_parity_index,sd.total,2026-09-08,2019,province,3500,Jawa Timur,index_percent,99.99,Badan Pusat Statistik,webapi-var-1455-updated-2025-12-12,domain=0000;var=1455;vervar=3500;turvar=1169;th=119;turth=0
bps_webapi,sdg04_parity_index,sd.total,2026-09-08,2019,province,3600,Banten,index_percent,100.23,Badan Pusat Statistik,webapi-var-1455-updated-2025-12-12,domain=0000;var=1455;vervar=3600;turvar=1169;th=119;turth=0
bps_webapi,sdg04_parity_index,sd.total,2026-09-08,2019,province,5100,Bali,index_percent,99.52,Badan Pusat Statistik,webapi-var-1455-updated-2025-12-12,domain=0000;var=1455;vervar=5100;turvar=1169;th=119;turth=0
bps_webapi,sdg04_parity_index,sd.total,2026-09-08,2019,province,5200,Nusa Tenggara Barat,index_percent,100.17,Badan Pusat Statistik,webapi-var-1455-updated-2025-12-12,domain=0000;var=1455;vervar=5200;turvar=1169;th=119;turth=0
bps_webapi,sdg04_parity_index,sd.total,2026-09-08,2019,province,5300,Nusa Tenggara Timur,index_percent,100.31,Badan Pusat Statistik,webapi-var-1455-updated-2025-12-12,domain=0000;var=1455;vervar=5300;turvar=1169;th=119;turth=0
bps_webapi,sdg04_parity_index,sd.total,2026-09-08,2019,province,6100,Kalimantan Barat,index_percent,99.7,Badan Pusat Statistik,webapi-var-1455-updated-2025-12-12,domain=0000;var=1455;vervar=6100;turvar=1169;th=119;turth=0
bps_webapi,sdg04_parity_index,sd.total,2026-09-08,2019,province,6200,Kalimantan Tengah,index_percent,99.78,Badan Pusat Statistik,webapi-var-1455-updated-2025-12-12,domain=0000;var=1455;vervar=6200;turvar=1169;th=119;turth=0
bps_webapi,sdg04_parity_index,sd.total,2026-09-08,2019,province,6300,Kalimantan Selatan,index_percent,99.7,Badan Pusat Statistik,webapi-var-1455-updated-2025-12-12,domain=0000;var=1455;vervar=6300;turvar=1169;th=119;turth=0
bps_webapi,sdg04_parity_index,sd.total,2026-09-08,2019,province,6400,Kalimantan Timur,index_percent,100.57,Badan Pusat Statistik,webapi-var-1455-updated-2025-12-12,domain=0000;var=1455;vervar=6400;turvar=1169;th=119;turth=0
bps_webapi,sdg04_parity_index,sd.total,2026-09-08,2019,province,6500,Kalimantan Utara,index_percent,95.8,Badan Pusat Statistik,webapi-var-1455-updated-2025-12-12,domain=0000;var=1455;vervar=6500;turvar=1169;th=119;turth=0
bps_webapi,sdg04_parity_index,sd.total,2026-09-08,2019,province,7100,Sulawesi Utara,index_percent,99.07,Badan Pusat Statistik,webapi-var-1455-updated-2025-12-12,domain=0000;var=1455;vervar=7100;turvar=1169;th=119;turth=0
bps_webapi,sdg04_parity_index,sd.total,2026-09-08,2019,province,7200,Sulawesi Tengah,index_percent,99.23,Badan Pusat Statistik,webapi-var-1455-updated-2025-12-12,domain=0000;var=1455;vervar=7200;turvar=1169;th=119;turth=0
bps_webapi,sdg04_parity_index,sd.total,2026-09-08,2019,province,7300,Sulawesi Selatan,index_percent,101.32,Badan Pusat Statistik,webapi-var-1455-updated-2025-12-12,domain=0000;var=1455;vervar=7300;turvar=1169;th=119;turth=0
bps_webapi,sdg04_parity_index,sd.total,2026-09-08,2019,province,7400,Sulawesi Tenggara,index_percent,100.33,Badan Pusat Statistik,webapi-var-1455-updated-2025-12-12,domain=0000;var=1455;vervar=7400;turvar=1169;th=119;turth=0
bps_webapi,sdg04_parity_index,sd.total,2026-09-08,2019,province,7500,Gorontalo,index_percent,101.11,Badan Pusat Statistik,webapi-var-1455-updated-2025-12-12,domain=0000;var=1455;vervar=7500;turvar=1169;th=119;turth=0
bps_webapi,sdg04_parity_index,sd.total,2026-09-08,2019,province,7600,Sulawesi Barat,index_percent,101.91,Badan Pusat Statistik,webapi-var-1455-updated-2025-12-12,domain=0000;var=1455;vervar=7600;turvar=1169;th=119;turth=0
bps_webapi,sdg04_parity_index,sd.total,2026-09-08,2019,province,8100,Maluku,index_percent,99.25,Badan Pusat Statistik,webapi-var-1455-updated-2025-12-12,domain=0000;var=1455;vervar=8100;turvar=1169;th=119;turth=0
bps_webapi,sdg04_parity_index,sd.total,2026-09-08,2019,province,8200,Maluku Utara,index_percent,99.84,Badan Pusat Statistik,webapi-var-1455-updated-2025-12-12,domain=0000;var=1455;vervar=8200;turvar=1169;th=119;turth=0
bps_webapi,sdg04_parity_index,sd.total,2026-09-08,2019,province,9100,Papua Barat,index_percent,98.47,Badan Pusat Statistik,webapi-var-1455-updated-2025-12-12,domain=0000;var=1455;vervar=9100;turvar=1169;th=119;turth=0
bps_webapi,sdg04_parity_index,sd.total,2026-09-08,2019,province,9400,Papua,index_percent,99.28,Badan Pusat Statistik,webapi-var-1455-updated-2025-12-12,domain=0000;var=1455;vervar=9400;turvar=1169;th=119;turth=0
bps_webapi,sdg04_parity_index,sd.total,2026-09-08,2020,national,9999,Indonesia,index_percent,99.98,Badan Pusat Statistik,webapi-var-1455-updated-2025-12-12,domain=0000;var=1455;vervar=9999;turvar=1169;th=120;turth=0
bps_webapi,sdg04_parity_index,sd.total,2026-09-08,2020,province,1100,Aceh,index_percent,100.01,Badan Pusat Statistik,webapi-var-1455-updated-2025-12-12,domain=0000;var=1455;vervar=1100;turvar=1169;th=120;turth=0
bps_webapi,sdg04_parity_index,sd.total,2026-09-08,2020,province,1200,Sumatera Utara,index_percent,100.45,Badan Pusat Statistik,webapi-var-1455-updated-2025-12-12,domain=0000;var=1455;vervar=1200;turvar=1169;th=120;turth=0
bps_webapi,sdg04_parity_index,sd.total,2026-09-08,2020,province,1300,Sumatera Barat,index_percent,99.7,Badan Pusat Statistik,webapi-var-1455-updated-2025-12-12,domain=0000;var=1455;vervar=1300;turvar=1169;th=120;turth=0
bps_webapi,sdg04_parity_index,sd.total,2026-09-08,2020,province,1400,Riau,index_percent,99.63,Badan Pusat Statistik,webapi-var-1455-updated-2025-12-12,domain=0000;var=1455;vervar=1400;turvar=1169;th=120;turth=0
bps_webapi,sdg04_parity_index,sd.total,2026-09-08,2020,province,1500,Jambi,index_percent,100.16,Badan Pusat Statistik,webapi-var-1455-updated-2025-12-12,domain=0000;var=1455;vervar=1500;turvar=1169;th=120;turth=0
bps_webapi,sdg04_parity_index,sd.total,2026-09-08,2020,province,1600,Sumatera Selatan,index_percent,99.11,Badan Pusat Statistik,webapi-var-1455-updated-2025-12-12,domain=0000;var=1455;vervar=1600;turvar=1169;th=120;turth=0
bps_webapi,sdg04_parity_index,sd.total,2026-09-08,2020,province,1700,Bengkulu,index_percent,99.92,Badan Pusat Statistik,webapi-var-1455-updated-2025-12-12,domain=0000;var=1455;vervar=1700;turvar=1169;th=120;turth=0
bps_webapi,sdg04_parity_index,sd.total,2026-09-08,2020,province,1800,Lampung,index_percent,100.15,Badan Pusat Statistik,webapi-var-1455-updated-2025-12-12,domain=0000;var=1455;vervar=1800;turvar=1169;th=120;turth=0
bps_webapi,sdg04_parity_index,sd.total,2026-09-08,2020,province,1900,Kep. Bangka Belitung,index_percent,100.11,Badan Pusat Statistik,webapi-var-1455-updated-2025-12-12,domain=0000;var=1455;vervar=1900;turvar=1169;th=120;turth=0
bps_webapi,sdg04_parity_index,sd.total,2026-09-08,2020,province,2100,Kep. Riau,index_percent,100.71,Badan Pusat Statistik,webapi-var-1455-updated-2025-12-12,domain=0000;var=1455;vervar=2100;turvar=1169;th=120;turth=0
bps_webapi,sdg04_parity_index,sd.total,2026-09-08,2020,province,3100,Dki Jakarta,index_percent,100.37,Badan Pusat Statistik,webapi-var-1455-updated-2025-12-12,domain=0000;var=1455;vervar=3100;turvar=1169;th=120;turth=0
bps_webapi,sdg04_parity_index,sd.total,2026-09-08,2020,province,3200,Jawa Barat,index_percent,99.44,Badan Pusat Statistik,webapi-var-1455-updated-2025-12-12,domain=0000;var=1455;vervar=3200;turvar=1169;th=120;turth=0
bps_webapi,sdg04_parity_index,sd.total,2026-09-08,2020,province,3300,Jawa Tengah,index_percent,100.71,Badan Pusat Statistik,webapi-var-1455-updated-2025-12-12,domain=0000;var=1455;vervar=3300;turvar=1169;th=120;turth=0
bps_webapi,sdg04_parity_index,sd.total,2026-09-08,2020,province,3400,Di Yogyakarta,index_percent,99.64,Badan Pusat Statistik,webapi-var-1455-updated-2025-12-12,domain=0000;var=1455;vervar=3400;turvar=1169;th=120;turth=0
bps_webapi,sdg04_parity_index,sd.total,2026-09-08,2020,province,3500,Jawa Timur,index_percent,100.26,Badan Pusat Statistik,webapi-var-1455-updated-2025-12-12,domain=0000;var=1455;vervar=3500;turvar=1169;th=120;turth=0
bps_webapi,sdg04_parity_index,sd.total,2026-09-08,2020,province,3600,Banten,index_percent,100.77,Badan Pusat Statistik,webapi-var-1455-updated-2025-12-12,domain=0000;var=1455;vervar=3600;turvar=1169;th=120;turth=0
bps_webapi,sdg04_parity_index,sd.total,2026-09-08,2020,province,5100,Bali,index_percent,100.28,Badan Pusat Statistik,webapi-var-1455-updated-2025-12-12,domain=0000;var=1455;vervar=5100;turvar=1169;th=120;turth=0
bps_webapi,sdg04_parity_index,sd.total,2026-09-08,2020,province,5200,Nusa Tenggara Barat,index_percent,99.89,Badan Pusat Statistik,webapi-var-1455-updated-2025-12-12,domain=0000;var=1455;vervar=5200;turvar=1169;th=120;turth=0
bps_webapi,sdg04_parity_index,sd.total,2026-09-08,2020,province,5300,Nusa Tenggara Timur,index_percent,100.72,Badan Pusat Statistik,webapi-var-1455-updated-2025-12-12,domain=0000;var=1455;vervar=5300;turvar=1169;th=120;turth=0
bps_webapi,sdg04_parity_index,sd.total,2026-09-08,2020,province,6100,Kalimantan Barat,index_percent,100.22,Badan Pusat Statistik,webapi-var-1455-updated-2025-12-12,domain=0000;var=1455;vervar=6100;turvar=1169;th=120;turth=0
bps_webapi,sdg04_parity_index,sd.total,2026-09-08,2020,province,6200,Kalimantan Tengah,index_percent,100.14,Badan Pusat Statistik,webapi-var-1455-updated-2025-12-12,domain=0000;var=1455;vervar=6200;turvar=1169;th=120;turth=0
bps_webapi,sdg04_parity_index,sd.total,2026-09-08,2020,province,6300,Kalimantan Selatan,index_percent,100.24,Badan Pusat Statistik,webapi-var-1455-updated-2025-12-12,domain=0000;var=1455;vervar=6300;turvar=1169;th=120;turth=0
bps_webapi,sdg04_parity_index,sd.total,2026-09-08,2020,province,6400,Kalimantan Timur,index_percent,99.95,Badan Pusat Statistik,webapi-var-1455-updated-2025-12-12,domain=0000;var=1455;vervar=6400;turvar=1169;th=120;turth=0
bps_webapi,sdg04_parity_index,sd.total,2026-09-08,2020,province,6500,Kalimantan Utara,index_percent,99.19,Badan Pusat Statistik,webapi-var-1455-updated-2025-12-12,domain=0000;var=1455;vervar=6500;turvar=1169;th=120;turth=0
bps_webapi,sdg04_parity_index,sd.total,2026-09-08,2020,province,7100,Sulawesi Utara,index_percent,98.28,Badan Pusat Statistik,webapi-var-1455-updated-2025-12-12,domain=0000;var=1455;vervar=7100;turvar=1169;th=120;turth=0
bps_webapi,sdg04_parity_index,sd.total,2026-09-08,2020,province,7200,Sulawesi Tengah,index_percent,97.48,Badan Pusat Statistik,webapi-var-1455-updated-2025-12-12,domain=0000;var=1455;vervar=7200;turvar=1169;th=120;turth=0
bps_webapi,sdg04_parity_index,sd.total,2026-09-08,2020,province,7300,Sulawesi Selatan,index_percent,99.58,Badan Pusat Statistik,webapi-var-1455-updated-2025-12-12,domain=0000;var=1455;vervar=7300;turvar=1169;th=120;turth=0
bps_webapi,sdg04_parity_index,sd.total,2026-09-08,2020,province,7400,Sulawesi Tenggara,index_percent,99.45,Badan Pusat Statistik,webapi-var-1455-updated-2025-12-12,domain=0000;var=1455;vervar=7400;turvar=1169;th=120;turth=0
bps_webapi,sdg04_parity_index,sd.total,2026-09-08,2020,province,7500,Gorontalo,index_percent,100.38,Badan Pusat Statistik,webapi-var-1455-updated-2025-12-12,domain=0000;var=1455;vervar=7500;turvar=1169;th=120;turth=0
bps_webapi,sdg04_parity_index,sd.total,2026-09-08,2020,province,7600,Sulawesi Barat,index_percent,98.34,Badan Pusat Statistik,webapi-var-1455-updated-2025-12-12,domain=0000;var=1455;vervar=7600;turvar=1169;th=120;turth=0
bps_webapi,sdg04_parity_index,sd.total,2026-09-08,2020,province,8100,Maluku,index_percent,97.85,Badan Pusat Statistik,webapi-var-1455-updated-2025-12-12,domain=0000;var=1455;vervar=8100;turvar=1169;th=120;turth=0
bps_webapi,sdg04_parity_index,sd.total,2026-09-08,2020,province,8200,Maluku Utara,index_percent,99.89,Badan Pusat Statistik,webapi-var-1455-updated-2025-12-12,domain=0000;var=1455;vervar=8200;turvar=1169;th=120;turth=0
bps_webapi,sdg04_parity_index,sd.total,2026-09-08,2020,province,9100,Papua Barat,index_percent,99.02,Badan Pusat Statistik,webapi-var-1455-updated-2025-12-12,domain=0000;var=1455;vervar=9100;turvar=1169;th=120;turth=0
bps_webapi,sdg04_parity_index,sd.total,2026-09-08,2020,province,9400,Papua,index_percent,98.27,Badan Pusat Statistik,webapi-var-1455-updated-2025-12-12,domain=0000;var=1455;vervar=9400;turvar=1169;th=120;turth=0
bps_webapi,sdg04_parity_index,sd.total,2026-09-08,2021,national,9999,Indonesia,index_percent,99.98,Badan Pusat Statistik,webapi-var-1455-updated-2025-12-12,domain=0000;var=1455;vervar=9999;turvar=1169;th=121;turth=0
bps_webapi,sdg04_parity_index,sd.total,2026-09-08,2021,province,1100,Aceh,index_percent,100.5,Badan Pusat Statistik,webapi-var-1455-updated-2025-12-12,domain=0000;var=1455;vervar=1100;turvar=1169;th=121;turth=0
bps_webapi,sdg04_parity_index,sd.total,2026-09-08,2021,province,1200,Sumatera Utara,index_percent,99.62,Badan Pusat Statistik,webapi-var-1455-updated-2025-12-12,domain=0000;var=1455;vervar=1200;turvar=1169;th=121;turth=0
bps_webapi,sdg04_parity_index,sd.total,2026-09-08,2021,province,1300,Sumatera Barat,index_percent,100.01,Badan Pusat Statistik,webapi-var-1455-updated-2025-12-12,domain=0000;var=1455;vervar=1300;turvar=1169;th=121;turth=0
bps_webapi,sdg04_parity_index,sd.total,2026-09-08,2021,province,1400,Riau,index_percent,98.92,Badan Pusat Statistik,webapi-var-1455-updated-2025-12-12,domain=0000;var=1455;vervar=1400;turvar=1169;th=121;turth=0
bps_webapi,sdg04_parity_index,sd.total,2026-09-08,2021,province,1500,Jambi,index_percent,100.55,Badan Pusat Statistik,webapi-var-1455-updated-2025-12-12,domain=0000;var=1455;vervar=1500;turvar=1169;th=121;turth=0
bps_webapi,sdg04_parity_index,sd.total,2026-09-08,2021,province,1600,Sumatera Selatan,index_percent,99.66,Badan Pusat Statistik,webapi-var-1455-updated-2025-12-12,domain=0000;var=1455;vervar=1600;turvar=1169;th=121;turth=0
bps_webapi,sdg04_parity_index,sd.total,2026-09-08,2021,province,1700,Bengkulu,index_percent,100.58,Badan Pusat Statistik,webapi-var-1455-updated-2025-12-12,domain=0000;var=1455;vervar=1700;turvar=1169;th=121;turth=0
bps_webapi,sdg04_parity_index,sd.total,2026-09-08,2021,province,1800,Lampung,index_percent,100.36,Badan Pusat Statistik,webapi-var-1455-updated-2025-12-12,domain=0000;var=1455;vervar=1800;turvar=1169;th=121;turth=0
bps_webapi,sdg04_parity_index,sd.total,2026-09-08,2021,province,1900,Kep. Bangka Belitung,index_percent,100.19,Badan Pusat Statistik,webapi-var-1455-updated-2025-12-12,domain=0000;var=1455;vervar=1900;turvar=1169;th=121;turth=0
bps_webapi,sdg04_parity_index,sd.total,2026-09-08,2021,province,2100,Kep. Riau,index_percent,100.82,Badan Pusat Statistik,webapi-var-1455-updated-2025-12-12,domain=0000;var=1455;vervar=2100;turvar=1169;th=121;turth=0
bps_webapi,sdg04_parity_index,sd.total,2026-09-08,2021,province,3100,Dki Jakarta,index_percent,100.77,Badan Pusat Statistik,webapi-var-1455-updated-2025-12-12,domain=0000;var=1455;vervar=3100;turvar=1169;th=121;turth=0
bps_webapi,sdg04_parity_index,sd.total,2026-09-08,2021,province,3200,Jawa Barat,index_percent,99.89,Badan Pusat Statistik,webapi-var-1455-updated-2025-12-12,domain=0000;var=1455;vervar=3200;turvar=1169;th=121;turth=0
bps_webapi,sdg04_parity_index,sd.total,2026-09-08,2021,province,3300,Jawa Tengah,index_percent,100.2,Badan Pusat Statistik,webapi-var-1455-updated-2025-12-12,domain=0000;var=1455;vervar=3300;turvar=1169;th=121;turth=0
bps_webapi,sdg04_parity_index,sd.total,2026-09-08,2021,province,3400,Di Yogyakarta,index_percent,100.02,Badan Pusat Statistik,webapi-var-1455-updated-2025-12-12,domain=0000;var=1455;vervar=3400;turvar=1169;th=121;turth=0
bps_webapi,sdg04_parity_index,sd.total,2026-09-08,2021,province,3500,Jawa Timur,index_percent,99.72,Badan Pusat Statistik,webapi-var-1455-updated-2025-12-12,domain=0000;var=1455;vervar=3500;turvar=1169;th=121;turth=0
bps_webapi,sdg04_parity_index,sd.total,2026-09-08,2021,province,3600,Banten,index_percent,100.09,Badan Pusat Statistik,webapi-var-1455-updated-2025-12-12,domain=0000;var=1455;vervar=3600;turvar=1169;th=121;turth=0
bps_webapi,sdg04_parity_index,sd.total,2026-09-08,2021,province,5100,Bali,index_percent,99.62,Badan Pusat Statistik,webapi-var-1455-updated-2025-12-12,domain=0000;var=1455;vervar=5100;turvar=1169;th=121;turth=0
bps_webapi,sdg04_parity_index,sd.total,2026-09-08,2021,province,5200,Nusa Tenggara Barat,index_percent,99.44,Badan Pusat Statistik,webapi-var-1455-updated-2025-12-12,domain=0000;var=1455;vervar=5200;turvar=1169;th=121;turth=0
bps_webapi,sdg04_parity_index,sd.total,2026-09-08,2021,province,5300,Nusa Tenggara Timur,index_percent,99.43,Badan Pusat Statistik,webapi-var-1455-updated-2025-12-12,domain=0000;var=1455;vervar=5300;turvar=1169;th=121;turth=0
bps_webapi,sdg04_parity_index,sd.total,2026-09-08,2021,province,6100,Kalimantan Barat,index_percent,99.32,Badan Pusat Statistik,webapi-var-1455-updated-2025-12-12,domain=0000;var=1455;vervar=6100;turvar=1169;th=121;turth=0
bps_webapi,sdg04_parity_index,sd.total,2026-09-08,2021,province,6200,Kalimantan Tengah,index_percent,100.01,Badan Pusat Statistik,webapi-var-1455-updated-2025-12-12,domain=0000;var=1455;vervar=6200;turvar=1169;th=121;turth=0
bps_webapi,sdg04_parity_index,sd.total,2026-09-08,2021,province,6300,Kalimantan Selatan,index_percent,100.65,Badan Pusat Statistik,webapi-var-1455-updated-2025-12-12,domain=0000;var=1455;vervar=6300;turvar=1169;th=121;turth=0
bps_webapi,sdg04_parity_index,sd.total,2026-09-08,2021,province,6400,Kalimantan Timur,index_percent,100.25,Badan Pusat Statistik,webapi-var-1455-updated-2025-12-12,domain=0000;var=1455;vervar=6400;turvar=1169;th=121;turth=0
bps_webapi,sdg04_parity_index,sd.total,2026-09-08,2021,province,6500,Kalimantan Utara,index_percent,97.7,Badan Pusat Statistik,webapi-var-1455-updated-2025-12-12,domain=0000;var=1455;vervar=6500;turvar=1169;th=121;turth=0
bps_webapi,sdg04_parity_index,sd.total,2026-09-08,2021,province,7100,Sulawesi Utara,index_percent,100.35,Badan Pusat Statistik,webapi-var-1455-updated-2025-12-12,domain=0000;var=1455;vervar=7100;turvar=1169;th=121;turth=0
bps_webapi,sdg04_parity_index,sd.total,2026-09-08,2021,province,7200,Sulawesi Tengah,index_percent,98.87,Badan Pusat Statistik,webapi-var-1455-updated-2025-12-12,domain=0000;var=1455;vervar=7200;turvar=1169;th=121;turth=0
bps_webapi,sdg04_parity_index,sd.total,2026-09-08,2021,province,7300,Sulawesi Selatan,index_percent,100.18,Badan Pusat Statistik,webapi-var-1455-updated-2025-12-12,domain=0000;var=1455;vervar=7300;turvar=1169;th=121;turth=0
bps_webapi,sdg04_parity_index,sd.total,2026-09-08,2021,province,7400,Sulawesi Tenggara,index_percent,99.24,Badan Pusat Statistik,webapi-var-1455-updated-2025-12-12,domain=0000;var=1455;vervar=7400;turvar=1169;th=121;turth=0
bps_webapi,sdg04_parity_index,sd.total,2026-09-08,2021,province,7500,Gorontalo,index_percent,101.22,Badan Pusat Statistik,webapi-var-1455-updated-2025-12-12,domain=0000;var=1455;vervar=7500;turvar=1169;th=121;turth=0
bps_webapi,sdg04_parity_index,sd.total,2026-09-08,2021,province,7600,Sulawesi Barat,index_percent,99.13,Badan Pusat Statistik,webapi-var-1455-updated-2025-12-12,domain=0000;var=1455;vervar=7600;turvar=1169;th=121;turth=0
bps_webapi,sdg04_parity_index,sd.total,2026-09-08,2021,province,8100,Maluku,index_percent,100.34,Badan Pusat Statistik,webapi-var-1455-updated-2025-12-12,domain=0000;var=1455;vervar=8100;turvar=1169;th=121;turth=0
bps_webapi,sdg04_parity_index,sd.total,2026-09-08,2021,province,8200,Maluku Utara,index_percent,100.48,Badan Pusat Statistik,webapi-var-1455-updated-2025-12-12,domain=0000;var=1455;vervar=8200;turvar=1169;th=121;turth=0
bps_webapi,sdg04_parity_index,sd.total,2026-09-08,2021,province,9100,Papua Barat,index_percent,100.11,Badan Pusat Statistik,webapi-var-1455-updated-2025-12-12,domain=0000;var=1455;vervar=9100;turvar=1169;th=121;turth=0
bps_webapi,sdg04_parity_index,sd.total,2026-09-08,2021,province,9400,Papua,index_percent,103.28,Badan Pusat Statistik,webapi-var-1455-updated-2025-12-12,domain=0000;var=1455;vervar=9400;turvar=1169;th=121;turth=0
bps_webapi,sdg04_parity_index,sd.total,2026-09-08,2022,national,9999,Indonesia,index_percent,100.01,Badan Pusat Statistik,webapi-var-1455-updated-2025-12-12,domain=0000;var=1455;vervar=9999;turvar=1169;th=122;turth=0
bps_webapi,sdg04_parity_index,sd.total,2026-09-08,2022,province,1100,Aceh,index_percent,99.98,Badan Pusat Statistik,webapi-var-1455-updated-2025-12-12,domain=0000;var=1455;vervar=1100;turvar=1169;th=122;turth=0
bps_webapi,sdg04_parity_index,sd.total,2026-09-08,2022,province,1200,Sumatera Utara,index_percent,99.87,Badan Pusat Statistik,webapi-var-1455-updated-2025-12-12,domain=0000;var=1455;vervar=1200;turvar=1169;th=122;turth=0
bps_webapi,sdg04_parity_index,sd.total,2026-09-08,2022,province,1300,Sumatera Barat,index_percent,100.04,Badan Pusat Statistik,webapi-var-1455-updated-2025-12-12,domain=0000;var=1455;vervar=1300;turvar=1169;th=122;turth=0
bps_webapi,sdg04_parity_index,sd.total,2026-09-08,2022,province,1400,Riau,index_percent,100,Badan Pusat Statistik,webapi-var-1455-updated-2025-12-12,domain=0000;var=1455;vervar=1400;turvar=1169;th=122;turth=0
bps_webapi,sdg04_parity_index,sd.total,2026-09-08,2022,province,1500,Jambi,index_percent,99.69,Badan Pusat Statistik,webapi-var-1455-updated-2025-12-12,domain=0000;var=1455;vervar=1500;turvar=1169;th=122;turth=0
bps_webapi,sdg04_parity_index,sd.total,2026-09-08,2022,province,1600,Sumatera Selatan,index_percent,99.71,Badan Pusat Statistik,webapi-var-1455-updated-2025-12-12,domain=0000;var=1455;vervar=1600;turvar=1169;th=122;turth=0
bps_webapi,sdg04_parity_index,sd.total,2026-09-08,2022,province,1700,Bengkulu,index_percent,99.67,Badan Pusat Statistik,webapi-var-1455-updated-2025-12-12,domain=0000;var=1455;vervar=1700;turvar=1169;th=122;turth=0
bps_webapi,sdg04_parity_index,sd.total,2026-09-08,2022,province,1800,Lampung,index_percent,99.95,Badan Pusat Statistik,webapi-var-1455-updated-2025-12-12,domain=0000;var=1455;vervar=1800;turvar=1169;th=122;turth=0
bps_webapi,sdg04_parity_index,sd.total,2026-09-08,2022,province,1900,Kep. Bangka Belitung,index_percent,100.14,Badan Pusat Statistik,webapi-var-1455-updated-2025-12-12,domain=0000;var=1455;vervar=1900;turvar=1169;th=122;turth=0
bps_webapi,sdg04_parity_index,sd.total,2026-09-08,2022,province,2100,Kep. Riau,index_percent,100.16,Badan Pusat Statistik,webapi-var-1455-updated-2025-12-12,domain=0000;var=1455;vervar=2100;turvar=1169;th=122;turth=0
bps_webapi,sdg04_parity_index,sd.total,2026-09-08,2022,province,3100,Dki Jakarta,index_percent,99.26,Badan Pusat Statistik,webapi-var-1455-updated-2025-12-12,domain=0000;var=1455;vervar=3100;turvar=1169;th=122;turth=0
bps_webapi,sdg04_parity_index,sd.total,2026-09-08,2022,province,3200,Jawa Barat,index_percent,100.52,Badan Pusat Statistik,webapi-var-1455-updated-2025-12-12,domain=0000;var=1455;vervar=3200;turvar=1169;th=122;turth=0
bps_webapi,sdg04_parity_index,sd.total,2026-09-08,2022,province,3300,Jawa Tengah,index_percent,99.22,Badan Pusat Statistik,webapi-var-1455-updated-2025-12-12,domain=0000;var=1455;vervar=3300;turvar=1169;th=122;turth=0
bps_webapi,sdg04_parity_index,sd.total,2026-09-08,2022,province,3400,Di Yogyakarta,index_percent,100.4,Badan Pusat Statistik,webapi-var-1455-updated-2025-12-12,domain=0000;var=1455;vervar=3400;turvar=1169;th=122;turth=0
bps_webapi,sdg04_parity_index,sd.total,2026-09-08,2022,province,3500,Jawa Timur,index_percent,100.21,Badan Pusat Statistik,webapi-var-1455-updated-2025-12-12,domain=0000;var=1455;vervar=3500;turvar=1169;th=122;turth=0
bps_webapi,sdg04_parity_index,sd.total,2026-09-08,2022,province,3600,Banten,index_percent,100.63,Badan Pusat Statistik,webapi-var-1455-updated-2025-12-12,domain=0000;var=1455;vervar=3600;turvar=1169;th=122;turth=0
bps_webapi,sdg04_parity_index,sd.total,2026-09-08,2022,province,5100,Bali,index_percent,99.85,Badan Pusat Statistik,webapi-var-1455-updated-2025-12-12,domain=0000;var=1455;vervar=5100;turvar=1169;th=122;turth=0
bps_webapi,sdg04_parity_index,sd.total,2026-09-08,2022,province,5200,Nusa Tenggara Barat,index_percent,99.98,Badan Pusat Statistik,webapi-var-1455-updated-2025-12-12,domain=0000;var=1455;vervar=5200;turvar=1169;th=122;turth=0
bps_webapi,sdg04_parity_index,sd.total,2026-09-08,2022,province,5300,Nusa Tenggara Timur,index_percent,98.05,Badan Pusat Statistik,webapi-var-1455-updated-2025-12-12,domain=0000;var=1455;vervar=5300;turvar=1169;th=122;turth=0
bps_webapi,sdg04_parity_index,sd.total,2026-09-08,2022,province,6100,Kalimantan Barat,index_percent,100.09,Badan Pusat Statistik,webapi-var-1455-updated-2025-12-12,domain=0000;var=1455;vervar=6100;turvar=1169;th=122;turth=0
bps_webapi,sdg04_parity_index,sd.total,2026-09-08,2022,province,6200,Kalimantan Tengah,index_percent,99.42,Badan Pusat Statistik,webapi-var-1455-updated-2025-12-12,domain=0000;var=1455;vervar=6200;turvar=1169;th=122;turth=0
bps_webapi,sdg04_parity_index,sd.total,2026-09-08,2022,province,6300,Kalimantan Selatan,index_percent,100.46,Badan Pusat Statistik,webapi-var-1455-updated-2025-12-12,domain=0000;var=1455;vervar=6300;turvar=1169;th=122;turth=0
bps_webapi,sdg04_parity_index,sd.total,2026-09-08,2022,province,6400,Kalimantan Timur,index_percent,99.34,Badan Pusat Statistik,webapi-var-1455-updated-2025-12-12,domain=0000;var=1455;vervar=6400;turvar=1169;th=122;turth=0
bps_webapi,sdg04_parity_index,sd.total,2026-09-08,2022,province,6500,Kalimantan Utara,index_percent,101.58,Badan Pusat Statistik,webapi-var-1455-updated-2025-12-12,domain=0000;var=1455;vervar=6500;turvar=1169;th=122;turth=0
bps_webapi,sdg04_parity_index,sd.total,2026-09-08,2022,province,7100,Sulawesi Utara,index_percent,102.32,Badan Pusat Statistik,webapi-var-1455-updated-2025-12-12,domain=0000;var=1455;vervar=7100;turvar=1169;th=122;turth=0
bps_webapi,sdg04_parity_index,sd.total,2026-09-08,2022,province,7200,Sulawesi Tengah,index_percent,100.99,Badan Pusat Statistik,webapi-var-1455-updated-2025-12-12,domain=0000;var=1455;vervar=7200;turvar=1169;th=122;turth=0
bps_webapi,sdg04_parity_index,sd.total,2026-09-08,2022,province,7300,Sulawesi Selatan,index_percent,99.54,Badan Pusat Statistik,webapi-var-1455-updated-2025-12-12,domain=0000;var=1455;vervar=7300;turvar=1169;th=122;turth=0
bps_webapi,sdg04_parity_index,sd.total,2026-09-08,2022,province,7400,Sulawesi Tenggara,index_percent,100.66,Badan Pusat Statistik,webapi-var-1455-updated-2025-12-12,domain=0000;var=1455;vervar=7400;turvar=1169;th=122;turth=0
bps_webapi,sdg04_parity_index,sd.total,2026-09-08,2022,province,7500,Gorontalo,index_percent,100.23,Badan Pusat Statistik,webapi-var-1455-updated-2025-12-12,domain=0000;var=1455;vervar=7500;turvar=1169;th=122;turth=0
bps_webapi,sdg04_parity_index,sd.total,2026-09-08,2022,province,7600,Sulawesi Barat,index_percent,98.77,Badan Pusat Statistik,webapi-var-1455-updated-2025-12-12,domain=0000;var=1455;vervar=7600;turvar=1169;th=122;turth=0
bps_webapi,sdg04_parity_index,sd.total,2026-09-08,2022,province,8100,Maluku,index_percent,99.91,Badan Pusat Statistik,webapi-var-1455-updated-2025-12-12,domain=0000;var=1455;vervar=8100;turvar=1169;th=122;turth=0
bps_webapi,sdg04_parity_index,sd.total,2026-09-08,2022,province,8200,Maluku Utara,index_percent,100.16,Badan Pusat Statistik,webapi-var-1455-updated-2025-12-12,domain=0000;var=1455;vervar=8200;turvar=1169;th=122;turth=0
bps_webapi,sdg04_parity_index,sd.total,2026-09-08,2022,province,9100,Papua Barat,index_percent,99.38,Badan Pusat Statistik,webapi-var-1455-updated-2025-12-12,domain=0000;var=1455;vervar=9100;turvar=1169;th=122;turth=0
bps_webapi,sdg04_parity_index,sd.total,2026-09-08,2022,province,9400,Papua,index_percent,100.36,Badan Pusat Statistik,webapi-var-1455-updated-2025-12-12,domain=0000;var=1455;vervar=9400;turvar=1169;th=122;turth=0
bps_webapi,sdg04_parity_index,sd.total,2026-09-08,2023,national,9999,Indonesia,index_percent,99.96,Badan Pusat Statistik,webapi-var-1455-updated-2025-12-12,domain=0000;var=1455;vervar=9999;turvar=1169;th=123;turth=0
bps_webapi,sdg04_parity_index,sd.total,2026-09-08,2023,province,1100,Aceh,index_percent,99.76,Badan Pusat Statistik,webapi-var-1455-updated-2025-12-12,domain=0000;var=1455;vervar=1100;turvar=1169;th=123;turth=0
bps_webapi,sdg04_parity_index,sd.total,2026-09-08,2023,province,1200,Sumatera Utara,index_percent,100.12,Badan Pusat Statistik,webapi-var-1455-updated-2025-12-12,domain=0000;var=1455;vervar=1200;turvar=1169;th=123;turth=0
bps_webapi,sdg04_parity_index,sd.total,2026-09-08,2023,province,1300,Sumatera Barat,index_percent,99.92,Badan Pusat Statistik,webapi-var-1455-updated-2025-12-12,domain=0000;var=1455;vervar=1300;turvar=1169;th=123;turth=0
bps_webapi,sdg04_parity_index,sd.total,2026-09-08,2023,province,1400,Riau,index_percent,99.09,Badan Pusat Statistik,webapi-var-1455-updated-2025-12-12,domain=0000;var=1455;vervar=1400;turvar=1169;th=123;turth=0
bps_webapi,sdg04_parity_index,sd.total,2026-09-08,2023,province,1500,Jambi,index_percent,100.35,Badan Pusat Statistik,webapi-var-1455-updated-2025-12-12,domain=0000;var=1455;vervar=1500;turvar=1169;th=123;turth=0
bps_webapi,sdg04_parity_index,sd.total,2026-09-08,2023,province,1600,Sumatera Selatan,index_percent,99.74,Badan Pusat Statistik,webapi-var-1455-updated-2025-12-12,domain=0000;var=1455;vervar=1600;turvar=1169;th=123;turth=0
bps_webapi,sdg04_parity_index,sd.total,2026-09-08,2023,province,1700,Bengkulu,index_percent,99.71,Badan Pusat Statistik,webapi-var-1455-updated-2025-12-12,domain=0000;var=1455;vervar=1700;turvar=1169;th=123;turth=0
bps_webapi,sdg04_parity_index,sd.total,2026-09-08,2023,province,1800,Lampung,index_percent,99.8,Badan Pusat Statistik,webapi-var-1455-updated-2025-12-12,domain=0000;var=1455;vervar=1800;turvar=1169;th=123;turth=0
bps_webapi,sdg04_parity_index,sd.total,2026-09-08,2023,province,1900,Kep. Bangka Belitung,index_percent,99.26,Badan Pusat Statistik,webapi-var-1455-updated-2025-12-12,domain=0000;var=1455;vervar=1900;turvar=1169;th=123;turth=0
bps_webapi,sdg04_parity_index,sd.total,2026-09-08,2023,province,2100,Kep. Riau,index_percent,100.42,Badan Pusat Statistik,webapi-var-1455-updated-2025-12-12,domain=0000;var=1455;vervar=2100;turvar=1169;th=123;turth=0
bps_webapi,sdg04_parity_index,sd.total,2026-09-08,2023,province,3100,Dki Jakarta,index_percent,99.32,Badan Pusat Statistik,webapi-var-1455-updated-2025-12-12,domain=0000;var=1455;vervar=3100;turvar=1169;th=123;turth=0
bps_webapi,sdg04_parity_index,sd.total,2026-09-08,2023,province,3200,Jawa Barat,index_percent,100.57,Badan Pusat Statistik,webapi-var-1455-updated-2025-12-12,domain=0000;var=1455;vervar=3200;turvar=1169;th=123;turth=0
bps_webapi,sdg04_parity_index,sd.total,2026-09-08,2023,province,3300,Jawa Tengah,index_percent,100.06,Badan Pusat Statistik,webapi-var-1455-updated-2025-12-12,domain=0000;var=1455;vervar=3300;turvar=1169;th=123;turth=0
bps_webapi,sdg04_parity_index,sd.total,2026-09-08,2023,province,3400,Di Yogyakarta,index_percent,99.87,Badan Pusat Statistik,webapi-var-1455-updated-2025-12-12,domain=0000;var=1455;vervar=3400;turvar=1169;th=123;turth=0
bps_webapi,sdg04_parity_index,sd.total,2026-09-08,2023,province,3500,Jawa Timur,index_percent,99.71,Badan Pusat Statistik,webapi-var-1455-updated-2025-12-12,domain=0000;var=1455;vervar=3500;turvar=1169;th=123;turth=0
bps_webapi,sdg04_parity_index,sd.total,2026-09-08,2023,province,3600,Banten,index_percent,98.36,Badan Pusat Statistik,webapi-var-1455-updated-2025-12-12,domain=0000;var=1455;vervar=3600;turvar=1169;th=123;turth=0
bps_webapi,sdg04_parity_index,sd.total,2026-09-08,2023,province,5100,Bali,index_percent,99.53,Badan Pusat Statistik,webapi-var-1455-updated-2025-12-12,domain=0000;var=1455;vervar=5100;turvar=1169;th=123;turth=0
bps_webapi,sdg04_parity_index,sd.total,2026-09-08,2023,province,5200,Nusa Tenggara Barat,index_percent,100.43,Badan Pusat Statistik,webapi-var-1455-updated-2025-12-12,domain=0000;var=1455;vervar=5200;turvar=1169;th=123;turth=0
bps_webapi,sdg04_parity_index,sd.total,2026-09-08,2023,province,5300,Nusa Tenggara Timur,index_percent,99.7,Badan Pusat Statistik,webapi-var-1455-updated-2025-12-12,domain=0000;var=1455;vervar=5300;turvar=1169;th=123;turth=0
bps_webapi,sdg04_parity_index,sd.total,2026-09-08,2023,province,6100,Kalimantan Barat,index_percent,99.42,Badan Pusat Statistik,webapi-var-1455-updated-2025-12-12,domain=0000;var=1455;vervar=6100;turvar=1169;th=123;turth=0
bps_webapi,sdg04_parity_index,sd.total,2026-09-08,2023,province,6200,Kalimantan Tengah,index_percent,99.98,Badan Pusat Statistik,webapi-var-1455-updated-2025-12-12,domain=0000;var=1455;vervar=6200;turvar=1169;th=123;turth=0
bps_webapi,sdg04_parity_index,sd.total,2026-09-08,2023,province,6300,Kalimantan Selatan,index_percent,99.69,Badan Pusat Statistik,webapi-var-1455-updated-2025-12-12,domain=0000;var=1455;vervar=6300;turvar=1169;th=123;turth=0
bps_webapi,sdg04_parity_index,sd.total,2026-09-08,2023,province,6400,Kalimantan Timur,index_percent,100.19,Badan Pusat Statistik,webapi-var-1455-updated-2025-12-12,domain=0000;var=1455;vervar=6400;turvar=1169;th=123;turth=0
bps_webapi,sdg04_parity_index,sd.total,2026-09-08,2023,province,6500,Kalimantan Utara,index_percent,100.51,Badan Pusat Statistik,webapi-var-1455-updated-2025-12-12,domain=0000;var=1455;vervar=6500;turvar=1169;th=123;turth=0
bps_webapi,sdg04_parity_index,sd.total,2026-09-08,2023,province,7100,Sulawesi Utara,index_percent,101.49,Badan Pusat Statistik,webapi-var-1455-updated-2025-12-12,domain=0000;var=1455;vervar=7100;turvar=1169;th=123;turth=0
bps_webapi,sdg04_parity_index,sd.total,2026-09-08,2023,province,7200,Sulawesi Tengah,index_percent,101.85,Badan Pusat Statistik,webapi-var-1455-updated-2025-12-12,domain=0000;var=1455;vervar=7200;turvar=1169;th=123;turth=0
bps_webapi,sdg04_parity_index,sd.total,2026-09-08,2023,province,7300,Sulawesi Selatan,index_percent,100.09,Badan Pusat Statistik,webapi-var-1455-updated-2025-12-12,domain=0000;var=1455;vervar=7300;turvar=1169;th=123;turth=0
bps_webapi,sdg04_parity_index,sd.total,2026-09-08,2023,province,7400,Sulawesi Tenggara,index_percent,100.69,Badan Pusat Statistik,webapi-var-1455-updated-2025-12-12,domain=0000;var=1455;vervar=7400;turvar=1169;th=123;turth=0
bps_webapi,sdg04_parity_index,sd.total,2026-09-08,2023,province,7500,Gorontalo,index_percent,99.77,Badan Pusat Statistik,webapi-var-1455-updated-2025-12-12,domain=0000;var=1455;vervar=7500;turvar=1169;th=123;turth=0
bps_webapi,sdg04_parity_index,sd.total,2026-09-08,2023,province,7600,Sulawesi Barat,index_percent,100.55,Badan Pusat Statistik,webapi-var-1455-updated-2025-12-12,domain=0000;var=1455;vervar=7600;turvar=1169;th=123;turth=0
bps_webapi,sdg04_parity_index,sd.total,2026-09-08,2023,province,8100,Maluku,index_percent,100.08,Badan Pusat Statistik,webapi-var-1455-updated-2025-12-12,domain=0000;var=1455;vervar=8100;turvar=1169;th=123;turth=0
bps_webapi,sdg04_parity_index,sd.total,2026-09-08,2023,province,8200,Maluku Utara,index_percent,100.67,Badan Pusat Statistik,webapi-var-1455-updated-2025-12-12,domain=0000;var=1455;vervar=8200;turvar=1169;th=123;turth=0
bps_webapi,sdg04_parity_index,sd.total,2026-09-08,2023,province,9100,Papua Barat,index_percent,101.15,Badan Pusat Statistik,webapi-var-1455-updated-2025-12-12,domain=0000;var=1455;vervar=9100;turvar=1169;th=123;turth=0
bps_webapi,sdg04_parity_index,sd.total,2026-09-08,2023,province,9400,Papua,index_percent,98.83,Badan Pusat Statistik,webapi-var-1455-updated-2025-12-12,domain=0000;var=1455;vervar=9400;turvar=1169;th=123;turth=0
bps_webapi,sdg04_parity_index,sd.total,2026-09-08,2024,national,9999,Indonesia,index_percent,99.95,Badan Pusat Statistik,webapi-var-1455-updated-2025-12-12,domain=0000;var=1455;vervar=9999;turvar=1169;th=124;turth=0
bps_webapi,sdg04_parity_index,sd.total,2026-09-08,2024,province,1100,Aceh,index_percent,100.39,Badan Pusat Statistik,webapi-var-1455-updated-2025-12-12,domain=0000;var=1455;vervar=1100;turvar=1169;th=124;turth=0
bps_webapi,sdg04_parity_index,sd.total,2026-09-08,2024,province,1200,Sumatera Utara,index_percent,99.95,Badan Pusat Statistik,webapi-var-1455-updated-2025-12-12,domain=0000;var=1455;vervar=1200;turvar=1169;th=124;turth=0
bps_webapi,sdg04_parity_index,sd.total,2026-09-08,2024,province,1300,Sumatera Barat,index_percent,100.26,Badan Pusat Statistik,webapi-var-1455-updated-2025-12-12,domain=0000;var=1455;vervar=1300;turvar=1169;th=124;turth=0
bps_webapi,sdg04_parity_index,sd.total,2026-09-08,2024,province,1400,Riau,index_percent,99.96,Badan Pusat Statistik,webapi-var-1455-updated-2025-12-12,domain=0000;var=1455;vervar=1400;turvar=1169;th=124;turth=0
bps_webapi,sdg04_parity_index,sd.total,2026-09-08,2024,province,1500,Jambi,index_percent,98.65,Badan Pusat Statistik,webapi-var-1455-updated-2025-12-12,domain=0000;var=1455;vervar=1500;turvar=1169;th=124;turth=0
bps_webapi,sdg04_parity_index,sd.total,2026-09-08,2024,province,1600,Sumatera Selatan,index_percent,99.52,Badan Pusat Statistik,webapi-var-1455-updated-2025-12-12,domain=0000;var=1455;vervar=1600;turvar=1169;th=124;turth=0
bps_webapi,sdg04_parity_index,sd.total,2026-09-08,2024,province,1700,Bengkulu,index_percent,100.49,Badan Pusat Statistik,webapi-var-1455-updated-2025-12-12,domain=0000;var=1455;vervar=1700;turvar=1169;th=124;turth=0
bps_webapi,sdg04_parity_index,sd.total,2026-09-08,2024,province,1800,Lampung,index_percent,100.24,Badan Pusat Statistik,webapi-var-1455-updated-2025-12-12,domain=0000;var=1455;vervar=1800;turvar=1169;th=124;turth=0
bps_webapi,sdg04_parity_index,sd.total,2026-09-08,2024,province,1900,Kep. Bangka Belitung,index_percent,101.63,Badan Pusat Statistik,webapi-var-1455-updated-2025-12-12,domain=0000;var=1455;vervar=1900;turvar=1169;th=124;turth=0
bps_webapi,sdg04_parity_index,sd.total,2026-09-08,2024,province,2100,Kep. Riau,index_percent,99.46,Badan Pusat Statistik,webapi-var-1455-updated-2025-12-12,domain=0000;var=1455;vervar=2100;turvar=1169;th=124;turth=0
bps_webapi,sdg04_parity_index,sd.total,2026-09-08,2024,province,3100,Dki Jakarta,index_percent,99.27,Badan Pusat Statistik,webapi-var-1455-updated-2025-12-12,domain=0000;var=1455;vervar=3100;turvar=1169;th=124;turth=0
bps_webapi,sdg04_parity_index,sd.total,2026-09-08,2024,province,3200,Jawa Barat,index_percent,99.75,Badan Pusat Statistik,webapi-var-1455-updated-2025-12-12,domain=0000;var=1455;vervar=3200;turvar=1169;th=124;turth=0
bps_webapi,sdg04_parity_index,sd.total,2026-09-08,2024,province,3300,Jawa Tengah,index_percent,99.89,Badan Pusat Statistik,webapi-var-1455-updated-2025-12-12,domain=0000;var=1455;vervar=3300;turvar=1169;th=124;turth=0
bps_webapi,sdg04_parity_index,sd.total,2026-09-08,2024,province,3400,Di Yogyakarta,index_percent,99.52,Badan Pusat Statistik,webapi-var-1455-updated-2025-12-12,domain=0000;var=1455;vervar=3400;turvar=1169;th=124;turth=0
bps_webapi,sdg04_parity_index,sd.total,2026-09-08,2024,province,3500,Jawa Timur,index_percent,100.03,Badan Pusat Statistik,webapi-var-1455-updated-2025-12-12,domain=0000;var=1455;vervar=3500;turvar=1169;th=124;turth=0
bps_webapi,sdg04_parity_index,sd.total,2026-09-08,2024,province,3600,Banten,index_percent,100.65,Badan Pusat Statistik,webapi-var-1455-updated-2025-12-12,domain=0000;var=1455;vervar=3600;turvar=1169;th=124;turth=0
bps_webapi,sdg04_parity_index,sd.total,2026-09-08,2024,province,5100,Bali,index_percent,99.04,Badan Pusat Statistik,webapi-var-1455-updated-2025-12-12,domain=0000;var=1455;vervar=5100;turvar=1169;th=124;turth=0
bps_webapi,sdg04_parity_index,sd.total,2026-09-08,2024,province,5200,Nusa Tenggara Barat,index_percent,99.69,Badan Pusat Statistik,webapi-var-1455-updated-2025-12-12,domain=0000;var=1455;vervar=5200;turvar=1169;th=124;turth=0
bps_webapi,sdg04_parity_index,sd.total,2026-09-08,2024,province,5300,Nusa Tenggara Timur,index_percent,100.3,Badan Pusat Statistik,webapi-var-1455-updated-2025-12-12,domain=0000;var=1455;vervar=5300;turvar=1169;th=124;turth=0
bps_webapi,sdg04_parity_index,sd.total,2026-09-08,2024,province,6100,Kalimantan Barat,index_percent,100.01,Badan Pusat Statistik,webapi-var-1455-updated-2025-12-12,domain=0000;var=1455;vervar=6100;turvar=1169;th=124;turth=0
bps_webapi,sdg04_parity_index,sd.total,2026-09-08,2024,province,6200,Kalimantan Tengah,index_percent,100.23,Badan Pusat Statistik,webapi-var-1455-updated-2025-12-12,domain=0000;var=1455;vervar=6200;turvar=1169;th=124;turth=0
bps_webapi,sdg04_parity_index,sd.total,2026-09-08,2024,province,6300,Kalimantan Selatan,index_percent,99.52,Badan Pusat Statistik,webapi-var-1455-updated-2025-12-12,domain=0000;var=1455;vervar=6300;turvar=1169;th=124;turth=0
bps_webapi,sdg04_parity_index,sd.total,2026-09-08,2024,province,6400,Kalimantan Timur,index_percent,100.08,Badan Pusat Statistik,webapi-var-1455-updated-2025-12-12,domain=0000;var=1455;vervar=6400;turvar=1169;th=124;turth=0
bps_webapi,sdg04_parity_index,sd.total,2026-09-08,2024,province,6500,Kalimantan Utara,index_percent,101.12,Badan Pusat Statistik,webapi-var-1455-updated-2025-12-12,domain=0000;var=1455;vervar=6500;turvar=1169;th=124;turth=0
bps_webapi,sdg04_parity_index,sd.total,2026-09-08,2024,province,7100,Sulawesi Utara,index_percent,101.13,Badan Pusat Statistik,webapi-var-1455-updated-2025-12-12,domain=0000;var=1455;vervar=7100;turvar=1169;th=124;turth=0
bps_webapi,sdg04_parity_index,sd.total,2026-09-08,2024,province,7200,Sulawesi Tengah,index_percent,100.61,Badan Pusat Statistik,webapi-var-1455-updated-2025-12-12,domain=0000;var=1455;vervar=7200;turvar=1169;th=124;turth=0
bps_webapi,sdg04_parity_index,sd.total,2026-09-08,2024,province,7300,Sulawesi Selatan,index_percent,100.05,Badan Pusat Statistik,webapi-var-1455-updated-2025-12-12,domain=0000;var=1455;vervar=7300;turvar=1169;th=124;turth=0
bps_webapi,sdg04_parity_index,sd.total,2026-09-08,2024,province,7400,Sulawesi Tenggara,index_percent,99.79,Badan Pusat Statistik,webapi-var-1455-updated-2025-12-12,domain=0000;var=1455;vervar=7400;turvar=1169;th=124;turth=0
bps_webapi,sdg04_parity_index,sd.total,2026-09-08,2024,province,7500,Gorontalo,index_percent,99.67,Badan Pusat Statistik,webapi-var-1455-updated-2025-12-12,domain=0000;var=1455;vervar=7500;turvar=1169;th=124;turth=0
bps_webapi,sdg04_parity_index,sd.total,2026-09-08,2024,province,7600,Sulawesi Barat,index_percent,97.71,Badan Pusat Statistik,webapi-var-1455-updated-2025-12-12,domain=0000;var=1455;vervar=7600;turvar=1169;th=124;turth=0
bps_webapi,sdg04_parity_index,sd.total,2026-09-08,2024,province,8100,Maluku,index_percent,100.53,Badan Pusat Statistik,webapi-var-1455-updated-2025-12-12,domain=0000;var=1455;vervar=8100;turvar=1169;th=124;turth=0
bps_webapi,sdg04_parity_index,sd.total,2026-09-08,2024,province,8200,Maluku Utara,index_percent,98.94,Badan Pusat Statistik,webapi-var-1455-updated-2025-12-12,domain=0000;var=1455;vervar=8200;turvar=1169;th=124;turth=0
bps_webapi,sdg04_parity_index,sd.total,2026-09-08,2024,province,9100,Papua Barat,index_percent,100.76,Badan Pusat Statistik,webapi-var-1455-updated-2025-12-12,domain=0000;var=1455;vervar=9100;turvar=1169;th=124;turth=0
bps_webapi,sdg04_parity_index,sd.total,2026-09-08,2024,province,9200,Papua Barat Daya,index_percent,99.33,Badan Pusat Statistik,webapi-var-1455-updated-2025-12-12,domain=0000;var=1455;vervar=9200;turvar=1169;th=124;turth=0
bps_webapi,sdg04_parity_index,sd.total,2026-09-08,2024,province,9400,Papua,index_percent,103.16,Badan Pusat Statistik,webapi-var-1455-updated-2025-12-12,domain=0000;var=1455;vervar=9400;turvar=1169;th=124;turth=0
bps_webapi,sdg04_parity_index,sd.total,2026-09-08,2024,province,9500,Papua Selatan,index_percent,101.06,Badan Pusat Statistik,webapi-var-1455-updated-2025-12-12,domain=0000;var=1455;vervar=9500;turvar=1169;th=124;turth=0
bps_webapi,sdg04_parity_index,sd.total,2026-09-08,2024,province,9600,Papua Tengah,index_percent,102.56,Badan Pusat Statistik,webapi-var-1455-updated-2025-12-12,domain=0000;var=1455;vervar=9600;turvar=1169;th=124;turth=0
bps_webapi,sdg04_parity_index,sd.total,2026-09-08,2024,province,9700,Papua Pegunungan,index_percent,101.52,Badan Pusat Statistik,webapi-var-1455-updated-2025-12-12,domain=0000;var=1455;vervar=9700;turvar=1169;th=124;turth=0
bps_webapi,sdg04_parity_index,sd.total,2026-09-08,2025,national,9999,Indonesia,index_percent,100.02,Badan Pusat Statistik,webapi-var-1455-updated-2025-12-12,domain=0000;var=1455;vervar=9999;turvar=1169;th=125;turth=0
bps_webapi,sdg04_parity_index,sd.total,2026-09-08,2025,province,1100,Aceh,index_percent,99.81,Badan Pusat Statistik,webapi-var-1455-updated-2025-12-12,domain=0000;var=1455;vervar=1100;turvar=1169;th=125;turth=0
bps_webapi,sdg04_parity_index,sd.total,2026-09-08,2025,province,1200,Sumatera Utara,index_percent,99.29,Badan Pusat Statistik,webapi-var-1455-updated-2025-12-12,domain=0000;var=1455;vervar=1200;turvar=1169;th=125;turth=0
bps_webapi,sdg04_parity_index,sd.total,2026-09-08,2025,province,1300,Sumatera Barat,index_percent,100.1,Badan Pusat Statistik,webapi-var-1455-updated-2025-12-12,domain=0000;var=1455;vervar=1300;turvar=1169;th=125;turth=0
bps_webapi,sdg04_parity_index,sd.total,2026-09-08,2025,province,1400,Riau,index_percent,99.2,Badan Pusat Statistik,webapi-var-1455-updated-2025-12-12,domain=0000;var=1455;vervar=1400;turvar=1169;th=125;turth=0
bps_webapi,sdg04_parity_index,sd.total,2026-09-08,2025,province,1500,Jambi,index_percent,99.08,Badan Pusat Statistik,webapi-var-1455-updated-2025-12-12,domain=0000;var=1455;vervar=1500;turvar=1169;th=125;turth=0
bps_webapi,sdg04_parity_index,sd.total,2026-09-08,2025,province,1600,Sumatera Selatan,index_percent,100.16,Badan Pusat Statistik,webapi-var-1455-updated-2025-12-12,domain=0000;var=1455;vervar=1600;turvar=1169;th=125;turth=0
bps_webapi,sdg04_parity_index,sd.total,2026-09-08,2025,province,1700,Bengkulu,index_percent,101.36,Badan Pusat Statistik,webapi-var-1455-updated-2025-12-12,domain=0000;var=1455;vervar=1700;turvar=1169;th=125;turth=0
bps_webapi,sdg04_parity_index,sd.total,2026-09-08,2025,province,1800,Lampung,index_percent,99.47,Badan Pusat Statistik,webapi-var-1455-updated-2025-12-12,domain=0000;var=1455;vervar=1800;turvar=1169;th=125;turth=0
bps_webapi,sdg04_parity_index,sd.total,2026-09-08,2025,province,1900,Kep. Bangka Belitung,index_percent,98.2,Badan Pusat Statistik,webapi-var-1455-updated-2025-12-12,domain=0000;var=1455;vervar=1900;turvar=1169;th=125;turth=0
bps_webapi,sdg04_parity_index,sd.total,2026-09-08,2025,province,2100,Kep. Riau,index_percent,100.66,Badan Pusat Statistik,webapi-var-1455-updated-2025-12-12,domain=0000;var=1455;vervar=2100;turvar=1169;th=125;turth=0
bps_webapi,sdg04_parity_index,sd.total,2026-09-08,2025,province,3100,Dki Jakarta,index_percent,99.46,Badan Pusat Statistik,webapi-var-1455-updated-2025-12-12,domain=0000;var=1455;vervar=3100;turvar=1169;th=125;turth=0
bps_webapi,sdg04_parity_index,sd.total,2026-09-08,2025,province,3200,Jawa Barat,index_percent,100.25,Badan Pusat Statistik,webapi-var-1455-updated-2025-12-12,domain=0000;var=1455;vervar=3200;turvar=1169;th=125;turth=0
bps_webapi,sdg04_parity_index,sd.total,2026-09-08,2025,province,3300,Jawa Tengah,index_percent,100.87,Badan Pusat Statistik,webapi-var-1455-updated-2025-12-12,domain=0000;var=1455;vervar=3300;turvar=1169;th=125;turth=0
bps_webapi,sdg04_parity_index,sd.total,2026-09-08,2025,province,3400,Di Yogyakarta,index_percent,99.8,Badan Pusat Statistik,webapi-var-1455-updated-2025-12-12,domain=0000;var=1455;vervar=3400;turvar=1169;th=125;turth=0
bps_webapi,sdg04_parity_index,sd.total,2026-09-08,2025,province,3500,Jawa Timur,index_percent,100.39,Badan Pusat Statistik,webapi-var-1455-updated-2025-12-12,domain=0000;var=1455;vervar=3500;turvar=1169;th=125;turth=0
bps_webapi,sdg04_parity_index,sd.total,2026-09-08,2025,province,3600,Banten,index_percent,98.32,Badan Pusat Statistik,webapi-var-1455-updated-2025-12-12,domain=0000;var=1455;vervar=3600;turvar=1169;th=125;turth=0
bps_webapi,sdg04_parity_index,sd.total,2026-09-08,2025,province,5100,Bali,index_percent,100.88,Badan Pusat Statistik,webapi-var-1455-updated-2025-12-12,domain=0000;var=1455;vervar=5100;turvar=1169;th=125;turth=0
bps_webapi,sdg04_parity_index,sd.total,2026-09-08,2025,province,5200,Nusa Tenggara Barat,index_percent,100.11,Badan Pusat Statistik,webapi-var-1455-updated-2025-12-12,domain=0000;var=1455;vervar=5200;turvar=1169;th=125;turth=0
bps_webapi,sdg04_parity_index,sd.total,2026-09-08,2025,province,5300,Nusa Tenggara Timur,index_percent,99.33,Badan Pusat Statistik,webapi-var-1455-updated-2025-12-12,domain=0000;var=1455;vervar=5300;turvar=1169;th=125;turth=0
bps_webapi,sdg04_parity_index,sd.total,2026-09-08,2025,province,6100,Kalimantan Barat,index_percent,98.19,Badan Pusat Statistik,webapi-var-1455-updated-2025-12-12,domain=0000;var=1455;vervar=6100;turvar=1169;th=125;turth=0
bps_webapi,sdg04_parity_index,sd.total,2026-09-08,2025,province,6200,Kalimantan Tengah,index_percent,99.17,Badan Pusat Statistik,webapi-var-1455-updated-2025-12-12,domain=0000;var=1455;vervar=6200;turvar=1169;th=125;turth=0
bps_webapi,sdg04_parity_index,sd.total,2026-09-08,2025,province,6300,Kalimantan Selatan,index_percent,100.22,Badan Pusat Statistik,webapi-var-1455-updated-2025-12-12,domain=0000;var=1455;vervar=6300;turvar=1169;th=125;turth=0
bps_webapi,sdg04_parity_index,sd.total,2026-09-08,2025,province,6400,Kalimantan Timur,index_percent,100.48,Badan Pusat Statistik,webapi-var-1455-updated-2025-12-12,domain=0000;var=1455;vervar=6400;turvar=1169;th=125;turth=0
bps_webapi,sdg04_parity_index,sd.total,2026-09-08,2025,province,6500,Kalimantan Utara,index_percent,99,Badan Pusat Statistik,webapi-var-1455-updated-2025-12-12,domain=0000;var=1455;vervar=6500;turvar=1169;th=125;turth=0
bps_webapi,sdg04_parity_index,sd.total,2026-09-08,2025,province,7100,Sulawesi Utara,index_percent,98.34,Badan Pusat Statistik,webapi-var-1455-updated-2025-12-12,domain=0000;var=1455;vervar=7100;turvar=1169;th=125;turth=0
bps_webapi,sdg04_parity_index,sd.total,2026-09-08,2025,province,7200,Sulawesi Tengah,index_percent,100.05,Badan Pusat Statistik,webapi-var-1455-updated-2025-12-12,domain=0000;var=1455;vervar=7200;turvar=1169;th=125;turth=0
bps_webapi,sdg04_parity_index,sd.total,2026-09-08,2025,province,7300,Sulawesi Selatan,index_percent,100.12,Badan Pusat Statistik,webapi-var-1455-updated-2025-12-12,domain=0000;var=1455;vervar=7300;turvar=1169;th=125;turth=0
bps_webapi,sdg04_parity_index,sd.total,2026-09-08,2025,province,7400,Sulawesi Tenggara,index_percent,100.09,Badan Pusat Statistik,webapi-var-1455-updated-2025-12-12,domain=0000;var=1455;vervar=7400;turvar=1169;th=125;turth=0
bps_webapi,sdg04_parity_index,sd.total,2026-09-08,2025,province,7500,Gorontalo,index_percent,101.57,Badan Pusat Statistik,webapi-var-1455-updated-2025-12-12,domain=0000;var=1455;vervar=7500;turvar=1169;th=125;turth=0
bps_webapi,sdg04_parity_index,sd.total,2026-09-08,2025,province,7600,Sulawesi Barat,index_percent,100.96,Badan Pusat Statistik,webapi-var-1455-updated-2025-12-12,domain=0000;var=1455;vervar=7600;turvar=1169;th=125;turth=0
bps_webapi,sdg04_parity_index,sd.total,2026-09-08,2025,province,8100,Maluku,index_percent,98.52,Badan Pusat Statistik,webapi-var-1455-updated-2025-12-12,domain=0000;var=1455;vervar=8100;turvar=1169;th=125;turth=0
bps_webapi,sdg04_parity_index,sd.total,2026-09-08,2025,province,8200,Maluku Utara,index_percent,99.22,Badan Pusat Statistik,webapi-var-1455-updated-2025-12-12,domain=0000;var=1455;vervar=8200;turvar=1169;th=125;turth=0
bps_webapi,sdg04_parity_index,sd.total,2026-09-08,2025,province,9100,Papua Barat,index_percent,102.4,Badan Pusat Statistik,webapi-var-1455-updated-2025-12-12,domain=0000;var=1455;vervar=9100;turvar=1169;th=125;turth=0
bps_webapi,sdg04_parity_index,sd.total,2026-09-08,2025,province,9200,Papua Barat Daya,index_percent,97.9,Badan Pusat Statistik,webapi-var-1455-updated-2025-12-12,domain=0000;var=1455;vervar=9200;turvar=1169;th=125;turth=0
bps_webapi,sdg04_parity_index,sd.total,2026-09-08,2025,province,9400,Papua,index_percent,103.15,Badan Pusat Statistik,webapi-var-1455-updated-2025-12-12,domain=0000;var=1455;vervar=9400;turvar=1169;th=125;turth=0
bps_webapi,sdg04_parity_index,sd.total,2026-09-08,2025,province,9500,Papua Selatan,index_percent,101.82,Badan Pusat Statistik,webapi-var-1455-updated-2025-12-12,domain=0000;var=1455;vervar=9500;turvar=1169;th=125;turth=0
bps_webapi,sdg04_parity_index,sd.total,2026-09-08,2025,province,9600,Papua Tengah,index_percent,106.08,Badan Pusat Statistik,webapi-var-1455-updated-2025-12-12,domain=0000;var=1455;vervar=9600;turvar=1169;th=125;turth=0
bps_webapi,sdg04_parity_index,sd.total,2026-09-08,2025,province,9700,Papua Pegunungan,index_percent,105.88,Badan Pusat Statistik,webapi-var-1455-updated-2025-12-12,domain=0000;var=1455;vervar=9700;turvar=1169;th=125;turth=0
bps_webapi,sdg04_paud,total,2026-09-08,2015,national,9999,Indonesia,percent,95.85,Badan Pusat Statistik,webapi-var-1990-updated-2024-05-26,domain=0000;var=1990;vervar=9999;turvar=0;th=115;turth=0
bps_webapi,sdg04_paud,total,2026-09-08,2015,province,1100,Aceh,percent,98.7,Badan Pusat Statistik,webapi-var-1990-updated-2024-05-26,domain=0000;var=1990;vervar=1100;turvar=0;th=115;turth=0
bps_webapi,sdg04_paud,total,2026-09-08,2015,province,1200,Sumatera Utara,percent,95.72,Badan Pusat Statistik,webapi-var-1990-updated-2024-05-26,domain=0000;var=1990;vervar=1200;turvar=0;th=115;turth=0
bps_webapi,sdg04_paud,total,2026-09-08,2015,province,1300,Sumatera Barat,percent,94.51,Badan Pusat Statistik,webapi-var-1990-updated-2024-05-26,domain=0000;var=1990;vervar=1300;turvar=0;th=115;turth=0
bps_webapi,sdg04_paud,total,2026-09-08,2015,province,1400,Riau,percent,95.13,Badan Pusat Statistik,webapi-var-1990-updated-2024-05-26,domain=0000;var=1990;vervar=1400;turvar=0;th=115;turth=0
bps_webapi,sdg04_paud,total,2026-09-08,2015,province,1500,Jambi,percent,96.52,Badan Pusat Statistik,webapi-var-1990-updated-2024-05-26,domain=0000;var=1990;vervar=1500;turvar=0;th=115;turth=0
bps_webapi,sdg04_paud,total,2026-09-08,2015,province,1600,Sumatera Selatan,percent,97.42,Badan Pusat Statistik,webapi-var-1990-updated-2024-05-26,domain=0000;var=1990;vervar=1600;turvar=0;th=115;turth=0
bps_webapi,sdg04_paud,total,2026-09-08,2015,province,1700,Bengkulu,percent,95.52,Badan Pusat Statistik,webapi-var-1990-updated-2024-05-26,domain=0000;var=1990;vervar=1700;turvar=0;th=115;turth=0
bps_webapi,sdg04_paud,total,2026-09-08,2015,province,1800,Lampung,percent,97.63,Badan Pusat Statistik,webapi-var-1990-updated-2024-05-26,domain=0000;var=1990;vervar=1800;turvar=0;th=115;turth=0
bps_webapi,sdg04_paud,total,2026-09-08,2015,province,1900,Kep. Bangka Belitung,percent,95.32,Badan Pusat Statistik,webapi-var-1990-updated-2024-05-26,domain=0000;var=1990;vervar=1900;turvar=0;th=115;turth=0
bps_webapi,sdg04_paud,total,2026-09-08,2015,province,2100,Kep. Riau,percent,94.66,Badan Pusat Statistik,webapi-var-1990-updated-2024-05-26,domain=0000;var=1990;vervar=2100;turvar=0;th=115;turth=0
bps_webapi,sdg04_paud,total,2026-09-08,2015,province,3100,Dki Jakarta,percent,97.33,Badan Pusat Statistik,webapi-var-1990-updated-2024-05-26,domain=0000;var=1990;vervar=3100;turvar=0;th=115;turth=0
bps_webapi,sdg04_paud,total,2026-09-08,2015,province,3200,Jawa Barat,percent,96.68,Badan Pusat Statistik,webapi-var-1990-updated-2024-05-26,domain=0000;var=1990;vervar=3200;turvar=0;th=115;turth=0
bps_webapi,sdg04_paud,total,2026-09-08,2015,province,3300,Jawa Tengah,percent,97.88,Badan Pusat Statistik,webapi-var-1990-updated-2024-05-26,domain=0000;var=1990;vervar=3300;turvar=0;th=115;turth=0
bps_webapi,sdg04_paud,total,2026-09-08,2015,province,3400,Di Yogyakarta,percent,98.45,Badan Pusat Statistik,webapi-var-1990-updated-2024-05-26,domain=0000;var=1990;vervar=3400;turvar=0;th=115;turth=0
bps_webapi,sdg04_paud,total,2026-09-08,2015,province,3500,Jawa Timur,percent,97.07,Badan Pusat Statistik,webapi-var-1990-updated-2024-05-26,domain=0000;var=1990;vervar=3500;turvar=0;th=115;turth=0
bps_webapi,sdg04_paud,total,2026-09-08,2015,province,3600,Banten,percent,95.2,Badan Pusat Statistik,webapi-var-1990-updated-2024-05-26,domain=0000;var=1990;vervar=3600;turvar=0;th=115;turth=0
bps_webapi,sdg04_paud,total,2026-09-08,2015,province,5100,Bali,percent,96.7,Badan Pusat Statistik,webapi-var-1990-updated-2024-05-26,domain=0000;var=1990;vervar=5100;turvar=0;th=115;turth=0
bps_webapi,sdg04_paud,total,2026-09-08,2015,province,5200,Nusa Tenggara Barat,percent,97.14,Badan Pusat Statistik,webapi-var-1990-updated-2024-05-26,domain=0000;var=1990;vervar=5200;turvar=0;th=115;turth=0
bps_webapi,sdg04_paud,total,2026-09-08,2015,province,5300,Nusa Tenggara Timur,percent,92.48,Badan Pusat Statistik,webapi-var-1990-updated-2024-05-26,domain=0000;var=1990;vervar=5300;turvar=0;th=115;turth=0
bps_webapi,sdg04_paud,total,2026-09-08,2015,province,6100,Kalimantan Barat,percent,90.86,Badan Pusat Statistik,webapi-var-1990-updated-2024-05-26,domain=0000;var=1990;vervar=6100;turvar=0;th=115;turth=0
bps_webapi,sdg04_paud,total,2026-09-08,2015,province,6200,Kalimantan Tengah,percent,96.84,Badan Pusat Statistik,webapi-var-1990-updated-2024-05-26,domain=0000;var=1990;vervar=6200;turvar=0;th=115;turth=0
bps_webapi,sdg04_paud,total,2026-09-08,2015,province,6300,Kalimantan Selatan,percent,96.96,Badan Pusat Statistik,webapi-var-1990-updated-2024-05-26,domain=0000;var=1990;vervar=6300;turvar=0;th=115;turth=0
bps_webapi,sdg04_paud,total,2026-09-08,2015,province,6400,Kalimantan Timur,percent,97.77,Badan Pusat Statistik,webapi-var-1990-updated-2024-05-26,domain=0000;var=1990;vervar=6400;turvar=0;th=115;turth=0
bps_webapi,sdg04_paud,total,2026-09-08,2015,province,6500,Kalimantan Utara,percent,94.68,Badan Pusat Statistik,webapi-var-1990-updated-2024-05-26,domain=0000;var=1990;vervar=6500;turvar=0;th=115;turth=0
bps_webapi,sdg04_paud,total,2026-09-08,2015,province,7100,Sulawesi Utara,percent,99.16,Badan Pusat Statistik,webapi-var-1990-updated-2024-05-26,domain=0000;var=1990;vervar=7100;turvar=0;th=115;turth=0
bps_webapi,sdg04_paud,total,2026-09-08,2015,province,7200,Sulawesi Tengah,percent,93.05,Badan Pusat Statistik,webapi-var-1990-updated-2024-05-26,domain=0000;var=1990;vervar=7200;turvar=0;th=115;turth=0
bps_webapi,sdg04_paud,total,2026-09-08,2015,province,7300,Sulawesi Selatan,percent,96.8,Badan Pusat Statistik,webapi-var-1990-updated-2024-05-26,domain=0000;var=1990;vervar=7300;turvar=0;th=115;turth=0
bps_webapi,sdg04_paud,total,2026-09-08,2015,province,7400,Sulawesi Tenggara,percent,96.49,Badan Pusat Statistik,webapi-var-1990-updated-2024-05-26,domain=0000;var=1990;vervar=7400;turvar=0;th=115;turth=0
bps_webapi,sdg04_paud,total,2026-09-08,2015,province,7500,Gorontalo,percent,96.19,Badan Pusat Statistik,webapi-var-1990-updated-2024-05-26,domain=0000;var=1990;vervar=7500;turvar=0;th=115;turth=0
bps_webapi,sdg04_paud,total,2026-09-08,2015,province,7600,Sulawesi Barat,percent,90.76,Badan Pusat Statistik,webapi-var-1990-updated-2024-05-26,domain=0000;var=1990;vervar=7600;turvar=0;th=115;turth=0
bps_webapi,sdg04_paud,total,2026-09-08,2015,province,8100,Maluku,percent,95.25,Badan Pusat Statistik,webapi-var-1990-updated-2024-05-26,domain=0000;var=1990;vervar=8100;turvar=0;th=115;turth=0
bps_webapi,sdg04_paud,total,2026-09-08,2015,province,8200,Maluku Utara,percent,94.36,Badan Pusat Statistik,webapi-var-1990-updated-2024-05-26,domain=0000;var=1990;vervar=8200;turvar=0;th=115;turth=0
bps_webapi,sdg04_paud,total,2026-09-08,2015,province,9100,Papua Barat,percent,85.48,Badan Pusat Statistik,webapi-var-1990-updated-2024-05-26,domain=0000;var=1990;vervar=9100;turvar=0;th=115;turth=0
bps_webapi,sdg04_paud,total,2026-09-08,2015,province,9400,Papua,percent,60.3,Badan Pusat Statistik,webapi-var-1990-updated-2024-05-26,domain=0000;var=1990;vervar=9400;turvar=0;th=115;turth=0
bps_webapi,sdg04_paud,total,2026-09-08,2016,national,9999,Indonesia,percent,94.88,Badan Pusat Statistik,webapi-var-1990-updated-2024-05-26,domain=0000;var=1990;vervar=9999;turvar=0;th=116;turth=0
bps_webapi,sdg04_paud,total,2026-09-08,2016,province,1100,Aceh,percent,97.62,Badan Pusat Statistik,webapi-var-1990-updated-2024-05-26,domain=0000;var=1990;vervar=1100;turvar=0;th=116;turth=0
bps_webapi,sdg04_paud,total,2026-09-08,2016,province,1200,Sumatera Utara,percent,95.78,Badan Pusat Statistik,webapi-var-1990-updated-2024-05-26,domain=0000;var=1990;vervar=1200;turvar=0;th=116;turth=0
bps_webapi,sdg04_paud,total,2026-09-08,2016,province,1300,Sumatera Barat,percent,94.46,Badan Pusat Statistik,webapi-var-1990-updated-2024-05-26,domain=0000;var=1990;vervar=1300;turvar=0;th=116;turth=0
bps_webapi,sdg04_paud,total,2026-09-08,2016,province,1400,Riau,percent,95.52,Badan Pusat Statistik,webapi-var-1990-updated-2024-05-26,domain=0000;var=1990;vervar=1400;turvar=0;th=116;turth=0
bps_webapi,sdg04_paud,total,2026-09-08,2016,province,1500,Jambi,percent,95.88,Badan Pusat Statistik,webapi-var-1990-updated-2024-05-26,domain=0000;var=1990;vervar=1500;turvar=0;th=116;turth=0
bps_webapi,sdg04_paud,total,2026-09-08,2016,province,1600,Sumatera Selatan,percent,95.4,Badan Pusat Statistik,webapi-var-1990-updated-2024-05-26,domain=0000;var=1990;vervar=1600;turvar=0;th=116;turth=0
bps_webapi,sdg04_paud,total,2026-09-08,2016,province,1700,Bengkulu,percent,95.87,Badan Pusat Statistik,webapi-var-1990-updated-2024-05-26,domain=0000;var=1990;vervar=1700;turvar=0;th=116;turth=0
bps_webapi,sdg04_paud,total,2026-09-08,2016,province,1800,Lampung,percent,95.38,Badan Pusat Statistik,webapi-var-1990-updated-2024-05-26,domain=0000;var=1990;vervar=1800;turvar=0;th=116;turth=0
bps_webapi,sdg04_paud,total,2026-09-08,2016,province,1900,Kep. Bangka Belitung,percent,95.7,Badan Pusat Statistik,webapi-var-1990-updated-2024-05-26,domain=0000;var=1990;vervar=1900;turvar=0;th=116;turth=0
bps_webapi,sdg04_paud,total,2026-09-08,2016,province,2100,Kep. Riau,percent,94.46,Badan Pusat Statistik,webapi-var-1990-updated-2024-05-26,domain=0000;var=1990;vervar=2100;turvar=0;th=116;turth=0
bps_webapi,sdg04_paud,total,2026-09-08,2016,province,3100,Dki Jakarta,percent,93.44,Badan Pusat Statistik,webapi-var-1990-updated-2024-05-26,domain=0000;var=1990;vervar=3100;turvar=0;th=116;turth=0
bps_webapi,sdg04_paud,total,2026-09-08,2016,province,3200,Jawa Barat,percent,94.37,Badan Pusat Statistik,webapi-var-1990-updated-2024-05-26,domain=0000;var=1990;vervar=3200;turvar=0;th=116;turth=0
bps_webapi,sdg04_paud,total,2026-09-08,2016,province,3300,Jawa Tengah,percent,97.48,Badan Pusat Statistik,webapi-var-1990-updated-2024-05-26,domain=0000;var=1990;vervar=3300;turvar=0;th=116;turth=0
bps_webapi,sdg04_paud,total,2026-09-08,2016,province,3400,Di Yogyakarta,percent,98.66,Badan Pusat Statistik,webapi-var-1990-updated-2024-05-26,domain=0000;var=1990;vervar=3400;turvar=0;th=116;turth=0
bps_webapi,sdg04_paud,total,2026-09-08,2016,province,3500,Jawa Timur,percent,96.69,Badan Pusat Statistik,webapi-var-1990-updated-2024-05-26,domain=0000;var=1990;vervar=3500;turvar=0;th=116;turth=0
bps_webapi,sdg04_paud,total,2026-09-08,2016,province,3600,Banten,percent,95.27,Badan Pusat Statistik,webapi-var-1990-updated-2024-05-26,domain=0000;var=1990;vervar=3600;turvar=0;th=116;turth=0
bps_webapi,sdg04_paud,total,2026-09-08,2016,province,5100,Bali,percent,94.23,Badan Pusat Statistik,webapi-var-1990-updated-2024-05-26,domain=0000;var=1990;vervar=5100;turvar=0;th=116;turth=0
bps_webapi,sdg04_paud,total,2026-09-08,2016,province,5200,Nusa Tenggara Barat,percent,94.88,Badan Pusat Statistik,webapi-var-1990-updated-2024-05-26,domain=0000;var=1990;vervar=5200;turvar=0;th=116;turth=0
bps_webapi,sdg04_paud,total,2026-09-08,2016,province,5300,Nusa Tenggara Timur,percent,91.82,Badan Pusat Statistik,webapi-var-1990-updated-2024-05-26,domain=0000;var=1990;vervar=5300;turvar=0;th=116;turth=0
bps_webapi,sdg04_paud,total,2026-09-08,2016,province,6100,Kalimantan Barat,percent,92.48,Badan Pusat Statistik,webapi-var-1990-updated-2024-05-26,domain=0000;var=1990;vervar=6100;turvar=0;th=116;turth=0
bps_webapi,sdg04_paud,total,2026-09-08,2016,province,6200,Kalimantan Tengah,percent,98.05,Badan Pusat Statistik,webapi-var-1990-updated-2024-05-26,domain=0000;var=1990;vervar=6200;turvar=0;th=116;turth=0
bps_webapi,sdg04_paud,total,2026-09-08,2016,province,6300,Kalimantan Selatan,percent,97.52,Badan Pusat Statistik,webapi-var-1990-updated-2024-05-26,domain=0000;var=1990;vervar=6300;turvar=0;th=116;turth=0
bps_webapi,sdg04_paud,total,2026-09-08,2016,province,6400,Kalimantan Timur,percent,96.75,Badan Pusat Statistik,webapi-var-1990-updated-2024-05-26,domain=0000;var=1990;vervar=6400;turvar=0;th=116;turth=0
bps_webapi,sdg04_paud,total,2026-09-08,2016,province,6500,Kalimantan Utara,percent,95.46,Badan Pusat Statistik,webapi-var-1990-updated-2024-05-26,domain=0000;var=1990;vervar=6500;turvar=0;th=116;turth=0
bps_webapi,sdg04_paud,total,2026-09-08,2016,province,7100,Sulawesi Utara,percent,97.41,Badan Pusat Statistik,webapi-var-1990-updated-2024-05-26,domain=0000;var=1990;vervar=7100;turvar=0;th=116;turth=0
bps_webapi,sdg04_paud,total,2026-09-08,2016,province,7200,Sulawesi Tengah,percent,91.11,Badan Pusat Statistik,webapi-var-1990-updated-2024-05-26,domain=0000;var=1990;vervar=7200;turvar=0;th=116;turth=0
bps_webapi,sdg04_paud,total,2026-09-08,2016,province,7300,Sulawesi Selatan,percent,95.52,Badan Pusat Statistik,webapi-var-1990-updated-2024-05-26,domain=0000;var=1990;vervar=7300;turvar=0;th=116;turth=0
bps_webapi,sdg04_paud,total,2026-09-08,2016,province,7400,Sulawesi Tenggara,percent,97.57,Badan Pusat Statistik,webapi-var-1990-updated-2024-05-26,domain=0000;var=1990;vervar=7400;turvar=0;th=116;turth=0
bps_webapi,sdg04_paud,total,2026-09-08,2016,province,7500,Gorontalo,percent,93.28,Badan Pusat Statistik,webapi-var-1990-updated-2024-05-26,domain=0000;var=1990;vervar=7500;turvar=0;th=116;turth=0
bps_webapi,sdg04_paud,total,2026-09-08,2016,province,7600,Sulawesi Barat,percent,93.18,Badan Pusat Statistik,webapi-var-1990-updated-2024-05-26,domain=0000;var=1990;vervar=7600;turvar=0;th=116;turth=0
bps_webapi,sdg04_paud,total,2026-09-08,2016,province,8100,Maluku,percent,96.39,Badan Pusat Statistik,webapi-var-1990-updated-2024-05-26,domain=0000;var=1990;vervar=8100;turvar=0;th=116;turth=0
bps_webapi,sdg04_paud,total,2026-09-08,2016,province,8200,Maluku Utara,percent,92.97,Badan Pusat Statistik,webapi-var-1990-updated-2024-05-26,domain=0000;var=1990;vervar=8200;turvar=0;th=116;turth=0
bps_webapi,sdg04_paud,total,2026-09-08,2016,province,9100,Papua Barat,percent,87.5,Badan Pusat Statistik,webapi-var-1990-updated-2024-05-26,domain=0000;var=1990;vervar=9100;turvar=0;th=116;turth=0
bps_webapi,sdg04_paud,total,2026-09-08,2016,province,9400,Papua,percent,57.96,Badan Pusat Statistik,webapi-var-1990-updated-2024-05-26,domain=0000;var=1990;vervar=9400;turvar=0;th=116;turth=0
bps_webapi,sdg04_paud,total,2026-09-08,2017,national,9999,Indonesia,percent,94.87,Badan Pusat Statistik,webapi-var-1990-updated-2024-05-26,domain=0000;var=1990;vervar=9999;turvar=0;th=117;turth=0
bps_webapi,sdg04_paud,total,2026-09-08,2017,province,1100,Aceh,percent,98.85,Badan Pusat Statistik,webapi-var-1990-updated-2024-05-26,domain=0000;var=1990;vervar=1100;turvar=0;th=117;turth=0
bps_webapi,sdg04_paud,total,2026-09-08,2017,province,1200,Sumatera Utara,percent,95.79,Badan Pusat Statistik,webapi-var-1990-updated-2024-05-26,domain=0000;var=1990;vervar=1200;turvar=0;th=117;turth=0
bps_webapi,sdg04_paud,total,2026-09-08,2017,province,1300,Sumatera Barat,percent,96.3,Badan Pusat Statistik,webapi-var-1990-updated-2024-05-26,domain=0000;var=1990;vervar=1300;turvar=0;th=117;turth=0
bps_webapi,sdg04_paud,total,2026-09-08,2017,province,1400,Riau,percent,93.79,Badan Pusat Statistik,webapi-var-1990-updated-2024-05-26,domain=0000;var=1990;vervar=1400;turvar=0;th=117;turth=0
bps_webapi,sdg04_paud,total,2026-09-08,2017,province,1500,Jambi,percent,95.98,Badan Pusat Statistik,webapi-var-1990-updated-2024-05-26,domain=0000;var=1990;vervar=1500;turvar=0;th=117;turth=0
bps_webapi,sdg04_paud,total,2026-09-08,2017,province,1600,Sumatera Selatan,percent,98.29,Badan Pusat Statistik,webapi-var-1990-updated-2024-05-26,domain=0000;var=1990;vervar=1600;turvar=0;th=117;turth=0
bps_webapi,sdg04_paud,total,2026-09-08,2017,province,1700,Bengkulu,percent,95.13,Badan Pusat Statistik,webapi-var-1990-updated-2024-05-26,domain=0000;var=1990;vervar=1700;turvar=0;th=117;turth=0
bps_webapi,sdg04_paud,total,2026-09-08,2017,province,1800,Lampung,percent,96.27,Badan Pusat Statistik,webapi-var-1990-updated-2024-05-26,domain=0000;var=1990;vervar=1800;turvar=0;th=117;turth=0
bps_webapi,sdg04_paud,total,2026-09-08,2017,province,1900,Kep. Bangka Belitung,percent,94.37,Badan Pusat Statistik,webapi-var-1990-updated-2024-05-26,domain=0000;var=1990;vervar=1900;turvar=0;th=117;turth=0
bps_webapi,sdg04_paud,total,2026-09-08,2017,province,2100,Kep. Riau,percent,95.86,Badan Pusat Statistik,webapi-var-1990-updated-2024-05-26,domain=0000;var=1990;vervar=2100;turvar=0;th=117;turth=0
bps_webapi,sdg04_paud,total,2026-09-08,2017,province,3100,Dki Jakarta,percent,94.48,Badan Pusat Statistik,webapi-var-1990-updated-2024-05-26,domain=0000;var=1990;vervar=3100;turvar=0;th=117;turth=0
bps_webapi,sdg04_paud,total,2026-09-08,2017,province,3200,Jawa Barat,percent,93.69,Badan Pusat Statistik,webapi-var-1990-updated-2024-05-26,domain=0000;var=1990;vervar=3200;turvar=0;th=117;turth=0
bps_webapi,sdg04_paud,total,2026-09-08,2017,province,3300,Jawa Tengah,percent,97.71,Badan Pusat Statistik,webapi-var-1990-updated-2024-05-26,domain=0000;var=1990;vervar=3300;turvar=0;th=117;turth=0
bps_webapi,sdg04_paud,total,2026-09-08,2017,province,3400,Di Yogyakarta,percent,98.38,Badan Pusat Statistik,webapi-var-1990-updated-2024-05-26,domain=0000;var=1990;vervar=3400;turvar=0;th=117;turth=0
bps_webapi,sdg04_paud,total,2026-09-08,2017,province,3500,Jawa Timur,percent,95.66,Badan Pusat Statistik,webapi-var-1990-updated-2024-05-26,domain=0000;var=1990;vervar=3500;turvar=0;th=117;turth=0
bps_webapi,sdg04_paud,total,2026-09-08,2017,province,3600,Banten,percent,93.94,Badan Pusat Statistik,webapi-var-1990-updated-2024-05-26,domain=0000;var=1990;vervar=3600;turvar=0;th=117;turth=0
bps_webapi,sdg04_paud,total,2026-09-08,2017,province,5100,Bali,percent,93.2,Badan Pusat Statistik,webapi-var-1990-updated-2024-05-26,domain=0000;var=1990;vervar=5100;turvar=0;th=117;turth=0
bps_webapi,sdg04_paud,total,2026-09-08,2017,province,5200,Nusa Tenggara Barat,percent,94.78,Badan Pusat Statistik,webapi-var-1990-updated-2024-05-26,domain=0000;var=1990;vervar=5200;turvar=0;th=117;turth=0
bps_webapi,sdg04_paud,total,2026-09-08,2017,province,5300,Nusa Tenggara Timur,percent,91.16,Badan Pusat Statistik,webapi-var-1990-updated-2024-05-26,domain=0000;var=1990;vervar=5300;turvar=0;th=117;turth=0
bps_webapi,sdg04_paud,total,2026-09-08,2017,province,6100,Kalimantan Barat,percent,92.59,Badan Pusat Statistik,webapi-var-1990-updated-2024-05-26,domain=0000;var=1990;vervar=6100;turvar=0;th=117;turth=0
bps_webapi,sdg04_paud,total,2026-09-08,2017,province,6200,Kalimantan Tengah,percent,97.48,Badan Pusat Statistik,webapi-var-1990-updated-2024-05-26,domain=0000;var=1990;vervar=6200;turvar=0;th=117;turth=0
bps_webapi,sdg04_paud,total,2026-09-08,2017,province,6300,Kalimantan Selatan,percent,97.22,Badan Pusat Statistik,webapi-var-1990-updated-2024-05-26,domain=0000;var=1990;vervar=6300;turvar=0;th=117;turth=0
bps_webapi,sdg04_paud,total,2026-09-08,2017,province,6400,Kalimantan Timur,percent,97.07,Badan Pusat Statistik,webapi-var-1990-updated-2024-05-26,domain=0000;var=1990;vervar=6400;turvar=0;th=117;turth=0
bps_webapi,sdg04_paud,total,2026-09-08,2017,province,6500,Kalimantan Utara,percent,90.94,Badan Pusat Statistik,webapi-var-1990-updated-2024-05-26,domain=0000;var=1990;vervar=6500;turvar=0;th=117;turth=0
bps_webapi,sdg04_paud,total,2026-09-08,2017,province,7100,Sulawesi Utara,percent,97.18,Badan Pusat Statistik,webapi-var-1990-updated-2024-05-26,domain=0000;var=1990;vervar=7100;turvar=0;th=117;turth=0
bps_webapi,sdg04_paud,total,2026-09-08,2017,province,7200,Sulawesi Tengah,percent,94.9,Badan Pusat Statistik,webapi-var-1990-updated-2024-05-26,domain=0000;var=1990;vervar=7200;turvar=0;th=117;turth=0
bps_webapi,sdg04_paud,total,2026-09-08,2017,province,7300,Sulawesi Selatan,percent,96.9,Badan Pusat Statistik,webapi-var-1990-updated-2024-05-26,domain=0000;var=1990;vervar=7300;turvar=0;th=117;turth=0
bps_webapi,sdg04_paud,total,2026-09-08,2017,province,7400,Sulawesi Tenggara,percent,98.16,Badan Pusat Statistik,webapi-var-1990-updated-2024-05-26,domain=0000;var=1990;vervar=7400;turvar=0;th=117;turth=0
bps_webapi,sdg04_paud,total,2026-09-08,2017,province,7500,Gorontalo,percent,95.1,Badan Pusat Statistik,webapi-var-1990-updated-2024-05-26,domain=0000;var=1990;vervar=7500;turvar=0;th=117;turth=0
bps_webapi,sdg04_paud,total,2026-09-08,2017,province,7600,Sulawesi Barat,percent,89.04,Badan Pusat Statistik,webapi-var-1990-updated-2024-05-26,domain=0000;var=1990;vervar=7600;turvar=0;th=117;turth=0
bps_webapi,sdg04_paud,total,2026-09-08,2017,province,8100,Maluku,percent,95.43,Badan Pusat Statistik,webapi-var-1990-updated-2024-05-26,domain=0000;var=1990;vervar=8100;turvar=0;th=117;turth=0
bps_webapi,sdg04_paud,total,2026-09-08,2017,province,8200,Maluku Utara,percent,93.47,Badan Pusat Statistik,webapi-var-1990-updated-2024-05-26,domain=0000;var=1990;vervar=8200;turvar=0;th=117;turth=0
bps_webapi,sdg04_paud,total,2026-09-08,2017,province,9100,Papua Barat,percent,85.1,Badan Pusat Statistik,webapi-var-1990-updated-2024-05-26,domain=0000;var=1990;vervar=9100;turvar=0;th=117;turth=0
bps_webapi,sdg04_paud,total,2026-09-08,2017,province,9400,Papua,percent,62.11,Badan Pusat Statistik,webapi-var-1990-updated-2024-05-26,domain=0000;var=1990;vervar=9400;turvar=0;th=117;turth=0
bps_webapi,sdg04_paud,total,2026-09-08,2018,national,9999,Indonesia,percent,95.86,Badan Pusat Statistik,webapi-var-1990-updated-2024-05-26,domain=0000;var=1990;vervar=9999;turvar=0;th=118;turth=0
bps_webapi,sdg04_paud,total,2026-09-08,2018,province,1100,Aceh,percent,98.16,Badan Pusat Statistik,webapi-var-1990-updated-2024-05-26,domain=0000;var=1990;vervar=1100;turvar=0;th=118;turth=0
bps_webapi,sdg04_paud,total,2026-09-08,2018,province,1200,Sumatera Utara,percent,96.85,Badan Pusat Statistik,webapi-var-1990-updated-2024-05-26,domain=0000;var=1990;vervar=1200;turvar=0;th=118;turth=0
bps_webapi,sdg04_paud,total,2026-09-08,2018,province,1300,Sumatera Barat,percent,96.9,Badan Pusat Statistik,webapi-var-1990-updated-2024-05-26,domain=0000;var=1990;vervar=1300;turvar=0;th=118;turth=0
bps_webapi,sdg04_paud,total,2026-09-08,2018,province,1400,Riau,percent,93.68,Badan Pusat Statistik,webapi-var-1990-updated-2024-05-26,domain=0000;var=1990;vervar=1400;turvar=0;th=118;turth=0
bps_webapi,sdg04_paud,total,2026-09-08,2018,province,1500,Jambi,percent,97.37,Badan Pusat Statistik,webapi-var-1990-updated-2024-05-26,domain=0000;var=1990;vervar=1500;turvar=0;th=118;turth=0
bps_webapi,sdg04_paud,total,2026-09-08,2018,province,1600,Sumatera Selatan,percent,97.9,Badan Pusat Statistik,webapi-var-1990-updated-2024-05-26,domain=0000;var=1990;vervar=1600;turvar=0;th=118;turth=0
bps_webapi,sdg04_paud,total,2026-09-08,2018,province,1700,Bengkulu,percent,99.43,Badan Pusat Statistik,webapi-var-1990-updated-2024-05-26,domain=0000;var=1990;vervar=1700;turvar=0;th=118;turth=0
bps_webapi,sdg04_paud,total,2026-09-08,2018,province,1800,Lampung,percent,98.36,Badan Pusat Statistik,webapi-var-1990-updated-2024-05-26,domain=0000;var=1990;vervar=1800;turvar=0;th=118;turth=0
bps_webapi,sdg04_paud,total,2026-09-08,2018,province,1900,Kep. Bangka Belitung,percent,98.91,Badan Pusat Statistik,webapi-var-1990-updated-2024-05-26,domain=0000;var=1990;vervar=1900;turvar=0;th=118;turth=0
bps_webapi,sdg04_paud,total,2026-09-08,2018,province,2100,Kep. Riau,percent,91.5,Badan Pusat Statistik,webapi-var-1990-updated-2024-05-26,domain=0000;var=1990;vervar=2100;turvar=0;th=118;turth=0
bps_webapi,sdg04_paud,total,2026-09-08,2018,province,3100,Dki Jakarta,percent,93.63,Badan Pusat Statistik,webapi-var-1990-updated-2024-05-26,domain=0000;var=1990;vervar=3100;turvar=0;th=118;turth=0
bps_webapi,sdg04_paud,total,2026-09-08,2018,province,3200,Jawa Barat,percent,94.56,Badan Pusat Statistik,webapi-var-1990-updated-2024-05-26,domain=0000;var=1990;vervar=3200;turvar=0;th=118;turth=0
bps_webapi,sdg04_paud,total,2026-09-08,2018,province,3300,Jawa Tengah,percent,99.21,Badan Pusat Statistik,webapi-var-1990-updated-2024-05-26,domain=0000;var=1990;vervar=3300;turvar=0;th=118;turth=0
bps_webapi,sdg04_paud,total,2026-09-08,2018,province,3400,Di Yogyakarta,percent,99.67,Badan Pusat Statistik,webapi-var-1990-updated-2024-05-26,domain=0000;var=1990;vervar=3400;turvar=0;th=118;turth=0
bps_webapi,sdg04_paud,total,2026-09-08,2018,province,3500,Jawa Timur,percent,96.75,Badan Pusat Statistik,webapi-var-1990-updated-2024-05-26,domain=0000;var=1990;vervar=3500;turvar=0;th=118;turth=0
bps_webapi,sdg04_paud,total,2026-09-08,2018,province,3600,Banten,percent,95.93,Badan Pusat Statistik,webapi-var-1990-updated-2024-05-26,domain=0000;var=1990;vervar=3600;turvar=0;th=118;turth=0
bps_webapi,sdg04_paud,total,2026-09-08,2018,province,5100,Bali,percent,97.32,Badan Pusat Statistik,webapi-var-1990-updated-2024-05-26,domain=0000;var=1990;vervar=5100;turvar=0;th=118;turth=0
bps_webapi,sdg04_paud,total,2026-09-08,2018,province,5200,Nusa Tenggara Barat,percent,96.96,Badan Pusat Statistik,webapi-var-1990-updated-2024-05-26,domain=0000;var=1990;vervar=5200;turvar=0;th=118;turth=0
bps_webapi,sdg04_paud,total,2026-09-08,2018,province,5300,Nusa Tenggara Timur,percent,93.37,Badan Pusat Statistik,webapi-var-1990-updated-2024-05-26,domain=0000;var=1990;vervar=5300;turvar=0;th=118;turth=0
bps_webapi,sdg04_paud,total,2026-09-08,2018,province,6100,Kalimantan Barat,percent,95.4,Badan Pusat Statistik,webapi-var-1990-updated-2024-05-26,domain=0000;var=1990;vervar=6100;turvar=0;th=118;turth=0
bps_webapi,sdg04_paud,total,2026-09-08,2018,province,6200,Kalimantan Tengah,percent,97.5,Badan Pusat Statistik,webapi-var-1990-updated-2024-05-26,domain=0000;var=1990;vervar=6200;turvar=0;th=118;turth=0
bps_webapi,sdg04_paud,total,2026-09-08,2018,province,6300,Kalimantan Selatan,percent,96.52,Badan Pusat Statistik,webapi-var-1990-updated-2024-05-26,domain=0000;var=1990;vervar=6300;turvar=0;th=118;turth=0
bps_webapi,sdg04_paud,total,2026-09-08,2018,province,6400,Kalimantan Timur,percent,97.56,Badan Pusat Statistik,webapi-var-1990-updated-2024-05-26,domain=0000;var=1990;vervar=6400;turvar=0;th=118;turth=0
bps_webapi,sdg04_paud,total,2026-09-08,2018,province,6500,Kalimantan Utara,percent,87.64,Badan Pusat Statistik,webapi-var-1990-updated-2024-05-26,domain=0000;var=1990;vervar=6500;turvar=0;th=118;turth=0
bps_webapi,sdg04_paud,total,2026-09-08,2018,province,7100,Sulawesi Utara,percent,97.56,Badan Pusat Statistik,webapi-var-1990-updated-2024-05-26,domain=0000;var=1990;vervar=7100;turvar=0;th=118;turth=0
bps_webapi,sdg04_paud,total,2026-09-08,2018,province,7200,Sulawesi Tengah,percent,94.76,Badan Pusat Statistik,webapi-var-1990-updated-2024-05-26,domain=0000;var=1990;vervar=7200;turvar=0;th=118;turth=0
bps_webapi,sdg04_paud,total,2026-09-08,2018,province,7300,Sulawesi Selatan,percent,97.43,Badan Pusat Statistik,webapi-var-1990-updated-2024-05-26,domain=0000;var=1990;vervar=7300;turvar=0;th=118;turth=0
bps_webapi,sdg04_paud,total,2026-09-08,2018,province,7400,Sulawesi Tenggara,percent,98.51,Badan Pusat Statistik,webapi-var-1990-updated-2024-05-26,domain=0000;var=1990;vervar=7400;turvar=0;th=118;turth=0
bps_webapi,sdg04_paud,total,2026-09-08,2018,province,7500,Gorontalo,percent,97.24,Badan Pusat Statistik,webapi-var-1990-updated-2024-05-26,domain=0000;var=1990;vervar=7500;turvar=0;th=118;turth=0
bps_webapi,sdg04_paud,total,2026-09-08,2018,province,7600,Sulawesi Barat,percent,95.65,Badan Pusat Statistik,webapi-var-1990-updated-2024-05-26,domain=0000;var=1990;vervar=7600;turvar=0;th=118;turth=0
bps_webapi,sdg04_paud,total,2026-09-08,2018,province,8100,Maluku,percent,95.34,Badan Pusat Statistik,webapi-var-1990-updated-2024-05-26,domain=0000;var=1990;vervar=8100;turvar=0;th=118;turth=0
bps_webapi,sdg04_paud,total,2026-09-08,2018,province,8200,Maluku Utara,percent,95.12,Badan Pusat Statistik,webapi-var-1990-updated-2024-05-26,domain=0000;var=1990;vervar=8200;turvar=0;th=118;turth=0
bps_webapi,sdg04_paud,total,2026-09-08,2018,province,9100,Papua Barat,percent,88.61,Badan Pusat Statistik,webapi-var-1990-updated-2024-05-26,domain=0000;var=1990;vervar=9100;turvar=0;th=118;turth=0
bps_webapi,sdg04_paud,total,2026-09-08,2018,province,9400,Papua,percent,61.51,Badan Pusat Statistik,webapi-var-1990-updated-2024-05-26,domain=0000;var=1990;vervar=9400;turvar=0;th=118;turth=0
bps_webapi,sdg04_paud,total,2026-09-08,2019,national,9999,Indonesia,percent,96.37,Badan Pusat Statistik,webapi-var-1990-updated-2024-05-26,domain=0000;var=1990;vervar=9999;turvar=0;th=119;turth=0
bps_webapi,sdg04_paud,total,2026-09-08,2019,province,1100,Aceh,percent,97.84,Badan Pusat Statistik,webapi-var-1990-updated-2024-05-26,domain=0000;var=1990;vervar=1100;turvar=0;th=119;turth=0
bps_webapi,sdg04_paud,total,2026-09-08,2019,province,1200,Sumatera Utara,percent,96.83,Badan Pusat Statistik,webapi-var-1990-updated-2024-05-26,domain=0000;var=1990;vervar=1200;turvar=0;th=119;turth=0
bps_webapi,sdg04_paud,total,2026-09-08,2019,province,1300,Sumatera Barat,percent,95.54,Badan Pusat Statistik,webapi-var-1990-updated-2024-05-26,domain=0000;var=1990;vervar=1300;turvar=0;th=119;turth=0
bps_webapi,sdg04_paud,total,2026-09-08,2019,province,1400,Riau,percent,93.68,Badan Pusat Statistik,webapi-var-1990-updated-2024-05-26,domain=0000;var=1990;vervar=1400;turvar=0;th=119;turth=0
bps_webapi,sdg04_paud,total,2026-09-08,2019,province,1500,Jambi,percent,96.99,Badan Pusat Statistik,webapi-var-1990-updated-2024-05-26,domain=0000;var=1990;vervar=1500;turvar=0;th=119;turth=0
bps_webapi,sdg04_paud,total,2026-09-08,2019,province,1600,Sumatera Selatan,percent,97.12,Badan Pusat Statistik,webapi-var-1990-updated-2024-05-26,domain=0000;var=1990;vervar=1600;turvar=0;th=119;turth=0
bps_webapi,sdg04_paud,total,2026-09-08,2019,province,1700,Bengkulu,percent,97.9,Badan Pusat Statistik,webapi-var-1990-updated-2024-05-26,domain=0000;var=1990;vervar=1700;turvar=0;th=119;turth=0
bps_webapi,sdg04_paud,total,2026-09-08,2019,province,1800,Lampung,percent,97.57,Badan Pusat Statistik,webapi-var-1990-updated-2024-05-26,domain=0000;var=1990;vervar=1800;turvar=0;th=119;turth=0
bps_webapi,sdg04_paud,total,2026-09-08,2019,province,1900,Kep. Bangka Belitung,percent,95.43,Badan Pusat Statistik,webapi-var-1990-updated-2024-05-26,domain=0000;var=1990;vervar=1900;turvar=0;th=119;turth=0
bps_webapi,sdg04_paud,total,2026-09-08,2019,province,2100,Kep. Riau,percent,93.71,Badan Pusat Statistik,webapi-var-1990-updated-2024-05-26,domain=0000;var=1990;vervar=2100;turvar=0;th=119;turth=0
bps_webapi,sdg04_paud,total,2026-09-08,2019,province,3100,Dki Jakarta,percent,96.44,Badan Pusat Statistik,webapi-var-1990-updated-2024-05-26,domain=0000;var=1990;vervar=3100;turvar=0;th=119;turth=0
bps_webapi,sdg04_paud,total,2026-09-08,2019,province,3200,Jawa Barat,percent,97.05,Badan Pusat Statistik,webapi-var-1990-updated-2024-05-26,domain=0000;var=1990;vervar=3200;turvar=0;th=119;turth=0
bps_webapi,sdg04_paud,total,2026-09-08,2019,province,3300,Jawa Tengah,percent,98.75,Badan Pusat Statistik,webapi-var-1990-updated-2024-05-26,domain=0000;var=1990;vervar=3300;turvar=0;th=119;turth=0
bps_webapi,sdg04_paud,total,2026-09-08,2019,province,3400,Di Yogyakarta,percent,100,Badan Pusat Statistik,webapi-var-1990-updated-2024-05-26,domain=0000;var=1990;vervar=3400;turvar=0;th=119;turth=0
bps_webapi,sdg04_paud,total,2026-09-08,2019,province,3500,Jawa Timur,percent,97.03,Badan Pusat Statistik,webapi-var-1990-updated-2024-05-26,domain=0000;var=1990;vervar=3500;turvar=0;th=119;turth=0
bps_webapi,sdg04_paud,total,2026-09-08,2019,province,3600,Banten,percent,96.95,Badan Pusat Statistik,webapi-var-1990-updated-2024-05-26,domain=0000;var=1990;vervar=3600;turvar=0;th=119;turth=0
bps_webapi,sdg04_paud,total,2026-09-08,2019,province,5100,Bali,percent,97.77,Badan Pusat Statistik,webapi-var-1990-updated-2024-05-26,domain=0000;var=1990;vervar=5100;turvar=0;th=119;turth=0
bps_webapi,sdg04_paud,total,2026-09-08,2019,province,5200,Nusa Tenggara Barat,percent,97.67,Badan Pusat Statistik,webapi-var-1990-updated-2024-05-26,domain=0000;var=1990;vervar=5200;turvar=0;th=119;turth=0
bps_webapi,sdg04_paud,total,2026-09-08,2019,province,5300,Nusa Tenggara Timur,percent,94.16,Badan Pusat Statistik,webapi-var-1990-updated-2024-05-26,domain=0000;var=1990;vervar=5300;turvar=0;th=119;turth=0
bps_webapi,sdg04_paud,total,2026-09-08,2019,province,6100,Kalimantan Barat,percent,93.85,Badan Pusat Statistik,webapi-var-1990-updated-2024-05-26,domain=0000;var=1990;vervar=6100;turvar=0;th=119;turth=0
bps_webapi,sdg04_paud,total,2026-09-08,2019,province,6200,Kalimantan Tengah,percent,97.46,Badan Pusat Statistik,webapi-var-1990-updated-2024-05-26,domain=0000;var=1990;vervar=6200;turvar=0;th=119;turth=0
bps_webapi,sdg04_paud,total,2026-09-08,2019,province,6300,Kalimantan Selatan,percent,99.31,Badan Pusat Statistik,webapi-var-1990-updated-2024-05-26,domain=0000;var=1990;vervar=6300;turvar=0;th=119;turth=0
bps_webapi,sdg04_paud,total,2026-09-08,2019,province,6400,Kalimantan Timur,percent,97.25,Badan Pusat Statistik,webapi-var-1990-updated-2024-05-26,domain=0000;var=1990;vervar=6400;turvar=0;th=119;turth=0
bps_webapi,sdg04_paud,total,2026-09-08,2019,province,6500,Kalimantan Utara,percent,94.87,Badan Pusat Statistik,webapi-var-1990-updated-2024-05-26,domain=0000;var=1990;vervar=6500;turvar=0;th=119;turth=0
bps_webapi,sdg04_paud,total,2026-09-08,2019,province,7100,Sulawesi Utara,percent,98.84,Badan Pusat Statistik,webapi-var-1990-updated-2024-05-26,domain=0000;var=1990;vervar=7100;turvar=0;th=119;turth=0
bps_webapi,sdg04_paud,total,2026-09-08,2019,province,7200,Sulawesi Tengah,percent,96.03,Badan Pusat Statistik,webapi-var-1990-updated-2024-05-26,domain=0000;var=1990;vervar=7200;turvar=0;th=119;turth=0
bps_webapi,sdg04_paud,total,2026-09-08,2019,province,7300,Sulawesi Selatan,percent,95.51,Badan Pusat Statistik,webapi-var-1990-updated-2024-05-26,domain=0000;var=1990;vervar=7300;turvar=0;th=119;turth=0
bps_webapi,sdg04_paud,total,2026-09-08,2019,province,7400,Sulawesi Tenggara,percent,98.04,Badan Pusat Statistik,webapi-var-1990-updated-2024-05-26,domain=0000;var=1990;vervar=7400;turvar=0;th=119;turth=0
bps_webapi,sdg04_paud,total,2026-09-08,2019,province,7500,Gorontalo,percent,99.13,Badan Pusat Statistik,webapi-var-1990-updated-2024-05-26,domain=0000;var=1990;vervar=7500;turvar=0;th=119;turth=0
bps_webapi,sdg04_paud,total,2026-09-08,2019,province,7600,Sulawesi Barat,percent,94.55,Badan Pusat Statistik,webapi-var-1990-updated-2024-05-26,domain=0000;var=1990;vervar=7600;turvar=0;th=119;turth=0
bps_webapi,sdg04_paud,total,2026-09-08,2019,province,8100,Maluku,percent,94.46,Badan Pusat Statistik,webapi-var-1990-updated-2024-05-26,domain=0000;var=1990;vervar=8100;turvar=0;th=119;turth=0
bps_webapi,sdg04_paud,total,2026-09-08,2019,province,8200,Maluku Utara,percent,94.18,Badan Pusat Statistik,webapi-var-1990-updated-2024-05-26,domain=0000;var=1990;vervar=8200;turvar=0;th=119;turth=0
bps_webapi,sdg04_paud,total,2026-09-08,2019,province,9100,Papua Barat,percent,92.19,Badan Pusat Statistik,webapi-var-1990-updated-2024-05-26,domain=0000;var=1990;vervar=9100;turvar=0;th=119;turth=0
bps_webapi,sdg04_paud,total,2026-09-08,2019,province,9400,Papua,percent,61.69,Badan Pusat Statistik,webapi-var-1990-updated-2024-05-26,domain=0000;var=1990;vervar=9400;turvar=0;th=119;turth=0
bps_webapi,sdg04_paud,total,2026-09-08,2020,national,9999,Indonesia,percent,92.76,Badan Pusat Statistik,webapi-var-1990-updated-2024-05-26,domain=0000;var=1990;vervar=9999;turvar=0;th=120;turth=0
bps_webapi,sdg04_paud,total,2026-09-08,2020,province,1100,Aceh,percent,94.02,Badan Pusat Statistik,webapi-var-1990-updated-2024-05-26,domain=0000;var=1990;vervar=1100;turvar=0;th=120;turth=0
bps_webapi,sdg04_paud,total,2026-09-08,2020,province,1200,Sumatera Utara,percent,92.66,Badan Pusat Statistik,webapi-var-1990-updated-2024-05-26,domain=0000;var=1990;vervar=1200;turvar=0;th=120;turth=0
bps_webapi,sdg04_paud,total,2026-09-08,2020,province,1300,Sumatera Barat,percent,92.17,Badan Pusat Statistik,webapi-var-1990-updated-2024-05-26,domain=0000;var=1990;vervar=1300;turvar=0;th=120;turth=0
bps_webapi,sdg04_paud,total,2026-09-08,2020,province,1400,Riau,percent,91.44,Badan Pusat Statistik,webapi-var-1990-updated-2024-05-26,domain=0000;var=1990;vervar=1400;turvar=0;th=120;turth=0
bps_webapi,sdg04_paud,total,2026-09-08,2020,province,1500,Jambi,percent,95.64,Badan Pusat Statistik,webapi-var-1990-updated-2024-05-26,domain=0000;var=1990;vervar=1500;turvar=0;th=120;turth=0
bps_webapi,sdg04_paud,total,2026-09-08,2020,province,1600,Sumatera Selatan,percent,97.93,Badan Pusat Statistik,webapi-var-1990-updated-2024-05-26,domain=0000;var=1990;vervar=1600;turvar=0;th=120;turth=0
bps_webapi,sdg04_paud,total,2026-09-08,2020,province,1700,Bengkulu,percent,95.84,Badan Pusat Statistik,webapi-var-1990-updated-2024-05-26,domain=0000;var=1990;vervar=1700;turvar=0;th=120;turth=0
bps_webapi,sdg04_paud,total,2026-09-08,2020,province,1800,Lampung,percent,92.9,Badan Pusat Statistik,webapi-var-1990-updated-2024-05-26,domain=0000;var=1990;vervar=1800;turvar=0;th=120;turth=0
bps_webapi,sdg04_paud,total,2026-09-08,2020,province,1900,Kep. Bangka Belitung,percent,97.74,Badan Pusat Statistik,webapi-var-1990-updated-2024-05-26,domain=0000;var=1990;vervar=1900;turvar=0;th=120;turth=0
bps_webapi,sdg04_paud,total,2026-09-08,2020,province,2100,Kep. Riau,percent,90.98,Badan Pusat Statistik,webapi-var-1990-updated-2024-05-26,domain=0000;var=1990;vervar=2100;turvar=0;th=120;turth=0
bps_webapi,sdg04_paud,total,2026-09-08,2020,province,3100,Dki Jakarta,percent,89.38,Badan Pusat Statistik,webapi-var-1990-updated-2024-05-26,domain=0000;var=1990;vervar=3100;turvar=0;th=120;turth=0
bps_webapi,sdg04_paud,total,2026-09-08,2020,province,3200,Jawa Barat,percent,93.93,Badan Pusat Statistik,webapi-var-1990-updated-2024-05-26,domain=0000;var=1990;vervar=3200;turvar=0;th=120;turth=0
bps_webapi,sdg04_paud,total,2026-09-08,2020,province,3300,Jawa Tengah,percent,96.73,Badan Pusat Statistik,webapi-var-1990-updated-2024-05-26,domain=0000;var=1990;vervar=3300;turvar=0;th=120;turth=0
bps_webapi,sdg04_paud,total,2026-09-08,2020,province,3400,Di Yogyakarta,percent,99.18,Badan Pusat Statistik,webapi-var-1990-updated-2024-05-26,domain=0000;var=1990;vervar=3400;turvar=0;th=120;turth=0
bps_webapi,sdg04_paud,total,2026-09-08,2020,province,3500,Jawa Timur,percent,94.89,Badan Pusat Statistik,webapi-var-1990-updated-2024-05-26,domain=0000;var=1990;vervar=3500;turvar=0;th=120;turth=0
bps_webapi,sdg04_paud,total,2026-09-08,2020,province,3600,Banten,percent,89.26,Badan Pusat Statistik,webapi-var-1990-updated-2024-05-26,domain=0000;var=1990;vervar=3600;turvar=0;th=120;turth=0
bps_webapi,sdg04_paud,total,2026-09-08,2020,province,5100,Bali,percent,91.45,Badan Pusat Statistik,webapi-var-1990-updated-2024-05-26,domain=0000;var=1990;vervar=5100;turvar=0;th=120;turth=0
bps_webapi,sdg04_paud,total,2026-09-08,2020,province,5200,Nusa Tenggara Barat,percent,90.21,Badan Pusat Statistik,webapi-var-1990-updated-2024-05-26,domain=0000;var=1990;vervar=5200;turvar=0;th=120;turth=0
bps_webapi,sdg04_paud,total,2026-09-08,2020,province,5300,Nusa Tenggara Timur,percent,92.82,Badan Pusat Statistik,webapi-var-1990-updated-2024-05-26,domain=0000;var=1990;vervar=5300;turvar=0;th=120;turth=0
bps_webapi,sdg04_paud,total,2026-09-08,2020,province,6100,Kalimantan Barat,percent,91.39,Badan Pusat Statistik,webapi-var-1990-updated-2024-05-26,domain=0000;var=1990;vervar=6100;turvar=0;th=120;turth=0
bps_webapi,sdg04_paud,total,2026-09-08,2020,province,6200,Kalimantan Tengah,percent,93.4,Badan Pusat Statistik,webapi-var-1990-updated-2024-05-26,domain=0000;var=1990;vervar=6200;turvar=0;th=120;turth=0
bps_webapi,sdg04_paud,total,2026-09-08,2020,province,6300,Kalimantan Selatan,percent,91.87,Badan Pusat Statistik,webapi-var-1990-updated-2024-05-26,domain=0000;var=1990;vervar=6300;turvar=0;th=120;turth=0
bps_webapi,sdg04_paud,total,2026-09-08,2020,province,6400,Kalimantan Timur,percent,90.26,Badan Pusat Statistik,webapi-var-1990-updated-2024-05-26,domain=0000;var=1990;vervar=6400;turvar=0;th=120;turth=0
bps_webapi,sdg04_paud,total,2026-09-08,2020,province,6500,Kalimantan Utara,percent,89.82,Badan Pusat Statistik,webapi-var-1990-updated-2024-05-26,domain=0000;var=1990;vervar=6500;turvar=0;th=120;turth=0
bps_webapi,sdg04_paud,total,2026-09-08,2020,province,7100,Sulawesi Utara,percent,94.06,Badan Pusat Statistik,webapi-var-1990-updated-2024-05-26,domain=0000;var=1990;vervar=7100;turvar=0;th=120;turth=0
bps_webapi,sdg04_paud,total,2026-09-08,2020,province,7200,Sulawesi Tengah,percent,93.89,Badan Pusat Statistik,webapi-var-1990-updated-2024-05-26,domain=0000;var=1990;vervar=7200;turvar=0;th=120;turth=0
bps_webapi,sdg04_paud,total,2026-09-08,2020,province,7300,Sulawesi Selatan,percent,91.77,Badan Pusat Statistik,webapi-var-1990-updated-2024-05-26,domain=0000;var=1990;vervar=7300;turvar=0;th=120;turth=0
bps_webapi,sdg04_paud,total,2026-09-08,2020,province,7400,Sulawesi Tenggara,percent,93.12,Badan Pusat Statistik,webapi-var-1990-updated-2024-05-26,domain=0000;var=1990;vervar=7400;turvar=0;th=120;turth=0
bps_webapi,sdg04_paud,total,2026-09-08,2020,province,7500,Gorontalo,percent,91.36,Badan Pusat Statistik,webapi-var-1990-updated-2024-05-26,domain=0000;var=1990;vervar=7500;turvar=0;th=120;turth=0
bps_webapi,sdg04_paud,total,2026-09-08,2020,province,7600,Sulawesi Barat,percent,93.05,Badan Pusat Statistik,webapi-var-1990-updated-2024-05-26,domain=0000;var=1990;vervar=7600;turvar=0;th=120;turth=0
bps_webapi,sdg04_paud,total,2026-09-08,2020,province,8100,Maluku,percent,95.21,Badan Pusat Statistik,webapi-var-1990-updated-2024-05-26,domain=0000;var=1990;vervar=8100;turvar=0;th=120;turth=0
bps_webapi,sdg04_paud,total,2026-09-08,2020,province,8200,Maluku Utara,percent,88.47,Badan Pusat Statistik,webapi-var-1990-updated-2024-05-26,domain=0000;var=1990;vervar=8200;turvar=0;th=120;turth=0
bps_webapi,sdg04_paud,total,2026-09-08,2020,province,9100,Papua Barat,percent,91.11,Badan Pusat Statistik,webapi-var-1990-updated-2024-05-26,domain=0000;var=1990;vervar=9100;turvar=0;th=120;turth=0
bps_webapi,sdg04_paud,total,2026-09-08,2020,province,9400,Papua,percent,52.68,Badan Pusat Statistik,webapi-var-1990-updated-2024-05-26,domain=0000;var=1990;vervar=9400;turvar=0;th=120;turth=0
bps_webapi,sdg04_paud,total,2026-09-08,2021,national,9999,Indonesia,percent,92.72,Badan Pusat Statistik,webapi-var-1990-updated-2024-05-26,domain=0000;var=1990;vervar=9999;turvar=0;th=121;turth=0
bps_webapi,sdg04_paud,total,2026-09-08,2021,province,1100,Aceh,percent,94.06,Badan Pusat Statistik,webapi-var-1990-updated-2024-05-26,domain=0000;var=1990;vervar=1100;turvar=0;th=121;turth=0
bps_webapi,sdg04_paud,total,2026-09-08,2021,province,1200,Sumatera Utara,percent,93.72,Badan Pusat Statistik,webapi-var-1990-updated-2024-05-26,domain=0000;var=1990;vervar=1200;turvar=0;th=121;turth=0
bps_webapi,sdg04_paud,total,2026-09-08,2021,province,1300,Sumatera Barat,percent,94.91,Badan Pusat Statistik,webapi-var-1990-updated-2024-05-26,domain=0000;var=1990;vervar=1300;turvar=0;th=121;turth=0
bps_webapi,sdg04_paud,total,2026-09-08,2021,province,1400,Riau,percent,90.75,Badan Pusat Statistik,webapi-var-1990-updated-2024-05-26,domain=0000;var=1990;vervar=1400;turvar=0;th=121;turth=0
bps_webapi,sdg04_paud,total,2026-09-08,2021,province,1500,Jambi,percent,95.55,Badan Pusat Statistik,webapi-var-1990-updated-2024-05-26,domain=0000;var=1990;vervar=1500;turvar=0;th=121;turth=0
bps_webapi,sdg04_paud,total,2026-09-08,2021,province,1600,Sumatera Selatan,percent,97.38,Badan Pusat Statistik,webapi-var-1990-updated-2024-05-26,domain=0000;var=1990;vervar=1600;turvar=0;th=121;turth=0
bps_webapi,sdg04_paud,total,2026-09-08,2021,province,1700,Bengkulu,percent,96.99,Badan Pusat Statistik,webapi-var-1990-updated-2024-05-26,domain=0000;var=1990;vervar=1700;turvar=0;th=121;turth=0
bps_webapi,sdg04_paud,total,2026-09-08,2021,province,1800,Lampung,percent,95.71,Badan Pusat Statistik,webapi-var-1990-updated-2024-05-26,domain=0000;var=1990;vervar=1800;turvar=0;th=121;turth=0
bps_webapi,sdg04_paud,total,2026-09-08,2021,province,1900,Kep. Bangka Belitung,percent,95.64,Badan Pusat Statistik,webapi-var-1990-updated-2024-05-26,domain=0000;var=1990;vervar=1900;turvar=0;th=121;turth=0
bps_webapi,sdg04_paud,total,2026-09-08,2021,province,2100,Kep. Riau,percent,95.63,Badan Pusat Statistik,webapi-var-1990-updated-2024-05-26,domain=0000;var=1990;vervar=2100;turvar=0;th=121;turth=0
bps_webapi,sdg04_paud,total,2026-09-08,2021,province,3100,Dki Jakarta,percent,86.33,Badan Pusat Statistik,webapi-var-1990-updated-2024-05-26,domain=0000;var=1990;vervar=3100;turvar=0;th=121;turth=0
bps_webapi,sdg04_paud,total,2026-09-08,2021,province,3200,Jawa Barat,percent,92.05,Badan Pusat Statistik,webapi-var-1990-updated-2024-05-26,domain=0000;var=1990;vervar=3200;turvar=0;th=121;turth=0
bps_webapi,sdg04_paud,total,2026-09-08,2021,province,3300,Jawa Tengah,percent,94.79,Badan Pusat Statistik,webapi-var-1990-updated-2024-05-26,domain=0000;var=1990;vervar=3300;turvar=0;th=121;turth=0
bps_webapi,sdg04_paud,total,2026-09-08,2021,province,3400,Di Yogyakarta,percent,99.51,Badan Pusat Statistik,webapi-var-1990-updated-2024-05-26,domain=0000;var=1990;vervar=3400;turvar=0;th=121;turth=0
bps_webapi,sdg04_paud,total,2026-09-08,2021,province,3500,Jawa Timur,percent,94.08,Badan Pusat Statistik,webapi-var-1990-updated-2024-05-26,domain=0000;var=1990;vervar=3500;turvar=0;th=121;turth=0
bps_webapi,sdg04_paud,total,2026-09-08,2021,province,3600,Banten,percent,95.49,Badan Pusat Statistik,webapi-var-1990-updated-2024-05-26,domain=0000;var=1990;vervar=3600;turvar=0;th=121;turth=0
bps_webapi,sdg04_paud,total,2026-09-08,2021,province,5100,Bali,percent,85.57,Badan Pusat Statistik,webapi-var-1990-updated-2024-05-26,domain=0000;var=1990;vervar=5100;turvar=0;th=121;turth=0
bps_webapi,sdg04_paud,total,2026-09-08,2021,province,5200,Nusa Tenggara Barat,percent,96.53,Badan Pusat Statistik,webapi-var-1990-updated-2024-05-26,domain=0000;var=1990;vervar=5200;turvar=0;th=121;turth=0
bps_webapi,sdg04_paud,total,2026-09-08,2021,province,5300,Nusa Tenggara Timur,percent,94.56,Badan Pusat Statistik,webapi-var-1990-updated-2024-05-26,domain=0000;var=1990;vervar=5300;turvar=0;th=121;turth=0
bps_webapi,sdg04_paud,total,2026-09-08,2021,province,6100,Kalimantan Barat,percent,93.83,Badan Pusat Statistik,webapi-var-1990-updated-2024-05-26,domain=0000;var=1990;vervar=6100;turvar=0;th=121;turth=0
bps_webapi,sdg04_paud,total,2026-09-08,2021,province,6200,Kalimantan Tengah,percent,91.27,Badan Pusat Statistik,webapi-var-1990-updated-2024-05-26,domain=0000;var=1990;vervar=6200;turvar=0;th=121;turth=0
bps_webapi,sdg04_paud,total,2026-09-08,2021,province,6300,Kalimantan Selatan,percent,94.75,Badan Pusat Statistik,webapi-var-1990-updated-2024-05-26,domain=0000;var=1990;vervar=6300;turvar=0;th=121;turth=0
bps_webapi,sdg04_paud,total,2026-09-08,2021,province,6400,Kalimantan Timur,percent,89.64,Badan Pusat Statistik,webapi-var-1990-updated-2024-05-26,domain=0000;var=1990;vervar=6400;turvar=0;th=121;turth=0
bps_webapi,sdg04_paud,total,2026-09-08,2021,province,6500,Kalimantan Utara,percent,80.5,Badan Pusat Statistik,webapi-var-1990-updated-2024-05-26,domain=0000;var=1990;vervar=6500;turvar=0;th=121;turth=0
bps_webapi,sdg04_paud,total,2026-09-08,2021,province,7100,Sulawesi Utara,percent,96.06,Badan Pusat Statistik,webapi-var-1990-updated-2024-05-26,domain=0000;var=1990;vervar=7100;turvar=0;th=121;turth=0
bps_webapi,sdg04_paud,total,2026-09-08,2021,province,7200,Sulawesi Tengah,percent,95.74,Badan Pusat Statistik,webapi-var-1990-updated-2024-05-26,domain=0000;var=1990;vervar=7200;turvar=0;th=121;turth=0
bps_webapi,sdg04_paud,total,2026-09-08,2021,province,7300,Sulawesi Selatan,percent,90.64,Badan Pusat Statistik,webapi-var-1990-updated-2024-05-26,domain=0000;var=1990;vervar=7300;turvar=0;th=121;turth=0
bps_webapi,sdg04_paud,total,2026-09-08,2021,province,7400,Sulawesi Tenggara,percent,90.66,Badan Pusat Statistik,webapi-var-1990-updated-2024-05-26,domain=0000;var=1990;vervar=7400;turvar=0;th=121;turth=0
bps_webapi,sdg04_paud,total,2026-09-08,2021,province,7500,Gorontalo,percent,93.59,Badan Pusat Statistik,webapi-var-1990-updated-2024-05-26,domain=0000;var=1990;vervar=7500;turvar=0;th=121;turth=0
bps_webapi,sdg04_paud,total,2026-09-08,2021,province,7600,Sulawesi Barat,percent,91.55,Badan Pusat Statistik,webapi-var-1990-updated-2024-05-26,domain=0000;var=1990;vervar=7600;turvar=0;th=121;turth=0
bps_webapi,sdg04_paud,total,2026-09-08,2021,province,8100,Maluku,percent,95.54,Badan Pusat Statistik,webapi-var-1990-updated-2024-05-26,domain=0000;var=1990;vervar=8100;turvar=0;th=121;turth=0
bps_webapi,sdg04_paud,total,2026-09-08,2021,province,8200,Maluku Utara,percent,93.15,Badan Pusat Statistik,webapi-var-1990-updated-2024-05-26,domain=0000;var=1990;vervar=8200;turvar=0;th=121;turth=0
bps_webapi,sdg04_paud,total,2026-09-08,2021,province,9100,Papua Barat,percent,87.82,Badan Pusat Statistik,webapi-var-1990-updated-2024-05-26,domain=0000;var=1990;vervar=9100;turvar=0;th=121;turth=0
bps_webapi,sdg04_paud,total,2026-09-08,2021,province,9400,Papua,percent,50.19,Badan Pusat Statistik,webapi-var-1990-updated-2024-05-26,domain=0000;var=1990;vervar=9400;turvar=0;th=121;turth=0
bps_webapi,sdg04_paud,total,2026-09-08,2022,national,9999,Indonesia,percent,95.1,Badan Pusat Statistik,webapi-var-1990-updated-2024-05-26,domain=0000;var=1990;vervar=9999;turvar=0;th=122;turth=0
bps_webapi,sdg04_paud,total,2026-09-08,2022,province,1100,Aceh,percent,97.45,Badan Pusat Statistik,webapi-var-1990-updated-2024-05-26,domain=0000;var=1990;vervar=1100;turvar=0;th=122;turth=0
bps_webapi,sdg04_paud,total,2026-09-08,2022,province,1200,Sumatera Utara,percent,96.37,Badan Pusat Statistik,webapi-var-1990-updated-2024-05-26,domain=0000;var=1990;vervar=1200;turvar=0;th=122;turth=0
bps_webapi,sdg04_paud,total,2026-09-08,2022,province,1300,Sumatera Barat,percent,95.78,Badan Pusat Statistik,webapi-var-1990-updated-2024-05-26,domain=0000;var=1990;vervar=1300;turvar=0;th=122;turth=0
bps_webapi,sdg04_paud,total,2026-09-08,2022,province,1400,Riau,percent,95.41,Badan Pusat Statistik,webapi-var-1990-updated-2024-05-26,domain=0000;var=1990;vervar=1400;turvar=0;th=122;turth=0
bps_webapi,sdg04_paud,total,2026-09-08,2022,province,1500,Jambi,percent,95.86,Badan Pusat Statistik,webapi-var-1990-updated-2024-05-26,domain=0000;var=1990;vervar=1500;turvar=0;th=122;turth=0
bps_webapi,sdg04_paud,total,2026-09-08,2022,province,1600,Sumatera Selatan,percent,95.56,Badan Pusat Statistik,webapi-var-1990-updated-2024-05-26,domain=0000;var=1990;vervar=1600;turvar=0;th=122;turth=0
bps_webapi,sdg04_paud,total,2026-09-08,2022,province,1700,Bengkulu,percent,94.84,Badan Pusat Statistik,webapi-var-1990-updated-2024-05-26,domain=0000;var=1990;vervar=1700;turvar=0;th=122;turth=0
bps_webapi,sdg04_paud,total,2026-09-08,2022,province,1800,Lampung,percent,96.31,Badan Pusat Statistik,webapi-var-1990-updated-2024-05-26,domain=0000;var=1990;vervar=1800;turvar=0;th=122;turth=0
bps_webapi,sdg04_paud,total,2026-09-08,2022,province,1900,Kep. Bangka Belitung,percent,98.33,Badan Pusat Statistik,webapi-var-1990-updated-2024-05-26,domain=0000;var=1990;vervar=1900;turvar=0;th=122;turth=0
bps_webapi,sdg04_paud,total,2026-09-08,2022,province,2100,Kep. Riau,percent,87.55,Badan Pusat Statistik,webapi-var-1990-updated-2024-05-26,domain=0000;var=1990;vervar=2100;turvar=0;th=122;turth=0
bps_webapi,sdg04_paud,total,2026-09-08,2022,province,3100,Dki Jakarta,percent,89.09,Badan Pusat Statistik,webapi-var-1990-updated-2024-05-26,domain=0000;var=1990;vervar=3100;turvar=0;th=122;turth=0
bps_webapi,sdg04_paud,total,2026-09-08,2022,province,3200,Jawa Barat,percent,95.4,Badan Pusat Statistik,webapi-var-1990-updated-2024-05-26,domain=0000;var=1990;vervar=3200;turvar=0;th=122;turth=0
bps_webapi,sdg04_paud,total,2026-09-08,2022,province,3300,Jawa Tengah,percent,97.08,Badan Pusat Statistik,webapi-var-1990-updated-2024-05-26,domain=0000;var=1990;vervar=3300;turvar=0;th=122;turth=0
bps_webapi,sdg04_paud,total,2026-09-08,2022,province,3400,Di Yogyakarta,percent,99.16,Badan Pusat Statistik,webapi-var-1990-updated-2024-05-26,domain=0000;var=1990;vervar=3400;turvar=0;th=122;turth=0
bps_webapi,sdg04_paud,total,2026-09-08,2022,province,3500,Jawa Timur,percent,96.82,Badan Pusat Statistik,webapi-var-1990-updated-2024-05-26,domain=0000;var=1990;vervar=3500;turvar=0;th=122;turth=0
bps_webapi,sdg04_paud,total,2026-09-08,2022,province,3600,Banten,percent,95.23,Badan Pusat Statistik,webapi-var-1990-updated-2024-05-26,domain=0000;var=1990;vervar=3600;turvar=0;th=122;turth=0
bps_webapi,sdg04_paud,total,2026-09-08,2022,province,5100,Bali,percent,97.38,Badan Pusat Statistik,webapi-var-1990-updated-2024-05-26,domain=0000;var=1990;vervar=5100;turvar=0;th=122;turth=0
bps_webapi,sdg04_paud,total,2026-09-08,2022,province,5200,Nusa Tenggara Barat,percent,95.09,Badan Pusat Statistik,webapi-var-1990-updated-2024-05-26,domain=0000;var=1990;vervar=5200;turvar=0;th=122;turth=0
bps_webapi,sdg04_paud,total,2026-09-08,2022,province,5300,Nusa Tenggara Timur,percent,94.98,Badan Pusat Statistik,webapi-var-1990-updated-2024-05-26,domain=0000;var=1990;vervar=5300;turvar=0;th=122;turth=0
bps_webapi,sdg04_paud,total,2026-09-08,2022,province,6100,Kalimantan Barat,percent,95.49,Badan Pusat Statistik,webapi-var-1990-updated-2024-05-26,domain=0000;var=1990;vervar=6100;turvar=0;th=122;turth=0
bps_webapi,sdg04_paud,total,2026-09-08,2022,province,6200,Kalimantan Tengah,percent,95.48,Badan Pusat Statistik,webapi-var-1990-updated-2024-05-26,domain=0000;var=1990;vervar=6200;turvar=0;th=122;turth=0
bps_webapi,sdg04_paud,total,2026-09-08,2022,province,6300,Kalimantan Selatan,percent,96.64,Badan Pusat Statistik,webapi-var-1990-updated-2024-05-26,domain=0000;var=1990;vervar=6300;turvar=0;th=122;turth=0
bps_webapi,sdg04_paud,total,2026-09-08,2022,province,6400,Kalimantan Timur,percent,92.56,Badan Pusat Statistik,webapi-var-1990-updated-2024-05-26,domain=0000;var=1990;vervar=6400;turvar=0;th=122;turth=0
bps_webapi,sdg04_paud,total,2026-09-08,2022,province,6500,Kalimantan Utara,percent,88.18,Badan Pusat Statistik,webapi-var-1990-updated-2024-05-26,domain=0000;var=1990;vervar=6500;turvar=0;th=122;turth=0
bps_webapi,sdg04_paud,total,2026-09-08,2022,province,7100,Sulawesi Utara,percent,95.35,Badan Pusat Statistik,webapi-var-1990-updated-2024-05-26,domain=0000;var=1990;vervar=7100;turvar=0;th=122;turth=0
bps_webapi,sdg04_paud,total,2026-09-08,2022,province,7200,Sulawesi Tengah,percent,95.36,Badan Pusat Statistik,webapi-var-1990-updated-2024-05-26,domain=0000;var=1990;vervar=7200;turvar=0;th=122;turth=0
bps_webapi,sdg04_paud,total,2026-09-08,2022,province,7300,Sulawesi Selatan,percent,96.29,Badan Pusat Statistik,webapi-var-1990-updated-2024-05-26,domain=0000;var=1990;vervar=7300;turvar=0;th=122;turth=0
bps_webapi,sdg04_paud,total,2026-09-08,2022,province,7400,Sulawesi Tenggara,percent,94.65,Badan Pusat Statistik,webapi-var-1990-updated-2024-05-26,domain=0000;var=1990;vervar=7400;turvar=0;th=122;turth=0
bps_webapi,sdg04_paud,total,2026-09-08,2022,province,7500,Gorontalo,percent,97.76,Badan Pusat Statistik,webapi-var-1990-updated-2024-05-26,domain=0000;var=1990;vervar=7500;turvar=0;th=122;turth=0
bps_webapi,sdg04_paud,total,2026-09-08,2022,province,7600,Sulawesi Barat,percent,94.61,Badan Pusat Statistik,webapi-var-1990-updated-2024-05-26,domain=0000;var=1990;vervar=7600;turvar=0;th=122;turth=0
bps_webapi,sdg04_paud,total,2026-09-08,2022,province,8100,Maluku,percent,97.54,Badan Pusat Statistik,webapi-var-1990-updated-2024-05-26,domain=0000;var=1990;vervar=8100;turvar=0;th=122;turth=0
bps_webapi,sdg04_paud,total,2026-09-08,2022,province,8200,Maluku Utara,percent,95.84,Badan Pusat Statistik,webapi-var-1990-updated-2024-05-26,domain=0000;var=1990;vervar=8200;turvar=0;th=122;turth=0
bps_webapi,sdg04_paud,total,2026-09-08,2022,province,9100,Papua Barat,percent,92.79,Badan Pusat Statistik,webapi-var-1990-updated-2024-05-26,domain=0000;var=1990;vervar=9100;turvar=0;th=122;turth=0
bps_webapi,sdg04_paud,total,2026-09-08,2022,province,9400,Papua,percent,60.32,Badan Pusat Statistik,webapi-var-1990-updated-2024-05-26,domain=0000;var=1990;vervar=9400;turvar=0;th=122;turth=0
bps_webapi,sdg04_paud,total,2026-09-08,2023,national,9999,Indonesia,percent,95.54,Badan Pusat Statistik,webapi-var-1990-updated-2024-05-26,domain=0000;var=1990;vervar=9999;turvar=0;th=123;turth=0
bps_webapi,sdg04_paud,total,2026-09-08,2023,province,1100,Aceh,percent,97.4,Badan Pusat Statistik,webapi-var-1990-updated-2024-05-26,domain=0000;var=1990;vervar=1100;turvar=0;th=123;turth=0
bps_webapi,sdg04_paud,total,2026-09-08,2023,province,1200,Sumatera Utara,percent,96.05,Badan Pusat Statistik,webapi-var-1990-updated-2024-05-26,domain=0000;var=1990;vervar=1200;turvar=0;th=123;turth=0
bps_webapi,sdg04_paud,total,2026-09-08,2023,province,1300,Sumatera Barat,percent,96.68,Badan Pusat Statistik,webapi-var-1990-updated-2024-05-26,domain=0000;var=1990;vervar=1300;turvar=0;th=123;turth=0
bps_webapi,sdg04_paud,total,2026-09-08,2023,province,1400,Riau,percent,95.05,Badan Pusat Statistik,webapi-var-1990-updated-2024-05-26,domain=0000;var=1990;vervar=1400;turvar=0;th=123;turth=0
bps_webapi,sdg04_paud,total,2026-09-08,2023,province,1500,Jambi,percent,96.37,Badan Pusat Statistik,webapi-var-1990-updated-2024-05-26,domain=0000;var=1990;vervar=1500;turvar=0;th=123;turth=0
bps_webapi,sdg04_paud,total,2026-09-08,2023,province,1600,Sumatera Selatan,percent,98.17,Badan Pusat Statistik,webapi-var-1990-updated-2024-05-26,domain=0000;var=1990;vervar=1600;turvar=0;th=123;turth=0
bps_webapi,sdg04_paud,total,2026-09-08,2023,province,1700,Bengkulu,percent,98.85,Badan Pusat Statistik,webapi-var-1990-updated-2024-05-26,domain=0000;var=1990;vervar=1700;turvar=0;th=123;turth=0
bps_webapi,sdg04_paud,total,2026-09-08,2023,province,1800,Lampung,percent,95.86,Badan Pusat Statistik,webapi-var-1990-updated-2024-05-26,domain=0000;var=1990;vervar=1800;turvar=0;th=123;turth=0
bps_webapi,sdg04_paud,total,2026-09-08,2023,province,1900,Kep. Bangka Belitung,percent,96.48,Badan Pusat Statistik,webapi-var-1990-updated-2024-05-26,domain=0000;var=1990;vervar=1900;turvar=0;th=123;turth=0
bps_webapi,sdg04_paud,total,2026-09-08,2023,province,2100,Kep. Riau,percent,96.55,Badan Pusat Statistik,webapi-var-1990-updated-2024-05-26,domain=0000;var=1990;vervar=2100;turvar=0;th=123;turth=0
bps_webapi,sdg04_paud,total,2026-09-08,2023,province,3100,Dki Jakarta,percent,92.36,Badan Pusat Statistik,webapi-var-1990-updated-2024-05-26,domain=0000;var=1990;vervar=3100;turvar=0;th=123;turth=0
bps_webapi,sdg04_paud,total,2026-09-08,2023,province,3200,Jawa Barat,percent,95.32,Badan Pusat Statistik,webapi-var-1990-updated-2024-05-26,domain=0000;var=1990;vervar=3200;turvar=0;th=123;turth=0
bps_webapi,sdg04_paud,total,2026-09-08,2023,province,3300,Jawa Tengah,percent,98.18,Badan Pusat Statistik,webapi-var-1990-updated-2024-05-26,domain=0000;var=1990;vervar=3300;turvar=0;th=123;turth=0
bps_webapi,sdg04_paud,total,2026-09-08,2023,province,3400,Di Yogyakarta,percent,99.86,Badan Pusat Statistik,webapi-var-1990-updated-2024-05-26,domain=0000;var=1990;vervar=3400;turvar=0;th=123;turth=0
bps_webapi,sdg04_paud,total,2026-09-08,2023,province,3500,Jawa Timur,percent,96.49,Badan Pusat Statistik,webapi-var-1990-updated-2024-05-26,domain=0000;var=1990;vervar=3500;turvar=0;th=123;turth=0
bps_webapi,sdg04_paud,total,2026-09-08,2023,province,3600,Banten,percent,93.99,Badan Pusat Statistik,webapi-var-1990-updated-2024-05-26,domain=0000;var=1990;vervar=3600;turvar=0;th=123;turth=0
bps_webapi,sdg04_paud,total,2026-09-08,2023,province,5100,Bali,percent,96.05,Badan Pusat Statistik,webapi-var-1990-updated-2024-05-26,domain=0000;var=1990;vervar=5100;turvar=0;th=123;turth=0
bps_webapi,sdg04_paud,total,2026-09-08,2023,province,5200,Nusa Tenggara Barat,percent,96.94,Badan Pusat Statistik,webapi-var-1990-updated-2024-05-26,domain=0000;var=1990;vervar=5200;turvar=0;th=123;turth=0
bps_webapi,sdg04_paud,total,2026-09-08,2023,province,5300,Nusa Tenggara Timur,percent,95.29,Badan Pusat Statistik,webapi-var-1990-updated-2024-05-26,domain=0000;var=1990;vervar=5300;turvar=0;th=123;turth=0
bps_webapi,sdg04_paud,total,2026-09-08,2023,province,6100,Kalimantan Barat,percent,91.85,Badan Pusat Statistik,webapi-var-1990-updated-2024-05-26,domain=0000;var=1990;vervar=6100;turvar=0;th=123;turth=0
bps_webapi,sdg04_paud,total,2026-09-08,2023,province,6200,Kalimantan Tengah,percent,95.72,Badan Pusat Statistik,webapi-var-1990-updated-2024-05-26,domain=0000;var=1990;vervar=6200;turvar=0;th=123;turth=0
bps_webapi,sdg04_paud,total,2026-09-08,2023,province,6300,Kalimantan Selatan,percent,98.31,Badan Pusat Statistik,webapi-var-1990-updated-2024-05-26,domain=0000;var=1990;vervar=6300;turvar=0;th=123;turth=0
bps_webapi,sdg04_paud,total,2026-09-08,2023,province,6400,Kalimantan Timur,percent,93.3,Badan Pusat Statistik,webapi-var-1990-updated-2024-05-26,domain=0000;var=1990;vervar=6400;turvar=0;th=123;turth=0
bps_webapi,sdg04_paud,total,2026-09-08,2023,province,6500,Kalimantan Utara,percent,97.82,Badan Pusat Statistik,webapi-var-1990-updated-2024-05-26,domain=0000;var=1990;vervar=6500;turvar=0;th=123;turth=0
bps_webapi,sdg04_paud,total,2026-09-08,2023,province,7100,Sulawesi Utara,percent,95.46,Badan Pusat Statistik,webapi-var-1990-updated-2024-05-26,domain=0000;var=1990;vervar=7100;turvar=0;th=123;turth=0
bps_webapi,sdg04_paud,total,2026-09-08,2023,province,7200,Sulawesi Tengah,percent,95.47,Badan Pusat Statistik,webapi-var-1990-updated-2024-05-26,domain=0000;var=1990;vervar=7200;turvar=0;th=123;turth=0
bps_webapi,sdg04_paud,total,2026-09-08,2023,province,7300,Sulawesi Selatan,percent,95.21,Badan Pusat Statistik,webapi-var-1990-updated-2024-05-26,domain=0000;var=1990;vervar=7300;turvar=0;th=123;turth=0
bps_webapi,sdg04_paud,total,2026-09-08,2023,province,7400,Sulawesi Tenggara,percent,94.68,Badan Pusat Statistik,webapi-var-1990-updated-2024-05-26,domain=0000;var=1990;vervar=7400;turvar=0;th=123;turth=0
bps_webapi,sdg04_paud,total,2026-09-08,2023,province,7500,Gorontalo,percent,95.94,Badan Pusat Statistik,webapi-var-1990-updated-2024-05-26,domain=0000;var=1990;vervar=7500;turvar=0;th=123;turth=0
bps_webapi,sdg04_paud,total,2026-09-08,2023,province,7600,Sulawesi Barat,percent,94.5,Badan Pusat Statistik,webapi-var-1990-updated-2024-05-26,domain=0000;var=1990;vervar=7600;turvar=0;th=123;turth=0
bps_webapi,sdg04_paud,total,2026-09-08,2023,province,8100,Maluku,percent,96.16,Badan Pusat Statistik,webapi-var-1990-updated-2024-05-26,domain=0000;var=1990;vervar=8100;turvar=0;th=123;turth=0
bps_webapi,sdg04_paud,total,2026-09-08,2023,province,8200,Maluku Utara,percent,95.52,Badan Pusat Statistik,webapi-var-1990-updated-2024-05-26,domain=0000;var=1990;vervar=8200;turvar=0;th=123;turth=0
bps_webapi,sdg04_paud,total,2026-09-08,2023,province,9100,Papua Barat,percent,93.14,Badan Pusat Statistik,webapi-var-1990-updated-2024-05-26,domain=0000;var=1990;vervar=9100;turvar=0;th=123;turth=0
bps_webapi,sdg04_paud,total,2026-09-08,2023,province,9400,Papua,percent,62.98,Badan Pusat Statistik,webapi-var-1990-updated-2024-05-26,domain=0000;var=1990;vervar=9400;turvar=0;th=123;turth=0
bps_webapi,sdg06_handwashing,residence.rural,2026-09-08,2015,national,9999,Indonesia,percent,56.63,Badan Pusat Statistik,webapi-var-1274-updated-2026-07-06,domain=0000;var=1274;vervar=2;turvar=0;th=115;turth=0
bps_webapi,sdg06_handwashing,residence.rural,2026-09-08,2016,national,9999,Indonesia,percent,56.63,Badan Pusat Statistik,webapi-var-1274-updated-2026-07-06,domain=0000;var=1274;vervar=2;turvar=0;th=116;turth=0
bps_webapi,sdg06_handwashing,residence.rural,2026-09-08,2017,national,9999,Indonesia,percent,62.84,Badan Pusat Statistik,webapi-var-1274-updated-2026-07-06,domain=0000;var=1274;vervar=2;turvar=0;th=117;turth=0
bps_webapi,sdg06_handwashing,residence.rural,2026-09-08,2018,national,9999,Indonesia,percent,73.49,Badan Pusat Statistik,webapi-var-1274-updated-2026-07-06,domain=0000;var=1274;vervar=2;turvar=0;th=118;turth=0
bps_webapi,sdg06_handwashing,residence.rural,2026-09-08,2019,national,9999,Indonesia,percent,71.81,Badan Pusat Statistik,webapi-var-1274-updated-2026-07-06,domain=0000;var=1274;vervar=2;turvar=0;th=119;turth=0
bps_webapi,sdg06_handwashing,residence.rural,2026-09-08,2020,national,9999,Indonesia,percent,73.47,Badan Pusat Statistik,webapi-var-1274-updated-2026-07-06,domain=0000;var=1274;vervar=2;turvar=0;th=120;turth=0
bps_webapi,sdg06_handwashing,residence.rural,2026-09-08,2021,national,9999,Indonesia,percent,74.05,Badan Pusat Statistik,webapi-var-1274-updated-2026-07-06,domain=0000;var=1274;vervar=2;turvar=0;th=121;turth=0
bps_webapi,sdg06_handwashing,residence.rural,2026-09-08,2022,national,9999,Indonesia,percent,75.37,Badan Pusat Statistik,webapi-var-1274-updated-2026-07-06,domain=0000;var=1274;vervar=2;turvar=0;th=122;turth=0
bps_webapi,sdg06_handwashing,residence.rural,2026-09-08,2023,national,9999,Indonesia,percent,75.17,Badan Pusat Statistik,webapi-var-1274-updated-2026-07-06,domain=0000;var=1274;vervar=2;turvar=0;th=123;turth=0
bps_webapi,sdg06_handwashing,residence.rural,2026-09-08,2024,national,9999,Indonesia,percent,76.76,Badan Pusat Statistik,webapi-var-1274-updated-2026-07-06,domain=0000;var=1274;vervar=2;turvar=0;th=124;turth=0
bps_webapi,sdg06_handwashing,residence.rural,2026-09-08,2025,national,9999,Indonesia,percent,77.26,Badan Pusat Statistik,webapi-var-1274-updated-2026-07-06,domain=0000;var=1274;vervar=2;turvar=0;th=125;turth=0
bps_webapi,sdg06_handwashing,residence.urban,2026-09-08,2015,national,9999,Indonesia,percent,75.08,Badan Pusat Statistik,webapi-var-1274-updated-2026-07-06,domain=0000;var=1274;vervar=1;turvar=0;th=115;turth=0
bps_webapi,sdg06_handwashing,residence.urban,2026-09-08,2016,national,9999,Indonesia,percent,75.08,Badan Pusat Statistik,webapi-var-1274-updated-2026-07-06,domain=0000;var=1274;vervar=1;turvar=0;th=116;turth=0
bps_webapi,sdg06_handwashing,residence.urban,2026-09-08,2017,national,9999,Indonesia,percent,72.86,Badan Pusat Statistik,webapi-var-1274-updated-2026-07-06,domain=0000;var=1274;vervar=1;turvar=0;th=117;turth=0
bps_webapi,sdg06_handwashing,residence.urban,2026-09-08,2018,national,9999,Indonesia,percent,83.32,Badan Pusat Statistik,webapi-var-1274-updated-2026-07-06,domain=0000;var=1274;vervar=1;turvar=0;th=118;turth=0
bps_webapi,sdg06_handwashing,residence.urban,2026-09-08,2019,national,9999,Indonesia,percent,79.42,Badan Pusat Statistik,webapi-var-1274-updated-2026-07-06,domain=0000;var=1274;vervar=1;turvar=0;th=119;turth=0
bps_webapi,sdg06_handwashing,residence.urban,2026-09-08,2020,national,9999,Indonesia,percent,82.09,Badan Pusat Statistik,webapi-var-1274-updated-2026-07-06,domain=0000;var=1274;vervar=1;turvar=0;th=120;turth=0
bps_webapi,sdg06_handwashing,residence.urban,2026-09-08,2021,national,9999,Indonesia,percent,83.8,Badan Pusat Statistik,webapi-var-1274-updated-2026-07-06,domain=0000;var=1274;vervar=1;turvar=0;th=121;turth=0
bps_webapi,sdg06_handwashing,residence.urban,2026-09-08,2022,national,9999,Indonesia,percent,82.22,Badan Pusat Statistik,webapi-var-1274-updated-2026-07-06,domain=0000;var=1274;vervar=1;turvar=0;th=122;turth=0
bps_webapi,sdg06_handwashing,residence.urban,2026-09-08,2023,national,9999,Indonesia,percent,83.72,Badan Pusat Statistik,webapi-var-1274-updated-2026-07-06,domain=0000;var=1274;vervar=1;turvar=0;th=123;turth=0
bps_webapi,sdg06_handwashing,residence.urban,2026-09-08,2024,national,9999,Indonesia,percent,83.72,Badan Pusat Statistik,webapi-var-1274-updated-2026-07-06,domain=0000;var=1274;vervar=1;turvar=0;th=124;turth=0
bps_webapi,sdg06_handwashing,residence.urban,2026-09-08,2025,national,9999,Indonesia,percent,84.59,Badan Pusat Statistik,webapi-var-1274-updated-2026-07-06,domain=0000;var=1274;vervar=1;turvar=0;th=125;turth=0
bps_webapi,sdg06_handwashing,total,2026-09-08,2016,national,9999,Indonesia,percent,66.28,Badan Pusat Statistik,webapi-var-1273-updated-2026-07-06,domain=0000;var=1273;vervar=9999;turvar=0;th=116;turth=0
bps_webapi,sdg06_handwashing,total,2026-09-08,2016,province,1100,Aceh,percent,54.39,Badan Pusat Statistik,webapi-var-1273-updated-2026-07-06,domain=0000;var=1273;vervar=1100;turvar=0;th=116;turth=0
bps_webapi,sdg06_handwashing,total,2026-09-08,2016,province,1200,Sumatera Utara,percent,64.04,Badan Pusat Statistik,webapi-var-1273-updated-2026-07-06,domain=0000;var=1273;vervar=1200;turvar=0;th=116;turth=0
bps_webapi,sdg06_handwashing,total,2026-09-08,2016,province,1300,Sumatera Barat,percent,59.97,Badan Pusat Statistik,webapi-var-1273-updated-2026-07-06,domain=0000;var=1273;vervar=1300;turvar=0;th=116;turth=0
bps_webapi,sdg06_handwashing,total,2026-09-08,2016,province,1400,Riau,percent,59.09,Badan Pusat Statistik,webapi-var-1273-updated-2026-07-06,domain=0000;var=1273;vervar=1400;turvar=0;th=116;turth=0
bps_webapi,sdg06_handwashing,total,2026-09-08,2016,province,1500,Jambi,percent,55.13,Badan Pusat Statistik,webapi-var-1273-updated-2026-07-06,domain=0000;var=1273;vervar=1500;turvar=0;th=116;turth=0
bps_webapi,sdg06_handwashing,total,2026-09-08,2016,province,1600,Sumatera Selatan,percent,58.36,Badan Pusat Statistik,webapi-var-1273-updated-2026-07-06,domain=0000;var=1273;vervar=1600;turvar=0;th=116;turth=0
bps_webapi,sdg06_handwashing,total,2026-09-08,2016,province,1700,Bengkulu,percent,64.19,Badan Pusat Statistik,webapi-var-1273-updated-2026-07-06,domain=0000;var=1273;vervar=1700;turvar=0;th=116;turth=0
bps_webapi,sdg06_handwashing,total,2026-09-08,2016,province,1800,Lampung,percent,55.6,Badan Pusat Statistik,webapi-var-1273-updated-2026-07-06,domain=0000;var=1273;vervar=1800;turvar=0;th=116;turth=0
bps_webapi,sdg06_handwashing,total,2026-09-08,2016,province,1900,Kep. Bangka Belitung,percent,69.68,Badan Pusat Statistik,webapi-var-1273-updated-2026-07-06,domain=0000;var=1273;vervar=1900;turvar=0;th=116;turth=0
bps_webapi,sdg06_handwashing,total,2026-09-08,2016,province,2100,Kep. Riau,percent,81.91,Badan Pusat Statistik,webapi-var-1273-updated-2026-07-06,domain=0000;var=1273;vervar=2100;turvar=0;th=116;turth=0
bps_webapi,sdg06_handwashing,total,2026-09-08,2016,province,3100,Dki Jakarta,percent,77.44,Badan Pusat Statistik,webapi-var-1273-updated-2026-07-06,domain=0000;var=1273;vervar=3100;turvar=0;th=116;turth=0
bps_webapi,sdg06_handwashing,total,2026-09-08,2016,province,3200,Jawa Barat,percent,71.14,Badan Pusat Statistik,webapi-var-1273-updated-2026-07-06,domain=0000;var=1273;vervar=3200;turvar=0;th=116;turth=0
bps_webapi,sdg06_handwashing,total,2026-09-08,2016,province,3300,Jawa Tengah,percent,72.68,Badan Pusat Statistik,webapi-var-1273-updated-2026-07-06,domain=0000;var=1273;vervar=3300;turvar=0;th=116;turth=0
bps_webapi,sdg06_handwashing,total,2026-09-08,2016,province,3400,Di Yogyakarta,percent,76.72,Badan Pusat Statistik,webapi-var-1273-updated-2026-07-06,domain=0000;var=1273;vervar=3400;turvar=0;th=116;turth=0
bps_webapi,sdg06_handwashing,total,2026-09-08,2016,province,3500,Jawa Timur,percent,64.66,Badan Pusat Statistik,webapi-var-1273-updated-2026-07-06,domain=0000;var=1273;vervar=3500;turvar=0;th=116;turth=0
bps_webapi,sdg06_handwashing,total,2026-09-08,2016,province,3600,Banten,percent,70.99,Badan Pusat Statistik,webapi-var-1273-updated-2026-07-06,domain=0000;var=1273;vervar=3600;turvar=0;th=116;turth=0
bps_webapi,sdg06_handwashing,total,2026-09-08,2016,province,5100,Bali,percent,74.5,Badan Pusat Statistik,webapi-var-1273-updated-2026-07-06,domain=0000;var=1273;vervar=5100;turvar=0;th=116;turth=0
bps_webapi,sdg06_handwashing,total,2026-09-08,2016,province,5200,Nusa Tenggara Barat,percent,42.84,Badan Pusat Statistik,webapi-var-1273-updated-2026-07-06,domain=0000;var=1273;vervar=5200;turvar=0;th=116;turth=0
bps_webapi,sdg06_handwashing,total,2026-09-08,2016,province,5300,Nusa Tenggara Timur,percent,19.63,Badan Pusat Statistik,webapi-var-1273-updated-2026-07-06,domain=0000;var=1273;vervar=5300;turvar=0;th=116;turth=0
bps_webapi,sdg06_handwashing,total,2026-09-08,2016,province,6100,Kalimantan Barat,percent,56.07,Badan Pusat Statistik,webapi-var-1273-updated-2026-07-06,domain=0000;var=1273;vervar=6100;turvar=0;th=116;turth=0
bps_webapi,sdg06_handwashing,total,2026-09-08,2016,province,6200,Kalimantan Tengah,percent,68.8,Badan Pusat Statistik,webapi-var-1273-updated-2026-07-06,domain=0000;var=1273;vervar=6200;turvar=0;th=116;turth=0
bps_webapi,sdg06_handwashing,total,2026-09-08,2016,province,6300,Kalimantan Selatan,percent,76,Badan Pusat Statistik,webapi-var-1273-updated-2026-07-06,domain=0000;var=1273;vervar=6300;turvar=0;th=116;turth=0
bps_webapi,sdg06_handwashing,total,2026-09-08,2016,province,6400,Kalimantan Timur,percent,69.61,Badan Pusat Statistik,webapi-var-1273-updated-2026-07-06,domain=0000;var=1273;vervar=6400;turvar=0;th=116;turth=0
bps_webapi,sdg06_handwashing,total,2026-09-08,2016,province,6500,Kalimantan Utara,percent,78.83,Badan Pusat Statistik,webapi-var-1273-updated-2026-07-06,domain=0000;var=1273;vervar=6500;turvar=0;th=116;turth=0
bps_webapi,sdg06_handwashing,total,2026-09-08,2016,province,7100,Sulawesi Utara,percent,69.07,Badan Pusat Statistik,webapi-var-1273-updated-2026-07-06,domain=0000;var=1273;vervar=7100;turvar=0;th=116;turth=0
bps_webapi,sdg06_handwashing,total,2026-09-08,2016,province,7200,Sulawesi Tengah,percent,71.26,Badan Pusat Statistik,webapi-var-1273-updated-2026-07-06,domain=0000;var=1273;vervar=7200;turvar=0;th=116;turth=0
bps_webapi,sdg06_handwashing,total,2026-09-08,2016,province,7300,Sulawesi Selatan,percent,79.77,Badan Pusat Statistik,webapi-var-1273-updated-2026-07-06,domain=0000;var=1273;vervar=7300;turvar=0;th=116;turth=0
bps_webapi,sdg06_handwashing,total,2026-09-08,2016,province,7400,Sulawesi Tenggara,percent,82.04,Badan Pusat Statistik,webapi-var-1273-updated-2026-07-06,domain=0000;var=1273;vervar=7400;turvar=0;th=116;turth=0
bps_webapi,sdg06_handwashing,total,2026-09-08,2016,province,7500,Gorontalo,percent,59.89,Badan Pusat Statistik,webapi-var-1273-updated-2026-07-06,domain=0000;var=1273;vervar=7500;turvar=0;th=116;turth=0
bps_webapi,sdg06_handwashing,total,2026-09-08,2016,province,7600,Sulawesi Barat,percent,73.97,Badan Pusat Statistik,webapi-var-1273-updated-2026-07-06,domain=0000;var=1273;vervar=7600;turvar=0;th=116;turth=0
bps_webapi,sdg06_handwashing,total,2026-09-08,2016,province,8100,Maluku,percent,42.94,Badan Pusat Statistik,webapi-var-1273-updated-2026-07-06,domain=0000;var=1273;vervar=8100;turvar=0;th=116;turth=0
bps_webapi,sdg06_handwashing,total,2026-09-08,2016,province,8200,Maluku Utara,percent,43.69,Badan Pusat Statistik,webapi-var-1273-updated-2026-07-06,domain=0000;var=1273;vervar=8200;turvar=0;th=116;turth=0
bps_webapi,sdg06_handwashing,total,2026-09-08,2016,province,9100,Papua Barat,percent,45.93,Badan Pusat Statistik,webapi-var-1273-updated-2026-07-06,domain=0000;var=1273;vervar=9100;turvar=0;th=116;turth=0
bps_webapi,sdg06_handwashing,total,2026-09-08,2016,province,9400,Papua,percent,23.78,Badan Pusat Statistik,webapi-var-1273-updated-2026-07-06,domain=0000;var=1273;vervar=9400;turvar=0;th=116;turth=0
bps_webapi,sdg06_handwashing,total,2026-09-08,2017,national,9999,Indonesia,percent,68.16,Badan Pusat Statistik,webapi-var-1273-updated-2026-07-06,domain=0000;var=1273;vervar=9999;turvar=0;th=117;turth=0
bps_webapi,sdg06_handwashing,total,2026-09-08,2017,province,1100,Aceh,percent,62.13,Badan Pusat Statistik,webapi-var-1273-updated-2026-07-06,domain=0000;var=1273;vervar=1100;turvar=0;th=117;turth=0
bps_webapi,sdg06_handwashing,total,2026-09-08,2017,province,1200,Sumatera Utara,percent,63.59,Badan Pusat Statistik,webapi-var-1273-updated-2026-07-06,domain=0000;var=1273;vervar=1200;turvar=0;th=117;turth=0
bps_webapi,sdg06_handwashing,total,2026-09-08,2017,province,1300,Sumatera Barat,percent,67.36,Badan Pusat Statistik,webapi-var-1273-updated-2026-07-06,domain=0000;var=1273;vervar=1300;turvar=0;th=117;turth=0
bps_webapi,sdg06_handwashing,total,2026-09-08,2017,province,1400,Riau,percent,61.54,Badan Pusat Statistik,webapi-var-1273-updated-2026-07-06,domain=0000;var=1273;vervar=1400;turvar=0;th=117;turth=0
bps_webapi,sdg06_handwashing,total,2026-09-08,2017,province,1500,Jambi,percent,59.49,Badan Pusat Statistik,webapi-var-1273-updated-2026-07-06,domain=0000;var=1273;vervar=1500;turvar=0;th=117;turth=0
bps_webapi,sdg06_handwashing,total,2026-09-08,2017,province,1600,Sumatera Selatan,percent,65.82,Badan Pusat Statistik,webapi-var-1273-updated-2026-07-06,domain=0000;var=1273;vervar=1600;turvar=0;th=117;turth=0
bps_webapi,sdg06_handwashing,total,2026-09-08,2017,province,1700,Bengkulu,percent,69.25,Badan Pusat Statistik,webapi-var-1273-updated-2026-07-06,domain=0000;var=1273;vervar=1700;turvar=0;th=117;turth=0
bps_webapi,sdg06_handwashing,total,2026-09-08,2017,province,1800,Lampung,percent,62.81,Badan Pusat Statistik,webapi-var-1273-updated-2026-07-06,domain=0000;var=1273;vervar=1800;turvar=0;th=117;turth=0
bps_webapi,sdg06_handwashing,total,2026-09-08,2017,province,1900,Kep. Bangka Belitung,percent,79.01,Badan Pusat Statistik,webapi-var-1273-updated-2026-07-06,domain=0000;var=1273;vervar=1900;turvar=0;th=117;turth=0
bps_webapi,sdg06_handwashing,total,2026-09-08,2017,province,2100,Kep. Riau,percent,67.13,Badan Pusat Statistik,webapi-var-1273-updated-2026-07-06,domain=0000;var=1273;vervar=2100;turvar=0;th=117;turth=0
bps_webapi,sdg06_handwashing,total,2026-09-08,2017,province,3100,Dki Jakarta,percent,68.96,Badan Pusat Statistik,webapi-var-1273-updated-2026-07-06,domain=0000;var=1273;vervar=3100;turvar=0;th=117;turth=0
bps_webapi,sdg06_handwashing,total,2026-09-08,2017,province,3200,Jawa Barat,percent,64.43,Badan Pusat Statistik,webapi-var-1273-updated-2026-07-06,domain=0000;var=1273;vervar=3200;turvar=0;th=117;turth=0
bps_webapi,sdg06_handwashing,total,2026-09-08,2017,province,3300,Jawa Tengah,percent,73.64,Badan Pusat Statistik,webapi-var-1273-updated-2026-07-06,domain=0000;var=1273;vervar=3300;turvar=0;th=117;turth=0
bps_webapi,sdg06_handwashing,total,2026-09-08,2017,province,3400,Di Yogyakarta,percent,82.11,Badan Pusat Statistik,webapi-var-1273-updated-2026-07-06,domain=0000;var=1273;vervar=3400;turvar=0;th=117;turth=0
bps_webapi,sdg06_handwashing,total,2026-09-08,2017,province,3500,Jawa Timur,percent,70.21,Badan Pusat Statistik,webapi-var-1273-updated-2026-07-06,domain=0000;var=1273;vervar=3500;turvar=0;th=117;turth=0
bps_webapi,sdg06_handwashing,total,2026-09-08,2017,province,3600,Banten,percent,71.17,Badan Pusat Statistik,webapi-var-1273-updated-2026-07-06,domain=0000;var=1273;vervar=3600;turvar=0;th=117;turth=0
bps_webapi,sdg06_handwashing,total,2026-09-08,2017,province,5100,Bali,percent,82.49,Badan Pusat Statistik,webapi-var-1273-updated-2026-07-06,domain=0000;var=1273;vervar=5100;turvar=0;th=117;turth=0
bps_webapi,sdg06_handwashing,total,2026-09-08,2017,province,5200,Nusa Tenggara Barat,percent,61.13,Badan Pusat Statistik,webapi-var-1273-updated-2026-07-06,domain=0000;var=1273;vervar=5200;turvar=0;th=117;turth=0
bps_webapi,sdg06_handwashing,total,2026-09-08,2017,province,5300,Nusa Tenggara Timur,percent,43.15,Badan Pusat Statistik,webapi-var-1273-updated-2026-07-06,domain=0000;var=1273;vervar=5300;turvar=0;th=117;turth=0
bps_webapi,sdg06_handwashing,total,2026-09-08,2017,province,6100,Kalimantan Barat,percent,63.67,Badan Pusat Statistik,webapi-var-1273-updated-2026-07-06,domain=0000;var=1273;vervar=6100;turvar=0;th=117;turth=0
bps_webapi,sdg06_handwashing,total,2026-09-08,2017,province,6200,Kalimantan Tengah,percent,67.77,Badan Pusat Statistik,webapi-var-1273-updated-2026-07-06,domain=0000;var=1273;vervar=6200;turvar=0;th=117;turth=0
bps_webapi,sdg06_handwashing,total,2026-09-08,2017,province,6300,Kalimantan Selatan,percent,73.68,Badan Pusat Statistik,webapi-var-1273-updated-2026-07-06,domain=0000;var=1273;vervar=6300;turvar=0;th=117;turth=0
bps_webapi,sdg06_handwashing,total,2026-09-08,2017,province,6400,Kalimantan Timur,percent,69.02,Badan Pusat Statistik,webapi-var-1273-updated-2026-07-06,domain=0000;var=1273;vervar=6400;turvar=0;th=117;turth=0
bps_webapi,sdg06_handwashing,total,2026-09-08,2017,province,6500,Kalimantan Utara,percent,87.81,Badan Pusat Statistik,webapi-var-1273-updated-2026-07-06,domain=0000;var=1273;vervar=6500;turvar=0;th=117;turth=0
bps_webapi,sdg06_handwashing,total,2026-09-08,2017,province,7100,Sulawesi Utara,percent,80.02,Badan Pusat Statistik,webapi-var-1273-updated-2026-07-06,domain=0000;var=1273;vervar=7100;turvar=0;th=117;turth=0
bps_webapi,sdg06_handwashing,total,2026-09-08,2017,province,7200,Sulawesi Tengah,percent,79.69,Badan Pusat Statistik,webapi-var-1273-updated-2026-07-06,domain=0000;var=1273;vervar=7200;turvar=0;th=117;turth=0
bps_webapi,sdg06_handwashing,total,2026-09-08,2017,province,7300,Sulawesi Selatan,percent,79.28,Badan Pusat Statistik,webapi-var-1273-updated-2026-07-06,domain=0000;var=1273;vervar=7300;turvar=0;th=117;turth=0
bps_webapi,sdg06_handwashing,total,2026-09-08,2017,province,7400,Sulawesi Tenggara,percent,80.89,Badan Pusat Statistik,webapi-var-1273-updated-2026-07-06,domain=0000;var=1273;vervar=7400;turvar=0;th=117;turth=0
bps_webapi,sdg06_handwashing,total,2026-09-08,2017,province,7500,Gorontalo,percent,65.56,Badan Pusat Statistik,webapi-var-1273-updated-2026-07-06,domain=0000;var=1273;vervar=7500;turvar=0;th=117;turth=0
bps_webapi,sdg06_handwashing,total,2026-09-08,2017,province,7600,Sulawesi Barat,percent,72.25,Badan Pusat Statistik,webapi-var-1273-updated-2026-07-06,domain=0000;var=1273;vervar=7600;turvar=0;th=117;turth=0
bps_webapi,sdg06_handwashing,total,2026-09-08,2017,province,8100,Maluku,percent,77.7,Badan Pusat Statistik,webapi-var-1273-updated-2026-07-06,domain=0000;var=1273;vervar=8100;turvar=0;th=117;turth=0
bps_webapi,sdg06_handwashing,total,2026-09-08,2017,province,8200,Maluku Utara,percent,73.68,Badan Pusat Statistik,webapi-var-1273-updated-2026-07-06,domain=0000;var=1273;vervar=8200;turvar=0;th=117;turth=0
bps_webapi,sdg06_handwashing,total,2026-09-08,2017,province,9100,Papua Barat,percent,63.05,Badan Pusat Statistik,webapi-var-1273-updated-2026-07-06,domain=0000;var=1273;vervar=9100;turvar=0;th=117;turth=0
bps_webapi,sdg06_handwashing,total,2026-09-08,2017,province,9400,Papua,percent,32.85,Badan Pusat Statistik,webapi-var-1273-updated-2026-07-06,domain=0000;var=1273;vervar=9400;turvar=0;th=117;turth=0
bps_webapi,sdg06_handwashing,total,2026-09-08,2018,national,9999,Indonesia,percent,78.87,Badan Pusat Statistik,webapi-var-1273-updated-2026-07-06,domain=0000;var=1273;vervar=9999;turvar=0;th=118;turth=0
bps_webapi,sdg06_handwashing,total,2026-09-08,2018,province,1100,Aceh,percent,70.87,Badan Pusat Statistik,webapi-var-1273-updated-2026-07-06,domain=0000;var=1273;vervar=1100;turvar=0;th=118;turth=0
bps_webapi,sdg06_handwashing,total,2026-09-08,2018,province,1200,Sumatera Utara,percent,71.94,Badan Pusat Statistik,webapi-var-1273-updated-2026-07-06,domain=0000;var=1273;vervar=1200;turvar=0;th=118;turth=0
bps_webapi,sdg06_handwashing,total,2026-09-08,2018,province,1300,Sumatera Barat,percent,77.49,Badan Pusat Statistik,webapi-var-1273-updated-2026-07-06,domain=0000;var=1273;vervar=1300;turvar=0;th=118;turth=0
bps_webapi,sdg06_handwashing,total,2026-09-08,2018,province,1400,Riau,percent,71.26,Badan Pusat Statistik,webapi-var-1273-updated-2026-07-06,domain=0000;var=1273;vervar=1400;turvar=0;th=118;turth=0
bps_webapi,sdg06_handwashing,total,2026-09-08,2018,province,1500,Jambi,percent,67.79,Badan Pusat Statistik,webapi-var-1273-updated-2026-07-06,domain=0000;var=1273;vervar=1500;turvar=0;th=118;turth=0
bps_webapi,sdg06_handwashing,total,2026-09-08,2018,province,1600,Sumatera Selatan,percent,82.58,Badan Pusat Statistik,webapi-var-1273-updated-2026-07-06,domain=0000;var=1273;vervar=1600;turvar=0;th=118;turth=0
bps_webapi,sdg06_handwashing,total,2026-09-08,2018,province,1700,Bengkulu,percent,79.22,Badan Pusat Statistik,webapi-var-1273-updated-2026-07-06,domain=0000;var=1273;vervar=1700;turvar=0;th=118;turth=0
bps_webapi,sdg06_handwashing,total,2026-09-08,2018,province,1800,Lampung,percent,78.51,Badan Pusat Statistik,webapi-var-1273-updated-2026-07-06,domain=0000;var=1273;vervar=1800;turvar=0;th=118;turth=0
bps_webapi,sdg06_handwashing,total,2026-09-08,2018,province,1900,Kep. Bangka Belitung,percent,90.78,Badan Pusat Statistik,webapi-var-1273-updated-2026-07-06,domain=0000;var=1273;vervar=1900;turvar=0;th=118;turth=0
bps_webapi,sdg06_handwashing,total,2026-09-08,2018,province,2100,Kep. Riau,percent,78.45,Badan Pusat Statistik,webapi-var-1273-updated-2026-07-06,domain=0000;var=1273;vervar=2100;turvar=0;th=118;turth=0
bps_webapi,sdg06_handwashing,total,2026-09-08,2018,province,3100,Dki Jakarta,percent,73.45,Badan Pusat Statistik,webapi-var-1273-updated-2026-07-06,domain=0000;var=1273;vervar=3100;turvar=0;th=118;turth=0
bps_webapi,sdg06_handwashing,total,2026-09-08,2018,province,3200,Jawa Barat,percent,75.34,Badan Pusat Statistik,webapi-var-1273-updated-2026-07-06,domain=0000;var=1273;vervar=3200;turvar=0;th=118;turth=0
bps_webapi,sdg06_handwashing,total,2026-09-08,2018,province,3300,Jawa Tengah,percent,83.09,Badan Pusat Statistik,webapi-var-1273-updated-2026-07-06,domain=0000;var=1273;vervar=3300;turvar=0;th=118;turth=0
bps_webapi,sdg06_handwashing,total,2026-09-08,2018,province,3400,Di Yogyakarta,percent,88.48,Badan Pusat Statistik,webapi-var-1273-updated-2026-07-06,domain=0000;var=1273;vervar=3400;turvar=0;th=118;turth=0
bps_webapi,sdg06_handwashing,total,2026-09-08,2018,province,3500,Jawa Timur,percent,83.36,Badan Pusat Statistik,webapi-var-1273-updated-2026-07-06,domain=0000;var=1273;vervar=3500;turvar=0;th=118;turth=0
bps_webapi,sdg06_handwashing,total,2026-09-08,2018,province,3600,Banten,percent,77.61,Badan Pusat Statistik,webapi-var-1273-updated-2026-07-06,domain=0000;var=1273;vervar=3600;turvar=0;th=118;turth=0
bps_webapi,sdg06_handwashing,total,2026-09-08,2018,province,5100,Bali,percent,92.78,Badan Pusat Statistik,webapi-var-1273-updated-2026-07-06,domain=0000;var=1273;vervar=5100;turvar=0;th=118;turth=0
bps_webapi,sdg06_handwashing,total,2026-09-08,2018,province,5200,Nusa Tenggara Barat,percent,83.92,Badan Pusat Statistik,webapi-var-1273-updated-2026-07-06,domain=0000;var=1273;vervar=5200;turvar=0;th=118;turth=0
bps_webapi,sdg06_handwashing,total,2026-09-08,2018,province,5300,Nusa Tenggara Timur,percent,63.9,Badan Pusat Statistik,webapi-var-1273-updated-2026-07-06,domain=0000;var=1273;vervar=5300;turvar=0;th=118;turth=0
bps_webapi,sdg06_handwashing,total,2026-09-08,2018,province,6100,Kalimantan Barat,percent,77.55,Badan Pusat Statistik,webapi-var-1273-updated-2026-07-06,domain=0000;var=1273;vervar=6100;turvar=0;th=118;turth=0
bps_webapi,sdg06_handwashing,total,2026-09-08,2018,province,6200,Kalimantan Tengah,percent,78.88,Badan Pusat Statistik,webapi-var-1273-updated-2026-07-06,domain=0000;var=1273;vervar=6200;turvar=0;th=118;turth=0
bps_webapi,sdg06_handwashing,total,2026-09-08,2018,province,6300,Kalimantan Selatan,percent,80.64,Badan Pusat Statistik,webapi-var-1273-updated-2026-07-06,domain=0000;var=1273;vervar=6300;turvar=0;th=118;turth=0
bps_webapi,sdg06_handwashing,total,2026-09-08,2018,province,6400,Kalimantan Timur,percent,79.38,Badan Pusat Statistik,webapi-var-1273-updated-2026-07-06,domain=0000;var=1273;vervar=6400;turvar=0;th=118;turth=0
bps_webapi,sdg06_handwashing,total,2026-09-08,2018,province,6500,Kalimantan Utara,percent,86.18,Badan Pusat Statistik,webapi-var-1273-updated-2026-07-06,domain=0000;var=1273;vervar=6500;turvar=0;th=118;turth=0
bps_webapi,sdg06_handwashing,total,2026-09-08,2018,province,7100,Sulawesi Utara,percent,85.73,Badan Pusat Statistik,webapi-var-1273-updated-2026-07-06,domain=0000;var=1273;vervar=7100;turvar=0;th=118;turth=0
bps_webapi,sdg06_handwashing,total,2026-09-08,2018,province,7200,Sulawesi Tengah,percent,83.19,Badan Pusat Statistik,webapi-var-1273-updated-2026-07-06,domain=0000;var=1273;vervar=7200;turvar=0;th=118;turth=0
bps_webapi,sdg06_handwashing,total,2026-09-08,2018,province,7300,Sulawesi Selatan,percent,88.02,Badan Pusat Statistik,webapi-var-1273-updated-2026-07-06,domain=0000;var=1273;vervar=7300;turvar=0;th=118;turth=0
bps_webapi,sdg06_handwashing,total,2026-09-08,2018,province,7400,Sulawesi Tenggara,percent,89.42,Badan Pusat Statistik,webapi-var-1273-updated-2026-07-06,domain=0000;var=1273;vervar=7400;turvar=0;th=118;turth=0
bps_webapi,sdg06_handwashing,total,2026-09-08,2018,province,7500,Gorontalo,percent,74.61,Badan Pusat Statistik,webapi-var-1273-updated-2026-07-06,domain=0000;var=1273;vervar=7500;turvar=0;th=118;turth=0
bps_webapi,sdg06_handwashing,total,2026-09-08,2018,province,7600,Sulawesi Barat,percent,82.89,Badan Pusat Statistik,webapi-var-1273-updated-2026-07-06,domain=0000;var=1273;vervar=7600;turvar=0;th=118;turth=0
bps_webapi,sdg06_handwashing,total,2026-09-08,2018,province,8100,Maluku,percent,91.26,Badan Pusat Statistik,webapi-var-1273-updated-2026-07-06,domain=0000;var=1273;vervar=8100;turvar=0;th=118;turth=0
bps_webapi,sdg06_handwashing,total,2026-09-08,2018,province,8200,Maluku Utara,percent,83.02,Badan Pusat Statistik,webapi-var-1273-updated-2026-07-06,domain=0000;var=1273;vervar=8200;turvar=0;th=118;turth=0
bps_webapi,sdg06_handwashing,total,2026-09-08,2018,province,9100,Papua Barat,percent,85.26,Badan Pusat Statistik,webapi-var-1273-updated-2026-07-06,domain=0000;var=1273;vervar=9100;turvar=0;th=118;turth=0
bps_webapi,sdg06_handwashing,total,2026-09-08,2018,province,9400,Papua,percent,37.63,Badan Pusat Statistik,webapi-var-1273-updated-2026-07-06,domain=0000;var=1273;vervar=9400;turvar=0;th=118;turth=0
bps_webapi,sdg06_handwashing,total,2026-09-08,2019,national,9999,Indonesia,percent,76.07,Badan Pusat Statistik,webapi-var-1273-updated-2026-07-06,domain=0000;var=1273;vervar=9999;turvar=0;th=119;turth=0
bps_webapi,sdg06_handwashing,total,2026-09-08,2019,province,1100,Aceh,percent,64,Badan Pusat Statistik,webapi-var-1273-updated-2026-07-06,domain=0000;var=1273;vervar=1100;turvar=0;th=119;turth=0
bps_webapi,sdg06_handwashing,total,2026-09-08,2019,province,1200,Sumatera Utara,percent,71.43,Badan Pusat Statistik,webapi-var-1273-updated-2026-07-06,domain=0000;var=1273;vervar=1200;turvar=0;th=119;turth=0
bps_webapi,sdg06_handwashing,total,2026-09-08,2019,province,1300,Sumatera Barat,percent,78.8,Badan Pusat Statistik,webapi-var-1273-updated-2026-07-06,domain=0000;var=1273;vervar=1300;turvar=0;th=119;turth=0
bps_webapi,sdg06_handwashing,total,2026-09-08,2019,province,1400,Riau,percent,72.11,Badan Pusat Statistik,webapi-var-1273-updated-2026-07-06,domain=0000;var=1273;vervar=1400;turvar=0;th=119;turth=0
bps_webapi,sdg06_handwashing,total,2026-09-08,2019,province,1500,Jambi,percent,71.47,Badan Pusat Statistik,webapi-var-1273-updated-2026-07-06,domain=0000;var=1273;vervar=1500;turvar=0;th=119;turth=0
bps_webapi,sdg06_handwashing,total,2026-09-08,2019,province,1600,Sumatera Selatan,percent,73.84,Badan Pusat Statistik,webapi-var-1273-updated-2026-07-06,domain=0000;var=1273;vervar=1600;turvar=0;th=119;turth=0
bps_webapi,sdg06_handwashing,total,2026-09-08,2019,province,1700,Bengkulu,percent,77.81,Badan Pusat Statistik,webapi-var-1273-updated-2026-07-06,domain=0000;var=1273;vervar=1700;turvar=0;th=119;turth=0
bps_webapi,sdg06_handwashing,total,2026-09-08,2019,province,1800,Lampung,percent,74.73,Badan Pusat Statistik,webapi-var-1273-updated-2026-07-06,domain=0000;var=1273;vervar=1800;turvar=0;th=119;turth=0
bps_webapi,sdg06_handwashing,total,2026-09-08,2019,province,1900,Kep. Bangka Belitung,percent,85.35,Badan Pusat Statistik,webapi-var-1273-updated-2026-07-06,domain=0000;var=1273;vervar=1900;turvar=0;th=119;turth=0
bps_webapi,sdg06_handwashing,total,2026-09-08,2019,province,2100,Kep. Riau,percent,74.49,Badan Pusat Statistik,webapi-var-1273-updated-2026-07-06,domain=0000;var=1273;vervar=2100;turvar=0;th=119;turth=0
bps_webapi,sdg06_handwashing,total,2026-09-08,2019,province,3100,Dki Jakarta,percent,73.18,Badan Pusat Statistik,webapi-var-1273-updated-2026-07-06,domain=0000;var=1273;vervar=3100;turvar=0;th=119;turth=0
bps_webapi,sdg06_handwashing,total,2026-09-08,2019,province,3200,Jawa Barat,percent,76.82,Badan Pusat Statistik,webapi-var-1273-updated-2026-07-06,domain=0000;var=1273;vervar=3200;turvar=0;th=119;turth=0
bps_webapi,sdg06_handwashing,total,2026-09-08,2019,province,3300,Jawa Tengah,percent,81.22,Badan Pusat Statistik,webapi-var-1273-updated-2026-07-06,domain=0000;var=1273;vervar=3300;turvar=0;th=119;turth=0
bps_webapi,sdg06_handwashing,total,2026-09-08,2019,province,3400,Di Yogyakarta,percent,80.89,Badan Pusat Statistik,webapi-var-1273-updated-2026-07-06,domain=0000;var=1273;vervar=3400;turvar=0;th=119;turth=0
bps_webapi,sdg06_handwashing,total,2026-09-08,2019,province,3500,Jawa Timur,percent,77.08,Badan Pusat Statistik,webapi-var-1273-updated-2026-07-06,domain=0000;var=1273;vervar=3500;turvar=0;th=119;turth=0
bps_webapi,sdg06_handwashing,total,2026-09-08,2019,province,3600,Banten,percent,74.19,Badan Pusat Statistik,webapi-var-1273-updated-2026-07-06,domain=0000;var=1273;vervar=3600;turvar=0;th=119;turth=0
bps_webapi,sdg06_handwashing,total,2026-09-08,2019,province,5100,Bali,percent,88.33,Badan Pusat Statistik,webapi-var-1273-updated-2026-07-06,domain=0000;var=1273;vervar=5100;turvar=0;th=119;turth=0
bps_webapi,sdg06_handwashing,total,2026-09-08,2019,province,5200,Nusa Tenggara Barat,percent,71.47,Badan Pusat Statistik,webapi-var-1273-updated-2026-07-06,domain=0000;var=1273;vervar=5200;turvar=0;th=119;turth=0
bps_webapi,sdg06_handwashing,total,2026-09-08,2019,province,5300,Nusa Tenggara Timur,percent,51.92,Badan Pusat Statistik,webapi-var-1273-updated-2026-07-06,domain=0000;var=1273;vervar=5300;turvar=0;th=119;turth=0
bps_webapi,sdg06_handwashing,total,2026-09-08,2019,province,6100,Kalimantan Barat,percent,71.31,Badan Pusat Statistik,webapi-var-1273-updated-2026-07-06,domain=0000;var=1273;vervar=6100;turvar=0;th=119;turth=0
bps_webapi,sdg06_handwashing,total,2026-09-08,2019,province,6200,Kalimantan Tengah,percent,77.16,Badan Pusat Statistik,webapi-var-1273-updated-2026-07-06,domain=0000;var=1273;vervar=6200;turvar=0;th=119;turth=0
bps_webapi,sdg06_handwashing,total,2026-09-08,2019,province,6300,Kalimantan Selatan,percent,85.39,Badan Pusat Statistik,webapi-var-1273-updated-2026-07-06,domain=0000;var=1273;vervar=6300;turvar=0;th=119;turth=0
bps_webapi,sdg06_handwashing,total,2026-09-08,2019,province,6400,Kalimantan Timur,percent,75.84,Badan Pusat Statistik,webapi-var-1273-updated-2026-07-06,domain=0000;var=1273;vervar=6400;turvar=0;th=119;turth=0
bps_webapi,sdg06_handwashing,total,2026-09-08,2019,province,6500,Kalimantan Utara,percent,83.4,Badan Pusat Statistik,webapi-var-1273-updated-2026-07-06,domain=0000;var=1273;vervar=6500;turvar=0;th=119;turth=0
bps_webapi,sdg06_handwashing,total,2026-09-08,2019,province,7100,Sulawesi Utara,percent,83.12,Badan Pusat Statistik,webapi-var-1273-updated-2026-07-06,domain=0000;var=1273;vervar=7100;turvar=0;th=119;turth=0
bps_webapi,sdg06_handwashing,total,2026-09-08,2019,province,7200,Sulawesi Tengah,percent,81.38,Badan Pusat Statistik,webapi-var-1273-updated-2026-07-06,domain=0000;var=1273;vervar=7200;turvar=0;th=119;turth=0
bps_webapi,sdg06_handwashing,total,2026-09-08,2019,province,7300,Sulawesi Selatan,percent,85.34,Badan Pusat Statistik,webapi-var-1273-updated-2026-07-06,domain=0000;var=1273;vervar=7300;turvar=0;th=119;turth=0
bps_webapi,sdg06_handwashing,total,2026-09-08,2019,province,7400,Sulawesi Tenggara,percent,82.97,Badan Pusat Statistik,webapi-var-1273-updated-2026-07-06,domain=0000;var=1273;vervar=7400;turvar=0;th=119;turth=0
bps_webapi,sdg06_handwashing,total,2026-09-08,2019,province,7500,Gorontalo,percent,79.71,Badan Pusat Statistik,webapi-var-1273-updated-2026-07-06,domain=0000;var=1273;vervar=7500;turvar=0;th=119;turth=0
bps_webapi,sdg06_handwashing,total,2026-09-08,2019,province,7600,Sulawesi Barat,percent,80.77,Badan Pusat Statistik,webapi-var-1273-updated-2026-07-06,domain=0000;var=1273;vervar=7600;turvar=0;th=119;turth=0
bps_webapi,sdg06_handwashing,total,2026-09-08,2019,province,8100,Maluku,percent,75.6,Badan Pusat Statistik,webapi-var-1273-updated-2026-07-06,domain=0000;var=1273;vervar=8100;turvar=0;th=119;turth=0
bps_webapi,sdg06_handwashing,total,2026-09-08,2019,province,8200,Maluku Utara,percent,72.81,Badan Pusat Statistik,webapi-var-1273-updated-2026-07-06,domain=0000;var=1273;vervar=8200;turvar=0;th=119;turth=0
bps_webapi,sdg06_handwashing,total,2026-09-08,2019,province,9100,Papua Barat,percent,69.47,Badan Pusat Statistik,webapi-var-1273-updated-2026-07-06,domain=0000;var=1273;vervar=9100;turvar=0;th=119;turth=0
bps_webapi,sdg06_handwashing,total,2026-09-08,2019,province,9400,Papua,percent,35.55,Badan Pusat Statistik,webapi-var-1273-updated-2026-07-06,domain=0000;var=1273;vervar=9400;turvar=0;th=119;turth=0
bps_webapi,sdg06_handwashing,total,2026-09-08,2020,national,9999,Indonesia,percent,78.3,Badan Pusat Statistik,webapi-var-1273-updated-2026-07-06,domain=0000;var=1273;vervar=9999;turvar=0;th=120;turth=0
bps_webapi,sdg06_handwashing,total,2026-09-08,2020,province,1100,Aceh,percent,67.98,Badan Pusat Statistik,webapi-var-1273-updated-2026-07-06,domain=0000;var=1273;vervar=1100;turvar=0;th=120;turth=0
bps_webapi,sdg06_handwashing,total,2026-09-08,2020,province,1200,Sumatera Utara,percent,67.3,Badan Pusat Statistik,webapi-var-1273-updated-2026-07-06,domain=0000;var=1273;vervar=1200;turvar=0;th=120;turth=0
bps_webapi,sdg06_handwashing,total,2026-09-08,2020,province,1300,Sumatera Barat,percent,82.69,Badan Pusat Statistik,webapi-var-1273-updated-2026-07-06,domain=0000;var=1273;vervar=1300;turvar=0;th=120;turth=0
bps_webapi,sdg06_handwashing,total,2026-09-08,2020,province,1400,Riau,percent,73.05,Badan Pusat Statistik,webapi-var-1273-updated-2026-07-06,domain=0000;var=1273;vervar=1400;turvar=0;th=120;turth=0
bps_webapi,sdg06_handwashing,total,2026-09-08,2020,province,1500,Jambi,percent,73.12,Badan Pusat Statistik,webapi-var-1273-updated-2026-07-06,domain=0000;var=1273;vervar=1500;turvar=0;th=120;turth=0
bps_webapi,sdg06_handwashing,total,2026-09-08,2020,province,1600,Sumatera Selatan,percent,75.04,Badan Pusat Statistik,webapi-var-1273-updated-2026-07-06,domain=0000;var=1273;vervar=1600;turvar=0;th=120;turth=0
bps_webapi,sdg06_handwashing,total,2026-09-08,2020,province,1700,Bengkulu,percent,79.12,Badan Pusat Statistik,webapi-var-1273-updated-2026-07-06,domain=0000;var=1273;vervar=1700;turvar=0;th=120;turth=0
bps_webapi,sdg06_handwashing,total,2026-09-08,2020,province,1800,Lampung,percent,78.06,Badan Pusat Statistik,webapi-var-1273-updated-2026-07-06,domain=0000;var=1273;vervar=1800;turvar=0;th=120;turth=0
bps_webapi,sdg06_handwashing,total,2026-09-08,2020,province,1900,Kep. Bangka Belitung,percent,86.67,Badan Pusat Statistik,webapi-var-1273-updated-2026-07-06,domain=0000;var=1273;vervar=1900;turvar=0;th=120;turth=0
bps_webapi,sdg06_handwashing,total,2026-09-08,2020,province,2100,Kep. Riau,percent,80.35,Badan Pusat Statistik,webapi-var-1273-updated-2026-07-06,domain=0000;var=1273;vervar=2100;turvar=0;th=120;turth=0
bps_webapi,sdg06_handwashing,total,2026-09-08,2020,province,3100,Dki Jakarta,percent,76.83,Badan Pusat Statistik,webapi-var-1273-updated-2026-07-06,domain=0000;var=1273;vervar=3100;turvar=0;th=120;turth=0
bps_webapi,sdg06_handwashing,total,2026-09-08,2020,province,3200,Jawa Barat,percent,79.1,Badan Pusat Statistik,webapi-var-1273-updated-2026-07-06,domain=0000;var=1273;vervar=3200;turvar=0;th=120;turth=0
bps_webapi,sdg06_handwashing,total,2026-09-08,2020,province,3300,Jawa Tengah,percent,84.42,Badan Pusat Statistik,webapi-var-1273-updated-2026-07-06,domain=0000;var=1273;vervar=3300;turvar=0;th=120;turth=0
bps_webapi,sdg06_handwashing,total,2026-09-08,2020,province,3400,Di Yogyakarta,percent,84.64,Badan Pusat Statistik,webapi-var-1273-updated-2026-07-06,domain=0000;var=1273;vervar=3400;turvar=0;th=120;turth=0
bps_webapi,sdg06_handwashing,total,2026-09-08,2020,province,3500,Jawa Timur,percent,79.36,Badan Pusat Statistik,webapi-var-1273-updated-2026-07-06,domain=0000;var=1273;vervar=3500;turvar=0;th=120;turth=0
bps_webapi,sdg06_handwashing,total,2026-09-08,2020,province,3600,Banten,percent,78.36,Badan Pusat Statistik,webapi-var-1273-updated-2026-07-06,domain=0000;var=1273;vervar=3600;turvar=0;th=120;turth=0
bps_webapi,sdg06_handwashing,total,2026-09-08,2020,province,5100,Bali,percent,89.68,Badan Pusat Statistik,webapi-var-1273-updated-2026-07-06,domain=0000;var=1273;vervar=5100;turvar=0;th=120;turth=0
bps_webapi,sdg06_handwashing,total,2026-09-08,2020,province,5200,Nusa Tenggara Barat,percent,74.26,Badan Pusat Statistik,webapi-var-1273-updated-2026-07-06,domain=0000;var=1273;vervar=5200;turvar=0;th=120;turth=0
bps_webapi,sdg06_handwashing,total,2026-09-08,2020,province,5300,Nusa Tenggara Timur,percent,54.43,Badan Pusat Statistik,webapi-var-1273-updated-2026-07-06,domain=0000;var=1273;vervar=5300;turvar=0;th=120;turth=0
bps_webapi,sdg06_handwashing,total,2026-09-08,2020,province,6100,Kalimantan Barat,percent,72.9,Badan Pusat Statistik,webapi-var-1273-updated-2026-07-06,domain=0000;var=1273;vervar=6100;turvar=0;th=120;turth=0
bps_webapi,sdg06_handwashing,total,2026-09-08,2020,province,6200,Kalimantan Tengah,percent,77.82,Badan Pusat Statistik,webapi-var-1273-updated-2026-07-06,domain=0000;var=1273;vervar=6200;turvar=0;th=120;turth=0
bps_webapi,sdg06_handwashing,total,2026-09-08,2020,province,6300,Kalimantan Selatan,percent,86.7,Badan Pusat Statistik,webapi-var-1273-updated-2026-07-06,domain=0000;var=1273;vervar=6300;turvar=0;th=120;turth=0
bps_webapi,sdg06_handwashing,total,2026-09-08,2020,province,6400,Kalimantan Timur,percent,76.83,Badan Pusat Statistik,webapi-var-1273-updated-2026-07-06,domain=0000;var=1273;vervar=6400;turvar=0;th=120;turth=0
bps_webapi,sdg06_handwashing,total,2026-09-08,2020,province,6500,Kalimantan Utara,percent,87.02,Badan Pusat Statistik,webapi-var-1273-updated-2026-07-06,domain=0000;var=1273;vervar=6500;turvar=0;th=120;turth=0
bps_webapi,sdg06_handwashing,total,2026-09-08,2020,province,7100,Sulawesi Utara,percent,83.71,Badan Pusat Statistik,webapi-var-1273-updated-2026-07-06,domain=0000;var=1273;vervar=7100;turvar=0;th=120;turth=0
bps_webapi,sdg06_handwashing,total,2026-09-08,2020,province,7200,Sulawesi Tengah,percent,81.93,Badan Pusat Statistik,webapi-var-1273-updated-2026-07-06,domain=0000;var=1273;vervar=7200;turvar=0;th=120;turth=0
bps_webapi,sdg06_handwashing,total,2026-09-08,2020,province,7300,Sulawesi Selatan,percent,88.71,Badan Pusat Statistik,webapi-var-1273-updated-2026-07-06,domain=0000;var=1273;vervar=7300;turvar=0;th=120;turth=0
bps_webapi,sdg06_handwashing,total,2026-09-08,2020,province,7400,Sulawesi Tenggara,percent,85.97,Badan Pusat Statistik,webapi-var-1273-updated-2026-07-06,domain=0000;var=1273;vervar=7400;turvar=0;th=120;turth=0
bps_webapi,sdg06_handwashing,total,2026-09-08,2020,province,7500,Gorontalo,percent,85.4,Badan Pusat Statistik,webapi-var-1273-updated-2026-07-06,domain=0000;var=1273;vervar=7500;turvar=0;th=120;turth=0
bps_webapi,sdg06_handwashing,total,2026-09-08,2020,province,7600,Sulawesi Barat,percent,79.52,Badan Pusat Statistik,webapi-var-1273-updated-2026-07-06,domain=0000;var=1273;vervar=7600;turvar=0;th=120;turth=0
bps_webapi,sdg06_handwashing,total,2026-09-08,2020,province,8100,Maluku,percent,79.13,Badan Pusat Statistik,webapi-var-1273-updated-2026-07-06,domain=0000;var=1273;vervar=8100;turvar=0;th=120;turth=0
bps_webapi,sdg06_handwashing,total,2026-09-08,2020,province,8200,Maluku Utara,percent,80.52,Badan Pusat Statistik,webapi-var-1273-updated-2026-07-06,domain=0000;var=1273;vervar=8200;turvar=0;th=120;turth=0
bps_webapi,sdg06_handwashing,total,2026-09-08,2020,province,9100,Papua Barat,percent,73.53,Badan Pusat Statistik,webapi-var-1273-updated-2026-07-06,domain=0000;var=1273;vervar=9100;turvar=0;th=120;turth=0
bps_webapi,sdg06_handwashing,total,2026-09-08,2020,province,9400,Papua,percent,36.44,Badan Pusat Statistik,webapi-var-1273-updated-2026-07-06,domain=0000;var=1273;vervar=9400;turvar=0;th=120;turth=0
bps_webapi,sdg06_handwashing,total,2026-09-08,2021,national,9999,Indonesia,percent,79.59,Badan Pusat Statistik,webapi-var-1273-updated-2026-07-06,domain=0000;var=1273;vervar=9999;turvar=0;th=121;turth=0
bps_webapi,sdg06_handwashing,total,2026-09-08,2021,province,1100,Aceh,percent,69.31,Badan Pusat Statistik,webapi-var-1273-updated-2026-07-06,domain=0000;var=1273;vervar=1100;turvar=0;th=121;turth=0
bps_webapi,sdg06_handwashing,total,2026-09-08,2021,province,1200,Sumatera Utara,percent,68.22,Badan Pusat Statistik,webapi-var-1273-updated-2026-07-06,domain=0000;var=1273;vervar=1200;turvar=0;th=121;turth=0
bps_webapi,sdg06_handwashing,total,2026-09-08,2021,province,1300,Sumatera Barat,percent,82.09,Badan Pusat Statistik,webapi-var-1273-updated-2026-07-06,domain=0000;var=1273;vervar=1300;turvar=0;th=121;turth=0
bps_webapi,sdg06_handwashing,total,2026-09-08,2021,province,1400,Riau,percent,74.93,Badan Pusat Statistik,webapi-var-1273-updated-2026-07-06,domain=0000;var=1273;vervar=1400;turvar=0;th=121;turth=0
bps_webapi,sdg06_handwashing,total,2026-09-08,2021,province,1500,Jambi,percent,73.41,Badan Pusat Statistik,webapi-var-1273-updated-2026-07-06,domain=0000;var=1273;vervar=1500;turvar=0;th=121;turth=0
bps_webapi,sdg06_handwashing,total,2026-09-08,2021,province,1600,Sumatera Selatan,percent,75.28,Badan Pusat Statistik,webapi-var-1273-updated-2026-07-06,domain=0000;var=1273;vervar=1600;turvar=0;th=121;turth=0
bps_webapi,sdg06_handwashing,total,2026-09-08,2021,province,1700,Bengkulu,percent,78.83,Badan Pusat Statistik,webapi-var-1273-updated-2026-07-06,domain=0000;var=1273;vervar=1700;turvar=0;th=121;turth=0
bps_webapi,sdg06_handwashing,total,2026-09-08,2021,province,1800,Lampung,percent,80.69,Badan Pusat Statistik,webapi-var-1273-updated-2026-07-06,domain=0000;var=1273;vervar=1800;turvar=0;th=121;turth=0
bps_webapi,sdg06_handwashing,total,2026-09-08,2021,province,1900,Kep. Bangka Belitung,percent,89.44,Badan Pusat Statistik,webapi-var-1273-updated-2026-07-06,domain=0000;var=1273;vervar=1900;turvar=0;th=121;turth=0
bps_webapi,sdg06_handwashing,total,2026-09-08,2021,province,2100,Kep. Riau,percent,83.77,Badan Pusat Statistik,webapi-var-1273-updated-2026-07-06,domain=0000;var=1273;vervar=2100;turvar=0;th=121;turth=0
bps_webapi,sdg06_handwashing,total,2026-09-08,2021,province,3100,Dki Jakarta,percent,79.52,Badan Pusat Statistik,webapi-var-1273-updated-2026-07-06,domain=0000;var=1273;vervar=3100;turvar=0;th=121;turth=0
bps_webapi,sdg06_handwashing,total,2026-09-08,2021,province,3200,Jawa Barat,percent,79.49,Badan Pusat Statistik,webapi-var-1273-updated-2026-07-06,domain=0000;var=1273;vervar=3200;turvar=0;th=121;turth=0
bps_webapi,sdg06_handwashing,total,2026-09-08,2021,province,3300,Jawa Tengah,percent,85.81,Badan Pusat Statistik,webapi-var-1273-updated-2026-07-06,domain=0000;var=1273;vervar=3300;turvar=0;th=121;turth=0
bps_webapi,sdg06_handwashing,total,2026-09-08,2021,province,3400,Di Yogyakarta,percent,87.54,Badan Pusat Statistik,webapi-var-1273-updated-2026-07-06,domain=0000;var=1273;vervar=3400;turvar=0;th=121;turth=0
bps_webapi,sdg06_handwashing,total,2026-09-08,2021,province,3500,Jawa Timur,percent,81.88,Badan Pusat Statistik,webapi-var-1273-updated-2026-07-06,domain=0000;var=1273;vervar=3500;turvar=0;th=121;turth=0
bps_webapi,sdg06_handwashing,total,2026-09-08,2021,province,3600,Banten,percent,80.27,Badan Pusat Statistik,webapi-var-1273-updated-2026-07-06,domain=0000;var=1273;vervar=3600;turvar=0;th=121;turth=0
bps_webapi,sdg06_handwashing,total,2026-09-08,2021,province,5100,Bali,percent,91.3,Badan Pusat Statistik,webapi-var-1273-updated-2026-07-06,domain=0000;var=1273;vervar=5100;turvar=0;th=121;turth=0
bps_webapi,sdg06_handwashing,total,2026-09-08,2021,province,5200,Nusa Tenggara Barat,percent,75.1,Badan Pusat Statistik,webapi-var-1273-updated-2026-07-06,domain=0000;var=1273;vervar=5200;turvar=0;th=121;turth=0
bps_webapi,sdg06_handwashing,total,2026-09-08,2021,province,5300,Nusa Tenggara Timur,percent,56.33,Badan Pusat Statistik,webapi-var-1273-updated-2026-07-06,domain=0000;var=1273;vervar=5300;turvar=0;th=121;turth=0
bps_webapi,sdg06_handwashing,total,2026-09-08,2021,province,6100,Kalimantan Barat,percent,74.94,Badan Pusat Statistik,webapi-var-1273-updated-2026-07-06,domain=0000;var=1273;vervar=6100;turvar=0;th=121;turth=0
bps_webapi,sdg06_handwashing,total,2026-09-08,2021,province,6200,Kalimantan Tengah,percent,79.63,Badan Pusat Statistik,webapi-var-1273-updated-2026-07-06,domain=0000;var=1273;vervar=6200;turvar=0;th=121;turth=0
bps_webapi,sdg06_handwashing,total,2026-09-08,2021,province,6300,Kalimantan Selatan,percent,87.16,Badan Pusat Statistik,webapi-var-1273-updated-2026-07-06,domain=0000;var=1273;vervar=6300;turvar=0;th=121;turth=0
bps_webapi,sdg06_handwashing,total,2026-09-08,2021,province,6400,Kalimantan Timur,percent,78.03,Badan Pusat Statistik,webapi-var-1273-updated-2026-07-06,domain=0000;var=1273;vervar=6400;turvar=0;th=121;turth=0
bps_webapi,sdg06_handwashing,total,2026-09-08,2021,province,6500,Kalimantan Utara,percent,87.73,Badan Pusat Statistik,webapi-var-1273-updated-2026-07-06,domain=0000;var=1273;vervar=6500;turvar=0;th=121;turth=0
bps_webapi,sdg06_handwashing,total,2026-09-08,2021,province,7100,Sulawesi Utara,percent,84.58,Badan Pusat Statistik,webapi-var-1273-updated-2026-07-06,domain=0000;var=1273;vervar=7100;turvar=0;th=121;turth=0
bps_webapi,sdg06_handwashing,total,2026-09-08,2021,province,7200,Sulawesi Tengah,percent,82.23,Badan Pusat Statistik,webapi-var-1273-updated-2026-07-06,domain=0000;var=1273;vervar=7200;turvar=0;th=121;turth=0
bps_webapi,sdg06_handwashing,total,2026-09-08,2021,province,7300,Sulawesi Selatan,percent,89.08,Badan Pusat Statistik,webapi-var-1273-updated-2026-07-06,domain=0000;var=1273;vervar=7300;turvar=0;th=121;turth=0
bps_webapi,sdg06_handwashing,total,2026-09-08,2021,province,7400,Sulawesi Tenggara,percent,85.69,Badan Pusat Statistik,webapi-var-1273-updated-2026-07-06,domain=0000;var=1273;vervar=7400;turvar=0;th=121;turth=0
bps_webapi,sdg06_handwashing,total,2026-09-08,2021,province,7500,Gorontalo,percent,86.87,Badan Pusat Statistik,webapi-var-1273-updated-2026-07-06,domain=0000;var=1273;vervar=7500;turvar=0;th=121;turth=0
bps_webapi,sdg06_handwashing,total,2026-09-08,2021,province,7600,Sulawesi Barat,percent,76.25,Badan Pusat Statistik,webapi-var-1273-updated-2026-07-06,domain=0000;var=1273;vervar=7600;turvar=0;th=121;turth=0
bps_webapi,sdg06_handwashing,total,2026-09-08,2021,province,8100,Maluku,percent,79.84,Badan Pusat Statistik,webapi-var-1273-updated-2026-07-06,domain=0000;var=1273;vervar=8100;turvar=0;th=121;turth=0
bps_webapi,sdg06_handwashing,total,2026-09-08,2021,province,8200,Maluku Utara,percent,81.21,Badan Pusat Statistik,webapi-var-1273-updated-2026-07-06,domain=0000;var=1273;vervar=8200;turvar=0;th=121;turth=0
bps_webapi,sdg06_handwashing,total,2026-09-08,2021,province,9100,Papua Barat,percent,73.71,Badan Pusat Statistik,webapi-var-1273-updated-2026-07-06,domain=0000;var=1273;vervar=9100;turvar=0;th=121;turth=0
bps_webapi,sdg06_handwashing,total,2026-09-08,2021,province,9400,Papua,percent,36.97,Badan Pusat Statistik,webapi-var-1273-updated-2026-07-06,domain=0000;var=1273;vervar=9400;turvar=0;th=121;turth=0
bps_webapi,sdg06_handwashing,total,2026-09-08,2022,national,9999,Indonesia,percent,79.33,Badan Pusat Statistik,webapi-var-1273-updated-2026-07-06,domain=0000;var=1273;vervar=9999;turvar=0;th=122;turth=0
bps_webapi,sdg06_handwashing,total,2026-09-08,2022,province,1100,Aceh,percent,68.04,Badan Pusat Statistik,webapi-var-1273-updated-2026-07-06,domain=0000;var=1273;vervar=1100;turvar=0;th=122;turth=0
bps_webapi,sdg06_handwashing,total,2026-09-08,2022,province,1200,Sumatera Utara,percent,69.5,Badan Pusat Statistik,webapi-var-1273-updated-2026-07-06,domain=0000;var=1273;vervar=1200;turvar=0;th=122;turth=0
bps_webapi,sdg06_handwashing,total,2026-09-08,2022,province,1300,Sumatera Barat,percent,81.33,Badan Pusat Statistik,webapi-var-1273-updated-2026-07-06,domain=0000;var=1273;vervar=1300;turvar=0;th=122;turth=0
bps_webapi,sdg06_handwashing,total,2026-09-08,2022,province,1400,Riau,percent,73.03,Badan Pusat Statistik,webapi-var-1273-updated-2026-07-06,domain=0000;var=1273;vervar=1400;turvar=0;th=122;turth=0
bps_webapi,sdg06_handwashing,total,2026-09-08,2022,province,1500,Jambi,percent,74.73,Badan Pusat Statistik,webapi-var-1273-updated-2026-07-06,domain=0000;var=1273;vervar=1500;turvar=0;th=122;turth=0
bps_webapi,sdg06_handwashing,total,2026-09-08,2022,province,1600,Sumatera Selatan,percent,73.99,Badan Pusat Statistik,webapi-var-1273-updated-2026-07-06,domain=0000;var=1273;vervar=1600;turvar=0;th=122;turth=0
bps_webapi,sdg06_handwashing,total,2026-09-08,2022,province,1700,Bengkulu,percent,79.18,Badan Pusat Statistik,webapi-var-1273-updated-2026-07-06,domain=0000;var=1273;vervar=1700;turvar=0;th=122;turth=0
bps_webapi,sdg06_handwashing,total,2026-09-08,2022,province,1800,Lampung,percent,79.3,Badan Pusat Statistik,webapi-var-1273-updated-2026-07-06,domain=0000;var=1273;vervar=1800;turvar=0;th=122;turth=0
bps_webapi,sdg06_handwashing,total,2026-09-08,2022,province,1900,Kep. Bangka Belitung,percent,90.82,Badan Pusat Statistik,webapi-var-1273-updated-2026-07-06,domain=0000;var=1273;vervar=1900;turvar=0;th=122;turth=0
bps_webapi,sdg06_handwashing,total,2026-09-08,2022,province,2100,Kep. Riau,percent,82.38,Badan Pusat Statistik,webapi-var-1273-updated-2026-07-06,domain=0000;var=1273;vervar=2100;turvar=0;th=122;turth=0
bps_webapi,sdg06_handwashing,total,2026-09-08,2022,province,3100,Dki Jakarta,percent,79.13,Badan Pusat Statistik,webapi-var-1273-updated-2026-07-06,domain=0000;var=1273;vervar=3100;turvar=0;th=122;turth=0
bps_webapi,sdg06_handwashing,total,2026-09-08,2022,province,3200,Jawa Barat,percent,78.86,Badan Pusat Statistik,webapi-var-1273-updated-2026-07-06,domain=0000;var=1273;vervar=3200;turvar=0;th=122;turth=0
bps_webapi,sdg06_handwashing,total,2026-09-08,2022,province,3300,Jawa Tengah,percent,86.65,Badan Pusat Statistik,webapi-var-1273-updated-2026-07-06,domain=0000;var=1273;vervar=3300;turvar=0;th=122;turth=0
bps_webapi,sdg06_handwashing,total,2026-09-08,2022,province,3400,Di Yogyakarta,percent,86.08,Badan Pusat Statistik,webapi-var-1273-updated-2026-07-06,domain=0000;var=1273;vervar=3400;turvar=0;th=122;turth=0
bps_webapi,sdg06_handwashing,total,2026-09-08,2022,province,3500,Jawa Timur,percent,81.17,Badan Pusat Statistik,webapi-var-1273-updated-2026-07-06,domain=0000;var=1273;vervar=3500;turvar=0;th=122;turth=0
bps_webapi,sdg06_handwashing,total,2026-09-08,2022,province,3600,Banten,percent,80.54,Badan Pusat Statistik,webapi-var-1273-updated-2026-07-06,domain=0000;var=1273;vervar=3600;turvar=0;th=122;turth=0
bps_webapi,sdg06_handwashing,total,2026-09-08,2022,province,5100,Bali,percent,90.43,Badan Pusat Statistik,webapi-var-1273-updated-2026-07-06,domain=0000;var=1273;vervar=5100;turvar=0;th=122;turth=0
bps_webapi,sdg06_handwashing,total,2026-09-08,2022,province,5200,Nusa Tenggara Barat,percent,74.25,Badan Pusat Statistik,webapi-var-1273-updated-2026-07-06,domain=0000;var=1273;vervar=5200;turvar=0;th=122;turth=0
bps_webapi,sdg06_handwashing,total,2026-09-08,2022,province,5300,Nusa Tenggara Timur,percent,56.67,Badan Pusat Statistik,webapi-var-1273-updated-2026-07-06,domain=0000;var=1273;vervar=5300;turvar=0;th=122;turth=0
bps_webapi,sdg06_handwashing,total,2026-09-08,2022,province,6100,Kalimantan Barat,percent,74.77,Badan Pusat Statistik,webapi-var-1273-updated-2026-07-06,domain=0000;var=1273;vervar=6100;turvar=0;th=122;turth=0
bps_webapi,sdg06_handwashing,total,2026-09-08,2022,province,6200,Kalimantan Tengah,percent,79.93,Badan Pusat Statistik,webapi-var-1273-updated-2026-07-06,domain=0000;var=1273;vervar=6200;turvar=0;th=122;turth=0
bps_webapi,sdg06_handwashing,total,2026-09-08,2022,province,6300,Kalimantan Selatan,percent,86.37,Badan Pusat Statistik,webapi-var-1273-updated-2026-07-06,domain=0000;var=1273;vervar=6300;turvar=0;th=122;turth=0
bps_webapi,sdg06_handwashing,total,2026-09-08,2022,province,6400,Kalimantan Timur,percent,80.07,Badan Pusat Statistik,webapi-var-1273-updated-2026-07-06,domain=0000;var=1273;vervar=6400;turvar=0;th=122;turth=0
bps_webapi,sdg06_handwashing,total,2026-09-08,2022,province,6500,Kalimantan Utara,percent,88.33,Badan Pusat Statistik,webapi-var-1273-updated-2026-07-06,domain=0000;var=1273;vervar=6500;turvar=0;th=122;turth=0
bps_webapi,sdg06_handwashing,total,2026-09-08,2022,province,7100,Sulawesi Utara,percent,85.95,Badan Pusat Statistik,webapi-var-1273-updated-2026-07-06,domain=0000;var=1273;vervar=7100;turvar=0;th=122;turth=0
bps_webapi,sdg06_handwashing,total,2026-09-08,2022,province,7200,Sulawesi Tengah,percent,81.67,Badan Pusat Statistik,webapi-var-1273-updated-2026-07-06,domain=0000;var=1273;vervar=7200;turvar=0;th=122;turth=0
bps_webapi,sdg06_handwashing,total,2026-09-08,2022,province,7300,Sulawesi Selatan,percent,87.22,Badan Pusat Statistik,webapi-var-1273-updated-2026-07-06,domain=0000;var=1273;vervar=7300;turvar=0;th=122;turth=0
bps_webapi,sdg06_handwashing,total,2026-09-08,2022,province,7400,Sulawesi Tenggara,percent,86.07,Badan Pusat Statistik,webapi-var-1273-updated-2026-07-06,domain=0000;var=1273;vervar=7400;turvar=0;th=122;turth=0
bps_webapi,sdg06_handwashing,total,2026-09-08,2022,province,7500,Gorontalo,percent,85.34,Badan Pusat Statistik,webapi-var-1273-updated-2026-07-06,domain=0000;var=1273;vervar=7500;turvar=0;th=122;turth=0
bps_webapi,sdg06_handwashing,total,2026-09-08,2022,province,7600,Sulawesi Barat,percent,77.32,Badan Pusat Statistik,webapi-var-1273-updated-2026-07-06,domain=0000;var=1273;vervar=7600;turvar=0;th=122;turth=0
bps_webapi,sdg06_handwashing,total,2026-09-08,2022,province,8100,Maluku,percent,82.58,Badan Pusat Statistik,webapi-var-1273-updated-2026-07-06,domain=0000;var=1273;vervar=8100;turvar=0;th=122;turth=0
bps_webapi,sdg06_handwashing,total,2026-09-08,2022,province,8200,Maluku Utara,percent,81.55,Badan Pusat Statistik,webapi-var-1273-updated-2026-07-06,domain=0000;var=1273;vervar=8200;turvar=0;th=122;turth=0
bps_webapi,sdg06_handwashing,total,2026-09-08,2022,province,9100,Papua Barat,percent,76.03,Badan Pusat Statistik,webapi-var-1273-updated-2026-07-06,domain=0000;var=1273;vervar=9100;turvar=0;th=122;turth=0
bps_webapi,sdg06_handwashing,total,2026-09-08,2022,province,9400,Papua,percent,40.91,Badan Pusat Statistik,webapi-var-1273-updated-2026-07-06,domain=0000;var=1273;vervar=9400;turvar=0;th=122;turth=0
bps_webapi,sdg06_handwashing,total,2026-09-08,2023,national,9999,Indonesia,percent,80.15,Badan Pusat Statistik,webapi-var-1273-updated-2026-07-06,domain=0000;var=1273;vervar=9999;turvar=0;th=123;turth=0
bps_webapi,sdg06_handwashing,total,2026-09-08,2023,province,1100,Aceh,percent,72.59,Badan Pusat Statistik,webapi-var-1273-updated-2026-07-06,domain=0000;var=1273;vervar=1100;turvar=0;th=123;turth=0
bps_webapi,sdg06_handwashing,total,2026-09-08,2023,province,1200,Sumatera Utara,percent,73.92,Badan Pusat Statistik,webapi-var-1273-updated-2026-07-06,domain=0000;var=1273;vervar=1200;turvar=0;th=123;turth=0
bps_webapi,sdg06_handwashing,total,2026-09-08,2023,province,1300,Sumatera Barat,percent,88.77,Badan Pusat Statistik,webapi-var-1273-updated-2026-07-06,domain=0000;var=1273;vervar=1300;turvar=0;th=123;turth=0
bps_webapi,sdg06_handwashing,total,2026-09-08,2023,province,1400,Riau,percent,72.29,Badan Pusat Statistik,webapi-var-1273-updated-2026-07-06,domain=0000;var=1273;vervar=1400;turvar=0;th=123;turth=0
bps_webapi,sdg06_handwashing,total,2026-09-08,2023,province,1500,Jambi,percent,73.41,Badan Pusat Statistik,webapi-var-1273-updated-2026-07-06,domain=0000;var=1273;vervar=1500;turvar=0;th=123;turth=0
bps_webapi,sdg06_handwashing,total,2026-09-08,2023,province,1600,Sumatera Selatan,percent,75.24,Badan Pusat Statistik,webapi-var-1273-updated-2026-07-06,domain=0000;var=1273;vervar=1600;turvar=0;th=123;turth=0
bps_webapi,sdg06_handwashing,total,2026-09-08,2023,province,1700,Bengkulu,percent,81.41,Badan Pusat Statistik,webapi-var-1273-updated-2026-07-06,domain=0000;var=1273;vervar=1700;turvar=0;th=123;turth=0
bps_webapi,sdg06_handwashing,total,2026-09-08,2023,province,1800,Lampung,percent,79.39,Badan Pusat Statistik,webapi-var-1273-updated-2026-07-06,domain=0000;var=1273;vervar=1800;turvar=0;th=123;turth=0
bps_webapi,sdg06_handwashing,total,2026-09-08,2023,province,1900,Kep. Bangka Belitung,percent,88.17,Badan Pusat Statistik,webapi-var-1273-updated-2026-07-06,domain=0000;var=1273;vervar=1900;turvar=0;th=123;turth=0
bps_webapi,sdg06_handwashing,total,2026-09-08,2023,province,2100,Kep. Riau,percent,85.97,Badan Pusat Statistik,webapi-var-1273-updated-2026-07-06,domain=0000;var=1273;vervar=2100;turvar=0;th=123;turth=0
bps_webapi,sdg06_handwashing,total,2026-09-08,2023,province,3100,Dki Jakarta,percent,76.83,Badan Pusat Statistik,webapi-var-1273-updated-2026-07-06,domain=0000;var=1273;vervar=3100;turvar=0;th=123;turth=0
bps_webapi,sdg06_handwashing,total,2026-09-08,2023,province,3200,Jawa Barat,percent,82.03,Badan Pusat Statistik,webapi-var-1273-updated-2026-07-06,domain=0000;var=1273;vervar=3200;turvar=0;th=123;turth=0
bps_webapi,sdg06_handwashing,total,2026-09-08,2023,province,3300,Jawa Tengah,percent,86.15,Badan Pusat Statistik,webapi-var-1273-updated-2026-07-06,domain=0000;var=1273;vervar=3300;turvar=0;th=123;turth=0
bps_webapi,sdg06_handwashing,total,2026-09-08,2023,province,3400,Di Yogyakarta,percent,84.29,Badan Pusat Statistik,webapi-var-1273-updated-2026-07-06,domain=0000;var=1273;vervar=3400;turvar=0;th=123;turth=0
bps_webapi,sdg06_handwashing,total,2026-09-08,2023,province,3500,Jawa Timur,percent,83.37,Badan Pusat Statistik,webapi-var-1273-updated-2026-07-06,domain=0000;var=1273;vervar=3500;turvar=0;th=123;turth=0
bps_webapi,sdg06_handwashing,total,2026-09-08,2023,province,3600,Banten,percent,82.79,Badan Pusat Statistik,webapi-var-1273-updated-2026-07-06,domain=0000;var=1273;vervar=3600;turvar=0;th=123;turth=0
bps_webapi,sdg06_handwashing,total,2026-09-08,2023,province,5100,Bali,percent,90.54,Badan Pusat Statistik,webapi-var-1273-updated-2026-07-06,domain=0000;var=1273;vervar=5100;turvar=0;th=123;turth=0
bps_webapi,sdg06_handwashing,total,2026-09-08,2023,province,5200,Nusa Tenggara Barat,percent,75.48,Badan Pusat Statistik,webapi-var-1273-updated-2026-07-06,domain=0000;var=1273;vervar=5200;turvar=0;th=123;turth=0
bps_webapi,sdg06_handwashing,total,2026-09-08,2023,province,5300,Nusa Tenggara Timur,percent,43.5,Badan Pusat Statistik,webapi-var-1273-updated-2026-07-06,domain=0000;var=1273;vervar=5300;turvar=0;th=123;turth=0
bps_webapi,sdg06_handwashing,total,2026-09-08,2023,province,6100,Kalimantan Barat,percent,77.59,Badan Pusat Statistik,webapi-var-1273-updated-2026-07-06,domain=0000;var=1273;vervar=6100;turvar=0;th=123;turth=0
bps_webapi,sdg06_handwashing,total,2026-09-08,2023,province,6200,Kalimantan Tengah,percent,75.67,Badan Pusat Statistik,webapi-var-1273-updated-2026-07-06,domain=0000;var=1273;vervar=6200;turvar=0;th=123;turth=0
bps_webapi,sdg06_handwashing,total,2026-09-08,2023,province,6300,Kalimantan Selatan,percent,83.31,Badan Pusat Statistik,webapi-var-1273-updated-2026-07-06,domain=0000;var=1273;vervar=6300;turvar=0;th=123;turth=0
bps_webapi,sdg06_handwashing,total,2026-09-08,2023,province,6400,Kalimantan Timur,percent,78.87,Badan Pusat Statistik,webapi-var-1273-updated-2026-07-06,domain=0000;var=1273;vervar=6400;turvar=0;th=123;turth=0
bps_webapi,sdg06_handwashing,total,2026-09-08,2023,province,6500,Kalimantan Utara,percent,76.24,Badan Pusat Statistik,webapi-var-1273-updated-2026-07-06,domain=0000;var=1273;vervar=6500;turvar=0;th=123;turth=0
bps_webapi,sdg06_handwashing,total,2026-09-08,2023,province,7100,Sulawesi Utara,percent,86.48,Badan Pusat Statistik,webapi-var-1273-updated-2026-07-06,domain=0000;var=1273;vervar=7100;turvar=0;th=123;turth=0
bps_webapi,sdg06_handwashing,total,2026-09-08,2023,province,7200,Sulawesi Tengah,percent,78.81,Badan Pusat Statistik,webapi-var-1273-updated-2026-07-06,domain=0000;var=1273;vervar=7200;turvar=0;th=123;turth=0
bps_webapi,sdg06_handwashing,total,2026-09-08,2023,province,7300,Sulawesi Selatan,percent,85.52,Badan Pusat Statistik,webapi-var-1273-updated-2026-07-06,domain=0000;var=1273;vervar=7300;turvar=0;th=123;turth=0
bps_webapi,sdg06_handwashing,total,2026-09-08,2023,province,7400,Sulawesi Tenggara,percent,84.74,Badan Pusat Statistik,webapi-var-1273-updated-2026-07-06,domain=0000;var=1273;vervar=7400;turvar=0;th=123;turth=0
bps_webapi,sdg06_handwashing,total,2026-09-08,2023,province,7500,Gorontalo,percent,82.44,Badan Pusat Statistik,webapi-var-1273-updated-2026-07-06,domain=0000;var=1273;vervar=7500;turvar=0;th=123;turth=0
bps_webapi,sdg06_handwashing,total,2026-09-08,2023,province,7600,Sulawesi Barat,percent,77.18,Badan Pusat Statistik,webapi-var-1273-updated-2026-07-06,domain=0000;var=1273;vervar=7600;turvar=0;th=123;turth=0
bps_webapi,sdg06_handwashing,total,2026-09-08,2023,province,8100,Maluku,percent,74.11,Badan Pusat Statistik,webapi-var-1273-updated-2026-07-06,domain=0000;var=1273;vervar=8100;turvar=0;th=123;turth=0
bps_webapi,sdg06_handwashing,total,2026-09-08,2023,province,8200,Maluku Utara,percent,83.62,Badan Pusat Statistik,webapi-var-1273-updated-2026-07-06,domain=0000;var=1273;vervar=8200;turvar=0;th=123;turth=0
bps_webapi,sdg06_handwashing,total,2026-09-08,2023,province,9100,Papua Barat,percent,65.38,Badan Pusat Statistik,webapi-var-1273-updated-2026-07-06,domain=0000;var=1273;vervar=9100;turvar=0;th=123;turth=0
bps_webapi,sdg06_handwashing,total,2026-09-08,2023,province,9400,Papua,percent,31.78,Badan Pusat Statistik,webapi-var-1273-updated-2026-07-06,domain=0000;var=1273;vervar=9400;turvar=0;th=123;turth=0
bps_webapi,sdg06_handwashing,total,2026-09-08,2024,national,9999,Indonesia,percent,80.85,Badan Pusat Statistik,webapi-var-1273-updated-2026-07-06,domain=0000;var=1273;vervar=9999;turvar=0;th=124;turth=0
bps_webapi,sdg06_handwashing,total,2026-09-08,2024,province,1100,Aceh,percent,72.94,Badan Pusat Statistik,webapi-var-1273-updated-2026-07-06,domain=0000;var=1273;vervar=1100;turvar=0;th=124;turth=0
bps_webapi,sdg06_handwashing,total,2026-09-08,2024,province,1200,Sumatera Utara,percent,74.45,Badan Pusat Statistik,webapi-var-1273-updated-2026-07-06,domain=0000;var=1273;vervar=1200;turvar=0;th=124;turth=0
bps_webapi,sdg06_handwashing,total,2026-09-08,2024,province,1300,Sumatera Barat,percent,86.83,Badan Pusat Statistik,webapi-var-1273-updated-2026-07-06,domain=0000;var=1273;vervar=1300;turvar=0;th=124;turth=0
bps_webapi,sdg06_handwashing,total,2026-09-08,2024,province,1400,Riau,percent,75.19,Badan Pusat Statistik,webapi-var-1273-updated-2026-07-06,domain=0000;var=1273;vervar=1400;turvar=0;th=124;turth=0
bps_webapi,sdg06_handwashing,total,2026-09-08,2024,province,1500,Jambi,percent,73.96,Badan Pusat Statistik,webapi-var-1273-updated-2026-07-06,domain=0000;var=1273;vervar=1500;turvar=0;th=124;turth=0
bps_webapi,sdg06_handwashing,total,2026-09-08,2024,province,1600,Sumatera Selatan,percent,77.02,Badan Pusat Statistik,webapi-var-1273-updated-2026-07-06,domain=0000;var=1273;vervar=1600;turvar=0;th=124;turth=0
bps_webapi,sdg06_handwashing,total,2026-09-08,2024,province,1700,Bengkulu,percent,81.71,Badan Pusat Statistik,webapi-var-1273-updated-2026-07-06,domain=0000;var=1273;vervar=1700;turvar=0;th=124;turth=0
bps_webapi,sdg06_handwashing,total,2026-09-08,2024,province,1800,Lampung,percent,80.97,Badan Pusat Statistik,webapi-var-1273-updated-2026-07-06,domain=0000;var=1273;vervar=1800;turvar=0;th=124;turth=0
bps_webapi,sdg06_handwashing,total,2026-09-08,2024,province,1900,Kep. Bangka Belitung,percent,88.7,Badan Pusat Statistik,webapi-var-1273-updated-2026-07-06,domain=0000;var=1273;vervar=1900;turvar=0;th=124;turth=0
bps_webapi,sdg06_handwashing,total,2026-09-08,2024,province,2100,Kep. Riau,percent,87,Badan Pusat Statistik,webapi-var-1273-updated-2026-07-06,domain=0000;var=1273;vervar=2100;turvar=0;th=124;turth=0
bps_webapi,sdg06_handwashing,total,2026-09-08,2024,province,3100,Dki Jakarta,percent,78.82,Badan Pusat Statistik,webapi-var-1273-updated-2026-07-06,domain=0000;var=1273;vervar=3100;turvar=0;th=124;turth=0
bps_webapi,sdg06_handwashing,total,2026-09-08,2024,province,3200,Jawa Barat,percent,82.37,Badan Pusat Statistik,webapi-var-1273-updated-2026-07-06,domain=0000;var=1273;vervar=3200;turvar=0;th=124;turth=0
bps_webapi,sdg06_handwashing,total,2026-09-08,2024,province,3300,Jawa Tengah,percent,86.49,Badan Pusat Statistik,webapi-var-1273-updated-2026-07-06,domain=0000;var=1273;vervar=3300;turvar=0;th=124;turth=0
bps_webapi,sdg06_handwashing,total,2026-09-08,2024,province,3400,Di Yogyakarta,percent,84.39,Badan Pusat Statistik,webapi-var-1273-updated-2026-07-06,domain=0000;var=1273;vervar=3400;turvar=0;th=124;turth=0
bps_webapi,sdg06_handwashing,total,2026-09-08,2024,province,3500,Jawa Timur,percent,84.32,Badan Pusat Statistik,webapi-var-1273-updated-2026-07-06,domain=0000;var=1273;vervar=3500;turvar=0;th=124;turth=0
bps_webapi,sdg06_handwashing,total,2026-09-08,2024,province,3600,Banten,percent,83,Badan Pusat Statistik,webapi-var-1273-updated-2026-07-06,domain=0000;var=1273;vervar=3600;turvar=0;th=124;turth=0
bps_webapi,sdg06_handwashing,total,2026-09-08,2024,province,5100,Bali,percent,92.08,Badan Pusat Statistik,webapi-var-1273-updated-2026-07-06,domain=0000;var=1273;vervar=5100;turvar=0;th=124;turth=0
bps_webapi,sdg06_handwashing,total,2026-09-08,2024,province,5200,Nusa Tenggara Barat,percent,77.04,Badan Pusat Statistik,webapi-var-1273-updated-2026-07-06,domain=0000;var=1273;vervar=5200;turvar=0;th=124;turth=0
bps_webapi,sdg06_handwashing,total,2026-09-08,2024,province,5300,Nusa Tenggara Timur,percent,44.06,Badan Pusat Statistik,webapi-var-1273-updated-2026-07-06,domain=0000;var=1273;vervar=5300;turvar=0;th=124;turth=0
bps_webapi,sdg06_handwashing,total,2026-09-08,2024,province,6100,Kalimantan Barat,percent,77.99,Badan Pusat Statistik,webapi-var-1273-updated-2026-07-06,domain=0000;var=1273;vervar=6100;turvar=0;th=124;turth=0
bps_webapi,sdg06_handwashing,total,2026-09-08,2024,province,6200,Kalimantan Tengah,percent,75.92,Badan Pusat Statistik,webapi-var-1273-updated-2026-07-06,domain=0000;var=1273;vervar=6200;turvar=0;th=124;turth=0
bps_webapi,sdg06_handwashing,total,2026-09-08,2024,province,6300,Kalimantan Selatan,percent,83.52,Badan Pusat Statistik,webapi-var-1273-updated-2026-07-06,domain=0000;var=1273;vervar=6300;turvar=0;th=124;turth=0
bps_webapi,sdg06_handwashing,total,2026-09-08,2024,province,6400,Kalimantan Timur,percent,79.03,Badan Pusat Statistik,webapi-var-1273-updated-2026-07-06,domain=0000;var=1273;vervar=6400;turvar=0;th=124;turth=0
bps_webapi,sdg06_handwashing,total,2026-09-08,2024,province,6500,Kalimantan Utara,percent,78,Badan Pusat Statistik,webapi-var-1273-updated-2026-07-06,domain=0000;var=1273;vervar=6500;turvar=0;th=124;turth=0
bps_webapi,sdg06_handwashing,total,2026-09-08,2024,province,7100,Sulawesi Utara,percent,87.04,Badan Pusat Statistik,webapi-var-1273-updated-2026-07-06,domain=0000;var=1273;vervar=7100;turvar=0;th=124;turth=0
bps_webapi,sdg06_handwashing,total,2026-09-08,2024,province,7200,Sulawesi Tengah,percent,80.03,Badan Pusat Statistik,webapi-var-1273-updated-2026-07-06,domain=0000;var=1273;vervar=7200;turvar=0;th=124;turth=0
bps_webapi,sdg06_handwashing,total,2026-09-08,2024,province,7300,Sulawesi Selatan,percent,85.66,Badan Pusat Statistik,webapi-var-1273-updated-2026-07-06,domain=0000;var=1273;vervar=7300;turvar=0;th=124;turth=0
bps_webapi,sdg06_handwashing,total,2026-09-08,2024,province,7400,Sulawesi Tenggara,percent,86.6,Badan Pusat Statistik,webapi-var-1273-updated-2026-07-06,domain=0000;var=1273;vervar=7400;turvar=0;th=124;turth=0
bps_webapi,sdg06_handwashing,total,2026-09-08,2024,province,7500,Gorontalo,percent,82.62,Badan Pusat Statistik,webapi-var-1273-updated-2026-07-06,domain=0000;var=1273;vervar=7500;turvar=0;th=124;turth=0
bps_webapi,sdg06_handwashing,total,2026-09-08,2024,province,7600,Sulawesi Barat,percent,78.07,Badan Pusat Statistik,webapi-var-1273-updated-2026-07-06,domain=0000;var=1273;vervar=7600;turvar=0;th=124;turth=0
bps_webapi,sdg06_handwashing,total,2026-09-08,2024,province,8100,Maluku,percent,76.5,Badan Pusat Statistik,webapi-var-1273-updated-2026-07-06,domain=0000;var=1273;vervar=8100;turvar=0;th=124;turth=0
bps_webapi,sdg06_handwashing,total,2026-09-08,2024,province,8200,Maluku Utara,percent,83.79,Badan Pusat Statistik,webapi-var-1273-updated-2026-07-06,domain=0000;var=1273;vervar=8200;turvar=0;th=124;turth=0
bps_webapi,sdg06_handwashing,total,2026-09-08,2024,province,9100,Papua Barat,percent,64.43,Badan Pusat Statistik,webapi-var-1273-updated-2026-07-06,domain=0000;var=1273;vervar=9100;turvar=0;th=124;turth=0
bps_webapi,sdg06_handwashing,total,2026-09-08,2024,province,9200,Papua Barat Daya,percent,69.36,Badan Pusat Statistik,webapi-var-1273-updated-2026-07-06,domain=0000;var=1273;vervar=9200;turvar=0;th=124;turth=0
bps_webapi,sdg06_handwashing,total,2026-09-08,2024,province,9400,Papua,percent,65.15,Badan Pusat Statistik,webapi-var-1273-updated-2026-07-06,domain=0000;var=1273;vervar=9400;turvar=0;th=124;turth=0
bps_webapi,sdg06_handwashing,total,2026-09-08,2024,province,9500,Papua Selatan,percent,52.48,Badan Pusat Statistik,webapi-var-1273-updated-2026-07-06,domain=0000;var=1273;vervar=9500;turvar=0;th=124;turth=0
bps_webapi,sdg06_handwashing,total,2026-09-08,2024,province,9600,Papua Tengah,percent,27.53,Badan Pusat Statistik,webapi-var-1273-updated-2026-07-06,domain=0000;var=1273;vervar=9600;turvar=0;th=124;turth=0
bps_webapi,sdg06_handwashing,total,2026-09-08,2024,province,9700,Papua Pegunungan,percent,4.11,Badan Pusat Statistik,webapi-var-1273-updated-2026-07-06,domain=0000;var=1273;vervar=9700;turvar=0;th=124;turth=0
bps_webapi,sdg06_handwashing,total,2026-09-08,2025,national,9999,Indonesia,percent,81.6,Badan Pusat Statistik,webapi-var-1273-updated-2026-07-06,domain=0000;var=1273;vervar=9999;turvar=0;th=125;turth=0
bps_webapi,sdg06_handwashing,total,2026-09-08,2025,province,1100,Aceh,percent,75.02,Badan Pusat Statistik,webapi-var-1273-updated-2026-07-06,domain=0000;var=1273;vervar=1100;turvar=0;th=125;turth=0
bps_webapi,sdg06_handwashing,total,2026-09-08,2025,province,1200,Sumatera Utara,percent,76.88,Badan Pusat Statistik,webapi-var-1273-updated-2026-07-06,domain=0000;var=1273;vervar=1200;turvar=0;th=125;turth=0
bps_webapi,sdg06_handwashing,total,2026-09-08,2025,province,1300,Sumatera Barat,percent,85.66,Badan Pusat Statistik,webapi-var-1273-updated-2026-07-06,domain=0000;var=1273;vervar=1300;turvar=0;th=125;turth=0
bps_webapi,sdg06_handwashing,total,2026-09-08,2025,province,1400,Riau,percent,76.32,Badan Pusat Statistik,webapi-var-1273-updated-2026-07-06,domain=0000;var=1273;vervar=1400;turvar=0;th=125;turth=0
bps_webapi,sdg06_handwashing,total,2026-09-08,2025,province,1500,Jambi,percent,75.63,Badan Pusat Statistik,webapi-var-1273-updated-2026-07-06,domain=0000;var=1273;vervar=1500;turvar=0;th=125;turth=0
bps_webapi,sdg06_handwashing,total,2026-09-08,2025,province,1600,Sumatera Selatan,percent,76.05,Badan Pusat Statistik,webapi-var-1273-updated-2026-07-06,domain=0000;var=1273;vervar=1600;turvar=0;th=125;turth=0
bps_webapi,sdg06_handwashing,total,2026-09-08,2025,province,1700,Bengkulu,percent,82.41,Badan Pusat Statistik,webapi-var-1273-updated-2026-07-06,domain=0000;var=1273;vervar=1700;turvar=0;th=125;turth=0
bps_webapi,sdg06_handwashing,total,2026-09-08,2025,province,1800,Lampung,percent,80.94,Badan Pusat Statistik,webapi-var-1273-updated-2026-07-06,domain=0000;var=1273;vervar=1800;turvar=0;th=125;turth=0
bps_webapi,sdg06_handwashing,total,2026-09-08,2025,province,1900,Kep. Bangka Belitung,percent,89.35,Badan Pusat Statistik,webapi-var-1273-updated-2026-07-06,domain=0000;var=1273;vervar=1900;turvar=0;th=125;turth=0
bps_webapi,sdg06_handwashing,total,2026-09-08,2025,province,2100,Kep. Riau,percent,87.54,Badan Pusat Statistik,webapi-var-1273-updated-2026-07-06,domain=0000;var=1273;vervar=2100;turvar=0;th=125;turth=0
bps_webapi,sdg06_handwashing,total,2026-09-08,2025,province,3100,Dki Jakarta,percent,82.95,Badan Pusat Statistik,webapi-var-1273-updated-2026-07-06,domain=0000;var=1273;vervar=3100;turvar=0;th=125;turth=0
bps_webapi,sdg06_handwashing,total,2026-09-08,2025,province,3200,Jawa Barat,percent,83.16,Badan Pusat Statistik,webapi-var-1273-updated-2026-07-06,domain=0000;var=1273;vervar=3200;turvar=0;th=125;turth=0
bps_webapi,sdg06_handwashing,total,2026-09-08,2025,province,3300,Jawa Tengah,percent,87.12,Badan Pusat Statistik,webapi-var-1273-updated-2026-07-06,domain=0000;var=1273;vervar=3300;turvar=0;th=125;turth=0
bps_webapi,sdg06_handwashing,total,2026-09-08,2025,province,3400,Di Yogyakarta,percent,84.2,Badan Pusat Statistik,webapi-var-1273-updated-2026-07-06,domain=0000;var=1273;vervar=3400;turvar=0;th=125;turth=0
bps_webapi,sdg06_handwashing,total,2026-09-08,2025,province,3500,Jawa Timur,percent,85,Badan Pusat Statistik,webapi-var-1273-updated-2026-07-06,domain=0000;var=1273;vervar=3500;turvar=0;th=125;turth=0
bps_webapi,sdg06_handwashing,total,2026-09-08,2025,province,3600,Banten,percent,82.75,Badan Pusat Statistik,webapi-var-1273-updated-2026-07-06,domain=0000;var=1273;vervar=3600;turvar=0;th=125;turth=0
bps_webapi,sdg06_handwashing,total,2026-09-08,2025,province,5100,Bali,percent,93.44,Badan Pusat Statistik,webapi-var-1273-updated-2026-07-06,domain=0000;var=1273;vervar=5100;turvar=0;th=125;turth=0
bps_webapi,sdg06_handwashing,total,2026-09-08,2025,province,5200,Nusa Tenggara Barat,percent,78.72,Badan Pusat Statistik,webapi-var-1273-updated-2026-07-06,domain=0000;var=1273;vervar=5200;turvar=0;th=125;turth=0
bps_webapi,sdg06_handwashing,total,2026-09-08,2025,province,5300,Nusa Tenggara Timur,percent,42.17,Badan Pusat Statistik,webapi-var-1273-updated-2026-07-06,domain=0000;var=1273;vervar=5300;turvar=0;th=125;turth=0
bps_webapi,sdg06_handwashing,total,2026-09-08,2025,province,6100,Kalimantan Barat,percent,80.08,Badan Pusat Statistik,webapi-var-1273-updated-2026-07-06,domain=0000;var=1273;vervar=6100;turvar=0;th=125;turth=0
bps_webapi,sdg06_handwashing,total,2026-09-08,2025,province,6200,Kalimantan Tengah,percent,77.78,Badan Pusat Statistik,webapi-var-1273-updated-2026-07-06,domain=0000;var=1273;vervar=6200;turvar=0;th=125;turth=0
bps_webapi,sdg06_handwashing,total,2026-09-08,2025,province,6300,Kalimantan Selatan,percent,82.86,Badan Pusat Statistik,webapi-var-1273-updated-2026-07-06,domain=0000;var=1273;vervar=6300;turvar=0;th=125;turth=0
bps_webapi,sdg06_handwashing,total,2026-09-08,2025,province,6400,Kalimantan Timur,percent,80.31,Badan Pusat Statistik,webapi-var-1273-updated-2026-07-06,domain=0000;var=1273;vervar=6400;turvar=0;th=125;turth=0
bps_webapi,sdg06_handwashing,total,2026-09-08,2025,province,6500,Kalimantan Utara,percent,79.93,Badan Pusat Statistik,webapi-var-1273-updated-2026-07-06,domain=0000;var=1273;vervar=6500;turvar=0;th=125;turth=0
bps_webapi,sdg06_handwashing,total,2026-09-08,2025,province,7100,Sulawesi Utara,percent,86.93,Badan Pusat Statistik,webapi-var-1273-updated-2026-07-06,domain=0000;var=1273;vervar=7100;turvar=0;th=125;turth=0
bps_webapi,sdg06_handwashing,total,2026-09-08,2025,province,7200,Sulawesi Tengah,percent,80.79,Badan Pusat Statistik,webapi-var-1273-updated-2026-07-06,domain=0000;var=1273;vervar=7200;turvar=0;th=125;turth=0
bps_webapi,sdg06_handwashing,total,2026-09-08,2025,province,7300,Sulawesi Selatan,percent,86.44,Badan Pusat Statistik,webapi-var-1273-updated-2026-07-06,domain=0000;var=1273;vervar=7300;turvar=0;th=125;turth=0
bps_webapi,sdg06_handwashing,total,2026-09-08,2025,province,7400,Sulawesi Tenggara,percent,85.55,Badan Pusat Statistik,webapi-var-1273-updated-2026-07-06,domain=0000;var=1273;vervar=7400;turvar=0;th=125;turth=0
bps_webapi,sdg06_handwashing,total,2026-09-08,2025,province,7500,Gorontalo,percent,82.05,Badan Pusat Statistik,webapi-var-1273-updated-2026-07-06,domain=0000;var=1273;vervar=7500;turvar=0;th=125;turth=0
bps_webapi,sdg06_handwashing,total,2026-09-08,2025,province,7600,Sulawesi Barat,percent,80.67,Badan Pusat Statistik,webapi-var-1273-updated-2026-07-06,domain=0000;var=1273;vervar=7600;turvar=0;th=125;turth=0
bps_webapi,sdg06_handwashing,total,2026-09-08,2025,province,8100,Maluku,percent,78.64,Badan Pusat Statistik,webapi-var-1273-updated-2026-07-06,domain=0000;var=1273;vervar=8100;turvar=0;th=125;turth=0
bps_webapi,sdg06_handwashing,total,2026-09-08,2025,province,8200,Maluku Utara,percent,84.4,Badan Pusat Statistik,webapi-var-1273-updated-2026-07-06,domain=0000;var=1273;vervar=8200;turvar=0;th=125;turth=0
bps_webapi,sdg06_handwashing,total,2026-09-08,2025,province,9100,Papua Barat,percent,64.16,Badan Pusat Statistik,webapi-var-1273-updated-2026-07-06,domain=0000;var=1273;vervar=9100;turvar=0;th=125;turth=0
bps_webapi,sdg06_handwashing,total,2026-09-08,2025,province,9200,Papua Barat Daya,percent,69.12,Badan Pusat Statistik,webapi-var-1273-updated-2026-07-06,domain=0000;var=1273;vervar=9200;turvar=0;th=125;turth=0
bps_webapi,sdg06_handwashing,total,2026-09-08,2025,province,9400,Papua,percent,65.57,Badan Pusat Statistik,webapi-var-1273-updated-2026-07-06,domain=0000;var=1273;vervar=9400;turvar=0;th=125;turth=0
bps_webapi,sdg06_handwashing,total,2026-09-08,2025,province,9500,Papua Selatan,percent,47.92,Badan Pusat Statistik,webapi-var-1273-updated-2026-07-06,domain=0000;var=1273;vervar=9500;turvar=0;th=125;turth=0
bps_webapi,sdg06_handwashing,total,2026-09-08,2025,province,9600,Papua Tengah,percent,27.67,Badan Pusat Statistik,webapi-var-1273-updated-2026-07-06,domain=0000;var=1273;vervar=9600;turvar=0;th=125;turth=0
bps_webapi,sdg06_handwashing,total,2026-09-08,2025,province,9700,Papua Pegunungan,percent,5.01,Badan Pusat Statistik,webapi-var-1273-updated-2026-07-06,domain=0000;var=1273;vervar=9700;turvar=0;th=125;turth=0
bps_webapi,sdg07_electricity_access,total,2026-09-08,2015,national,9999,Indonesia,percent,88.3,ESDM,webapi-var-1155-updated-2024-05-06,domain=0000;var=1155;vervar=1;turvar=0;th=115;turth=0
bps_webapi,sdg07_electricity_access,total,2026-09-08,2016,national,9999,Indonesia,percent,91.16,ESDM,webapi-var-1155-updated-2024-05-06,domain=0000;var=1155;vervar=1;turvar=0;th=116;turth=0
bps_webapi,sdg07_electricity_access,total,2026-09-08,2017,national,9999,Indonesia,percent,95.35,ESDM,webapi-var-1155-updated-2024-05-06,domain=0000;var=1155;vervar=1;turvar=0;th=117;turth=0
bps_webapi,sdg07_electricity_access,total,2026-09-08,2018,national,9999,Indonesia,percent,98.3,ESDM,webapi-var-1155-updated-2024-05-06,domain=0000;var=1155;vervar=1;turvar=0;th=118;turth=0
bps_webapi,sdg07_electricity_access,total,2026-09-08,2019,national,9999,Indonesia,percent,98.89,ESDM,webapi-var-1155-updated-2024-05-06,domain=0000;var=1155;vervar=1;turvar=0;th=119;turth=0
bps_webapi,sdg07_electricity_access,total,2026-09-08,2020,national,9999,Indonesia,percent,99.2,ESDM,webapi-var-1155-updated-2024-05-06,domain=0000;var=1155;vervar=1;turvar=0;th=120;turth=0
bps_webapi,sdg07_electricity_access,total,2026-09-08,2021,national,9999,Indonesia,percent,99.45,ESDM,webapi-var-1155-updated-2024-05-06,domain=0000;var=1155;vervar=1;turvar=0;th=121;turth=0
bps_webapi,sdg07_electricity_access,total,2026-09-08,2022,national,9999,Indonesia,percent,99.63,ESDM,webapi-var-1155-updated-2024-05-06,domain=0000;var=1155;vervar=1;turvar=0;th=122;turth=0
bps_webapi,sdg07_energy_intensity,total,2026-09-08,2015,national,9999,Indonesia,sbm_per_billion_rupiah,145.3,ESDM,webapi-var-1808-updated-2024-05-06,domain=0000;var=1808;vervar=1;turvar=0;th=115;turth=0
bps_webapi,sdg07_energy_intensity,total,2026-09-08,2016,national,9999,Indonesia,sbm_per_billion_rupiah,135.05,ESDM,webapi-var-1808-updated-2024-05-06,domain=0000;var=1808;vervar=1;turvar=0;th=116;turth=0
bps_webapi,sdg07_energy_intensity,total,2026-09-08,2017,national,9999,Indonesia,sbm_per_billion_rupiah,134.65,ESDM,webapi-var-1808-updated-2024-05-06,domain=0000;var=1808;vervar=1;turvar=0;th=117;turth=0
bps_webapi,sdg07_energy_intensity,total,2026-09-08,2018,national,9999,Indonesia,sbm_per_billion_rupiah,140.62,ESDM,webapi-var-1808-updated-2024-05-06,domain=0000;var=1808;vervar=1;turvar=0;th=118;turth=0
bps_webapi,sdg07_energy_intensity,total,2026-09-08,2020,national,9999,Indonesia,sbm_per_billion_rupiah,133.5,ESDM,webapi-var-1808-updated-2024-05-06,domain=0000;var=1808;vervar=1;turvar=0;th=120;turth=0
bps_webapi,sdg07_energy_intensity,total,2026-09-08,2021,national,9999,Indonesia,sbm_per_billion_rupiah,133.9,ESDM,webapi-var-1808-updated-2024-05-06,domain=0000;var=1808;vervar=1;turvar=0;th=121;turth=0
bps_webapi,sdg07_energy_intensity,total,2026-09-08,2022,national,9999,Indonesia,sbm_per_billion_rupiah,160.5,ESDM,webapi-var-1808-updated-2024-05-06,domain=0000;var=1808;vervar=1;turvar=0;th=122;turth=0
bps_webapi,sdg07_renewable_share,total,2026-09-08,2015,national,9999,Indonesia,percent,4.9,ESDM,webapi-var-1824-updated-2024-05-06,domain=0000;var=1824;vervar=9999;turvar=0;th=115;turth=0
bps_webapi,sdg07_renewable_share,total,2026-09-08,2016,national,9999,Indonesia,percent,6.27,ESDM,webapi-var-1824-updated-2024-05-06,domain=0000;var=1824;vervar=9999;turvar=0;th=116;turth=0
bps_webapi,sdg07_renewable_share,total,2026-09-08,2017,national,9999,Indonesia,percent,6.66,ESDM,webapi-var-1824-updated-2024-05-06,domain=0000;var=1824;vervar=9999;turvar=0;th=117;turth=0
bps_webapi,sdg07_renewable_share,total,2026-09-08,2018,national,9999,Indonesia,percent,8.6,ESDM,webapi-var-1824-updated-2024-05-06,domain=0000;var=1824;vervar=9999;turvar=0;th=118;turth=0
bps_webapi,sdg07_renewable_share,total,2026-09-08,2019,national,9999,Indonesia,percent,9.19,ESDM,webapi-var-1824-updated-2024-05-06,domain=0000;var=1824;vervar=9999;turvar=0;th=119;turth=0
bps_webapi,sdg07_renewable_share,total,2026-09-08,2020,national,9999,Indonesia,percent,11.27,ESDM,webapi-var-1824-updated-2024-05-06,domain=0000;var=1824;vervar=9999;turvar=0;th=120;turth=0
bps_webapi,sdg07_renewable_share,total,2026-09-08,2021,national,9999,Indonesia,percent,12.16,ESDM,webapi-var-1824-updated-2024-05-06,domain=0000;var=1824;vervar=9999;turvar=0;th=121;turth=0
bps_webapi,sdg07_renewable_share,total,2026-09-08,2022,national,9999,Indonesia,percent,12.3,ESDM,webapi-var-1824-updated-2024-05-06,domain=0000;var=1824;vervar=9999;turvar=0;th=122;turth=0
bps_webapi,sdg08_gdp_per_capita_growth,total,2026-09-08,2015,national,9999,Indonesia,percent,3.52,Badan Pusat Statistik,webapi-var-296-updated-2026-02-19,domain=0000;var=296;vervar=9999;turvar=0;th=115;turth=0
bps_webapi,sdg08_gdp_per_capita_growth,total,2026-09-08,2015,province,1100,Aceh,percent,-2.61,Badan Pusat Statistik,webapi-var-296-updated-2026-02-19,domain=0000;var=296;vervar=1100;turvar=0;th=115;turth=0
bps_webapi,sdg08_gdp_per_capita_growth,total,2026-09-08,2015,province,1200,Sumatera Utara,percent,3.81,Badan Pusat Statistik,webapi-var-296-updated-2026-02-19,domain=0000;var=296;vervar=1200;turvar=0;th=115;turth=0
bps_webapi,sdg08_gdp_per_capita_growth,total,2026-09-08,2015,province,1300,Sumatera Barat,percent,4.23,Badan Pusat Statistik,webapi-var-296-updated-2026-02-19,domain=0000;var=296;vervar=1300;turvar=0;th=115;turth=0
bps_webapi,sdg08_gdp_per_capita_growth,total,2026-09-08,2015,province,1400,Riau,percent,-2.24,Badan Pusat Statistik,webapi-var-296-updated-2026-02-19,domain=0000;var=296;vervar=1400;turvar=0;th=115;turth=0
bps_webapi,sdg08_gdp_per_capita_growth,total,2026-09-08,2015,province,1500,Jambi,percent,2.44,Badan Pusat Statistik,webapi-var-296-updated-2026-02-19,domain=0000;var=296;vervar=1500;turvar=0;th=115;turth=0
bps_webapi,sdg08_gdp_per_capita_growth,total,2026-09-08,2015,province,1600,Sumatera Selatan,percent,2.98,Badan Pusat Statistik,webapi-var-296-updated-2026-02-19,domain=0000;var=296;vervar=1600;turvar=0;th=115;turth=0
bps_webapi,sdg08_gdp_per_capita_growth,total,2026-09-08,2015,province,1700,Bengkulu,percent,3.44,Badan Pusat Statistik,webapi-var-296-updated-2026-02-19,domain=0000;var=296;vervar=1700;turvar=0;th=115;turth=0
bps_webapi,sdg08_gdp_per_capita_growth,total,2026-09-08,2015,province,1800,Lampung,percent,3.95,Badan Pusat Statistik,webapi-var-296-updated-2026-02-19,domain=0000;var=296;vervar=1800;turvar=0;th=115;turth=0
bps_webapi,sdg08_gdp_per_capita_growth,total,2026-09-08,2015,province,1900,Kep. Bangka Belitung,percent,1.89,Badan Pusat Statistik,webapi-var-296-updated-2026-02-19,domain=0000;var=296;vervar=1900;turvar=0;th=115;turth=0
bps_webapi,sdg08_gdp_per_capita_growth,total,2026-09-08,2015,province,2100,Kep. Riau,percent,3.03,Badan Pusat Statistik,webapi-var-296-updated-2026-02-19,domain=0000;var=296;vervar=2100;turvar=0;th=115;turth=0
bps_webapi,sdg08_gdp_per_capita_growth,total,2026-09-08,2015,province,3100,Dki Jakarta,percent,4.84,Badan Pusat Statistik,webapi-var-296-updated-2026-02-19,domain=0000;var=296;vervar=3100;turvar=0;th=115;turth=0
bps_webapi,sdg08_gdp_per_capita_growth,total,2026-09-08,2015,province,3200,Jawa Barat,percent,3.52,Badan Pusat Statistik,webapi-var-296-updated-2026-02-19,domain=0000;var=296;vervar=3200;turvar=0;th=115;turth=0
bps_webapi,sdg08_gdp_per_capita_growth,total,2026-09-08,2015,province,3300,Jawa Tengah,percent,4.68,Badan Pusat Statistik,webapi-var-296-updated-2026-02-19,domain=0000;var=296;vervar=3300;turvar=0;th=115;turth=0
bps_webapi,sdg08_gdp_per_capita_growth,total,2026-09-08,2015,province,3400,Di Yogyakarta,percent,3.75,Badan Pusat Statistik,webapi-var-296-updated-2026-02-19,domain=0000;var=296;vervar=3400;turvar=0;th=115;turth=0
bps_webapi,sdg08_gdp_per_capita_growth,total,2026-09-08,2015,province,3500,Jawa Timur,percent,4.8,Badan Pusat Statistik,webapi-var-296-updated-2026-02-19,domain=0000;var=296;vervar=3500;turvar=0;th=115;turth=0
bps_webapi,sdg08_gdp_per_capita_growth,total,2026-09-08,2015,province,3600,Banten,percent,3.24,Badan Pusat Statistik,webapi-var-296-updated-2026-02-19,domain=0000;var=296;vervar=3600;turvar=0;th=115;turth=0
bps_webapi,sdg08_gdp_per_capita_growth,total,2026-09-08,2015,province,5100,Bali,percent,4.8,Badan Pusat Statistik,webapi-var-296-updated-2026-02-19,domain=0000;var=296;vervar=5100;turvar=0;th=115;turth=0
bps_webapi,sdg08_gdp_per_capita_growth,total,2026-09-08,2015,province,5200,Nusa Tenggara Barat,percent,20.2,Badan Pusat Statistik,webapi-var-296-updated-2026-02-19,domain=0000;var=296;vervar=5200;turvar=0;th=115;turth=0
bps_webapi,sdg08_gdp_per_capita_growth,total,2026-09-08,2015,province,5300,Nusa Tenggara Timur,percent,3.22,Badan Pusat Statistik,webapi-var-296-updated-2026-02-19,domain=0000;var=296;vervar=5300;turvar=0;th=115;turth=0
bps_webapi,sdg08_gdp_per_capita_growth,total,2026-09-08,2015,province,6100,Kalimantan Barat,percent,3.28,Badan Pusat Statistik,webapi-var-296-updated-2026-02-19,domain=0000;var=296;vervar=6100;turvar=0;th=115;turth=0
bps_webapi,sdg08_gdp_per_capita_growth,total,2026-09-08,2015,province,6200,Kalimantan Tengah,percent,4.64,Badan Pusat Statistik,webapi-var-296-updated-2026-02-19,domain=0000;var=296;vervar=6200;turvar=0;th=115;turth=0
bps_webapi,sdg08_gdp_per_capita_growth,total,2026-09-08,2015,province,6300,Kalimantan Selatan,percent,2.08,Badan Pusat Statistik,webapi-var-296-updated-2026-02-19,domain=0000;var=296;vervar=6300;turvar=0;th=115;turth=0
bps_webapi,sdg08_gdp_per_capita_growth,total,2026-09-08,2015,province,6400,Kalimantan Timur,percent,-3.37,Badan Pusat Statistik,webapi-var-296-updated-2026-02-19,domain=0000;var=296;vervar=6400;turvar=0;th=115;turth=0
bps_webapi,sdg08_gdp_per_capita_growth,total,2026-09-08,2015,province,6500,Kalimantan Utara,percent,-0.43,Badan Pusat Statistik,webapi-var-296-updated-2026-02-19,domain=0000;var=296;vervar=6500;turvar=0;th=115;turth=0
bps_webapi,sdg08_gdp_per_capita_growth,total,2026-09-08,2015,province,7100,Sulawesi Utara,percent,5,Badan Pusat Statistik,webapi-var-296-updated-2026-02-19,domain=0000;var=296;vervar=7100;turvar=0;th=115;turth=0
bps_webapi,sdg08_gdp_per_capita_growth,total,2026-09-08,2015,province,7200,Sulawesi Tengah,percent,13.68,Badan Pusat Statistik,webapi-var-296-updated-2026-02-19,domain=0000;var=296;vervar=7200;turvar=0;th=115;turth=0
bps_webapi,sdg08_gdp_per_capita_growth,total,2026-09-08,2015,province,7300,Sulawesi Selatan,percent,6.08,Badan Pusat Statistik,webapi-var-296-updated-2026-02-19,domain=0000;var=296;vervar=7300;turvar=0;th=115;turth=0
bps_webapi,sdg08_gdp_per_capita_growth,total,2026-09-08,2015,province,7400,Sulawesi Tenggara,percent,4.68,Badan Pusat Statistik,webapi-var-296-updated-2026-02-19,domain=0000;var=296;vervar=7400;turvar=0;th=115;turth=0
bps_webapi,sdg08_gdp_per_capita_growth,total,2026-09-08,2015,province,7500,Gorontalo,percent,4.57,Badan Pusat Statistik,webapi-var-296-updated-2026-02-19,domain=0000;var=296;vervar=7500;turvar=0;th=115;turth=0
bps_webapi,sdg08_gdp_per_capita_growth,total,2026-09-08,2015,province,7600,Sulawesi Barat,percent,5.3,Badan Pusat Statistik,webapi-var-296-updated-2026-02-19,domain=0000;var=296;vervar=7600;turvar=0;th=115;turth=0
bps_webapi,sdg08_gdp_per_capita_growth,total,2026-09-08,2015,province,8100,Maluku,percent,3.66,Badan Pusat Statistik,webapi-var-296-updated-2026-02-19,domain=0000;var=296;vervar=8100;turvar=0;th=115;turth=0
bps_webapi,sdg08_gdp_per_capita_growth,total,2026-09-08,2015,province,8200,Maluku Utara,percent,3.94,Badan Pusat Statistik,webapi-var-296-updated-2026-02-19,domain=0000;var=296;vervar=8200;turvar=0;th=115;turth=0
bps_webapi,sdg08_gdp_per_capita_growth,total,2026-09-08,2015,province,9100,Papua Barat,percent,1.56,Badan Pusat Statistik,webapi-var-296-updated-2026-02-19,domain=0000;var=296;vervar=9100;turvar=0;th=115;turth=0
bps_webapi,sdg08_gdp_per_capita_growth,total,2026-09-08,2015,province,9400,Papua,percent,5.36,Badan Pusat Statistik,webapi-var-296-updated-2026-02-19,domain=0000;var=296;vervar=9400;turvar=0;th=115;turth=0
bps_webapi,sdg08_gdp_per_capita_growth,total,2026-09-08,2016,national,9999,Indonesia,percent,3.72,Badan Pusat Statistik,webapi-var-296-updated-2026-02-19,domain=0000;var=296;vervar=9999;turvar=0;th=116;turth=0
bps_webapi,sdg08_gdp_per_capita_growth,total,2026-09-08,2016,province,1100,Aceh,percent,1.38,Badan Pusat Statistik,webapi-var-296-updated-2026-02-19,domain=0000;var=296;vervar=1100;turvar=0;th=116;turth=0
bps_webapi,sdg08_gdp_per_capita_growth,total,2026-09-08,2016,province,1200,Sumatera Utara,percent,3.94,Badan Pusat Statistik,webapi-var-296-updated-2026-02-19,domain=0000;var=296;vervar=1200;turvar=0;th=116;turth=0
bps_webapi,sdg08_gdp_per_capita_growth,total,2026-09-08,2016,province,1300,Sumatera Barat,percent,4,Badan Pusat Statistik,webapi-var-296-updated-2026-02-19,domain=0000;var=296;vervar=1300;turvar=0;th=116;turth=0
bps_webapi,sdg08_gdp_per_capita_growth,total,2026-09-08,2016,province,1400,Riau,percent,-0.28,Badan Pusat Statistik,webapi-var-296-updated-2026-02-19,domain=0000;var=296;vervar=1400;turvar=0;th=116;turth=0
bps_webapi,sdg08_gdp_per_capita_growth,total,2026-09-08,2016,province,1500,Jambi,percent,2.65,Badan Pusat Statistik,webapi-var-296-updated-2026-02-19,domain=0000;var=296;vervar=1500;turvar=0;th=116;turth=0
bps_webapi,sdg08_gdp_per_capita_growth,total,2026-09-08,2016,province,1600,Sumatera Selatan,percent,3.65,Badan Pusat Statistik,webapi-var-296-updated-2026-02-19,domain=0000;var=296;vervar=1600;turvar=0;th=116;turth=0
bps_webapi,sdg08_gdp_per_capita_growth,total,2026-09-08,2016,province,1700,Bengkulu,percent,3.63,Badan Pusat Statistik,webapi-var-296-updated-2026-02-19,domain=0000;var=296;vervar=1700;turvar=0;th=116;turth=0
bps_webapi,sdg08_gdp_per_capita_growth,total,2026-09-08,2016,province,1800,Lampung,percent,4.01,Badan Pusat Statistik,webapi-var-296-updated-2026-02-19,domain=0000;var=296;vervar=1800;turvar=0;th=116;turth=0
bps_webapi,sdg08_gdp_per_capita_growth,total,2026-09-08,2016,province,1900,Kep. Bangka Belitung,percent,1.95,Badan Pusat Statistik,webapi-var-296-updated-2026-02-19,domain=0000;var=296;vervar=1900;turvar=0;th=116;turth=0
bps_webapi,sdg08_gdp_per_capita_growth,total,2026-09-08,2016,province,2100,Kep. Riau,percent,2.12,Badan Pusat Statistik,webapi-var-296-updated-2026-02-19,domain=0000;var=296;vervar=2100;turvar=0;th=116;turth=0
bps_webapi,sdg08_gdp_per_capita_growth,total,2026-09-08,2016,province,3100,Dki Jakarta,percent,4.84,Badan Pusat Statistik,webapi-var-296-updated-2026-02-19,domain=0000;var=296;vervar=3100;turvar=0;th=116;turth=0
bps_webapi,sdg08_gdp_per_capita_growth,total,2026-09-08,2016,province,3200,Jawa Barat,percent,4.17,Badan Pusat Statistik,webapi-var-296-updated-2026-02-19,domain=0000;var=296;vervar=3200;turvar=0;th=116;turth=0
bps_webapi,sdg08_gdp_per_capita_growth,total,2026-09-08,2016,province,3300,Jawa Tengah,percent,4.49,Badan Pusat Statistik,webapi-var-296-updated-2026-02-19,domain=0000;var=296;vervar=3300;turvar=0;th=116;turth=0
bps_webapi,sdg08_gdp_per_capita_growth,total,2026-09-08,2016,province,3400,Di Yogyakarta,percent,3.87,Badan Pusat Statistik,webapi-var-296-updated-2026-02-19,domain=0000;var=296;vervar=3400;turvar=0;th=116;turth=0
bps_webapi,sdg08_gdp_per_capita_growth,total,2026-09-08,2016,province,3500,Jawa Timur,percent,4.96,Badan Pusat Statistik,webapi-var-296-updated-2026-02-19,domain=0000;var=296;vervar=3500;turvar=0;th=116;turth=0
bps_webapi,sdg08_gdp_per_capita_growth,total,2026-09-08,2016,province,3600,Banten,percent,3.14,Badan Pusat Statistik,webapi-var-296-updated-2026-02-19,domain=0000;var=296;vervar=3600;turvar=0;th=116;turth=0
bps_webapi,sdg08_gdp_per_capita_growth,total,2026-09-08,2016,province,5100,Bali,percent,5.13,Badan Pusat Statistik,webapi-var-296-updated-2026-02-19,domain=0000;var=296;vervar=5100;turvar=0;th=116;turth=0
bps_webapi,sdg08_gdp_per_capita_growth,total,2026-09-08,2016,province,5200,Nusa Tenggara Barat,percent,4.5,Badan Pusat Statistik,webapi-var-296-updated-2026-02-19,domain=0000;var=296;vervar=5200;turvar=0;th=116;turth=0
bps_webapi,sdg08_gdp_per_capita_growth,total,2026-09-08,2016,province,5300,Nusa Tenggara Timur,percent,3.44,Badan Pusat Statistik,webapi-var-296-updated-2026-02-19,domain=0000;var=296;vervar=5300;turvar=0;th=116;turth=0
bps_webapi,sdg08_gdp_per_capita_growth,total,2026-09-08,2016,province,6100,Kalimantan Barat,percent,3.63,Badan Pusat Statistik,webapi-var-296-updated-2026-02-19,domain=0000;var=296;vervar=6100;turvar=0;th=116;turth=0
bps_webapi,sdg08_gdp_per_capita_growth,total,2026-09-08,2016,province,6200,Kalimantan Tengah,percent,4.05,Badan Pusat Statistik,webapi-var-296-updated-2026-02-19,domain=0000;var=296;vervar=6200;turvar=0;th=116;turth=0
bps_webapi,sdg08_gdp_per_capita_growth,total,2026-09-08,2016,province,6300,Kalimantan Selatan,percent,2.71,Badan Pusat Statistik,webapi-var-296-updated-2026-02-19,domain=0000;var=296;vervar=6300;turvar=0;th=116;turth=0
bps_webapi,sdg08_gdp_per_capita_growth,total,2026-09-08,2016,province,6400,Kalimantan Timur,percent,-2.5,Badan Pusat Statistik,webapi-var-296-updated-2026-02-19,domain=0000;var=296;vervar=6400;turvar=0;th=116;turth=0
bps_webapi,sdg08_gdp_per_capita_growth,total,2026-09-08,2016,province,6500,Kalimantan Utara,percent,-0.24,Badan Pusat Statistik,webapi-var-296-updated-2026-02-19,domain=0000;var=296;vervar=6500;turvar=0;th=116;turth=0
bps_webapi,sdg08_gdp_per_capita_growth,total,2026-09-08,2016,province,7100,Sulawesi Utara,percent,5.08,Badan Pusat Statistik,webapi-var-296-updated-2026-02-19,domain=0000;var=296;vervar=7100;turvar=0;th=116;turth=0
bps_webapi,sdg08_gdp_per_capita_growth,total,2026-09-08,2016,province,7200,Sulawesi Tengah,percent,8.24,Badan Pusat Statistik,webapi-var-296-updated-2026-02-19,domain=0000;var=296;vervar=7200;turvar=0;th=116;turth=0
bps_webapi,sdg08_gdp_per_capita_growth,total,2026-09-08,2016,province,7300,Sulawesi Selatan,percent,6.34,Badan Pusat Statistik,webapi-var-296-updated-2026-02-19,domain=0000;var=296;vervar=7300;turvar=0;th=116;turth=0
bps_webapi,sdg08_gdp_per_capita_growth,total,2026-09-08,2016,province,7400,Sulawesi Tenggara,percent,4.36,Badan Pusat Statistik,webapi-var-296-updated-2026-02-19,domain=0000;var=296;vervar=7400;turvar=0;th=116;turth=0
bps_webapi,sdg08_gdp_per_capita_growth,total,2026-09-08,2016,province,7500,Gorontalo,percent,4.9,Badan Pusat Statistik,webapi-var-296-updated-2026-02-19,domain=0000;var=296;vervar=7500;turvar=0;th=116;turth=0
bps_webapi,sdg08_gdp_per_capita_growth,total,2026-09-08,2016,province,7600,Sulawesi Barat,percent,4.04,Badan Pusat Statistik,webapi-var-296-updated-2026-02-19,domain=0000;var=296;vervar=7600;turvar=0;th=116;turth=0
bps_webapi,sdg08_gdp_per_capita_growth,total,2026-09-08,2016,province,8100,Maluku,percent,3.94,Badan Pusat Statistik,webapi-var-296-updated-2026-02-19,domain=0000;var=296;vervar=8100;turvar=0;th=116;turth=0
bps_webapi,sdg08_gdp_per_capita_growth,total,2026-09-08,2016,province,8200,Maluku Utara,percent,3.67,Badan Pusat Statistik,webapi-var-296-updated-2026-02-19,domain=0000;var=296;vervar=8200;turvar=0;th=116;turth=0
bps_webapi,sdg08_gdp_per_capita_growth,total,2026-09-08,2016,province,9100,Papua Barat,percent,1.96,Badan Pusat Statistik,webapi-var-296-updated-2026-02-19,domain=0000;var=296;vervar=9100;turvar=0;th=116;turth=0
bps_webapi,sdg08_gdp_per_capita_growth,total,2026-09-08,2016,province,9400,Papua,percent,7.17,Badan Pusat Statistik,webapi-var-296-updated-2026-02-19,domain=0000;var=296;vervar=9400;turvar=0;th=116;turth=0
bps_webapi,sdg08_gdp_per_capita_growth,total,2026-09-08,2017,national,9999,Indonesia,percent,3.79,Badan Pusat Statistik,webapi-var-296-updated-2026-02-19,domain=0000;var=296;vervar=9999;turvar=0;th=117;turth=0
bps_webapi,sdg08_gdp_per_capita_growth,total,2026-09-08,2017,province,1100,Aceh,percent,2.31,Badan Pusat Statistik,webapi-var-296-updated-2026-02-19,domain=0000;var=296;vervar=1100;turvar=0;th=117;turth=0
bps_webapi,sdg08_gdp_per_capita_growth,total,2026-09-08,2017,province,1200,Sumatera Utara,percent,3.95,Badan Pusat Statistik,webapi-var-296-updated-2026-02-19,domain=0000;var=296;vervar=1200;turvar=0;th=117;turth=0
bps_webapi,sdg08_gdp_per_capita_growth,total,2026-09-08,2017,province,1300,Sumatera Barat,percent,4.07,Badan Pusat Statistik,webapi-var-296-updated-2026-02-19,domain=0000;var=296;vervar=1300;turvar=0;th=117;turth=0
bps_webapi,sdg08_gdp_per_capita_growth,total,2026-09-08,2017,province,1400,Riau,percent,0.24,Badan Pusat Statistik,webapi-var-296-updated-2026-02-19,domain=0000;var=296;vervar=1400;turvar=0;th=117;turth=0
bps_webapi,sdg08_gdp_per_capita_growth,total,2026-09-08,2017,province,1500,Jambi,percent,2.93,Badan Pusat Statistik,webapi-var-296-updated-2026-02-19,domain=0000;var=296;vervar=1500;turvar=0;th=117;turth=0
bps_webapi,sdg08_gdp_per_capita_growth,total,2026-09-08,2017,province,1600,Sumatera Selatan,percent,4.16,Badan Pusat Statistik,webapi-var-296-updated-2026-02-19,domain=0000;var=296;vervar=1600;turvar=0;th=117;turth=0
bps_webapi,sdg08_gdp_per_capita_growth,total,2026-09-08,2017,province,1700,Bengkulu,percent,3.38,Badan Pusat Statistik,webapi-var-296-updated-2026-02-19,domain=0000;var=296;vervar=1700;turvar=0;th=117;turth=0
bps_webapi,sdg08_gdp_per_capita_growth,total,2026-09-08,2017,province,1800,Lampung,percent,4.09,Badan Pusat Statistik,webapi-var-296-updated-2026-02-19,domain=0000;var=296;vervar=1800;turvar=0;th=117;turth=0
bps_webapi,sdg08_gdp_per_capita_growth,total,2026-09-08,2017,province,1900,Kep. Bangka Belitung,percent,2.35,Badan Pusat Statistik,webapi-var-296-updated-2026-02-19,domain=0000;var=296;vervar=1900;turvar=0;th=117;turth=0
bps_webapi,sdg08_gdp_per_capita_growth,total,2026-09-08,2017,province,2100,Kep. Riau,percent,-0.69,Badan Pusat Statistik,webapi-var-296-updated-2026-02-19,domain=0000;var=296;vervar=2100;turvar=0;th=117;turth=0
bps_webapi,sdg08_gdp_per_capita_growth,total,2026-09-08,2017,province,3100,Dki Jakarta,percent,5.21,Badan Pusat Statistik,webapi-var-296-updated-2026-02-19,domain=0000;var=296;vervar=3100;turvar=0;th=117;turth=0
bps_webapi,sdg08_gdp_per_capita_growth,total,2026-09-08,2017,province,3200,Jawa Barat,percent,3.89,Badan Pusat Statistik,webapi-var-296-updated-2026-02-19,domain=0000;var=296;vervar=3200;turvar=0;th=117;turth=0
bps_webapi,sdg08_gdp_per_capita_growth,total,2026-09-08,2017,province,3300,Jawa Tengah,percent,4.52,Badan Pusat Statistik,webapi-var-296-updated-2026-02-19,domain=0000;var=296;vervar=3300;turvar=0;th=117;turth=0
bps_webapi,sdg08_gdp_per_capita_growth,total,2026-09-08,2017,province,3400,Di Yogyakarta,percent,4.11,Badan Pusat Statistik,webapi-var-296-updated-2026-02-19,domain=0000;var=296;vervar=3400;turvar=0;th=117;turth=0
bps_webapi,sdg08_gdp_per_capita_growth,total,2026-09-08,2017,province,3500,Jawa Timur,percent,4.87,Badan Pusat Statistik,webapi-var-296-updated-2026-02-19,domain=0000;var=296;vervar=3500;turvar=0;th=117;turth=0
bps_webapi,sdg08_gdp_per_capita_growth,total,2026-09-08,2017,province,3600,Banten,percent,3.67,Badan Pusat Statistik,webapi-var-296-updated-2026-02-19,domain=0000;var=296;vervar=3600;turvar=0;th=117;turth=0
bps_webapi,sdg08_gdp_per_capita_growth,total,2026-09-08,2017,province,5100,Bali,percent,4.41,Badan Pusat Statistik,webapi-var-296-updated-2026-02-19,domain=0000;var=296;vervar=5100;turvar=0;th=117;turth=0
bps_webapi,sdg08_gdp_per_capita_growth,total,2026-09-08,2017,province,5200,Nusa Tenggara Barat,percent,-1.11,Badan Pusat Statistik,webapi-var-296-updated-2026-02-19,domain=0000;var=296;vervar=5200;turvar=0;th=117;turth=0
bps_webapi,sdg08_gdp_per_capita_growth,total,2026-09-08,2017,province,5300,Nusa Tenggara Timur,percent,3.44,Badan Pusat Statistik,webapi-var-296-updated-2026-02-19,domain=0000;var=296;vervar=5300;turvar=0;th=117;turth=0
bps_webapi,sdg08_gdp_per_capita_growth,total,2026-09-08,2017,province,6100,Kalimantan Barat,percent,3.66,Badan Pusat Statistik,webapi-var-296-updated-2026-02-19,domain=0000;var=296;vervar=6100;turvar=0;th=117;turth=0
bps_webapi,sdg08_gdp_per_capita_growth,total,2026-09-08,2017,province,6200,Kalimantan Tengah,percent,4.47,Badan Pusat Statistik,webapi-var-296-updated-2026-02-19,domain=0000;var=296;vervar=6200;turvar=0;th=117;turth=0
bps_webapi,sdg08_gdp_per_capita_growth,total,2026-09-08,2017,province,6300,Kalimantan Selatan,percent,3.64,Badan Pusat Statistik,webapi-var-296-updated-2026-02-19,domain=0000;var=296;vervar=6300;turvar=0;th=117;turth=0
bps_webapi,sdg08_gdp_per_capita_growth,total,2026-09-08,2017,province,6400,Kalimantan Timur,percent,0.99,Badan Pusat Statistik,webapi-var-296-updated-2026-02-19,domain=0000;var=296;vervar=6400;turvar=0;th=117;turth=0
bps_webapi,sdg08_gdp_per_capita_growth,total,2026-09-08,2017,province,6500,Kalimantan Utara,percent,2.98,Badan Pusat Statistik,webapi-var-296-updated-2026-02-19,domain=0000;var=296;vervar=6500;turvar=0;th=117;turth=0
bps_webapi,sdg08_gdp_per_capita_growth,total,2026-09-08,2017,province,7100,Sulawesi Utara,percent,5.27,Badan Pusat Statistik,webapi-var-296-updated-2026-02-19,domain=0000;var=296;vervar=7100;turvar=0;th=117;turth=0
bps_webapi,sdg08_gdp_per_capita_growth,total,2026-09-08,2017,province,7200,Sulawesi Tengah,percent,5.49,Badan Pusat Statistik,webapi-var-296-updated-2026-02-19,domain=0000;var=296;vervar=7200;turvar=0;th=117;turth=0
bps_webapi,sdg08_gdp_per_capita_growth,total,2026-09-08,2017,province,7300,Sulawesi Selatan,percent,6.17,Badan Pusat Statistik,webapi-var-296-updated-2026-02-19,domain=0000;var=296;vervar=7300;turvar=0;th=117;turth=0
bps_webapi,sdg08_gdp_per_capita_growth,total,2026-09-08,2017,province,7400,Sulawesi Tenggara,percent,4.65,Badan Pusat Statistik,webapi-var-296-updated-2026-02-19,domain=0000;var=296;vervar=7400;turvar=0;th=117;turth=0
bps_webapi,sdg08_gdp_per_capita_growth,total,2026-09-08,2017,province,7500,Gorontalo,percent,5.14,Badan Pusat Statistik,webapi-var-296-updated-2026-02-19,domain=0000;var=296;vervar=7500;turvar=0;th=117;turth=0
bps_webapi,sdg08_gdp_per_capita_growth,total,2026-09-08,2017,province,7600,Sulawesi Barat,percent,4.43,Badan Pusat Statistik,webapi-var-296-updated-2026-02-19,domain=0000;var=296;vervar=7600;turvar=0;th=117;turth=0
bps_webapi,sdg08_gdp_per_capita_growth,total,2026-09-08,2017,province,8100,Maluku,percent,4.05,Badan Pusat Statistik,webapi-var-296-updated-2026-02-19,domain=0000;var=296;vervar=8100;turvar=0;th=117;turth=0
bps_webapi,sdg08_gdp_per_capita_growth,total,2026-09-08,2017,province,8200,Maluku Utara,percent,5.59,Badan Pusat Statistik,webapi-var-296-updated-2026-02-19,domain=0000;var=296;vervar=8200;turvar=0;th=117;turth=0
bps_webapi,sdg08_gdp_per_capita_growth,total,2026-09-08,2017,province,9100,Papua Barat,percent,1.52,Badan Pusat Statistik,webapi-var-296-updated-2026-02-19,domain=0000;var=296;vervar=9100;turvar=0;th=117;turth=0
bps_webapi,sdg08_gdp_per_capita_growth,total,2026-09-08,2017,province,9400,Papua,percent,2.78,Badan Pusat Statistik,webapi-var-296-updated-2026-02-19,domain=0000;var=296;vervar=9400;turvar=0;th=117;turth=0
bps_webapi,sdg08_gdp_per_capita_growth,total,2026-09-08,2018,national,9999,Indonesia,percent,3.93,Badan Pusat Statistik,webapi-var-296-updated-2026-02-19,domain=0000;var=296;vervar=9999;turvar=0;th=118;turth=0
bps_webapi,sdg08_gdp_per_capita_growth,total,2026-09-08,2018,province,1100,Aceh,percent,2.79,Badan Pusat Statistik,webapi-var-296-updated-2026-02-19,domain=0000;var=296;vervar=1100;turvar=0;th=118;turth=0
bps_webapi,sdg08_gdp_per_capita_growth,total,2026-09-08,2018,province,1200,Sumatera Utara,percent,4.06,Badan Pusat Statistik,webapi-var-296-updated-2026-02-19,domain=0000;var=296;vervar=1200;turvar=0;th=118;turth=0
bps_webapi,sdg08_gdp_per_capita_growth,total,2026-09-08,2018,province,1300,Sumatera Barat,percent,3.95,Badan Pusat Statistik,webapi-var-296-updated-2026-02-19,domain=0000;var=296;vervar=1300;turvar=0;th=118;turth=0
bps_webapi,sdg08_gdp_per_capita_growth,total,2026-09-08,2018,province,1400,Riau,percent,-0.01,Badan Pusat Statistik,webapi-var-296-updated-2026-02-19,domain=0000;var=296;vervar=1400;turvar=0;th=118;turth=0
bps_webapi,sdg08_gdp_per_capita_growth,total,2026-09-08,2018,province,1500,Jambi,percent,3.07,Badan Pusat Statistik,webapi-var-296-updated-2026-02-19,domain=0000;var=296;vervar=1500;turvar=0;th=118;turth=0
bps_webapi,sdg08_gdp_per_capita_growth,total,2026-09-08,2018,province,1600,Sumatera Selatan,percent,4.7,Badan Pusat Statistik,webapi-var-296-updated-2026-02-19,domain=0000;var=296;vervar=1600;turvar=0;th=118;turth=0
bps_webapi,sdg08_gdp_per_capita_growth,total,2026-09-08,2018,province,1700,Bengkulu,percent,3.42,Badan Pusat Statistik,webapi-var-296-updated-2026-02-19,domain=0000;var=296;vervar=1700;turvar=0;th=118;turth=0
bps_webapi,sdg08_gdp_per_capita_growth,total,2026-09-08,2018,province,1800,Lampung,percent,4.21,Badan Pusat Statistik,webapi-var-296-updated-2026-02-19,domain=0000;var=296;vervar=1800;turvar=0;th=118;turth=0
bps_webapi,sdg08_gdp_per_capita_growth,total,2026-09-08,2018,province,1900,Kep. Bangka Belitung,percent,2.37,Badan Pusat Statistik,webapi-var-296-updated-2026-02-19,domain=0000;var=296;vervar=1900;turvar=0;th=118;turth=0
bps_webapi,sdg08_gdp_per_capita_growth,total,2026-09-08,2018,province,2100,Kep. Riau,percent,1.83,Badan Pusat Statistik,webapi-var-296-updated-2026-02-19,domain=0000;var=296;vervar=2100;turvar=0;th=118;turth=0
bps_webapi,sdg08_gdp_per_capita_growth,total,2026-09-08,2018,province,3100,Dki Jakarta,percent,5.16,Badan Pusat Statistik,webapi-var-296-updated-2026-02-19,domain=0000;var=296;vervar=3100;turvar=0;th=118;turth=0
bps_webapi,sdg08_gdp_per_capita_growth,total,2026-09-08,2018,province,3200,Jawa Barat,percent,4.25,Badan Pusat Statistik,webapi-var-296-updated-2026-02-19,domain=0000;var=296;vervar=3200;turvar=0;th=118;turth=0
bps_webapi,sdg08_gdp_per_capita_growth,total,2026-09-08,2018,province,3300,Jawa Tengah,percent,4.59,Badan Pusat Statistik,webapi-var-296-updated-2026-02-19,domain=0000;var=296;vervar=3300;turvar=0;th=118;turth=0
bps_webapi,sdg08_gdp_per_capita_growth,total,2026-09-08,2018,province,3400,Di Yogyakarta,percent,5.06,Badan Pusat Statistik,webapi-var-296-updated-2026-02-19,domain=0000;var=296;vervar=3400;turvar=0;th=118;turth=0
bps_webapi,sdg08_gdp_per_capita_growth,total,2026-09-08,2018,province,3500,Jawa Timur,percent,4.92,Badan Pusat Statistik,webapi-var-296-updated-2026-02-19,domain=0000;var=296;vervar=3500;turvar=0;th=118;turth=0
bps_webapi,sdg08_gdp_per_capita_growth,total,2026-09-08,2018,province,3600,Banten,percent,3.75,Badan Pusat Statistik,webapi-var-296-updated-2026-02-19,domain=0000;var=296;vervar=3600;turvar=0;th=118;turth=0
bps_webapi,sdg08_gdp_per_capita_growth,total,2026-09-08,2018,province,5100,Bali,percent,5.18,Badan Pusat Statistik,webapi-var-296-updated-2026-02-19,domain=0000;var=296;vervar=5100;turvar=0;th=118;turth=0
bps_webapi,sdg08_gdp_per_capita_growth,total,2026-09-08,2018,province,5200,Nusa Tenggara Barat,percent,-5.61,Badan Pusat Statistik,webapi-var-296-updated-2026-02-19,domain=0000;var=296;vervar=5200;turvar=0;th=118;turth=0
bps_webapi,sdg08_gdp_per_capita_growth,total,2026-09-08,2018,province,5300,Nusa Tenggara Timur,percent,3.46,Badan Pusat Statistik,webapi-var-296-updated-2026-02-19,domain=0000;var=296;vervar=5300;turvar=0;th=118;turth=0
bps_webapi,sdg08_gdp_per_capita_growth,total,2026-09-08,2018,province,6100,Kalimantan Barat,percent,3.62,Badan Pusat Statistik,webapi-var-296-updated-2026-02-19,domain=0000;var=296;vervar=6100;turvar=0;th=118;turth=0
bps_webapi,sdg08_gdp_per_capita_growth,total,2026-09-08,2018,province,6200,Kalimantan Tengah,percent,3.43,Badan Pusat Statistik,webapi-var-296-updated-2026-02-19,domain=0000;var=296;vervar=6200;turvar=0;th=118;turth=0
bps_webapi,sdg08_gdp_per_capita_growth,total,2026-09-08,2018,province,6300,Kalimantan Selatan,percent,3.5,Badan Pusat Statistik,webapi-var-296-updated-2026-02-19,domain=0000;var=296;vervar=6300;turvar=0;th=118;turth=0
bps_webapi,sdg08_gdp_per_capita_growth,total,2026-09-08,2018,province,6400,Kalimantan Timur,percent,0.58,Badan Pusat Statistik,webapi-var-296-updated-2026-02-19,domain=0000;var=296;vervar=6400;turvar=0;th=118;turth=0
bps_webapi,sdg08_gdp_per_capita_growth,total,2026-09-08,2018,province,6500,Kalimantan Utara,percent,1.63,Badan Pusat Statistik,webapi-var-296-updated-2026-02-19,domain=0000;var=296;vervar=6500;turvar=0;th=118;turth=0
bps_webapi,sdg08_gdp_per_capita_growth,total,2026-09-08,2018,province,7100,Sulawesi Utara,percent,5,Badan Pusat Statistik,webapi-var-296-updated-2026-02-19,domain=0000;var=296;vervar=7100;turvar=0;th=118;turth=0
bps_webapi,sdg08_gdp_per_capita_growth,total,2026-09-08,2018,province,7200,Sulawesi Tengah,percent,18.83,Badan Pusat Statistik,webapi-var-296-updated-2026-02-19,domain=0000;var=296;vervar=7200;turvar=0;th=118;turth=0
bps_webapi,sdg08_gdp_per_capita_growth,total,2026-09-08,2018,province,7300,Sulawesi Selatan,percent,6.05,Badan Pusat Statistik,webapi-var-296-updated-2026-02-19,domain=0000;var=296;vervar=7300;turvar=0;th=118;turth=0
bps_webapi,sdg08_gdp_per_capita_growth,total,2026-09-08,2018,province,7400,Sulawesi Tenggara,percent,4.34,Badan Pusat Statistik,webapi-var-296-updated-2026-02-19,domain=0000;var=296;vervar=7400;turvar=0;th=118;turth=0
bps_webapi,sdg08_gdp_per_capita_growth,total,2026-09-08,2018,province,7500,Gorontalo,percent,4.94,Badan Pusat Statistik,webapi-var-296-updated-2026-02-19,domain=0000;var=296;vervar=7500;turvar=0;th=118;turth=0
bps_webapi,sdg08_gdp_per_capita_growth,total,2026-09-08,2018,province,7600,Sulawesi Barat,percent,4.33,Badan Pusat Statistik,webapi-var-296-updated-2026-02-19,domain=0000;var=296;vervar=7600;turvar=0;th=118;turth=0
bps_webapi,sdg08_gdp_per_capita_growth,total,2026-09-08,2018,province,8100,Maluku,percent,4.17,Badan Pusat Statistik,webapi-var-296-updated-2026-02-19,domain=0000;var=296;vervar=8100;turvar=0;th=118;turth=0
bps_webapi,sdg08_gdp_per_capita_growth,total,2026-09-08,2018,province,8200,Maluku Utara,percent,5.82,Badan Pusat Statistik,webapi-var-296-updated-2026-02-19,domain=0000;var=296;vervar=8200;turvar=0;th=118;turth=0
bps_webapi,sdg08_gdp_per_capita_growth,total,2026-09-08,2018,province,9100,Papua Barat,percent,3.75,Badan Pusat Statistik,webapi-var-296-updated-2026-02-19,domain=0000;var=296;vervar=9100;turvar=0;th=118;turth=0
bps_webapi,sdg08_gdp_per_capita_growth,total,2026-09-08,2018,province,9400,Papua,percent,5.47,Badan Pusat Statistik,webapi-var-296-updated-2026-02-19,domain=0000;var=296;vervar=9400;turvar=0;th=118;turth=0
bps_webapi,sdg08_gdp_per_capita_growth,total,2026-09-08,2019,national,9999,Indonesia,percent,4.27,Badan Pusat Statistik,webapi-var-296-updated-2026-02-19,domain=0000;var=296;vervar=9999;turvar=0;th=119;turth=0
bps_webapi,sdg08_gdp_per_capita_growth,total,2026-09-08,2019,province,1100,Aceh,percent,3.45,Badan Pusat Statistik,webapi-var-296-updated-2026-02-19,domain=0000;var=296;vervar=1100;turvar=0;th=119;turth=0
bps_webapi,sdg08_gdp_per_capita_growth,total,2026-09-08,2019,province,1200,Sumatera Utara,percent,3.61,Badan Pusat Statistik,webapi-var-296-updated-2026-02-19,domain=0000;var=296;vervar=1200;turvar=0;th=119;turth=0
bps_webapi,sdg08_gdp_per_capita_growth,total,2026-09-08,2019,province,1300,Sumatera Barat,percent,3.14,Badan Pusat Statistik,webapi-var-296-updated-2026-02-19,domain=0000;var=296;vervar=1300;turvar=0;th=119;turth=0
bps_webapi,sdg08_gdp_per_capita_growth,total,2026-09-08,2019,province,1400,Riau,percent,2.51,Badan Pusat Statistik,webapi-var-296-updated-2026-02-19,domain=0000;var=296;vervar=1400;turvar=0;th=119;turth=0
bps_webapi,sdg08_gdp_per_capita_growth,total,2026-09-08,2019,province,1500,Jambi,percent,4.46,Badan Pusat Statistik,webapi-var-296-updated-2026-02-19,domain=0000;var=296;vervar=1500;turvar=0;th=119;turth=0
bps_webapi,sdg08_gdp_per_capita_growth,total,2026-09-08,2019,province,1600,Sumatera Selatan,percent,4.11,Badan Pusat Statistik,webapi-var-296-updated-2026-02-19,domain=0000;var=296;vervar=1600;turvar=0;th=119;turth=0
bps_webapi,sdg08_gdp_per_capita_growth,total,2026-09-08,2019,province,1700,Bengkulu,percent,4.49,Badan Pusat Statistik,webapi-var-296-updated-2026-02-19,domain=0000;var=296;vervar=1700;turvar=0;th=119;turth=0
bps_webapi,sdg08_gdp_per_capita_growth,total,2026-09-08,2019,province,1800,Lampung,percent,4.18,Badan Pusat Statistik,webapi-var-296-updated-2026-02-19,domain=0000;var=296;vervar=1800;turvar=0;th=119;turth=0
bps_webapi,sdg08_gdp_per_capita_growth,total,2026-09-08,2019,province,1900,Kep. Bangka Belitung,percent,3.95,Badan Pusat Statistik,webapi-var-296-updated-2026-02-19,domain=0000;var=296;vervar=1900;turvar=0;th=119;turth=0
bps_webapi,sdg08_gdp_per_capita_growth,total,2026-09-08,2019,province,2100,Kep. Riau,percent,-0.08,Badan Pusat Statistik,webapi-var-296-updated-2026-02-19,domain=0000;var=296;vervar=2100;turvar=0;th=119;turth=0
bps_webapi,sdg08_gdp_per_capita_growth,total,2026-09-08,2019,province,3100,Dki Jakarta,percent,5.46,Badan Pusat Statistik,webapi-var-296-updated-2026-02-19,domain=0000;var=296;vervar=3100;turvar=0;th=119;turth=0
bps_webapi,sdg08_gdp_per_capita_growth,total,2026-09-08,2019,province,3200,Jawa Barat,percent,4.3,Badan Pusat Statistik,webapi-var-296-updated-2026-02-19,domain=0000;var=296;vervar=3200;turvar=0;th=119;turth=0
bps_webapi,sdg08_gdp_per_capita_growth,total,2026-09-08,2019,province,3300,Jawa Tengah,percent,5.17,Badan Pusat Statistik,webapi-var-296-updated-2026-02-19,domain=0000;var=296;vervar=3300;turvar=0;th=119;turth=0
bps_webapi,sdg08_gdp_per_capita_growth,total,2026-09-08,2019,province,3400,Di Yogyakarta,percent,4.78,Badan Pusat Statistik,webapi-var-296-updated-2026-02-19,domain=0000;var=296;vervar=3400;turvar=0;th=119;turth=0
bps_webapi,sdg08_gdp_per_capita_growth,total,2026-09-08,2019,province,3500,Jawa Timur,percent,4.88,Badan Pusat Statistik,webapi-var-296-updated-2026-02-19,domain=0000;var=296;vervar=3500;turvar=0;th=119;turth=0
bps_webapi,sdg08_gdp_per_capita_growth,total,2026-09-08,2019,province,3600,Banten,percent,5.06,Badan Pusat Statistik,webapi-var-296-updated-2026-02-19,domain=0000;var=296;vervar=3600;turvar=0;th=119;turth=0
bps_webapi,sdg08_gdp_per_capita_growth,total,2026-09-08,2019,province,5100,Bali,percent,3.9,Badan Pusat Statistik,webapi-var-296-updated-2026-02-19,domain=0000;var=296;vervar=5100;turvar=0;th=119;turth=0
bps_webapi,sdg08_gdp_per_capita_growth,total,2026-09-08,2019,province,5200,Nusa Tenggara Barat,percent,1.1,Badan Pusat Statistik,webapi-var-296-updated-2026-02-19,domain=0000;var=296;vervar=5200;turvar=0;th=119;turth=0
bps_webapi,sdg08_gdp_per_capita_growth,total,2026-09-08,2019,province,5300,Nusa Tenggara Timur,percent,3.98,Badan Pusat Statistik,webapi-var-296-updated-2026-02-19,domain=0000;var=296;vervar=5300;turvar=0;th=119;turth=0
bps_webapi,sdg08_gdp_per_capita_growth,total,2026-09-08,2019,province,6100,Kalimantan Barat,percent,4.17,Badan Pusat Statistik,webapi-var-296-updated-2026-02-19,domain=0000;var=296;vervar=6100;turvar=0;th=119;turth=0
bps_webapi,sdg08_gdp_per_capita_growth,total,2026-09-08,2019,province,6200,Kalimantan Tengah,percent,6.53,Badan Pusat Statistik,webapi-var-296-updated-2026-02-19,domain=0000;var=296;vervar=6200;turvar=0;th=119;turth=0
bps_webapi,sdg08_gdp_per_capita_growth,total,2026-09-08,2019,province,6300,Kalimantan Selatan,percent,3.26,Badan Pusat Statistik,webapi-var-296-updated-2026-02-19,domain=0000;var=296;vervar=6300;turvar=0;th=119;turth=0
bps_webapi,sdg08_gdp_per_capita_growth,total,2026-09-08,2019,province,6400,Kalimantan Timur,percent,5.54,Badan Pusat Statistik,webapi-var-296-updated-2026-02-19,domain=0000;var=296;vervar=6400;turvar=0;th=119;turth=0
bps_webapi,sdg08_gdp_per_capita_growth,total,2026-09-08,2019,province,6500,Kalimantan Utara,percent,10.09,Badan Pusat Statistik,webapi-var-296-updated-2026-02-19,domain=0000;var=296;vervar=6500;turvar=0;th=119;turth=0
bps_webapi,sdg08_gdp_per_capita_growth,total,2026-09-08,2019,province,7100,Sulawesi Utara,percent,5.24,Badan Pusat Statistik,webapi-var-296-updated-2026-02-19,domain=0000;var=296;vervar=7100;turvar=0;th=119;turth=0
bps_webapi,sdg08_gdp_per_capita_growth,total,2026-09-08,2019,province,7200,Sulawesi Tengah,percent,7.7,Badan Pusat Statistik,webapi-var-296-updated-2026-02-19,domain=0000;var=296;vervar=7200;turvar=0;th=119;turth=0
bps_webapi,sdg08_gdp_per_capita_growth,total,2026-09-08,2019,province,7300,Sulawesi Selatan,percent,6.33,Badan Pusat Statistik,webapi-var-296-updated-2026-02-19,domain=0000;var=296;vervar=7300;turvar=0;th=119;turth=0
bps_webapi,sdg08_gdp_per_capita_growth,total,2026-09-08,2019,province,7400,Sulawesi Tenggara,percent,6.1,Badan Pusat Statistik,webapi-var-296-updated-2026-02-19,domain=0000;var=296;vervar=7400;turvar=0;th=119;turth=0
bps_webapi,sdg08_gdp_per_capita_growth,total,2026-09-08,2019,province,7500,Gorontalo,percent,7.23,Badan Pusat Statistik,webapi-var-296-updated-2026-02-19,domain=0000;var=296;vervar=7500;turvar=0;th=119;turth=0
bps_webapi,sdg08_gdp_per_capita_growth,total,2026-09-08,2019,province,7600,Sulawesi Barat,percent,5.27,Badan Pusat Statistik,webapi-var-296-updated-2026-02-19,domain=0000;var=296;vervar=7600;turvar=0;th=119;turth=0
bps_webapi,sdg08_gdp_per_capita_growth,total,2026-09-08,2019,province,8100,Maluku,percent,5.72,Badan Pusat Statistik,webapi-var-296-updated-2026-02-19,domain=0000;var=296;vervar=8100;turvar=0;th=119;turth=0
bps_webapi,sdg08_gdp_per_capita_growth,total,2026-09-08,2019,province,8200,Maluku Utara,percent,5.99,Badan Pusat Statistik,webapi-var-296-updated-2026-02-19,domain=0000;var=296;vervar=8200;turvar=0;th=119;turth=0
bps_webapi,sdg08_gdp_per_capita_growth,total,2026-09-08,2019,province,9100,Papua Barat,percent,-0.13,Badan Pusat Statistik,webapi-var-296-updated-2026-02-19,domain=0000;var=296;vervar=9100;turvar=0;th=119;turth=0
bps_webapi,sdg08_gdp_per_capita_growth,total,2026-09-08,2019,province,9400,Papua,percent,-16.36,Badan Pusat Statistik,webapi-var-296-updated-2026-02-19,domain=0000;var=296;vervar=9400;turvar=0;th=119;turth=0
bps_webapi,sdg08_gdp_per_capita_growth,total,2026-09-08,2020,national,9999,Indonesia,percent,-3.03,Badan Pusat Statistik,webapi-var-296-updated-2026-02-19,domain=0000;var=296;vervar=9999;turvar=0;th=120;turth=0
bps_webapi,sdg08_gdp_per_capita_growth,total,2026-09-08,2020,province,1100,Aceh,percent,0.71,Badan Pusat Statistik,webapi-var-296-updated-2026-02-19,domain=0000;var=296;vervar=1100;turvar=0;th=120;turth=0
bps_webapi,sdg08_gdp_per_capita_growth,total,2026-09-08,2020,province,1200,Sumatera Utara,percent,-1.84,Badan Pusat Statistik,webapi-var-296-updated-2026-02-19,domain=0000;var=296;vervar=1200;turvar=0;th=120;turth=0
bps_webapi,sdg08_gdp_per_capita_growth,total,2026-09-08,2020,province,1300,Sumatera Barat,percent,-2.33,Badan Pusat Statistik,webapi-var-296-updated-2026-02-19,domain=0000;var=296;vervar=1300;turvar=0;th=120;turth=0
bps_webapi,sdg08_gdp_per_capita_growth,total,2026-09-08,2020,province,1400,Riau,percent,6.03,Badan Pusat Statistik,webapi-var-296-updated-2026-02-19,domain=0000;var=296;vervar=1400;turvar=0;th=120;turth=0
bps_webapi,sdg08_gdp_per_capita_growth,total,2026-09-08,2020,province,1500,Jambi,percent,0.27,Badan Pusat Statistik,webapi-var-296-updated-2026-02-19,domain=0000;var=296;vervar=1500;turvar=0;th=120;turth=0
bps_webapi,sdg08_gdp_per_capita_growth,total,2026-09-08,2020,province,1600,Sumatera Selatan,percent,0.53,Badan Pusat Statistik,webapi-var-296-updated-2026-02-19,domain=0000;var=296;vervar=1600;turvar=0;th=120;turth=0
bps_webapi,sdg08_gdp_per_capita_growth,total,2026-09-08,2020,province,1700,Bengkulu,percent,-1.7,Badan Pusat Statistik,webapi-var-296-updated-2026-02-19,domain=0000;var=296;vervar=1700;turvar=0;th=120;turth=0
bps_webapi,sdg08_gdp_per_capita_growth,total,2026-09-08,2020,province,1800,Lampung,percent,-7.43,Badan Pusat Statistik,webapi-var-296-updated-2026-02-19,domain=0000;var=296;vervar=1800;turvar=0;th=120;turth=0
bps_webapi,sdg08_gdp_per_capita_growth,total,2026-09-08,2020,province,1900,Kep. Bangka Belitung,percent,-2.33,Badan Pusat Statistik,webapi-var-296-updated-2026-02-19,domain=0000;var=296;vervar=1900;turvar=0;th=120;turth=0
bps_webapi,sdg08_gdp_per_capita_growth,total,2026-09-08,2020,province,2100,Kep. Riau,percent,4.77,Badan Pusat Statistik,webapi-var-296-updated-2026-02-19,domain=0000;var=296;vervar=2100;turvar=0;th=120;turth=0
bps_webapi,sdg08_gdp_per_capita_growth,total,2026-09-08,2020,province,3100,Dki Jakarta,percent,-2.7,Badan Pusat Statistik,webapi-var-296-updated-2026-02-19,domain=0000;var=296;vervar=3100;turvar=0;th=120;turth=0
bps_webapi,sdg08_gdp_per_capita_growth,total,2026-09-08,2020,province,3200,Jawa Barat,percent,-0.77,Badan Pusat Statistik,webapi-var-296-updated-2026-02-19,domain=0000;var=296;vervar=3200;turvar=0;th=120;turth=0
bps_webapi,sdg08_gdp_per_capita_growth,total,2026-09-08,2020,province,3300,Jawa Tengah,percent,-7.71,Badan Pusat Statistik,webapi-var-296-updated-2026-02-19,domain=0000;var=296;vervar=3300;turvar=0;th=120;turth=0
bps_webapi,sdg08_gdp_per_capita_growth,total,2026-09-08,2020,province,3400,Di Yogyakarta,percent,2.76,Badan Pusat Statistik,webapi-var-296-updated-2026-02-19,domain=0000;var=296;vervar=3400;turvar=0;th=120;turth=0
bps_webapi,sdg08_gdp_per_capita_growth,total,2026-09-08,2020,province,3500,Jawa Timur,percent,-4.4,Badan Pusat Statistik,webapi-var-296-updated-2026-02-19,domain=0000;var=296;vervar=3500;turvar=0;th=120;turth=0
bps_webapi,sdg08_gdp_per_capita_growth,total,2026-09-08,2020,province,3600,Banten,percent,3.48,Badan Pusat Statistik,webapi-var-296-updated-2026-02-19,domain=0000;var=296;vervar=3600;turvar=0;th=120;turth=0
bps_webapi,sdg08_gdp_per_capita_growth,total,2026-09-08,2020,province,5100,Bali,percent,-8.26,Badan Pusat Statistik,webapi-var-296-updated-2026-02-19,domain=0000;var=296;vervar=5100;turvar=0;th=120;turth=0
bps_webapi,sdg08_gdp_per_capita_growth,total,2026-09-08,2020,province,5200,Nusa Tenggara Barat,percent,-3.49,Badan Pusat Statistik,webapi-var-296-updated-2026-02-19,domain=0000;var=296;vervar=5200;turvar=0;th=120;turth=0
bps_webapi,sdg08_gdp_per_capita_growth,total,2026-09-08,2020,province,5300,Nusa Tenggara Timur,percent,1.56,Badan Pusat Statistik,webapi-var-296-updated-2026-02-19,domain=0000;var=296;vervar=5300;turvar=0;th=120;turth=0
bps_webapi,sdg08_gdp_per_capita_growth,total,2026-09-08,2020,province,6100,Kalimantan Barat,percent,-8.26,Badan Pusat Statistik,webapi-var-296-updated-2026-02-19,domain=0000;var=296;vervar=6100;turvar=0;th=120;turth=0
bps_webapi,sdg08_gdp_per_capita_growth,total,2026-09-08,2020,province,6200,Kalimantan Tengah,percent,-1.91,Badan Pusat Statistik,webapi-var-296-updated-2026-02-19,domain=0000;var=296;vervar=6200;turvar=0;th=120;turth=0
bps_webapi,sdg08_gdp_per_capita_growth,total,2026-09-08,2020,province,6300,Kalimantan Selatan,percent,1.9,Badan Pusat Statistik,webapi-var-296-updated-2026-02-19,domain=0000;var=296;vervar=6300;turvar=0;th=120;turth=0
bps_webapi,sdg08_gdp_per_capita_growth,total,2026-09-08,2020,province,6400,Kalimantan Timur,percent,-6.43,Badan Pusat Statistik,webapi-var-296-updated-2026-02-19,domain=0000;var=296;vervar=6400;turvar=0;th=120;turth=0
bps_webapi,sdg08_gdp_per_capita_growth,total,2026-09-08,2020,province,6500,Kalimantan Utara,percent,-1.67,Badan Pusat Statistik,webapi-var-296-updated-2026-02-19,domain=0000;var=296;vervar=6500;turvar=0;th=120;turth=0
bps_webapi,sdg08_gdp_per_capita_growth,total,2026-09-08,2020,province,7100,Sulawesi Utara,percent,-5.65,Badan Pusat Statistik,webapi-var-296-updated-2026-02-19,domain=0000;var=296;vervar=7100;turvar=0;th=120;turth=0
bps_webapi,sdg08_gdp_per_capita_growth,total,2026-09-08,2020,province,7200,Sulawesi Tengah,percent,7.13,Badan Pusat Statistik,webapi-var-296-updated-2026-02-19,domain=0000;var=296;vervar=7200;turvar=0;th=120;turth=0
bps_webapi,sdg08_gdp_per_capita_growth,total,2026-09-08,2020,province,7300,Sulawesi Selatan,percent,-3.28,Badan Pusat Statistik,webapi-var-296-updated-2026-02-19,domain=0000;var=296;vervar=7300;turvar=0;th=120;turth=0
bps_webapi,sdg08_gdp_per_capita_growth,total,2026-09-08,2020,province,7400,Sulawesi Tenggara,percent,1.13,Badan Pusat Statistik,webapi-var-296-updated-2026-02-19,domain=0000;var=296;vervar=7400;turvar=0;th=120;turth=0
bps_webapi,sdg08_gdp_per_capita_growth,total,2026-09-08,2020,province,7500,Gorontalo,percent,0.6,Badan Pusat Statistik,webapi-var-296-updated-2026-02-19,domain=0000;var=296;vervar=7500;turvar=0;th=120;turth=0
bps_webapi,sdg08_gdp_per_capita_growth,total,2026-09-08,2020,province,7600,Sulawesi Barat,percent,-6.2,Badan Pusat Statistik,webapi-var-296-updated-2026-02-19,domain=0000;var=296;vervar=7600;turvar=0;th=120;turth=0
bps_webapi,sdg08_gdp_per_capita_growth,total,2026-09-08,2020,province,8100,Maluku,percent,-4.95,Badan Pusat Statistik,webapi-var-296-updated-2026-02-19,domain=0000;var=296;vervar=8100;turvar=0;th=120;turth=0
bps_webapi,sdg08_gdp_per_capita_growth,total,2026-09-08,2020,province,8200,Maluku Utara,percent,1.81,Badan Pusat Statistik,webapi-var-296-updated-2026-02-19,domain=0000;var=296;vervar=8200;turvar=0;th=120;turth=0
bps_webapi,sdg08_gdp_per_capita_growth,total,2026-09-08,2020,province,9100,Papua Barat,percent,-15.42,Badan Pusat Statistik,webapi-var-296-updated-2026-02-19,domain=0000;var=296;vervar=9100;turvar=0;th=120;turth=0
bps_webapi,sdg08_gdp_per_capita_growth,total,2026-09-08,2020,province,9400,Papua,percent,-20.13,Badan Pusat Statistik,webapi-var-296-updated-2026-02-19,domain=0000;var=296;vervar=9400;turvar=0;th=120;turth=0
bps_webapi,sdg08_gdp_per_capita_growth,total,2026-09-08,2021,national,9999,Indonesia,percent,2.52,Badan Pusat Statistik,webapi-var-296-updated-2026-02-19,domain=0000;var=296;vervar=9999;turvar=0;th=121;turth=0
bps_webapi,sdg08_gdp_per_capita_growth,total,2026-09-08,2021,province,1100,Aceh,percent,1.35,Badan Pusat Statistik,webapi-var-296-updated-2026-02-19,domain=0000;var=296;vervar=1100;turvar=0;th=121;turth=0
bps_webapi,sdg08_gdp_per_capita_growth,total,2026-09-08,2021,province,1200,Sumatera Utara,percent,1.12,Badan Pusat Statistik,webapi-var-296-updated-2026-02-19,domain=0000;var=296;vervar=1200;turvar=0;th=121;turth=0
bps_webapi,sdg08_gdp_per_capita_growth,total,2026-09-08,2021,province,1300,Sumatera Barat,percent,1.85,Badan Pusat Statistik,webapi-var-296-updated-2026-02-19,domain=0000;var=296;vervar=1300;turvar=0;th=121;turth=0
bps_webapi,sdg08_gdp_per_capita_growth,total,2026-09-08,2021,province,1400,Riau,percent,1.87,Badan Pusat Statistik,webapi-var-296-updated-2026-02-19,domain=0000;var=296;vervar=1400;turvar=0;th=121;turth=0
bps_webapi,sdg08_gdp_per_capita_growth,total,2026-09-08,2021,province,1500,Jambi,percent,2.32,Badan Pusat Statistik,webapi-var-296-updated-2026-02-19,domain=0000;var=296;vervar=1500;turvar=0;th=121;turth=0
bps_webapi,sdg08_gdp_per_capita_growth,total,2026-09-08,2021,province,1600,Sumatera Selatan,percent,2.3,Badan Pusat Statistik,webapi-var-296-updated-2026-02-19,domain=0000;var=296;vervar=1600;turvar=0;th=121;turth=0
bps_webapi,sdg08_gdp_per_capita_growth,total,2026-09-08,2021,province,1700,Bengkulu,percent,1.9,Badan Pusat Statistik,webapi-var-296-updated-2026-02-19,domain=0000;var=296;vervar=1700;turvar=0;th=121;turth=0
bps_webapi,sdg08_gdp_per_capita_growth,total,2026-09-08,2021,province,1800,Lampung,percent,1.51,Badan Pusat Statistik,webapi-var-296-updated-2026-02-19,domain=0000;var=296;vervar=1800;turvar=0;th=121;turth=0
bps_webapi,sdg08_gdp_per_capita_growth,total,2026-09-08,2021,province,1900,Kep. Bangka Belitung,percent,3.62,Badan Pusat Statistik,webapi-var-296-updated-2026-02-19,domain=0000;var=296;vervar=1900;turvar=0;th=121;turth=0
bps_webapi,sdg08_gdp_per_capita_growth,total,2026-09-08,2021,province,2100,Kep. Riau,percent,1.85,Badan Pusat Statistik,webapi-var-296-updated-2026-02-19,domain=0000;var=296;vervar=2100;turvar=0;th=121;turth=0
bps_webapi,sdg08_gdp_per_capita_growth,total,2026-09-08,2021,province,3100,Dki Jakarta,percent,2.89,Badan Pusat Statistik,webapi-var-296-updated-2026-02-19,domain=0000;var=296;vervar=3100;turvar=0;th=121;turth=0
bps_webapi,sdg08_gdp_per_capita_growth,total,2026-09-08,2021,province,3200,Jawa Barat,percent,2.5,Badan Pusat Statistik,webapi-var-296-updated-2026-02-19,domain=0000;var=296;vervar=3200;turvar=0;th=121;turth=0
bps_webapi,sdg08_gdp_per_capita_growth,total,2026-09-08,2021,province,3300,Jawa Tengah,percent,2.3,Badan Pusat Statistik,webapi-var-296-updated-2026-02-19,domain=0000;var=296;vervar=3300;turvar=0;th=121;turth=0
bps_webapi,sdg08_gdp_per_capita_growth,total,2026-09-08,2021,province,3400,Di Yogyakarta,percent,4.91,Badan Pusat Statistik,webapi-var-296-updated-2026-02-19,domain=0000;var=296;vervar=3400;turvar=0;th=121;turth=0
bps_webapi,sdg08_gdp_per_capita_growth,total,2026-09-08,2021,province,3500,Jawa Timur,percent,2.76,Badan Pusat Statistik,webapi-var-296-updated-2026-02-19,domain=0000;var=296;vervar=3500;turvar=0;th=121;turth=0
bps_webapi,sdg08_gdp_per_capita_growth,total,2026-09-08,2021,province,3600,Banten,percent,3.16,Badan Pusat Statistik,webapi-var-296-updated-2026-02-19,domain=0000;var=296;vervar=3600;turvar=0;th=121;turth=0
bps_webapi,sdg08_gdp_per_capita_growth,total,2026-09-08,2021,province,5100,Bali,percent,-3.19,Badan Pusat Statistik,webapi-var-296-updated-2026-02-19,domain=0000;var=296;vervar=5100;turvar=0;th=121;turth=0
bps_webapi,sdg08_gdp_per_capita_growth,total,2026-09-08,2021,province,5200,Nusa Tenggara Barat,percent,0.75,Badan Pusat Statistik,webapi-var-296-updated-2026-02-19,domain=0000;var=296;vervar=5200;turvar=0;th=121;turth=0
bps_webapi,sdg08_gdp_per_capita_growth,total,2026-09-08,2021,province,5300,Nusa Tenggara Timur,percent,0.89,Badan Pusat Statistik,webapi-var-296-updated-2026-02-19,domain=0000;var=296;vervar=5300;turvar=0;th=121;turth=0
bps_webapi,sdg08_gdp_per_capita_growth,total,2026-09-08,2021,province,6100,Kalimantan Barat,percent,3.37,Badan Pusat Statistik,webapi-var-296-updated-2026-02-19,domain=0000;var=296;vervar=6100;turvar=0;th=121;turth=0
bps_webapi,sdg08_gdp_per_capita_growth,total,2026-09-08,2021,province,6200,Kalimantan Tengah,percent,2.17,Badan Pusat Statistik,webapi-var-296-updated-2026-02-19,domain=0000;var=296;vervar=6200;turvar=0;th=121;turth=0
bps_webapi,sdg08_gdp_per_capita_growth,total,2026-09-08,2021,province,6300,Kalimantan Selatan,percent,2.12,Badan Pusat Statistik,webapi-var-296-updated-2026-02-19,domain=0000;var=296;vervar=6300;turvar=0;th=121;turth=0
bps_webapi,sdg08_gdp_per_capita_growth,total,2026-09-08,2021,province,6400,Kalimantan Timur,percent,1.28,Badan Pusat Statistik,webapi-var-296-updated-2026-02-19,domain=0000;var=296;vervar=6400;turvar=0;th=121;turth=0
bps_webapi,sdg08_gdp_per_capita_growth,total,2026-09-08,2021,province,6500,Kalimantan Utara,percent,2.48,Badan Pusat Statistik,webapi-var-296-updated-2026-02-19,domain=0000;var=296;vervar=6500;turvar=0;th=121;turth=0
bps_webapi,sdg08_gdp_per_capita_growth,total,2026-09-08,2021,province,7100,Sulawesi Utara,percent,3.28,Badan Pusat Statistik,webapi-var-296-updated-2026-02-19,domain=0000;var=296;vervar=7100;turvar=0;th=121;turth=0
bps_webapi,sdg08_gdp_per_capita_growth,total,2026-09-08,2021,province,7200,Sulawesi Tengah,percent,10.29,Badan Pusat Statistik,webapi-var-296-updated-2026-02-19,domain=0000;var=296;vervar=7200;turvar=0;th=121;turth=0
bps_webapi,sdg08_gdp_per_capita_growth,total,2026-09-08,2021,province,7300,Sulawesi Selatan,percent,3.46,Badan Pusat Statistik,webapi-var-296-updated-2026-02-19,domain=0000;var=296;vervar=7300;turvar=0;th=121;turth=0
bps_webapi,sdg08_gdp_per_capita_growth,total,2026-09-08,2021,province,7400,Sulawesi Tenggara,percent,2.41,Badan Pusat Statistik,webapi-var-296-updated-2026-02-19,domain=0000;var=296;vervar=7400;turvar=0;th=121;turth=0
bps_webapi,sdg08_gdp_per_capita_growth,total,2026-09-08,2021,province,7500,Gorontalo,percent,1.15,Badan Pusat Statistik,webapi-var-296-updated-2026-02-19,domain=0000;var=296;vervar=7500;turvar=0;th=121;turth=0
bps_webapi,sdg08_gdp_per_capita_growth,total,2026-09-08,2021,province,7600,Sulawesi Barat,percent,1.02,Badan Pusat Statistik,webapi-var-296-updated-2026-02-19,domain=0000;var=296;vervar=7600;turvar=0;th=121;turth=0
bps_webapi,sdg08_gdp_per_capita_growth,total,2026-09-08,2021,province,8100,Maluku,percent,2.19,Badan Pusat Statistik,webapi-var-296-updated-2026-02-19,domain=0000;var=296;vervar=8100;turvar=0;th=121;turth=0
bps_webapi,sdg08_gdp_per_capita_growth,total,2026-09-08,2021,province,8200,Maluku Utara,percent,14.95,Badan Pusat Statistik,webapi-var-296-updated-2026-02-19,domain=0000;var=296;vervar=8200;turvar=0;th=121;turth=0
bps_webapi,sdg08_gdp_per_capita_growth,total,2026-09-08,2021,province,9100,Papua Barat,percent,-2.14,Badan Pusat Statistik,webapi-var-296-updated-2026-02-19,domain=0000;var=296;vervar=9100;turvar=0;th=121;turth=0
bps_webapi,sdg08_gdp_per_capita_growth,total,2026-09-08,2021,province,9400,Papua,percent,13.43,Badan Pusat Statistik,webapi-var-296-updated-2026-02-19,domain=0000;var=296;vervar=9400;turvar=0;th=121;turth=0
bps_webapi,sdg08_gdp_per_capita_growth,total,2026-09-08,2022,national,9999,Indonesia,percent,4.15,Badan Pusat Statistik,webapi-var-296-updated-2026-02-19,domain=0000;var=296;vervar=9999;turvar=0;th=122;turth=0
bps_webapi,sdg08_gdp_per_capita_growth,total,2026-09-08,2022,province,1100,Aceh,percent,2.78,Badan Pusat Statistik,webapi-var-296-updated-2026-02-19,domain=0000;var=296;vervar=1100;turvar=0;th=122;turth=0
bps_webapi,sdg08_gdp_per_capita_growth,total,2026-09-08,2022,province,1200,Sumatera Utara,percent,3.28,Badan Pusat Statistik,webapi-var-296-updated-2026-02-19,domain=0000;var=296;vervar=1200;turvar=0;th=122;turth=0
bps_webapi,sdg08_gdp_per_capita_growth,total,2026-09-08,2022,province,1300,Sumatera Barat,percent,2.88,Badan Pusat Statistik,webapi-var-296-updated-2026-02-19,domain=0000;var=296;vervar=1300;turvar=0;th=122;turth=0
bps_webapi,sdg08_gdp_per_capita_growth,total,2026-09-08,2022,province,1400,Riau,percent,3.13,Badan Pusat Statistik,webapi-var-296-updated-2026-02-19,domain=0000;var=296;vervar=1400;turvar=0;th=122;turth=0
bps_webapi,sdg08_gdp_per_capita_growth,total,2026-09-08,2022,province,1500,Jambi,percent,3.77,Badan Pusat Statistik,webapi-var-296-updated-2026-02-19,domain=0000;var=296;vervar=1500;turvar=0;th=122;turth=0
bps_webapi,sdg08_gdp_per_capita_growth,total,2026-09-08,2022,province,1600,Sumatera Selatan,percent,4.04,Badan Pusat Statistik,webapi-var-296-updated-2026-02-19,domain=0000;var=296;vervar=1600;turvar=0;th=122;turth=0
bps_webapi,sdg08_gdp_per_capita_growth,total,2026-09-08,2022,province,1700,Bengkulu,percent,2.94,Badan Pusat Statistik,webapi-var-296-updated-2026-02-19,domain=0000;var=296;vervar=1700;turvar=0;th=122;turth=0
bps_webapi,sdg08_gdp_per_capita_growth,total,2026-09-08,2022,province,1800,Lampung,percent,3.04,Badan Pusat Statistik,webapi-var-296-updated-2026-02-19,domain=0000;var=296;vervar=1800;turvar=0;th=122;turth=0
bps_webapi,sdg08_gdp_per_capita_growth,total,2026-09-08,2022,province,1900,Kep. Bangka Belitung,percent,2.98,Badan Pusat Statistik,webapi-var-296-updated-2026-02-19,domain=0000;var=296;vervar=1900;turvar=0;th=122;turth=0
bps_webapi,sdg08_gdp_per_capita_growth,total,2026-09-08,2022,province,2100,Kep. Riau,percent,3.5,Badan Pusat Statistik,webapi-var-296-updated-2026-02-19,domain=0000;var=296;vervar=2100;turvar=0;th=122;turth=0
bps_webapi,sdg08_gdp_per_capita_growth,total,2026-09-08,2022,province,3100,Dki Jakarta,percent,4.91,Badan Pusat Statistik,webapi-var-296-updated-2026-02-19,domain=0000;var=296;vervar=3100;turvar=0;th=122;turth=0
bps_webapi,sdg08_gdp_per_capita_growth,total,2026-09-08,2022,province,3200,Jawa Barat,percent,4.24,Badan Pusat Statistik,webapi-var-296-updated-2026-02-19,domain=0000;var=296;vervar=3200;turvar=0;th=122;turth=0
bps_webapi,sdg08_gdp_per_capita_growth,total,2026-09-08,2022,province,3300,Jawa Tengah,percent,4.26,Badan Pusat Statistik,webapi-var-296-updated-2026-02-19,domain=0000;var=296;vervar=3300;turvar=0;th=122;turth=0
bps_webapi,sdg08_gdp_per_capita_growth,total,2026-09-08,2022,province,3400,Di Yogyakarta,percent,4.45,Badan Pusat Statistik,webapi-var-296-updated-2026-02-19,domain=0000;var=296;vervar=3400;turvar=0;th=122;turth=0
bps_webapi,sdg08_gdp_per_capita_growth,total,2026-09-08,2022,province,3500,Jawa Timur,percent,4.55,Badan Pusat Statistik,webapi-var-296-updated-2026-02-19,domain=0000;var=296;vervar=3500;turvar=0;th=122;turth=0
bps_webapi,sdg08_gdp_per_capita_growth,total,2026-09-08,2022,province,3600,Banten,percent,3.78,Badan Pusat Statistik,webapi-var-296-updated-2026-02-19,domain=0000;var=296;vervar=3600;turvar=0;th=122;turth=0
bps_webapi,sdg08_gdp_per_capita_growth,total,2026-09-08,2022,province,5100,Bali,percent,4.1,Badan Pusat Statistik,webapi-var-296-updated-2026-02-19,domain=0000;var=296;vervar=5100;turvar=0;th=122;turth=0
bps_webapi,sdg08_gdp_per_capita_growth,total,2026-09-08,2022,province,5200,Nusa Tenggara Barat,percent,5.26,Badan Pusat Statistik,webapi-var-296-updated-2026-02-19,domain=0000;var=296;vervar=5200;turvar=0;th=122;turth=0
bps_webapi,sdg08_gdp_per_capita_growth,total,2026-09-08,2022,province,5300,Nusa Tenggara Timur,percent,1.43,Badan Pusat Statistik,webapi-var-296-updated-2026-02-19,domain=0000;var=296;vervar=5300;turvar=0;th=122;turth=0
bps_webapi,sdg08_gdp_per_capita_growth,total,2026-09-08,2022,province,6100,Kalimantan Barat,percent,3.65,Badan Pusat Statistik,webapi-var-296-updated-2026-02-19,domain=0000;var=296;vervar=6100;turvar=0;th=122;turth=0
bps_webapi,sdg08_gdp_per_capita_growth,total,2026-09-08,2022,province,6200,Kalimantan Tengah,percent,5.01,Badan Pusat Statistik,webapi-var-296-updated-2026-02-19,domain=0000;var=296;vervar=6200;turvar=0;th=122;turth=0
bps_webapi,sdg08_gdp_per_capita_growth,total,2026-09-08,2022,province,6300,Kalimantan Selatan,percent,3.76,Badan Pusat Statistik,webapi-var-296-updated-2026-02-19,domain=0000;var=296;vervar=6300;turvar=0;th=122;turth=0
bps_webapi,sdg08_gdp_per_capita_growth,total,2026-09-08,2022,province,6400,Kalimantan Timur,percent,3.04,Badan Pusat Statistik,webapi-var-296-updated-2026-02-19,domain=0000;var=296;vervar=6400;turvar=0;th=122;turth=0
bps_webapi,sdg08_gdp_per_capita_growth,total,2026-09-08,2022,province,6500,Kalimantan Utara,percent,3.84,Badan Pusat Statistik,webapi-var-296-updated-2026-02-19,domain=0000;var=296;vervar=6500;turvar=0;th=122;turth=0
bps_webapi,sdg08_gdp_per_capita_growth,total,2026-09-08,2022,province,7100,Sulawesi Utara,percent,4.58,Badan Pusat Statistik,webapi-var-296-updated-2026-02-19,domain=0000;var=296;vervar=7100;turvar=0;th=122;turth=0
bps_webapi,sdg08_gdp_per_capita_growth,total,2026-09-08,2022,province,7200,Sulawesi Tengah,percent,13.86,Badan Pusat Statistik,webapi-var-296-updated-2026-02-19,domain=0000;var=296;vervar=7200;turvar=0;th=122;turth=0
bps_webapi,sdg08_gdp_per_capita_growth,total,2026-09-08,2022,province,7300,Sulawesi Selatan,percent,3.93,Badan Pusat Statistik,webapi-var-296-updated-2026-02-19,domain=0000;var=296;vervar=7300;turvar=0;th=122;turth=0
bps_webapi,sdg08_gdp_per_capita_growth,total,2026-09-08,2022,province,7400,Sulawesi Tenggara,percent,3.79,Badan Pusat Statistik,webapi-var-296-updated-2026-02-19,domain=0000;var=296;vervar=7400;turvar=0;th=122;turth=0
bps_webapi,sdg08_gdp_per_capita_growth,total,2026-09-08,2022,province,7500,Gorontalo,percent,2.74,Badan Pusat Statistik,webapi-var-296-updated-2026-02-19,domain=0000;var=296;vervar=7500;turvar=0;th=122;turth=0
bps_webapi,sdg08_gdp_per_capita_growth,total,2026-09-08,2022,province,7600,Sulawesi Barat,percent,0.71,Badan Pusat Statistik,webapi-var-296-updated-2026-02-19,domain=0000;var=296;vervar=7600;turvar=0;th=122;turth=0
bps_webapi,sdg08_gdp_per_capita_growth,total,2026-09-08,2022,province,8100,Maluku,percent,3.89,Badan Pusat Statistik,webapi-var-296-updated-2026-02-19,domain=0000;var=296;vervar=8100;turvar=0;th=122;turth=0
bps_webapi,sdg08_gdp_per_capita_growth,total,2026-09-08,2022,province,8200,Maluku Utara,percent,21.18,Badan Pusat Statistik,webapi-var-296-updated-2026-02-19,domain=0000;var=296;vervar=8200;turvar=0;th=122;turth=0
bps_webapi,sdg08_gdp_per_capita_growth,total,2026-09-08,2022,province,9100,Papua Barat,percent,0.36,Badan Pusat Statistik,webapi-var-296-updated-2026-02-19,domain=0000;var=296;vervar=9100;turvar=0;th=122;turth=0
bps_webapi,sdg08_gdp_per_capita_growth,total,2026-09-08,2022,province,9400,Papua,percent,7.39,Badan Pusat Statistik,webapi-var-296-updated-2026-02-19,domain=0000;var=296;vervar=9400;turvar=0;th=122;turth=0
bps_webapi,sdg08_gdp_per_capita_growth,total,2026-09-08,2023,national,9999,Indonesia,percent,3.93,Badan Pusat Statistik,webapi-var-296-updated-2026-02-19,domain=0000;var=296;vervar=9999;turvar=0;th=123;turth=0
bps_webapi,sdg08_gdp_per_capita_growth,total,2026-09-08,2023,province,1100,Aceh,percent,2.83,Badan Pusat Statistik,webapi-var-296-updated-2026-02-19,domain=0000;var=296;vervar=1100;turvar=0;th=123;turth=0
bps_webapi,sdg08_gdp_per_capita_growth,total,2026-09-08,2023,province,1200,Sumatera Utara,percent,3.6,Badan Pusat Statistik,webapi-var-296-updated-2026-02-19,domain=0000;var=296;vervar=1200;turvar=0;th=123;turth=0
bps_webapi,sdg08_gdp_per_capita_growth,total,2026-09-08,2023,province,1300,Sumatera Barat,percent,3.17,Badan Pusat Statistik,webapi-var-296-updated-2026-02-19,domain=0000;var=296;vervar=1300;turvar=0;th=123;turth=0
bps_webapi,sdg08_gdp_per_capita_growth,total,2026-09-08,2023,province,1400,Riau,percent,2.84,Badan Pusat Statistik,webapi-var-296-updated-2026-02-19,domain=0000;var=296;vervar=1400;turvar=0;th=123;turth=0
bps_webapi,sdg08_gdp_per_capita_growth,total,2026-09-08,2023,province,1500,Jambi,percent,3.35,Badan Pusat Statistik,webapi-var-296-updated-2026-02-19,domain=0000;var=296;vervar=1500;turvar=0;th=123;turth=0
bps_webapi,sdg08_gdp_per_capita_growth,total,2026-09-08,2023,province,1600,Sumatera Selatan,percent,3.93,Badan Pusat Statistik,webapi-var-296-updated-2026-02-19,domain=0000;var=296;vervar=1600;turvar=0;th=123;turth=0
bps_webapi,sdg08_gdp_per_capita_growth,total,2026-09-08,2023,province,1700,Bengkulu,percent,2.95,Badan Pusat Statistik,webapi-var-296-updated-2026-02-19,domain=0000;var=296;vervar=1700;turvar=0;th=123;turth=0
bps_webapi,sdg08_gdp_per_capita_growth,total,2026-09-08,2023,province,1800,Lampung,percent,3.34,Badan Pusat Statistik,webapi-var-296-updated-2026-02-19,domain=0000;var=296;vervar=1800;turvar=0;th=123;turth=0
bps_webapi,sdg08_gdp_per_capita_growth,total,2026-09-08,2023,province,1900,Kep. Bangka Belitung,percent,3.01,Badan Pusat Statistik,webapi-var-296-updated-2026-02-19,domain=0000;var=296;vervar=1900;turvar=0;th=123;turth=0
bps_webapi,sdg08_gdp_per_capita_growth,total,2026-09-08,2023,province,2100,Kep. Riau,percent,3.63,Badan Pusat Statistik,webapi-var-296-updated-2026-02-19,domain=0000;var=296;vervar=2100;turvar=0;th=123;turth=0
bps_webapi,sdg08_gdp_per_capita_growth,total,2026-09-08,2023,province,3100,Dki Jakarta,percent,4.65,Badan Pusat Statistik,webapi-var-296-updated-2026-02-19,domain=0000;var=296;vervar=3100;turvar=0;th=123;turth=0
bps_webapi,sdg08_gdp_per_capita_growth,total,2026-09-08,2023,province,3200,Jawa Barat,percent,3.83,Badan Pusat Statistik,webapi-var-296-updated-2026-02-19,domain=0000;var=296;vervar=3200;turvar=0;th=123;turth=0
bps_webapi,sdg08_gdp_per_capita_growth,total,2026-09-08,2023,province,3300,Jawa Tengah,percent,3.96,Badan Pusat Statistik,webapi-var-296-updated-2026-02-19,domain=0000;var=296;vervar=3300;turvar=0;th=123;turth=0
bps_webapi,sdg08_gdp_per_capita_growth,total,2026-09-08,2023,province,3400,Di Yogyakarta,percent,4.4,Badan Pusat Statistik,webapi-var-296-updated-2026-02-19,domain=0000;var=296;vervar=3400;turvar=0;th=123;turth=0
bps_webapi,sdg08_gdp_per_capita_growth,total,2026-09-08,2023,province,3500,Jawa Timur,percent,4.19,Badan Pusat Statistik,webapi-var-296-updated-2026-02-19,domain=0000;var=296;vervar=3500;turvar=0;th=123;turth=0
bps_webapi,sdg08_gdp_per_capita_growth,total,2026-09-08,2023,province,3600,Banten,percent,3.61,Badan Pusat Statistik,webapi-var-296-updated-2026-02-19,domain=0000;var=296;vervar=3600;turvar=0;th=123;turth=0
bps_webapi,sdg08_gdp_per_capita_growth,total,2026-09-08,2023,province,5100,Bali,percent,5.01,Badan Pusat Statistik,webapi-var-296-updated-2026-02-19,domain=0000;var=296;vervar=5100;turvar=0;th=123;turth=0
bps_webapi,sdg08_gdp_per_capita_growth,total,2026-09-08,2023,province,5200,Nusa Tenggara Barat,percent,0.22,Badan Pusat Statistik,webapi-var-296-updated-2026-02-19,domain=0000;var=296;vervar=5200;turvar=0;th=123;turth=0
bps_webapi,sdg08_gdp_per_capita_growth,total,2026-09-08,2023,province,5300,Nusa Tenggara Timur,percent,1.87,Badan Pusat Statistik,webapi-var-296-updated-2026-02-19,domain=0000;var=296;vervar=5300;turvar=0;th=123;turth=0
bps_webapi,sdg08_gdp_per_capita_growth,total,2026-09-08,2023,province,6100,Kalimantan Barat,percent,3.09,Badan Pusat Statistik,webapi-var-296-updated-2026-02-19,domain=0000;var=296;vervar=6100;turvar=0;th=123;turth=0
bps_webapi,sdg08_gdp_per_capita_growth,total,2026-09-08,2023,province,6200,Kalimantan Tengah,percent,2.77,Badan Pusat Statistik,webapi-var-296-updated-2026-02-19,domain=0000;var=296;vervar=6200;turvar=0;th=123;turth=0
bps_webapi,sdg08_gdp_per_capita_growth,total,2026-09-08,2023,province,6300,Kalimantan Selatan,percent,3.54,Badan Pusat Statistik,webapi-var-296-updated-2026-02-19,domain=0000;var=296;vervar=6300;turvar=0;th=123;turth=0
bps_webapi,sdg08_gdp_per_capita_growth,total,2026-09-08,2023,province,6400,Kalimantan Timur,percent,4.78,Badan Pusat Statistik,webapi-var-296-updated-2026-02-19,domain=0000;var=296;vervar=6400;turvar=0;th=123;turth=0
bps_webapi,sdg08_gdp_per_capita_growth,total,2026-09-08,2023,province,6500,Kalimantan Utara,percent,3.53,Badan Pusat Statistik,webapi-var-296-updated-2026-02-19,domain=0000;var=296;vervar=6500;turvar=0;th=123;turth=0
bps_webapi,sdg08_gdp_per_capita_growth,total,2026-09-08,2023,province,7100,Sulawesi Utara,percent,4.66,Badan Pusat Statistik,webapi-var-296-updated-2026-02-19,domain=0000;var=296;vervar=7100;turvar=0;th=123;turth=0
bps_webapi,sdg08_gdp_per_capita_growth,total,2026-09-08,2023,province,7200,Sulawesi Tengah,percent,10.62,Badan Pusat Statistik,webapi-var-296-updated-2026-02-19,domain=0000;var=296;vervar=7200;turvar=0;th=123;turth=0
bps_webapi,sdg08_gdp_per_capita_growth,total,2026-09-08,2023,province,7300,Sulawesi Selatan,percent,3.37,Badan Pusat Statistik,webapi-var-296-updated-2026-02-19,domain=0000;var=296;vervar=7300;turvar=0;th=123;turth=0
bps_webapi,sdg08_gdp_per_capita_growth,total,2026-09-08,2023,province,7400,Sulawesi Tenggara,percent,3.65,Badan Pusat Statistik,webapi-var-296-updated-2026-02-19,domain=0000;var=296;vervar=7400;turvar=0;th=123;turth=0
bps_webapi,sdg08_gdp_per_capita_growth,total,2026-09-08,2023,province,7500,Gorontalo,percent,3.22,Badan Pusat Statistik,webapi-var-296-updated-2026-02-19,domain=0000;var=296;vervar=7500;turvar=0;th=123;turth=0
bps_webapi,sdg08_gdp_per_capita_growth,total,2026-09-08,2023,province,7600,Sulawesi Barat,percent,3.65,Badan Pusat Statistik,webapi-var-296-updated-2026-02-19,domain=0000;var=296;vervar=7600;turvar=0;th=123;turth=0
bps_webapi,sdg08_gdp_per_capita_growth,total,2026-09-08,2023,province,8100,Maluku,percent,3.82,Badan Pusat Statistik,webapi-var-296-updated-2026-02-19,domain=0000;var=296;vervar=8100;turvar=0;th=123;turth=0
bps_webapi,sdg08_gdp_per_capita_growth,total,2026-09-08,2023,province,8200,Maluku Utara,percent,19.87,Badan Pusat Statistik,webapi-var-296-updated-2026-02-19,domain=0000;var=296;vervar=8200;turvar=0;th=123;turth=0
bps_webapi,sdg08_gdp_per_capita_growth,total,2026-09-08,2023,province,9100,Papua Barat,percent,3.47,Badan Pusat Statistik,webapi-var-296-updated-2026-02-19,domain=0000;var=296;vervar=9100;turvar=0;th=123;turth=0
bps_webapi,sdg08_gdp_per_capita_growth,total,2026-09-08,2023,province,9200,Papua Barat Daya,percent,0.24,Badan Pusat Statistik,webapi-var-296-updated-2026-02-19,domain=0000;var=296;vervar=9200;turvar=0;th=123;turth=0
bps_webapi,sdg08_gdp_per_capita_growth,total,2026-09-08,2023,province,9400,Papua,percent,2.85,Badan Pusat Statistik,webapi-var-296-updated-2026-02-19,domain=0000;var=296;vervar=9400;turvar=0;th=123;turth=0
bps_webapi,sdg08_gdp_per_capita_growth,total,2026-09-08,2023,province,9500,Papua Selatan,percent,2.72,Badan Pusat Statistik,webapi-var-296-updated-2026-02-19,domain=0000;var=296;vervar=9500;turvar=0;th=123;turth=0
bps_webapi,sdg08_gdp_per_capita_growth,total,2026-09-08,2023,province,9600,Papua Tengah,percent,4.42,Badan Pusat Statistik,webapi-var-296-updated-2026-02-19,domain=0000;var=296;vervar=9600;turvar=0;th=123;turth=0
bps_webapi,sdg08_gdp_per_capita_growth,total,2026-09-08,2023,province,9700,Papua Pegunungan,percent,3.37,Badan Pusat Statistik,webapi-var-296-updated-2026-02-19,domain=0000;var=296;vervar=9700;turvar=0;th=123;turth=0
bps_webapi,sdg08_gdp_per_capita_growth,total,2026-09-08,2024,national,9999,Indonesia,percent,3.95,Badan Pusat Statistik,webapi-var-296-updated-2026-02-19,domain=0000;var=296;vervar=9999;turvar=0;th=124;turth=0
bps_webapi,sdg08_gdp_per_capita_growth,total,2026-09-08,2024,province,1100,Aceh,percent,3.3,Badan Pusat Statistik,webapi-var-296-updated-2026-02-19,domain=0000;var=296;vervar=1100;turvar=0;th=124;turth=0
bps_webapi,sdg08_gdp_per_capita_growth,total,2026-09-08,2024,province,1200,Sumatera Utara,percent,3.67,Badan Pusat Statistik,webapi-var-296-updated-2026-02-19,domain=0000;var=296;vervar=1200;turvar=0;th=124;turth=0
bps_webapi,sdg08_gdp_per_capita_growth,total,2026-09-08,2024,province,1300,Sumatera Barat,percent,2.96,Badan Pusat Statistik,webapi-var-296-updated-2026-02-19,domain=0000;var=296;vervar=1300;turvar=0;th=124;turth=0
bps_webapi,sdg08_gdp_per_capita_growth,total,2026-09-08,2024,province,1400,Riau,percent,2.21,Badan Pusat Statistik,webapi-var-296-updated-2026-02-19,domain=0000;var=296;vervar=1400;turvar=0;th=124;turth=0
bps_webapi,sdg08_gdp_per_capita_growth,total,2026-09-08,2024,province,1500,Jambi,percent,3.23,Badan Pusat Statistik,webapi-var-296-updated-2026-02-19,domain=0000;var=296;vervar=1500;turvar=0;th=124;turth=0
bps_webapi,sdg08_gdp_per_capita_growth,total,2026-09-08,2024,province,1600,Sumatera Selatan,percent,3.91,Badan Pusat Statistik,webapi-var-296-updated-2026-02-19,domain=0000;var=296;vervar=1600;turvar=0;th=124;turth=0
bps_webapi,sdg08_gdp_per_capita_growth,total,2026-09-08,2024,province,1700,Bengkulu,percent,3.32,Badan Pusat Statistik,webapi-var-296-updated-2026-02-19,domain=0000;var=296;vervar=1700;turvar=0;th=124;turth=0
bps_webapi,sdg08_gdp_per_capita_growth,total,2026-09-08,2024,province,1800,Lampung,percent,3.4,Badan Pusat Statistik,webapi-var-296-updated-2026-02-19,domain=0000;var=296;vervar=1800;turvar=0;th=124;turth=0
bps_webapi,sdg08_gdp_per_capita_growth,total,2026-09-08,2024,province,1900,Kep. Bangka Belitung,percent,-0.52,Badan Pusat Statistik,webapi-var-296-updated-2026-02-19,domain=0000;var=296;vervar=1900;turvar=0;th=124;turth=0
bps_webapi,sdg08_gdp_per_capita_growth,total,2026-09-08,2024,province,2100,Kep. Riau,percent,3.54,Badan Pusat Statistik,webapi-var-296-updated-2026-02-19,domain=0000;var=296;vervar=2100;turvar=0;th=124;turth=0
bps_webapi,sdg08_gdp_per_capita_growth,total,2026-09-08,2024,province,3100,Dki Jakarta,percent,4.79,Badan Pusat Statistik,webapi-var-296-updated-2026-02-19,domain=0000;var=296;vervar=3100;turvar=0;th=124;turth=0
bps_webapi,sdg08_gdp_per_capita_growth,total,2026-09-08,2024,province,3200,Jawa Barat,percent,3.94,Badan Pusat Statistik,webapi-var-296-updated-2026-02-19,domain=0000;var=296;vervar=3200;turvar=0;th=124;turth=0
bps_webapi,sdg08_gdp_per_capita_growth,total,2026-09-08,2024,province,3300,Jawa Tengah,percent,3.98,Badan Pusat Statistik,webapi-var-296-updated-2026-02-19,domain=0000;var=296;vervar=3300;turvar=0;th=124;turth=0
bps_webapi,sdg08_gdp_per_capita_growth,total,2026-09-08,2024,province,3400,Di Yogyakarta,percent,4.39,Badan Pusat Statistik,webapi-var-296-updated-2026-02-19,domain=0000;var=296;vervar=3400;turvar=0;th=124;turth=0
bps_webapi,sdg08_gdp_per_capita_growth,total,2026-09-08,2024,province,3500,Jawa Timur,percent,4.21,Badan Pusat Statistik,webapi-var-296-updated-2026-02-19,domain=0000;var=296;vervar=3500;turvar=0;th=124;turth=0
bps_webapi,sdg08_gdp_per_capita_growth,total,2026-09-08,2024,province,3600,Banten,percent,3.75,Badan Pusat Statistik,webapi-var-296-updated-2026-02-19,domain=0000;var=296;vervar=3600;turvar=0;th=124;turth=0
bps_webapi,sdg08_gdp_per_capita_growth,total,2026-09-08,2024,province,5100,Bali,percent,4.79,Badan Pusat Statistik,webapi-var-296-updated-2026-02-19,domain=0000;var=296;vervar=5100;turvar=0;th=124;turth=0
bps_webapi,sdg08_gdp_per_capita_growth,total,2026-09-08,2024,province,5200,Nusa Tenggara Barat,percent,3.7,Badan Pusat Statistik,webapi-var-296-updated-2026-02-19,domain=0000;var=296;vervar=5200;turvar=0;th=124;turth=0
bps_webapi,sdg08_gdp_per_capita_growth,total,2026-09-08,2024,province,5300,Nusa Tenggara Timur,percent,2.28,Badan Pusat Statistik,webapi-var-296-updated-2026-02-19,domain=0000;var=296;vervar=5300;turvar=0;th=124;turth=0
bps_webapi,sdg08_gdp_per_capita_growth,total,2026-09-08,2024,province,6100,Kalimantan Barat,percent,3.57,Badan Pusat Statistik,webapi-var-296-updated-2026-02-19,domain=0000;var=296;vervar=6100;turvar=0;th=124;turth=0
bps_webapi,sdg08_gdp_per_capita_growth,total,2026-09-08,2024,province,6200,Kalimantan Tengah,percent,3.13,Badan Pusat Statistik,webapi-var-296-updated-2026-02-19,domain=0000;var=296;vervar=6200;turvar=0;th=124;turth=0
bps_webapi,sdg08_gdp_per_capita_growth,total,2026-09-08,2024,province,6300,Kalimantan Selatan,percent,3.8,Badan Pusat Statistik,webapi-var-296-updated-2026-02-19,domain=0000;var=296;vervar=6300;turvar=0;th=124;turth=0
bps_webapi,sdg08_gdp_per_capita_growth,total,2026-09-08,2024,province,6400,Kalimantan Timur,percent,2.6,Badan Pusat Statistik,webapi-var-296-updated-2026-02-19,domain=0000;var=296;vervar=6400;turvar=0;th=124;turth=0
bps_webapi,sdg08_gdp_per_capita_growth,total,2026-09-08,2024,province,6500,Kalimantan Utara,percent,3.35,Badan Pusat Statistik,webapi-var-296-updated-2026-02-19,domain=0000;var=296;vervar=6500;turvar=0;th=124;turth=0
bps_webapi,sdg08_gdp_per_capita_growth,total,2026-09-08,2024,province,7100,Sulawesi Utara,percent,4.6,Badan Pusat Statistik,webapi-var-296-updated-2026-02-19,domain=0000;var=296;vervar=7100;turvar=0;th=124;turth=0
bps_webapi,sdg08_gdp_per_capita_growth,total,2026-09-08,2024,province,7200,Sulawesi Tengah,percent,8.66,Badan Pusat Statistik,webapi-var-296-updated-2026-02-19,domain=0000;var=296;vervar=7200;turvar=0;th=124;turth=0
bps_webapi,sdg08_gdp_per_capita_growth,total,2026-09-08,2024,province,7300,Sulawesi Selatan,percent,3.9,Badan Pusat Statistik,webapi-var-296-updated-2026-02-19,domain=0000;var=296;vervar=7300;turvar=0;th=124;turth=0
bps_webapi,sdg08_gdp_per_capita_growth,total,2026-09-08,2024,province,7400,Sulawesi Tenggara,percent,3.73,Badan Pusat Statistik,webapi-var-296-updated-2026-02-19,domain=0000;var=296;vervar=7400;turvar=0;th=124;turth=0
bps_webapi,sdg08_gdp_per_capita_growth,total,2026-09-08,2024,province,7500,Gorontalo,percent,2.89,Badan Pusat Statistik,webapi-var-296-updated-2026-02-19,domain=0000;var=296;vervar=7500;turvar=0;th=124;turth=0
bps_webapi,sdg08_gdp_per_capita_growth,total,2026-09-08,2024,province,7600,Sulawesi Barat,percent,3.22,Badan Pusat Statistik,webapi-var-296-updated-2026-02-19,domain=0000;var=296;vervar=7600;turvar=0;th=124;turth=0
bps_webapi,sdg08_gdp_per_capita_growth,total,2026-09-08,2024,province,8100,Maluku,percent,3.98,Badan Pusat Statistik,webapi-var-296-updated-2026-02-19,domain=0000;var=296;vervar=8100;turvar=0;th=124;turth=0
bps_webapi,sdg08_gdp_per_capita_growth,total,2026-09-08,2024,province,8200,Maluku Utara,percent,12.37,Badan Pusat Statistik,webapi-var-296-updated-2026-02-19,domain=0000;var=296;vervar=8200;turvar=0;th=124;turth=0
bps_webapi,sdg08_gdp_per_capita_growth,total,2026-09-08,2024,province,9100,Papua Barat,percent,18.89,Badan Pusat Statistik,webapi-var-296-updated-2026-02-19,domain=0000;var=296;vervar=9100;turvar=0;th=124;turth=0
bps_webapi,sdg08_gdp_per_capita_growth,total,2026-09-08,2024,province,9200,Papua Barat Daya,percent,2.04,Badan Pusat Statistik,webapi-var-296-updated-2026-02-19,domain=0000;var=296;vervar=9200;turvar=0;th=124;turth=0
bps_webapi,sdg08_gdp_per_capita_growth,total,2026-09-08,2024,province,9400,Papua,percent,2.79,Badan Pusat Statistik,webapi-var-296-updated-2026-02-19,domain=0000;var=296;vervar=9400;turvar=0;th=124;turth=0
bps_webapi,sdg08_gdp_per_capita_growth,total,2026-09-08,2024,province,9500,Papua Selatan,percent,3.61,Badan Pusat Statistik,webapi-var-296-updated-2026-02-19,domain=0000;var=296;vervar=9500;turvar=0;th=124;turth=0
bps_webapi,sdg08_gdp_per_capita_growth,total,2026-09-08,2024,province,9600,Papua Tengah,percent,2.94,Badan Pusat Statistik,webapi-var-296-updated-2026-02-19,domain=0000;var=296;vervar=9600;turvar=0;th=124;turth=0
bps_webapi,sdg08_gdp_per_capita_growth,total,2026-09-08,2024,province,9700,Papua Pegunungan,percent,3.42,Badan Pusat Statistik,webapi-var-296-updated-2026-02-19,domain=0000;var=296;vervar=9700;turvar=0;th=124;turth=0
bps_webapi,sdg08_gdp_per_capita_growth,total,2026-09-08,2025,national,9999,Indonesia,percent,4.06,Badan Pusat Statistik,webapi-var-296-updated-2026-02-19,domain=0000;var=296;vervar=9999;turvar=0;th=125;turth=0
bps_webapi,sdg08_gdp_per_capita_growth,total,2026-09-08,2025,province,1100,Aceh,percent,1.66,Badan Pusat Statistik,webapi-var-296-updated-2026-02-19,domain=0000;var=296;vervar=1100;turvar=0;th=125;turth=0
bps_webapi,sdg08_gdp_per_capita_growth,total,2026-09-08,2025,province,1200,Sumatera Utara,percent,3.23,Badan Pusat Statistik,webapi-var-296-updated-2026-02-19,domain=0000;var=296;vervar=1200;turvar=0;th=125;turth=0
bps_webapi,sdg08_gdp_per_capita_growth,total,2026-09-08,2025,province,1300,Sumatera Barat,percent,2,Badan Pusat Statistik,webapi-var-296-updated-2026-02-19,domain=0000;var=296;vervar=1300;turvar=0;th=125;turth=0
bps_webapi,sdg08_gdp_per_capita_growth,total,2026-09-08,2025,province,1400,Riau,percent,3.51,Badan Pusat Statistik,webapi-var-296-updated-2026-02-19,domain=0000;var=296;vervar=1400;turvar=0;th=125;turth=0
bps_webapi,sdg08_gdp_per_capita_growth,total,2026-09-08,2025,province,1500,Jambi,percent,3.7,Badan Pusat Statistik,webapi-var-296-updated-2026-02-19,domain=0000;var=296;vervar=1500;turvar=0;th=125;turth=0
bps_webapi,sdg08_gdp_per_capita_growth,total,2026-09-08,2025,province,1600,Sumatera Selatan,percent,4.27,Badan Pusat Statistik,webapi-var-296-updated-2026-02-19,domain=0000;var=296;vervar=1600;turvar=0;th=125;turth=0
bps_webapi,sdg08_gdp_per_capita_growth,total,2026-09-08,2025,province,1700,Bengkulu,percent,3.53,Badan Pusat Statistik,webapi-var-296-updated-2026-02-19,domain=0000;var=296;vervar=1700;turvar=0;th=125;turth=0
bps_webapi,sdg08_gdp_per_capita_growth,total,2026-09-08,2025,province,1800,Lampung,percent,4.14,Badan Pusat Statistik,webapi-var-296-updated-2026-02-19,domain=0000;var=296;vervar=1800;turvar=0;th=125;turth=0
bps_webapi,sdg08_gdp_per_capita_growth,total,2026-09-08,2025,province,1900,Kep. Bangka Belitung,percent,2.8,Badan Pusat Statistik,webapi-var-296-updated-2026-02-19,domain=0000;var=296;vervar=1900;turvar=0;th=125;turth=0
bps_webapi,sdg08_gdp_per_capita_growth,total,2026-09-08,2025,province,2100,Kep. Riau,percent,5.48,Badan Pusat Statistik,webapi-var-296-updated-2026-02-19,domain=0000;var=296;vervar=2100;turvar=0;th=125;turth=0
bps_webapi,sdg08_gdp_per_capita_growth,total,2026-09-08,2025,province,3100,Dki Jakarta,percent,5.28,Badan Pusat Statistik,webapi-var-296-updated-2026-02-19,domain=0000;var=296;vervar=3100;turvar=0;th=125;turth=0
bps_webapi,sdg08_gdp_per_capita_growth,total,2026-09-08,2025,province,3200,Jawa Barat,percent,4.46,Badan Pusat Statistik,webapi-var-296-updated-2026-02-19,domain=0000;var=296;vervar=3200;turvar=0;th=125;turth=0
bps_webapi,sdg08_gdp_per_capita_growth,total,2026-09-08,2025,province,3300,Jawa Tengah,percent,4.43,Badan Pusat Statistik,webapi-var-296-updated-2026-02-19,domain=0000;var=296;vervar=3300;turvar=0;th=125;turth=0
bps_webapi,sdg08_gdp_per_capita_growth,total,2026-09-08,2025,province,3400,Di Yogyakarta,percent,4.88,Badan Pusat Statistik,webapi-var-296-updated-2026-02-19,domain=0000;var=296;vervar=3400;turvar=0;th=125;turth=0
bps_webapi,sdg08_gdp_per_capita_growth,total,2026-09-08,2025,province,3500,Jawa Timur,percent,4.64,Badan Pusat Statistik,webapi-var-296-updated-2026-02-19,domain=0000;var=296;vervar=3500;turvar=0;th=125;turth=0
bps_webapi,sdg08_gdp_per_capita_growth,total,2026-09-08,2025,province,3600,Banten,percent,4.48,Badan Pusat Statistik,webapi-var-296-updated-2026-02-19,domain=0000;var=296;vervar=3600;turvar=0;th=125;turth=0
bps_webapi,sdg08_gdp_per_capita_growth,total,2026-09-08,2025,province,5100,Bali,percent,5.16,Badan Pusat Statistik,webapi-var-296-updated-2026-02-19,domain=0000;var=296;vervar=5100;turvar=0;th=125;turth=0
bps_webapi,sdg08_gdp_per_capita_growth,total,2026-09-08,2025,province,5200,Nusa Tenggara Barat,percent,1.69,Badan Pusat Statistik,webapi-var-296-updated-2026-02-19,domain=0000;var=296;vervar=5200;turvar=0;th=125;turth=0
bps_webapi,sdg08_gdp_per_capita_growth,total,2026-09-08,2025,province,5300,Nusa Tenggara Timur,percent,3.55,Badan Pusat Statistik,webapi-var-296-updated-2026-02-19,domain=0000;var=296;vervar=5300;turvar=0;th=125;turth=0
bps_webapi,sdg08_gdp_per_capita_growth,total,2026-09-08,2025,province,6100,Kalimantan Barat,percent,4.1,Badan Pusat Statistik,webapi-var-296-updated-2026-02-19,domain=0000;var=296;vervar=6100;turvar=0;th=125;turth=0
bps_webapi,sdg08_gdp_per_capita_growth,total,2026-09-08,2025,province,6200,Kalimantan Tengah,percent,3.5,Badan Pusat Statistik,webapi-var-296-updated-2026-02-19,domain=0000;var=296;vervar=6200;turvar=0;th=125;turth=0
bps_webapi,sdg08_gdp_per_capita_growth,total,2026-09-08,2025,province,6300,Kalimantan Selatan,percent,4.01,Badan Pusat Statistik,webapi-var-296-updated-2026-02-19,domain=0000;var=296;vervar=6300;turvar=0;th=125;turth=0
bps_webapi,sdg08_gdp_per_capita_growth,total,2026-09-08,2025,province,6400,Kalimantan Timur,percent,-0.9,Badan Pusat Statistik,webapi-var-296-updated-2026-02-19,domain=0000;var=296;vervar=6400;turvar=0;th=125;turth=0
bps_webapi,sdg08_gdp_per_capita_growth,total,2026-09-08,2025,province,6500,Kalimantan Utara,percent,3.22,Badan Pusat Statistik,webapi-var-296-updated-2026-02-19,domain=0000;var=296;vervar=6500;turvar=0;th=125;turth=0
bps_webapi,sdg08_gdp_per_capita_growth,total,2026-09-08,2025,province,7100,Sulawesi Utara,percent,4.89,Badan Pusat Statistik,webapi-var-296-updated-2026-02-19,domain=0000;var=296;vervar=7100;turvar=0;th=125;turth=0
bps_webapi,sdg08_gdp_per_capita_growth,total,2026-09-08,2025,province,7200,Sulawesi Tengah,percent,7.29,Badan Pusat Statistik,webapi-var-296-updated-2026-02-19,domain=0000;var=296;vervar=7200;turvar=0;th=125;turth=0
bps_webapi,sdg08_gdp_per_capita_growth,total,2026-09-08,2025,province,7300,Sulawesi Selatan,percent,4.33,Badan Pusat Statistik,webapi-var-296-updated-2026-02-19,domain=0000;var=296;vervar=7300;turvar=0;th=125;turth=0
bps_webapi,sdg08_gdp_per_capita_growth,total,2026-09-08,2025,province,7400,Sulawesi Tenggara,percent,4.16,Badan Pusat Statistik,webapi-var-296-updated-2026-02-19,domain=0000;var=296;vervar=7400;turvar=0;th=125;turth=0
bps_webapi,sdg08_gdp_per_capita_growth,total,2026-09-08,2025,province,7500,Gorontalo,percent,4.48,Badan Pusat Statistik,webapi-var-296-updated-2026-02-19,domain=0000;var=296;vervar=7500;turvar=0;th=125;turth=0
bps_webapi,sdg08_gdp_per_capita_growth,total,2026-09-08,2025,province,7600,Sulawesi Barat,percent,3.83,Badan Pusat Statistik,webapi-var-296-updated-2026-02-19,domain=0000;var=296;vervar=7600;turvar=0;th=125;turth=0
bps_webapi,sdg08_gdp_per_capita_growth,total,2026-09-08,2025,province,8100,Maluku,percent,3.24,Badan Pusat Statistik,webapi-var-296-updated-2026-02-19,domain=0000;var=296;vervar=8100;turvar=0;th=125;turth=0
bps_webapi,sdg08_gdp_per_capita_growth,total,2026-09-08,2025,province,8200,Maluku Utara,percent,32.4,Badan Pusat Statistik,webapi-var-296-updated-2026-02-19,domain=0000;var=296;vervar=8200;turvar=0;th=125;turth=0
bps_webapi,sdg08_gdp_per_capita_growth,total,2026-09-08,2025,province,9100,Papua Barat,percent,4.84,Badan Pusat Statistik,webapi-var-296-updated-2026-02-19,domain=0000;var=296;vervar=9100;turvar=0;th=125;turth=0
bps_webapi,sdg08_gdp_per_capita_growth,total,2026-09-08,2025,province,9200,Papua Barat Daya,percent,2.51,Badan Pusat Statistik,webapi-var-296-updated-2026-02-19,domain=0000;var=296;vervar=9200;turvar=0;th=125;turth=0
bps_webapi,sdg08_gdp_per_capita_growth,total,2026-09-08,2025,province,9400,Papua,percent,2.7,Badan Pusat Statistik,webapi-var-296-updated-2026-02-19,domain=0000;var=296;vervar=9400;turvar=0;th=125;turth=0
bps_webapi,sdg08_gdp_per_capita_growth,total,2026-09-08,2025,province,9500,Papua Selatan,percent,1.96,Badan Pusat Statistik,webapi-var-296-updated-2026-02-19,domain=0000;var=296;vervar=9500;turvar=0;th=125;turth=0
bps_webapi,sdg08_gdp_per_capita_growth,total,2026-09-08,2025,province,9600,Papua Tengah,percent,-22.82,Badan Pusat Statistik,webapi-var-296-updated-2026-02-19,domain=0000;var=296;vervar=9600;turvar=0;th=125;turth=0
bps_webapi,sdg08_gdp_per_capita_growth,total,2026-09-08,2025,province,9700,Papua Pegunungan,percent,2.5,Badan Pusat Statistik,webapi-var-296-updated-2026-02-19,domain=0000;var=296;vervar=9700;turvar=0;th=125;turth=0
bps_webapi,sdg08_hourly_wage,residence.rural,2026-09-08,2015,national,9999,Indonesia,rupiah_per_hour,8841,Badan Pusat Statistik,webapi-var-1173-updated-2025-12-02,domain=0000;var=1173;vervar=2;turvar=0;th=115;turth=0
bps_webapi,sdg08_hourly_wage,residence.rural,2026-09-08,2016,national,9999,Indonesia,rupiah_per_hour,10683,Badan Pusat Statistik,webapi-var-1173-updated-2025-12-02,domain=0000;var=1173;vervar=2;turvar=0;th=116;turth=0
bps_webapi,sdg08_hourly_wage,residence.rural,2026-09-08,2017,national,9999,Indonesia,rupiah_per_hour,10997,Badan Pusat Statistik,webapi-var-1173-updated-2025-12-02,domain=0000;var=1173;vervar=2;turvar=0;th=117;turth=0
bps_webapi,sdg08_hourly_wage,residence.rural,2026-09-08,2018,national,9999,Indonesia,rupiah_per_hour,11557,Badan Pusat Statistik,webapi-var-1173-updated-2025-12-02,domain=0000;var=1173;vervar=2;turvar=0;th=118;turth=0
bps_webapi,sdg08_hourly_wage,residence.rural,2026-09-08,2019,national,9999,Indonesia,rupiah_per_hour,12205,Badan Pusat Statistik,webapi-var-1173-updated-2025-12-02,domain=0000;var=1173;vervar=2;turvar=0;th=119;turth=0
bps_webapi,sdg08_hourly_wage,residence.rural,2026-09-08,2020,national,9999,Indonesia,rupiah_per_hour,14242,Badan Pusat Statistik,webapi-var-1173-updated-2025-12-02,domain=0000;var=1173;vervar=2;turvar=0;th=120;turth=0
bps_webapi,sdg08_hourly_wage,residence.rural,2026-09-08,2021,national,9999,Indonesia,rupiah_per_hour,14182,Badan Pusat Statistik,webapi-var-1173-updated-2025-12-02,domain=0000;var=1173;vervar=2;turvar=0;th=121;turth=0
bps_webapi,sdg08_hourly_wage,residence.rural,2026-09-08,2022,national,9999,Indonesia,rupiah_per_hour,13151,Badan Pusat Statistik,webapi-var-1173-updated-2025-12-02,domain=0000;var=1173;vervar=2;turvar=0;th=122;turth=0
bps_webapi,sdg08_hourly_wage,residence.rural,2026-09-08,2023,national,9999,Indonesia,rupiah_per_hour,14101,Badan Pusat Statistik,webapi-var-1173-updated-2025-12-02,domain=0000;var=1173;vervar=2;turvar=0;th=123;turth=0
bps_webapi,sdg08_hourly_wage,residence.rural,2026-09-08,2024,national,9999,Indonesia,rupiah_per_hour,15036,Badan Pusat Statistik,webapi-var-1173-updated-2025-12-02,domain=0000;var=1173;vervar=2;turvar=0;th=124;turth=0
bps_webapi,sdg08_hourly_wage,residence.urban,2026-09-08,2015,national,9999,Indonesia,rupiah_per_hour,12830,Badan Pusat Statistik,webapi-var-1173-updated-2025-12-02,domain=0000;var=1173;vervar=1;turvar=0;th=115;turth=0
bps_webapi,sdg08_hourly_wage,residence.urban,2026-09-08,2016,national,9999,Indonesia,rupiah_per_hour,16006,Badan Pusat Statistik,webapi-var-1173-updated-2025-12-02,domain=0000;var=1173;vervar=1;turvar=0;th=116;turth=0
bps_webapi,sdg08_hourly_wage,residence.urban,2026-09-08,2017,national,9999,Indonesia,rupiah_per_hour,16808,Badan Pusat Statistik,webapi-var-1173-updated-2025-12-02,domain=0000;var=1173;vervar=1;turvar=0;th=117;turth=0
bps_webapi,sdg08_hourly_wage,residence.urban,2026-09-08,2018,national,9999,Indonesia,rupiah_per_hour,17326,Badan Pusat Statistik,webapi-var-1173-updated-2025-12-02,domain=0000;var=1173;vervar=1;turvar=0;th=118;turth=0
bps_webapi,sdg08_hourly_wage,residence.urban,2026-09-08,2019,national,9999,Indonesia,rupiah_per_hour,17825,Badan Pusat Statistik,webapi-var-1173-updated-2025-12-02,domain=0000;var=1173;vervar=1;turvar=0;th=119;turth=0
bps_webapi,sdg08_hourly_wage,residence.urban,2026-09-08,2020,national,9999,Indonesia,rupiah_per_hour,19651,Badan Pusat Statistik,webapi-var-1173-updated-2025-12-02,domain=0000;var=1173;vervar=1;turvar=0;th=120;turth=0
bps_webapi,sdg08_hourly_wage,residence.urban,2026-09-08,2021,national,9999,Indonesia,rupiah_per_hour,20234,Badan Pusat Statistik,webapi-var-1173-updated-2025-12-02,domain=0000;var=1173;vervar=1;turvar=0;th=121;turth=0
bps_webapi,sdg08_hourly_wage,residence.urban,2026-09-08,2022,national,9999,Indonesia,rupiah_per_hour,19751,Badan Pusat Statistik,webapi-var-1173-updated-2025-12-02,domain=0000;var=1173;vervar=1;turvar=0;th=122;turth=0
bps_webapi,sdg08_hourly_wage,residence.urban,2026-09-08,2023,national,9999,Indonesia,rupiah_per_hour,21483,Badan Pusat Statistik,webapi-var-1173-updated-2025-12-02,domain=0000;var=1173;vervar=1;turvar=0;th=123;turth=0
bps_webapi,sdg08_hourly_wage,residence.urban,2026-09-08,2024,national,9999,Indonesia,rupiah_per_hour,20923,Badan Pusat Statistik,webapi-var-1173-updated-2025-12-02,domain=0000;var=1173;vervar=1;turvar=0;th=124;turth=0
bps_webapi,sdg08_hourly_wage,sex.female,2026-09-08,2015,national,9999,Indonesia,rupiah_per_hour,11179,Badan Pusat Statistik,webapi-var-1174-updated-2025-12-02,domain=0000;var=1174;vervar=2;turvar=0;th=115;turth=0
bps_webapi,sdg08_hourly_wage,sex.female,2026-09-08,2016,national,9999,Indonesia,rupiah_per_hour,13613,Badan Pusat Statistik,webapi-var-1174-updated-2025-12-02,domain=0000;var=1174;vervar=2;turvar=0;th=116;turth=0
bps_webapi,sdg08_hourly_wage,sex.female,2026-09-08,2017,national,9999,Indonesia,rupiah_per_hour,13469,Badan Pusat Statistik,webapi-var-1174-updated-2025-12-02,domain=0000;var=1174;vervar=2;turvar=0;th=117;turth=0
bps_webapi,sdg08_hourly_wage,sex.female,2026-09-08,2018,national,9999,Indonesia,rupiah_per_hour,14098,Badan Pusat Statistik,webapi-var-1174-updated-2025-12-02,domain=0000;var=1174;vervar=2;turvar=0;th=118;turth=0
bps_webapi,sdg08_hourly_wage,sex.female,2026-09-08,2019,national,9999,Indonesia,rupiah_per_hour,14360,Badan Pusat Statistik,webapi-var-1174-updated-2025-12-02,domain=0000;var=1174;vervar=2;turvar=0;th=119;turth=0
bps_webapi,sdg08_hourly_wage,sex.female,2026-09-08,2020,national,9999,Indonesia,rupiah_per_hour,17410,Badan Pusat Statistik,webapi-var-1174-updated-2025-12-02,domain=0000;var=1174;vervar=2;turvar=0;th=120;turth=0
bps_webapi,sdg08_hourly_wage,sex.female,2026-09-08,2021,national,9999,Indonesia,rupiah_per_hour,17848,Badan Pusat Statistik,webapi-var-1174-updated-2025-12-02,domain=0000;var=1174;vervar=2;turvar=0;th=121;turth=0
bps_webapi,sdg08_hourly_wage,sex.female,2026-09-08,2022,national,9999,Indonesia,rupiah_per_hour,16056,Badan Pusat Statistik,webapi-var-1174-updated-2025-12-02,domain=0000;var=1174;vervar=2;turvar=0;th=122;turth=0
bps_webapi,sdg08_hourly_wage,sex.female,2026-09-08,2023,national,9999,Indonesia,rupiah_per_hour,16779,Badan Pusat Statistik,webapi-var-1174-updated-2025-12-02,domain=0000;var=1174;vervar=2;turvar=0;th=123;turth=0
bps_webapi,sdg08_hourly_wage,sex.female,2026-09-08,2024,national,9999,Indonesia,rupiah_per_hour,17457,Badan Pusat Statistik,webapi-var-1174-updated-2025-12-02,domain=0000;var=1174;vervar=2;turvar=0;th=124;turth=0
bps_webapi,sdg08_hourly_wage,sex.male,2026-09-08,2015,national,9999,Indonesia,rupiah_per_hour,11552,Badan Pusat Statistik,webapi-var-1174-updated-2025-12-02,domain=0000;var=1174;vervar=1;turvar=0;th=115;turth=0
bps_webapi,sdg08_hourly_wage,sex.male,2026-09-08,2016,national,9999,Indonesia,rupiah_per_hour,14289,Badan Pusat Statistik,webapi-var-1174-updated-2025-12-02,domain=0000;var=1174;vervar=1;turvar=0;th=116;turth=0
bps_webapi,sdg08_hourly_wage,sex.male,2026-09-08,2017,national,9999,Indonesia,rupiah_per_hour,15345,Badan Pusat Statistik,webapi-var-1174-updated-2025-12-02,domain=0000;var=1174;vervar=1;turvar=0;th=117;turth=0
bps_webapi,sdg08_hourly_wage,sex.male,2026-09-08,2018,national,9999,Indonesia,rupiah_per_hour,15847,Badan Pusat Statistik,webapi-var-1174-updated-2025-12-02,domain=0000;var=1174;vervar=1;turvar=0;th=118;turth=0
bps_webapi,sdg08_hourly_wage,sex.male,2026-09-08,2019,national,9999,Indonesia,rupiah_per_hour,16547,Badan Pusat Statistik,webapi-var-1174-updated-2025-12-02,domain=0000;var=1174;vervar=1;turvar=0;th=119;turth=0
bps_webapi,sdg08_hourly_wage,sex.male,2026-09-08,2020,national,9999,Indonesia,rupiah_per_hour,17836,Badan Pusat Statistik,webapi-var-1174-updated-2025-12-02,domain=0000;var=1174;vervar=1;turvar=0;th=120;turth=0
bps_webapi,sdg08_hourly_wage,sex.male,2026-09-08,2021,national,9999,Indonesia,rupiah_per_hour,18210,Badan Pusat Statistik,webapi-var-1174-updated-2025-12-02,domain=0000;var=1174;vervar=1;turvar=0;th=121;turth=0
bps_webapi,sdg08_hourly_wage,sex.male,2026-09-08,2022,national,9999,Indonesia,rupiah_per_hour,18261,Badan Pusat Statistik,webapi-var-1174-updated-2025-12-02,domain=0000;var=1174;vervar=1;turvar=0;th=122;turth=0
bps_webapi,sdg08_hourly_wage,sex.male,2026-09-08,2023,national,9999,Indonesia,rupiah_per_hour,20125,Badan Pusat Statistik,webapi-var-1174-updated-2025-12-02,domain=0000;var=1174;vervar=1;turvar=0;th=123;turth=0
bps_webapi,sdg08_hourly_wage,sex.male,2026-09-08,2024,national,9999,Indonesia,rupiah_per_hour,19787,Badan Pusat Statistik,webapi-var-1174-updated-2025-12-02,domain=0000;var=1174;vervar=1;turvar=0;th=124;turth=0
bps_webapi,sdg08_hourly_wage,total,2026-09-08,2015,national,9999,Indonesia,rupiah_per_hour,11434,Badan Pusat Statistik,webapi-var-1172-updated-2025-12-02,domain=0000;var=1172;vervar=9999;turvar=0;th=115;turth=0
bps_webapi,sdg08_hourly_wage,total,2026-09-08,2015,province,1100,Aceh,rupiah_per_hour,11226,Badan Pusat Statistik,webapi-var-1172-updated-2025-12-02,domain=0000;var=1172;vervar=1100;turvar=0;th=115;turth=0
bps_webapi,sdg08_hourly_wage,total,2026-09-08,2015,province,1200,Sumatera Utara,rupiah_per_hour,10618,Badan Pusat Statistik,webapi-var-1172-updated-2025-12-02,domain=0000;var=1172;vervar=1200;turvar=0;th=115;turth=0
bps_webapi,sdg08_hourly_wage,total,2026-09-08,2015,province,1300,Sumatera Barat,rupiah_per_hour,11241,Badan Pusat Statistik,webapi-var-1172-updated-2025-12-02,domain=0000;var=1172;vervar=1300;turvar=0;th=115;turth=0
bps_webapi,sdg08_hourly_wage,total,2026-09-08,2015,province,1400,Riau,rupiah_per_hour,13303,Badan Pusat Statistik,webapi-var-1172-updated-2025-12-02,domain=0000;var=1172;vervar=1400;turvar=0;th=115;turth=0
bps_webapi,sdg08_hourly_wage,total,2026-09-08,2015,province,1500,Jambi,rupiah_per_hour,12954,Badan Pusat Statistik,webapi-var-1172-updated-2025-12-02,domain=0000;var=1172;vervar=1500;turvar=0;th=115;turth=0
bps_webapi,sdg08_hourly_wage,total,2026-09-08,2015,province,1600,Sumatera Selatan,rupiah_per_hour,11622,Badan Pusat Statistik,webapi-var-1172-updated-2025-12-02,domain=0000;var=1172;vervar=1600;turvar=0;th=115;turth=0
bps_webapi,sdg08_hourly_wage,total,2026-09-08,2015,province,1700,Bengkulu,rupiah_per_hour,12491,Badan Pusat Statistik,webapi-var-1172-updated-2025-12-02,domain=0000;var=1172;vervar=1700;turvar=0;th=115;turth=0
bps_webapi,sdg08_hourly_wage,total,2026-09-08,2015,province,1800,Lampung,rupiah_per_hour,10104,Badan Pusat Statistik,webapi-var-1172-updated-2025-12-02,domain=0000;var=1172;vervar=1800;turvar=0;th=115;turth=0
bps_webapi,sdg08_hourly_wage,total,2026-09-08,2015,province,1900,Kep. Bangka Belitung,rupiah_per_hour,12660,Badan Pusat Statistik,webapi-var-1172-updated-2025-12-02,domain=0000;var=1172;vervar=1900;turvar=0;th=115;turth=0
bps_webapi,sdg08_hourly_wage,total,2026-09-08,2015,province,2100,Kep. Riau,rupiah_per_hour,18863,Badan Pusat Statistik,webapi-var-1172-updated-2025-12-02,domain=0000;var=1172;vervar=2100;turvar=0;th=115;turth=0
bps_webapi,sdg08_hourly_wage,total,2026-09-08,2015,province,3100,Dki Jakarta,rupiah_per_hour,17012,Badan Pusat Statistik,webapi-var-1172-updated-2025-12-02,domain=0000;var=1172;vervar=3100;turvar=0;th=115;turth=0
bps_webapi,sdg08_hourly_wage,total,2026-09-08,2015,province,3200,Jawa Barat,rupiah_per_hour,11247,Badan Pusat Statistik,webapi-var-1172-updated-2025-12-02,domain=0000;var=1172;vervar=3200;turvar=0;th=115;turth=0
bps_webapi,sdg08_hourly_wage,total,2026-09-08,2015,province,3300,Jawa Tengah,rupiah_per_hour,8525,Badan Pusat Statistik,webapi-var-1172-updated-2025-12-02,domain=0000;var=1172;vervar=3300;turvar=0;th=115;turth=0
bps_webapi,sdg08_hourly_wage,total,2026-09-08,2015,province,3400,Di Yogyakarta,rupiah_per_hour,10440,Badan Pusat Statistik,webapi-var-1172-updated-2025-12-02,domain=0000;var=1172;vervar=3400;turvar=0;th=115;turth=0
bps_webapi,sdg08_hourly_wage,total,2026-09-08,2015,province,3500,Jawa Timur,rupiah_per_hour,9214,Badan Pusat Statistik,webapi-var-1172-updated-2025-12-02,domain=0000;var=1172;vervar=3500;turvar=0;th=115;turth=0
bps_webapi,sdg08_hourly_wage,total,2026-09-08,2015,province,3600,Banten,rupiah_per_hour,14228,Badan Pusat Statistik,webapi-var-1172-updated-2025-12-02,domain=0000;var=1172;vervar=3600;turvar=0;th=115;turth=0
bps_webapi,sdg08_hourly_wage,total,2026-09-08,2015,province,5100,Bali,rupiah_per_hour,11038,Badan Pusat Statistik,webapi-var-1172-updated-2025-12-02,domain=0000;var=1172;vervar=5100;turvar=0;th=115;turth=0
bps_webapi,sdg08_hourly_wage,total,2026-09-08,2015,province,5200,Nusa Tenggara Barat,rupiah_per_hour,9187,Badan Pusat Statistik,webapi-var-1172-updated-2025-12-02,domain=0000;var=1172;vervar=5200;turvar=0;th=115;turth=0
bps_webapi,sdg08_hourly_wage,total,2026-09-08,2015,province,5300,Nusa Tenggara Timur,rupiah_per_hour,11436,Badan Pusat Statistik,webapi-var-1172-updated-2025-12-02,domain=0000;var=1172;vervar=5300;turvar=0;th=115;turth=0
bps_webapi,sdg08_hourly_wage,total,2026-09-08,2015,province,6100,Kalimantan Barat,rupiah_per_hour,12671,Badan Pusat Statistik,webapi-var-1172-updated-2025-12-02,domain=0000;var=1172;vervar=6100;turvar=0;th=115;turth=0
bps_webapi,sdg08_hourly_wage,total,2026-09-08,2015,province,6200,Kalimantan Tengah,rupiah_per_hour,14218,Badan Pusat Statistik,webapi-var-1172-updated-2025-12-02,domain=0000;var=1172;vervar=6200;turvar=0;th=115;turth=0
bps_webapi,sdg08_hourly_wage,total,2026-09-08,2015,province,6300,Kalimantan Selatan,rupiah_per_hour,13559,Badan Pusat Statistik,webapi-var-1172-updated-2025-12-02,domain=0000;var=1172;vervar=6300;turvar=0;th=115;turth=0
bps_webapi,sdg08_hourly_wage,total,2026-09-08,2015,province,6400,Kalimantan Timur,rupiah_per_hour,16323,Badan Pusat Statistik,webapi-var-1172-updated-2025-12-02,domain=0000;var=1172;vervar=6400;turvar=0;th=115;turth=0
bps_webapi,sdg08_hourly_wage,total,2026-09-08,2015,province,6500,Kalimantan Utara,rupiah_per_hour,16608,Badan Pusat Statistik,webapi-var-1172-updated-2025-12-02,domain=0000;var=1172;vervar=6500;turvar=0;th=115;turth=0
bps_webapi,sdg08_hourly_wage,total,2026-09-08,2015,province,7100,Sulawesi Utara,rupiah_per_hour,12761,Badan Pusat Statistik,webapi-var-1172-updated-2025-12-02,domain=0000;var=1172;vervar=7100;turvar=0;th=115;turth=0
bps_webapi,sdg08_hourly_wage,total,2026-09-08,2015,province,7200,Sulawesi Tengah,rupiah_per_hour,12365,Badan Pusat Statistik,webapi-var-1172-updated-2025-12-02,domain=0000;var=1172;vervar=7200;turvar=0;th=115;turth=0
bps_webapi,sdg08_hourly_wage,total,2026-09-08,2015,province,7300,Sulawesi Selatan,rupiah_per_hour,12560,Badan Pusat Statistik,webapi-var-1172-updated-2025-12-02,domain=0000;var=1172;vervar=7300;turvar=0;th=115;turth=0
bps_webapi,sdg08_hourly_wage,total,2026-09-08,2015,province,7400,Sulawesi Tenggara,rupiah_per_hour,13661,Badan Pusat Statistik,webapi-var-1172-updated-2025-12-02,domain=0000;var=1172;vervar=7400;turvar=0;th=115;turth=0
bps_webapi,sdg08_hourly_wage,total,2026-09-08,2015,province,7500,Gorontalo,rupiah_per_hour,10030,Badan Pusat Statistik,webapi-var-1172-updated-2025-12-02,domain=0000;var=1172;vervar=7500;turvar=0;th=115;turth=0
bps_webapi,sdg08_hourly_wage,total,2026-09-08,2015,province,7600,Sulawesi Barat,rupiah_per_hour,14171,Badan Pusat Statistik,webapi-var-1172-updated-2025-12-02,domain=0000;var=1172;vervar=7600;turvar=0;th=115;turth=0
bps_webapi,sdg08_hourly_wage,total,2026-09-08,2015,province,8100,Maluku,rupiah_per_hour,14525,Badan Pusat Statistik,webapi-var-1172-updated-2025-12-02,domain=0000;var=1172;vervar=8100;turvar=0;th=115;turth=0
bps_webapi,sdg08_hourly_wage,total,2026-09-08,2015,province,8200,Maluku Utara,rupiah_per_hour,13607,Badan Pusat Statistik,webapi-var-1172-updated-2025-12-02,domain=0000;var=1172;vervar=8200;turvar=0;th=115;turth=0
bps_webapi,sdg08_hourly_wage,total,2026-09-08,2015,province,9100,Papua Barat,rupiah_per_hour,17313,Badan Pusat Statistik,webapi-var-1172-updated-2025-12-02,domain=0000;var=1172;vervar=9100;turvar=0;th=115;turth=0
bps_webapi,sdg08_hourly_wage,total,2026-09-08,2015,province,9400,Papua,rupiah_per_hour,19290,Badan Pusat Statistik,webapi-var-1172-updated-2025-12-02,domain=0000;var=1172;vervar=9400;turvar=0;th=115;turth=0
bps_webapi,sdg08_hourly_wage,total,2026-09-08,2016,national,9999,Indonesia,rupiah_per_hour,14068,Badan Pusat Statistik,webapi-var-1172-updated-2025-12-02,domain=0000;var=1172;vervar=9999;turvar=0;th=116;turth=0
bps_webapi,sdg08_hourly_wage,total,2026-09-08,2016,province,1100,Aceh,rupiah_per_hour,13627,Badan Pusat Statistik,webapi-var-1172-updated-2025-12-02,domain=0000;var=1172;vervar=1100;turvar=0;th=116;turth=0
bps_webapi,sdg08_hourly_wage,total,2026-09-08,2016,province,1200,Sumatera Utara,rupiah_per_hour,11646,Badan Pusat Statistik,webapi-var-1172-updated-2025-12-02,domain=0000;var=1172;vervar=1200;turvar=0;th=116;turth=0
bps_webapi,sdg08_hourly_wage,total,2026-09-08,2016,province,1300,Sumatera Barat,rupiah_per_hour,13206,Badan Pusat Statistik,webapi-var-1172-updated-2025-12-02,domain=0000;var=1172;vervar=1300;turvar=0;th=116;turth=0
bps_webapi,sdg08_hourly_wage,total,2026-09-08,2016,province,1400,Riau,rupiah_per_hour,15506,Badan Pusat Statistik,webapi-var-1172-updated-2025-12-02,domain=0000;var=1172;vervar=1400;turvar=0;th=116;turth=0
bps_webapi,sdg08_hourly_wage,total,2026-09-08,2016,province,1500,Jambi,rupiah_per_hour,13169,Badan Pusat Statistik,webapi-var-1172-updated-2025-12-02,domain=0000;var=1172;vervar=1500;turvar=0;th=116;turth=0
bps_webapi,sdg08_hourly_wage,total,2026-09-08,2016,province,1600,Sumatera Selatan,rupiah_per_hour,12523,Badan Pusat Statistik,webapi-var-1172-updated-2025-12-02,domain=0000;var=1172;vervar=1600;turvar=0;th=116;turth=0
bps_webapi,sdg08_hourly_wage,total,2026-09-08,2016,province,1700,Bengkulu,rupiah_per_hour,13471,Badan Pusat Statistik,webapi-var-1172-updated-2025-12-02,domain=0000;var=1172;vervar=1700;turvar=0;th=116;turth=0
bps_webapi,sdg08_hourly_wage,total,2026-09-08,2016,province,1800,Lampung,rupiah_per_hour,10385,Badan Pusat Statistik,webapi-var-1172-updated-2025-12-02,domain=0000;var=1172;vervar=1800;turvar=0;th=116;turth=0
bps_webapi,sdg08_hourly_wage,total,2026-09-08,2016,province,1900,Kep. Bangka Belitung,rupiah_per_hour,14257,Badan Pusat Statistik,webapi-var-1172-updated-2025-12-02,domain=0000;var=1172;vervar=1900;turvar=0;th=116;turth=0
bps_webapi,sdg08_hourly_wage,total,2026-09-08,2016,province,2100,Kep. Riau,rupiah_per_hour,21019,Badan Pusat Statistik,webapi-var-1172-updated-2025-12-02,domain=0000;var=1172;vervar=2100;turvar=0;th=116;turth=0
bps_webapi,sdg08_hourly_wage,total,2026-09-08,2016,province,3100,Dki Jakarta,rupiah_per_hour,23181,Badan Pusat Statistik,webapi-var-1172-updated-2025-12-02,domain=0000;var=1172;vervar=3100;turvar=0;th=116;turth=0
bps_webapi,sdg08_hourly_wage,total,2026-09-08,2016,province,3200,Jawa Barat,rupiah_per_hour,14791,Badan Pusat Statistik,webapi-var-1172-updated-2025-12-02,domain=0000;var=1172;vervar=3200;turvar=0;th=116;turth=0
bps_webapi,sdg08_hourly_wage,total,2026-09-08,2016,province,3300,Jawa Tengah,rupiah_per_hour,9965,Badan Pusat Statistik,webapi-var-1172-updated-2025-12-02,domain=0000;var=1172;vervar=3300;turvar=0;th=116;turth=0
bps_webapi,sdg08_hourly_wage,total,2026-09-08,2016,province,3400,Di Yogyakarta,rupiah_per_hour,12070,Badan Pusat Statistik,webapi-var-1172-updated-2025-12-02,domain=0000;var=1172;vervar=3400;turvar=0;th=116;turth=0
bps_webapi,sdg08_hourly_wage,total,2026-09-08,2016,province,3500,Jawa Timur,rupiah_per_hour,11226,Badan Pusat Statistik,webapi-var-1172-updated-2025-12-02,domain=0000;var=1172;vervar=3500;turvar=0;th=116;turth=0
bps_webapi,sdg08_hourly_wage,total,2026-09-08,2016,province,3600,Banten,rupiah_per_hour,21033,Badan Pusat Statistik,webapi-var-1172-updated-2025-12-02,domain=0000;var=1172;vervar=3600;turvar=0;th=116;turth=0
bps_webapi,sdg08_hourly_wage,total,2026-09-08,2016,province,5100,Bali,rupiah_per_hour,14852,Badan Pusat Statistik,webapi-var-1172-updated-2025-12-02,domain=0000;var=1172;vervar=5100;turvar=0;th=116;turth=0
bps_webapi,sdg08_hourly_wage,total,2026-09-08,2016,province,5200,Nusa Tenggara Barat,rupiah_per_hour,9940,Badan Pusat Statistik,webapi-var-1172-updated-2025-12-02,domain=0000;var=1172;vervar=5200;turvar=0;th=116;turth=0
bps_webapi,sdg08_hourly_wage,total,2026-09-08,2016,province,5300,Nusa Tenggara Timur,rupiah_per_hour,12868,Badan Pusat Statistik,webapi-var-1172-updated-2025-12-02,domain=0000;var=1172;vervar=5300;turvar=0;th=116;turth=0
bps_webapi,sdg08_hourly_wage,total,2026-09-08,2016,province,6100,Kalimantan Barat,rupiah_per_hour,13580,Badan Pusat Statistik,webapi-var-1172-updated-2025-12-02,domain=0000;var=1172;vervar=6100;turvar=0;th=116;turth=0
bps_webapi,sdg08_hourly_wage,total,2026-09-08,2016,province,6200,Kalimantan Tengah,rupiah_per_hour,16515,Badan Pusat Statistik,webapi-var-1172-updated-2025-12-02,domain=0000;var=1172;vervar=6200;turvar=0;th=116;turth=0
bps_webapi,sdg08_hourly_wage,total,2026-09-08,2016,province,6300,Kalimantan Selatan,rupiah_per_hour,14007,Badan Pusat Statistik,webapi-var-1172-updated-2025-12-02,domain=0000;var=1172;vervar=6300;turvar=0;th=116;turth=0
bps_webapi,sdg08_hourly_wage,total,2026-09-08,2016,province,6400,Kalimantan Timur,rupiah_per_hour,18514,Badan Pusat Statistik,webapi-var-1172-updated-2025-12-02,domain=0000;var=1172;vervar=6400;turvar=0;th=116;turth=0
bps_webapi,sdg08_hourly_wage,total,2026-09-08,2016,province,6500,Kalimantan Utara,rupiah_per_hour,17547,Badan Pusat Statistik,webapi-var-1172-updated-2025-12-02,domain=0000;var=1172;vervar=6500;turvar=0;th=116;turth=0
bps_webapi,sdg08_hourly_wage,total,2026-09-08,2016,province,7100,Sulawesi Utara,rupiah_per_hour,16046,Badan Pusat Statistik,webapi-var-1172-updated-2025-12-02,domain=0000;var=1172;vervar=7100;turvar=0;th=116;turth=0
bps_webapi,sdg08_hourly_wage,total,2026-09-08,2016,province,7200,Sulawesi Tengah,rupiah_per_hour,13238,Badan Pusat Statistik,webapi-var-1172-updated-2025-12-02,domain=0000;var=1172;vervar=7200;turvar=0;th=116;turth=0
bps_webapi,sdg08_hourly_wage,total,2026-09-08,2016,province,7300,Sulawesi Selatan,rupiah_per_hour,14827,Badan Pusat Statistik,webapi-var-1172-updated-2025-12-02,domain=0000;var=1172;vervar=7300;turvar=0;th=116;turth=0
bps_webapi,sdg08_hourly_wage,total,2026-09-08,2016,province,7400,Sulawesi Tenggara,rupiah_per_hour,23444,Badan Pusat Statistik,webapi-var-1172-updated-2025-12-02,domain=0000;var=1172;vervar=7400;turvar=0;th=116;turth=0
bps_webapi,sdg08_hourly_wage,total,2026-09-08,2016,province,7500,Gorontalo,rupiah_per_hour,13088,Badan Pusat Statistik,webapi-var-1172-updated-2025-12-02,domain=0000;var=1172;vervar=7500;turvar=0;th=116;turth=0
bps_webapi,sdg08_hourly_wage,total,2026-09-08,2016,province,7600,Sulawesi Barat,rupiah_per_hour,11730,Badan Pusat Statistik,webapi-var-1172-updated-2025-12-02,domain=0000;var=1172;vervar=7600;turvar=0;th=116;turth=0
bps_webapi,sdg08_hourly_wage,total,2026-09-08,2016,province,8100,Maluku,rupiah_per_hour,16153,Badan Pusat Statistik,webapi-var-1172-updated-2025-12-02,domain=0000;var=1172;vervar=8100;turvar=0;th=116;turth=0
bps_webapi,sdg08_hourly_wage,total,2026-09-08,2016,province,8200,Maluku Utara,rupiah_per_hour,15226,Badan Pusat Statistik,webapi-var-1172-updated-2025-12-02,domain=0000;var=1172;vervar=8200;turvar=0;th=116;turth=0
bps_webapi,sdg08_hourly_wage,total,2026-09-08,2016,province,9100,Papua Barat,rupiah_per_hour,18314,Badan Pusat Statistik,webapi-var-1172-updated-2025-12-02,domain=0000;var=1172;vervar=9100;turvar=0;th=116;turth=0
bps_webapi,sdg08_hourly_wage,total,2026-09-08,2016,province,9400,Papua,rupiah_per_hour,22961,Badan Pusat Statistik,webapi-var-1172-updated-2025-12-02,domain=0000;var=1172;vervar=9400;turvar=0;th=116;turth=0
bps_webapi,sdg08_hourly_wage,total,2026-09-08,2017,national,9999,Indonesia,rupiah_per_hour,14731,Badan Pusat Statistik,webapi-var-1172-updated-2025-12-02,domain=0000;var=1172;vervar=9999;turvar=0;th=117;turth=0
bps_webapi,sdg08_hourly_wage,total,2026-09-08,2017,province,1100,Aceh,rupiah_per_hour,14809,Badan Pusat Statistik,webapi-var-1172-updated-2025-12-02,domain=0000;var=1172;vervar=1100;turvar=0;th=117;turth=0
bps_webapi,sdg08_hourly_wage,total,2026-09-08,2017,province,1200,Sumatera Utara,rupiah_per_hour,13396,Badan Pusat Statistik,webapi-var-1172-updated-2025-12-02,domain=0000;var=1172;vervar=1200;turvar=0;th=117;turth=0
bps_webapi,sdg08_hourly_wage,total,2026-09-08,2017,province,1300,Sumatera Barat,rupiah_per_hour,14378,Badan Pusat Statistik,webapi-var-1172-updated-2025-12-02,domain=0000;var=1172;vervar=1300;turvar=0;th=117;turth=0
bps_webapi,sdg08_hourly_wage,total,2026-09-08,2017,province,1400,Riau,rupiah_per_hour,15182,Badan Pusat Statistik,webapi-var-1172-updated-2025-12-02,domain=0000;var=1172;vervar=1400;turvar=0;th=117;turth=0
bps_webapi,sdg08_hourly_wage,total,2026-09-08,2017,province,1500,Jambi,rupiah_per_hour,14326,Badan Pusat Statistik,webapi-var-1172-updated-2025-12-02,domain=0000;var=1172;vervar=1500;turvar=0;th=117;turth=0
bps_webapi,sdg08_hourly_wage,total,2026-09-08,2017,province,1600,Sumatera Selatan,rupiah_per_hour,12690,Badan Pusat Statistik,webapi-var-1172-updated-2025-12-02,domain=0000;var=1172;vervar=1600;turvar=0;th=117;turth=0
bps_webapi,sdg08_hourly_wage,total,2026-09-08,2017,province,1700,Bengkulu,rupiah_per_hour,14011,Badan Pusat Statistik,webapi-var-1172-updated-2025-12-02,domain=0000;var=1172;vervar=1700;turvar=0;th=117;turth=0
bps_webapi,sdg08_hourly_wage,total,2026-09-08,2017,province,1800,Lampung,rupiah_per_hour,11234,Badan Pusat Statistik,webapi-var-1172-updated-2025-12-02,domain=0000;var=1172;vervar=1800;turvar=0;th=117;turth=0
bps_webapi,sdg08_hourly_wage,total,2026-09-08,2017,province,1900,Kep. Bangka Belitung,rupiah_per_hour,14822,Badan Pusat Statistik,webapi-var-1172-updated-2025-12-02,domain=0000;var=1172;vervar=1900;turvar=0;th=117;turth=0
bps_webapi,sdg08_hourly_wage,total,2026-09-08,2017,province,2100,Kep. Riau,rupiah_per_hour,19832,Badan Pusat Statistik,webapi-var-1172-updated-2025-12-02,domain=0000;var=1172;vervar=2100;turvar=0;th=117;turth=0
bps_webapi,sdg08_hourly_wage,total,2026-09-08,2017,province,3100,Dki Jakarta,rupiah_per_hour,23826,Badan Pusat Statistik,webapi-var-1172-updated-2025-12-02,domain=0000;var=1172;vervar=3100;turvar=0;th=117;turth=0
bps_webapi,sdg08_hourly_wage,total,2026-09-08,2017,province,3200,Jawa Barat,rupiah_per_hour,16202,Badan Pusat Statistik,webapi-var-1172-updated-2025-12-02,domain=0000;var=1172;vervar=3200;turvar=0;th=117;turth=0
bps_webapi,sdg08_hourly_wage,total,2026-09-08,2017,province,3300,Jawa Tengah,rupiah_per_hour,10569,Badan Pusat Statistik,webapi-var-1172-updated-2025-12-02,domain=0000;var=1172;vervar=3300;turvar=0;th=117;turth=0
bps_webapi,sdg08_hourly_wage,total,2026-09-08,2017,province,3400,Di Yogyakarta,rupiah_per_hour,12281,Badan Pusat Statistik,webapi-var-1172-updated-2025-12-02,domain=0000;var=1172;vervar=3400;turvar=0;th=117;turth=0
bps_webapi,sdg08_hourly_wage,total,2026-09-08,2017,province,3500,Jawa Timur,rupiah_per_hour,11883,Badan Pusat Statistik,webapi-var-1172-updated-2025-12-02,domain=0000;var=1172;vervar=3500;turvar=0;th=117;turth=0
bps_webapi,sdg08_hourly_wage,total,2026-09-08,2017,province,3600,Banten,rupiah_per_hour,19719,Badan Pusat Statistik,webapi-var-1172-updated-2025-12-02,domain=0000;var=1172;vervar=3600;turvar=0;th=117;turth=0
bps_webapi,sdg08_hourly_wage,total,2026-09-08,2017,province,5100,Bali,rupiah_per_hour,15624,Badan Pusat Statistik,webapi-var-1172-updated-2025-12-02,domain=0000;var=1172;vervar=5100;turvar=0;th=117;turth=0
bps_webapi,sdg08_hourly_wage,total,2026-09-08,2017,province,5200,Nusa Tenggara Barat,rupiah_per_hour,10962,Badan Pusat Statistik,webapi-var-1172-updated-2025-12-02,domain=0000;var=1172;vervar=5200;turvar=0;th=117;turth=0
bps_webapi,sdg08_hourly_wage,total,2026-09-08,2017,province,5300,Nusa Tenggara Timur,rupiah_per_hour,12281,Badan Pusat Statistik,webapi-var-1172-updated-2025-12-02,domain=0000;var=1172;vervar=5300;turvar=0;th=117;turth=0
bps_webapi,sdg08_hourly_wage,total,2026-09-08,2017,province,6100,Kalimantan Barat,rupiah_per_hour,14734,Badan Pusat Statistik,webapi-var-1172-updated-2025-12-02,domain=0000;var=1172;vervar=6100;turvar=0;th=117;turth=0
bps_webapi,sdg08_hourly_wage,total,2026-09-08,2017,province,6200,Kalimantan Tengah,rupiah_per_hour,16737,Badan Pusat Statistik,webapi-var-1172-updated-2025-12-02,domain=0000;var=1172;vervar=6200;turvar=0;th=117;turth=0
bps_webapi,sdg08_hourly_wage,total,2026-09-08,2017,province,6300,Kalimantan Selatan,rupiah_per_hour,15507,Badan Pusat Statistik,webapi-var-1172-updated-2025-12-02,domain=0000;var=1172;vervar=6300;turvar=0;th=117;turth=0
bps_webapi,sdg08_hourly_wage,total,2026-09-08,2017,province,6400,Kalimantan Timur,rupiah_per_hour,21864,Badan Pusat Statistik,webapi-var-1172-updated-2025-12-02,domain=0000;var=1172;vervar=6400;turvar=0;th=117;turth=0
bps_webapi,sdg08_hourly_wage,total,2026-09-08,2017,province,6500,Kalimantan Utara,rupiah_per_hour,20392,Badan Pusat Statistik,webapi-var-1172-updated-2025-12-02,domain=0000;var=1172;vervar=6500;turvar=0;th=117;turth=0
bps_webapi,sdg08_hourly_wage,total,2026-09-08,2017,province,7100,Sulawesi Utara,rupiah_per_hour,17112,Badan Pusat Statistik,webapi-var-1172-updated-2025-12-02,domain=0000;var=1172;vervar=7100;turvar=0;th=117;turth=0
bps_webapi,sdg08_hourly_wage,total,2026-09-08,2017,province,7200,Sulawesi Tengah,rupiah_per_hour,13770,Badan Pusat Statistik,webapi-var-1172-updated-2025-12-02,domain=0000;var=1172;vervar=7200;turvar=0;th=117;turth=0
bps_webapi,sdg08_hourly_wage,total,2026-09-08,2017,province,7300,Sulawesi Selatan,rupiah_per_hour,15841,Badan Pusat Statistik,webapi-var-1172-updated-2025-12-02,domain=0000;var=1172;vervar=7300;turvar=0;th=117;turth=0
bps_webapi,sdg08_hourly_wage,total,2026-09-08,2017,province,7400,Sulawesi Tenggara,rupiah_per_hour,16604,Badan Pusat Statistik,webapi-var-1172-updated-2025-12-02,domain=0000;var=1172;vervar=7400;turvar=0;th=117;turth=0
bps_webapi,sdg08_hourly_wage,total,2026-09-08,2017,province,7500,Gorontalo,rupiah_per_hour,12784,Badan Pusat Statistik,webapi-var-1172-updated-2025-12-02,domain=0000;var=1172;vervar=7500;turvar=0;th=117;turth=0
bps_webapi,sdg08_hourly_wage,total,2026-09-08,2017,province,7600,Sulawesi Barat,rupiah_per_hour,12741,Badan Pusat Statistik,webapi-var-1172-updated-2025-12-02,domain=0000;var=1172;vervar=7600;turvar=0;th=117;turth=0
bps_webapi,sdg08_hourly_wage,total,2026-09-08,2017,province,8100,Maluku,rupiah_per_hour,16275,Badan Pusat Statistik,webapi-var-1172-updated-2025-12-02,domain=0000;var=1172;vervar=8100;turvar=0;th=117;turth=0
bps_webapi,sdg08_hourly_wage,total,2026-09-08,2017,province,8200,Maluku Utara,rupiah_per_hour,15760,Badan Pusat Statistik,webapi-var-1172-updated-2025-12-02,domain=0000;var=1172;vervar=8200;turvar=0;th=117;turth=0
bps_webapi,sdg08_hourly_wage,total,2026-09-08,2017,province,9100,Papua Barat,rupiah_per_hour,19911,Badan Pusat Statistik,webapi-var-1172-updated-2025-12-02,domain=0000;var=1172;vervar=9100;turvar=0;th=117;turth=0
bps_webapi,sdg08_hourly_wage,total,2026-09-08,2017,province,9400,Papua,rupiah_per_hour,25657,Badan Pusat Statistik,webapi-var-1172-updated-2025-12-02,domain=0000;var=1172;vervar=9400;turvar=0;th=117;turth=0
bps_webapi,sdg08_hourly_wage,total,2026-09-08,2018,national,9999,Indonesia,rupiah_per_hour,15275,Badan Pusat Statistik,webapi-var-1172-updated-2025-12-02,domain=0000;var=1172;vervar=9999;turvar=0;th=118;turth=0
bps_webapi,sdg08_hourly_wage,total,2026-09-08,2018,province,1100,Aceh,rupiah_per_hour,13814,Badan Pusat Statistik,webapi-var-1172-updated-2025-12-02,domain=0000;var=1172;vervar=1100;turvar=0;th=118;turth=0
bps_webapi,sdg08_hourly_wage,total,2026-09-08,2018,province,1200,Sumatera Utara,rupiah_per_hour,13257,Badan Pusat Statistik,webapi-var-1172-updated-2025-12-02,domain=0000;var=1172;vervar=1200;turvar=0;th=118;turth=0
bps_webapi,sdg08_hourly_wage,total,2026-09-08,2018,province,1300,Sumatera Barat,rupiah_per_hour,14431,Badan Pusat Statistik,webapi-var-1172-updated-2025-12-02,domain=0000;var=1172;vervar=1300;turvar=0;th=118;turth=0
bps_webapi,sdg08_hourly_wage,total,2026-09-08,2018,province,1400,Riau,rupiah_per_hour,15613,Badan Pusat Statistik,webapi-var-1172-updated-2025-12-02,domain=0000;var=1172;vervar=1400;turvar=0;th=118;turth=0
bps_webapi,sdg08_hourly_wage,total,2026-09-08,2018,province,1500,Jambi,rupiah_per_hour,14007,Badan Pusat Statistik,webapi-var-1172-updated-2025-12-02,domain=0000;var=1172;vervar=1500;turvar=0;th=118;turth=0
bps_webapi,sdg08_hourly_wage,total,2026-09-08,2018,province,1600,Sumatera Selatan,rupiah_per_hour,13214,Badan Pusat Statistik,webapi-var-1172-updated-2025-12-02,domain=0000;var=1172;vervar=1600;turvar=0;th=118;turth=0
bps_webapi,sdg08_hourly_wage,total,2026-09-08,2018,province,1700,Bengkulu,rupiah_per_hour,14353,Badan Pusat Statistik,webapi-var-1172-updated-2025-12-02,domain=0000;var=1172;vervar=1700;turvar=0;th=118;turth=0
bps_webapi,sdg08_hourly_wage,total,2026-09-08,2018,province,1800,Lampung,rupiah_per_hour,11779,Badan Pusat Statistik,webapi-var-1172-updated-2025-12-02,domain=0000;var=1172;vervar=1800;turvar=0;th=118;turth=0
bps_webapi,sdg08_hourly_wage,total,2026-09-08,2018,province,1900,Kep. Bangka Belitung,rupiah_per_hour,15818,Badan Pusat Statistik,webapi-var-1172-updated-2025-12-02,domain=0000;var=1172;vervar=1900;turvar=0;th=118;turth=0
bps_webapi,sdg08_hourly_wage,total,2026-09-08,2018,province,2100,Kep. Riau,rupiah_per_hour,23212,Badan Pusat Statistik,webapi-var-1172-updated-2025-12-02,domain=0000;var=1172;vervar=2100;turvar=0;th=118;turth=0
bps_webapi,sdg08_hourly_wage,total,2026-09-08,2018,province,3100,Dki Jakarta,rupiah_per_hour,25238,Badan Pusat Statistik,webapi-var-1172-updated-2025-12-02,domain=0000;var=1172;vervar=3100;turvar=0;th=118;turth=0
bps_webapi,sdg08_hourly_wage,total,2026-09-08,2018,province,3200,Jawa Barat,rupiah_per_hour,16843,Badan Pusat Statistik,webapi-var-1172-updated-2025-12-02,domain=0000;var=1172;vervar=3200;turvar=0;th=118;turth=0
bps_webapi,sdg08_hourly_wage,total,2026-09-08,2018,province,3300,Jawa Tengah,rupiah_per_hour,11417,Badan Pusat Statistik,webapi-var-1172-updated-2025-12-02,domain=0000;var=1172;vervar=3300;turvar=0;th=118;turth=0
bps_webapi,sdg08_hourly_wage,total,2026-09-08,2018,province,3400,Di Yogyakarta,rupiah_per_hour,12554,Badan Pusat Statistik,webapi-var-1172-updated-2025-12-02,domain=0000;var=1172;vervar=3400;turvar=0;th=118;turth=0
bps_webapi,sdg08_hourly_wage,total,2026-09-08,2018,province,3500,Jawa Timur,rupiah_per_hour,12561,Badan Pusat Statistik,webapi-var-1172-updated-2025-12-02,domain=0000;var=1172;vervar=3500;turvar=0;th=118;turth=0
bps_webapi,sdg08_hourly_wage,total,2026-09-08,2018,province,3600,Banten,rupiah_per_hour,20565,Badan Pusat Statistik,webapi-var-1172-updated-2025-12-02,domain=0000;var=1172;vervar=3600;turvar=0;th=118;turth=0
bps_webapi,sdg08_hourly_wage,total,2026-09-08,2018,province,5100,Bali,rupiah_per_hour,15889,Badan Pusat Statistik,webapi-var-1172-updated-2025-12-02,domain=0000;var=1172;vervar=5100;turvar=0;th=118;turth=0
bps_webapi,sdg08_hourly_wage,total,2026-09-08,2018,province,5200,Nusa Tenggara Barat,rupiah_per_hour,11359,Badan Pusat Statistik,webapi-var-1172-updated-2025-12-02,domain=0000;var=1172;vervar=5200;turvar=0;th=118;turth=0
bps_webapi,sdg08_hourly_wage,total,2026-09-08,2018,province,5300,Nusa Tenggara Timur,rupiah_per_hour,12318,Badan Pusat Statistik,webapi-var-1172-updated-2025-12-02,domain=0000;var=1172;vervar=5300;turvar=0;th=118;turth=0
bps_webapi,sdg08_hourly_wage,total,2026-09-08,2018,province,6100,Kalimantan Barat,rupiah_per_hour,14614,Badan Pusat Statistik,webapi-var-1172-updated-2025-12-02,domain=0000;var=1172;vervar=6100;turvar=0;th=118;turth=0
bps_webapi,sdg08_hourly_wage,total,2026-09-08,2018,province,6200,Kalimantan Tengah,rupiah_per_hour,17489,Badan Pusat Statistik,webapi-var-1172-updated-2025-12-02,domain=0000;var=1172;vervar=6200;turvar=0;th=118;turth=0
bps_webapi,sdg08_hourly_wage,total,2026-09-08,2018,province,6300,Kalimantan Selatan,rupiah_per_hour,15735,Badan Pusat Statistik,webapi-var-1172-updated-2025-12-02,domain=0000;var=1172;vervar=6300;turvar=0;th=118;turth=0
bps_webapi,sdg08_hourly_wage,total,2026-09-08,2018,province,6400,Kalimantan Timur,rupiah_per_hour,21303,Badan Pusat Statistik,webapi-var-1172-updated-2025-12-02,domain=0000;var=1172;vervar=6400;turvar=0;th=118;turth=0
bps_webapi,sdg08_hourly_wage,total,2026-09-08,2018,province,6500,Kalimantan Utara,rupiah_per_hour,18931,Badan Pusat Statistik,webapi-var-1172-updated-2025-12-02,domain=0000;var=1172;vervar=6500;turvar=0;th=118;turth=0
bps_webapi,sdg08_hourly_wage,total,2026-09-08,2018,province,7100,Sulawesi Utara,rupiah_per_hour,16954,Badan Pusat Statistik,webapi-var-1172-updated-2025-12-02,domain=0000;var=1172;vervar=7100;turvar=0;th=118;turth=0
bps_webapi,sdg08_hourly_wage,total,2026-09-08,2018,province,7200,Sulawesi Tengah,rupiah_per_hour,13462,Badan Pusat Statistik,webapi-var-1172-updated-2025-12-02,domain=0000;var=1172;vervar=7200;turvar=0;th=118;turth=0
bps_webapi,sdg08_hourly_wage,total,2026-09-08,2018,province,7300,Sulawesi Selatan,rupiah_per_hour,15777,Badan Pusat Statistik,webapi-var-1172-updated-2025-12-02,domain=0000;var=1172;vervar=7300;turvar=0;th=118;turth=0
bps_webapi,sdg08_hourly_wage,total,2026-09-08,2018,province,7400,Sulawesi Tenggara,rupiah_per_hour,15944,Badan Pusat Statistik,webapi-var-1172-updated-2025-12-02,domain=0000;var=1172;vervar=7400;turvar=0;th=118;turth=0
bps_webapi,sdg08_hourly_wage,total,2026-09-08,2018,province,7500,Gorontalo,rupiah_per_hour,11891,Badan Pusat Statistik,webapi-var-1172-updated-2025-12-02,domain=0000;var=1172;vervar=7500;turvar=0;th=118;turth=0
bps_webapi,sdg08_hourly_wage,total,2026-09-08,2018,province,7600,Sulawesi Barat,rupiah_per_hour,12144,Badan Pusat Statistik,webapi-var-1172-updated-2025-12-02,domain=0000;var=1172;vervar=7600;turvar=0;th=118;turth=0
bps_webapi,sdg08_hourly_wage,total,2026-09-08,2018,province,8100,Maluku,rupiah_per_hour,14923,Badan Pusat Statistik,webapi-var-1172-updated-2025-12-02,domain=0000;var=1172;vervar=8100;turvar=0;th=118;turth=0
bps_webapi,sdg08_hourly_wage,total,2026-09-08,2018,province,8200,Maluku Utara,rupiah_per_hour,15864,Badan Pusat Statistik,webapi-var-1172-updated-2025-12-02,domain=0000;var=1172;vervar=8200;turvar=0;th=118;turth=0
bps_webapi,sdg08_hourly_wage,total,2026-09-08,2018,province,9100,Papua Barat,rupiah_per_hour,21727,Badan Pusat Statistik,webapi-var-1172-updated-2025-12-02,domain=0000;var=1172;vervar=9100;turvar=0;th=118;turth=0
bps_webapi,sdg08_hourly_wage,total,2026-09-08,2018,province,9400,Papua,rupiah_per_hour,25987,Badan Pusat Statistik,webapi-var-1172-updated-2025-12-02,domain=0000;var=1172;vervar=9400;turvar=0;th=118;turth=0
bps_webapi,sdg08_hourly_wage,total,2026-09-08,2019,national,9999,Indonesia,rupiah_per_hour,15823,Badan Pusat Statistik,webapi-var-1172-updated-2025-12-02,domain=0000;var=1172;vervar=9999;turvar=0;th=119;turth=0
bps_webapi,sdg08_hourly_wage,total,2026-09-08,2019,province,1100,Aceh,rupiah_per_hour,15065,Badan Pusat Statistik,webapi-var-1172-updated-2025-12-02,domain=0000;var=1172;vervar=1100;turvar=0;th=119;turth=0
bps_webapi,sdg08_hourly_wage,total,2026-09-08,2019,province,1200,Sumatera Utara,rupiah_per_hour,14061,Badan Pusat Statistik,webapi-var-1172-updated-2025-12-02,domain=0000;var=1172;vervar=1200;turvar=0;th=119;turth=0
bps_webapi,sdg08_hourly_wage,total,2026-09-08,2019,province,1300,Sumatera Barat,rupiah_per_hour,15210,Badan Pusat Statistik,webapi-var-1172-updated-2025-12-02,domain=0000;var=1172;vervar=1300;turvar=0;th=119;turth=0
bps_webapi,sdg08_hourly_wage,total,2026-09-08,2019,province,1400,Riau,rupiah_per_hour,16270,Badan Pusat Statistik,webapi-var-1172-updated-2025-12-02,domain=0000;var=1172;vervar=1400;turvar=0;th=119;turth=0
bps_webapi,sdg08_hourly_wage,total,2026-09-08,2019,province,1500,Jambi,rupiah_per_hour,14304,Badan Pusat Statistik,webapi-var-1172-updated-2025-12-02,domain=0000;var=1172;vervar=1500;turvar=0;th=119;turth=0
bps_webapi,sdg08_hourly_wage,total,2026-09-08,2019,province,1600,Sumatera Selatan,rupiah_per_hour,13580,Badan Pusat Statistik,webapi-var-1172-updated-2025-12-02,domain=0000;var=1172;vervar=1600;turvar=0;th=119;turth=0
bps_webapi,sdg08_hourly_wage,total,2026-09-08,2019,province,1700,Bengkulu,rupiah_per_hour,14511,Badan Pusat Statistik,webapi-var-1172-updated-2025-12-02,domain=0000;var=1172;vervar=1700;turvar=0;th=119;turth=0
bps_webapi,sdg08_hourly_wage,total,2026-09-08,2019,province,1800,Lampung,rupiah_per_hour,12575,Badan Pusat Statistik,webapi-var-1172-updated-2025-12-02,domain=0000;var=1172;vervar=1800;turvar=0;th=119;turth=0
bps_webapi,sdg08_hourly_wage,total,2026-09-08,2019,province,1900,Kep. Bangka Belitung,rupiah_per_hour,17373,Badan Pusat Statistik,webapi-var-1172-updated-2025-12-02,domain=0000;var=1172;vervar=1900;turvar=0;th=119;turth=0
bps_webapi,sdg08_hourly_wage,total,2026-09-08,2019,province,2100,Kep. Riau,rupiah_per_hour,22912,Badan Pusat Statistik,webapi-var-1172-updated-2025-12-02,domain=0000;var=1172;vervar=2100;turvar=0;th=119;turth=0
bps_webapi,sdg08_hourly_wage,total,2026-09-08,2019,province,3100,Dki Jakarta,rupiah_per_hour,25236,Badan Pusat Statistik,webapi-var-1172-updated-2025-12-02,domain=0000;var=1172;vervar=3100;turvar=0;th=119;turth=0
bps_webapi,sdg08_hourly_wage,total,2026-09-08,2019,province,3200,Jawa Barat,rupiah_per_hour,17365,Badan Pusat Statistik,webapi-var-1172-updated-2025-12-02,domain=0000;var=1172;vervar=3200;turvar=0;th=119;turth=0
bps_webapi,sdg08_hourly_wage,total,2026-09-08,2019,province,3300,Jawa Tengah,rupiah_per_hour,11828,Badan Pusat Statistik,webapi-var-1172-updated-2025-12-02,domain=0000;var=1172;vervar=3300;turvar=0;th=119;turth=0
bps_webapi,sdg08_hourly_wage,total,2026-09-08,2019,province,3400,Di Yogyakarta,rupiah_per_hour,13275,Badan Pusat Statistik,webapi-var-1172-updated-2025-12-02,domain=0000;var=1172;vervar=3400;turvar=0;th=119;turth=0
bps_webapi,sdg08_hourly_wage,total,2026-09-08,2019,province,3500,Jawa Timur,rupiah_per_hour,13119,Badan Pusat Statistik,webapi-var-1172-updated-2025-12-02,domain=0000;var=1172;vervar=3500;turvar=0;th=119;turth=0
bps_webapi,sdg08_hourly_wage,total,2026-09-08,2019,province,3600,Banten,rupiah_per_hour,21003,Badan Pusat Statistik,webapi-var-1172-updated-2025-12-02,domain=0000;var=1172;vervar=3600;turvar=0;th=119;turth=0
bps_webapi,sdg08_hourly_wage,total,2026-09-08,2019,province,5100,Bali,rupiah_per_hour,16408,Badan Pusat Statistik,webapi-var-1172-updated-2025-12-02,domain=0000;var=1172;vervar=5100;turvar=0;th=119;turth=0
bps_webapi,sdg08_hourly_wage,total,2026-09-08,2019,province,5200,Nusa Tenggara Barat,rupiah_per_hour,11954,Badan Pusat Statistik,webapi-var-1172-updated-2025-12-02,domain=0000;var=1172;vervar=5200;turvar=0;th=119;turth=0
bps_webapi,sdg08_hourly_wage,total,2026-09-08,2019,province,5300,Nusa Tenggara Timur,rupiah_per_hour,12610,Badan Pusat Statistik,webapi-var-1172-updated-2025-12-02,domain=0000;var=1172;vervar=5300;turvar=0;th=119;turth=0
bps_webapi,sdg08_hourly_wage,total,2026-09-08,2019,province,6100,Kalimantan Barat,rupiah_per_hour,15309,Badan Pusat Statistik,webapi-var-1172-updated-2025-12-02,domain=0000;var=1172;vervar=6100;turvar=0;th=119;turth=0
bps_webapi,sdg08_hourly_wage,total,2026-09-08,2019,province,6200,Kalimantan Tengah,rupiah_per_hour,18090,Badan Pusat Statistik,webapi-var-1172-updated-2025-12-02,domain=0000;var=1172;vervar=6200;turvar=0;th=119;turth=0
bps_webapi,sdg08_hourly_wage,total,2026-09-08,2019,province,6300,Kalimantan Selatan,rupiah_per_hour,16517,Badan Pusat Statistik,webapi-var-1172-updated-2025-12-02,domain=0000;var=1172;vervar=6300;turvar=0;th=119;turth=0
bps_webapi,sdg08_hourly_wage,total,2026-09-08,2019,province,6400,Kalimantan Timur,rupiah_per_hour,21691,Badan Pusat Statistik,webapi-var-1172-updated-2025-12-02,domain=0000;var=1172;vervar=6400;turvar=0;th=119;turth=0
bps_webapi,sdg08_hourly_wage,total,2026-09-08,2019,province,6500,Kalimantan Utara,rupiah_per_hour,20639,Badan Pusat Statistik,webapi-var-1172-updated-2025-12-02,domain=0000;var=1172;vervar=6500;turvar=0;th=119;turth=0
bps_webapi,sdg08_hourly_wage,total,2026-09-08,2019,province,7100,Sulawesi Utara,rupiah_per_hour,18350,Badan Pusat Statistik,webapi-var-1172-updated-2025-12-02,domain=0000;var=1172;vervar=7100;turvar=0;th=119;turth=0
bps_webapi,sdg08_hourly_wage,total,2026-09-08,2019,province,7200,Sulawesi Tengah,rupiah_per_hour,14682,Badan Pusat Statistik,webapi-var-1172-updated-2025-12-02,domain=0000;var=1172;vervar=7200;turvar=0;th=119;turth=0
bps_webapi,sdg08_hourly_wage,total,2026-09-08,2019,province,7300,Sulawesi Selatan,rupiah_per_hour,17105,Badan Pusat Statistik,webapi-var-1172-updated-2025-12-02,domain=0000;var=1172;vervar=7300;turvar=0;th=119;turth=0
bps_webapi,sdg08_hourly_wage,total,2026-09-08,2019,province,7400,Sulawesi Tenggara,rupiah_per_hour,15849,Badan Pusat Statistik,webapi-var-1172-updated-2025-12-02,domain=0000;var=1172;vervar=7400;turvar=0;th=119;turth=0
bps_webapi,sdg08_hourly_wage,total,2026-09-08,2019,province,7500,Gorontalo,rupiah_per_hour,13492,Badan Pusat Statistik,webapi-var-1172-updated-2025-12-02,domain=0000;var=1172;vervar=7500;turvar=0;th=119;turth=0
bps_webapi,sdg08_hourly_wage,total,2026-09-08,2019,province,7600,Sulawesi Barat,rupiah_per_hour,13126,Badan Pusat Statistik,webapi-var-1172-updated-2025-12-02,domain=0000;var=1172;vervar=7600;turvar=0;th=119;turth=0
bps_webapi,sdg08_hourly_wage,total,2026-09-08,2019,province,8100,Maluku,rupiah_per_hour,17306,Badan Pusat Statistik,webapi-var-1172-updated-2025-12-02,domain=0000;var=1172;vervar=8100;turvar=0;th=119;turth=0
bps_webapi,sdg08_hourly_wage,total,2026-09-08,2019,province,8200,Maluku Utara,rupiah_per_hour,17425,Badan Pusat Statistik,webapi-var-1172-updated-2025-12-02,domain=0000;var=1172;vervar=8200;turvar=0;th=119;turth=0
bps_webapi,sdg08_hourly_wage,total,2026-09-08,2019,province,9100,Papua Barat,rupiah_per_hour,22987,Badan Pusat Statistik,webapi-var-1172-updated-2025-12-02,domain=0000;var=1172;vervar=9100;turvar=0;th=119;turth=0
bps_webapi,sdg08_hourly_wage,total,2026-09-08,2019,province,9400,Papua,rupiah_per_hour,24984,Badan Pusat Statistik,webapi-var-1172-updated-2025-12-02,domain=0000;var=1172;vervar=9400;turvar=0;th=119;turth=0
bps_webapi,sdg08_hourly_wage,total,2026-09-08,2020,national,9999,Indonesia,rupiah_per_hour,17696,Badan Pusat Statistik,webapi-var-1172-updated-2025-12-02,domain=0000;var=1172;vervar=9999;turvar=0;th=120;turth=0
bps_webapi,sdg08_hourly_wage,total,2026-09-08,2020,province,1100,Aceh,rupiah_per_hour,18099,Badan Pusat Statistik,webapi-var-1172-updated-2025-12-02,domain=0000;var=1172;vervar=1100;turvar=0;th=120;turth=0
bps_webapi,sdg08_hourly_wage,total,2026-09-08,2020,province,1200,Sumatera Utara,rupiah_per_hour,15949,Badan Pusat Statistik,webapi-var-1172-updated-2025-12-02,domain=0000;var=1172;vervar=1200;turvar=0;th=120;turth=0
bps_webapi,sdg08_hourly_wage,total,2026-09-08,2020,province,1300,Sumatera Barat,rupiah_per_hour,17571,Badan Pusat Statistik,webapi-var-1172-updated-2025-12-02,domain=0000;var=1172;vervar=1300;turvar=0;th=120;turth=0
bps_webapi,sdg08_hourly_wage,total,2026-09-08,2020,province,1400,Riau,rupiah_per_hour,18411,Badan Pusat Statistik,webapi-var-1172-updated-2025-12-02,domain=0000;var=1172;vervar=1400;turvar=0;th=120;turth=0
bps_webapi,sdg08_hourly_wage,total,2026-09-08,2020,province,1500,Jambi,rupiah_per_hour,15840,Badan Pusat Statistik,webapi-var-1172-updated-2025-12-02,domain=0000;var=1172;vervar=1500;turvar=0;th=120;turth=0
bps_webapi,sdg08_hourly_wage,total,2026-09-08,2020,province,1600,Sumatera Selatan,rupiah_per_hour,15072,Badan Pusat Statistik,webapi-var-1172-updated-2025-12-02,domain=0000;var=1172;vervar=1600;turvar=0;th=120;turth=0
bps_webapi,sdg08_hourly_wage,total,2026-09-08,2020,province,1700,Bengkulu,rupiah_per_hour,17407,Badan Pusat Statistik,webapi-var-1172-updated-2025-12-02,domain=0000;var=1172;vervar=1700;turvar=0;th=120;turth=0
bps_webapi,sdg08_hourly_wage,total,2026-09-08,2020,province,1800,Lampung,rupiah_per_hour,14912,Badan Pusat Statistik,webapi-var-1172-updated-2025-12-02,domain=0000;var=1172;vervar=1800;turvar=0;th=120;turth=0
bps_webapi,sdg08_hourly_wage,total,2026-09-08,2020,province,1900,Kep. Bangka Belitung,rupiah_per_hour,15763,Badan Pusat Statistik,webapi-var-1172-updated-2025-12-02,domain=0000;var=1172;vervar=1900;turvar=0;th=120;turth=0
bps_webapi,sdg08_hourly_wage,total,2026-09-08,2020,province,2100,Kep. Riau,rupiah_per_hour,25032,Badan Pusat Statistik,webapi-var-1172-updated-2025-12-02,domain=0000;var=1172;vervar=2100;turvar=0;th=120;turth=0
bps_webapi,sdg08_hourly_wage,total,2026-09-08,2020,province,3100,Dki Jakarta,rupiah_per_hour,28420,Badan Pusat Statistik,webapi-var-1172-updated-2025-12-02,domain=0000;var=1172;vervar=3100;turvar=0;th=120;turth=0
bps_webapi,sdg08_hourly_wage,total,2026-09-08,2020,province,3200,Jawa Barat,rupiah_per_hour,19078,Badan Pusat Statistik,webapi-var-1172-updated-2025-12-02,domain=0000;var=1172;vervar=3200;turvar=0;th=120;turth=0
bps_webapi,sdg08_hourly_wage,total,2026-09-08,2020,province,3300,Jawa Tengah,rupiah_per_hour,12707,Badan Pusat Statistik,webapi-var-1172-updated-2025-12-02,domain=0000;var=1172;vervar=3300;turvar=0;th=120;turth=0
bps_webapi,sdg08_hourly_wage,total,2026-09-08,2020,province,3400,Di Yogyakarta,rupiah_per_hour,15771,Badan Pusat Statistik,webapi-var-1172-updated-2025-12-02,domain=0000;var=1172;vervar=3400;turvar=0;th=120;turth=0
bps_webapi,sdg08_hourly_wage,total,2026-09-08,2020,province,3500,Jawa Timur,rupiah_per_hour,14389,Badan Pusat Statistik,webapi-var-1172-updated-2025-12-02,domain=0000;var=1172;vervar=3500;turvar=0;th=120;turth=0
bps_webapi,sdg08_hourly_wage,total,2026-09-08,2020,province,3600,Banten,rupiah_per_hour,23035,Badan Pusat Statistik,webapi-var-1172-updated-2025-12-02,domain=0000;var=1172;vervar=3600;turvar=0;th=120;turth=0
bps_webapi,sdg08_hourly_wage,total,2026-09-08,2020,province,5100,Bali,rupiah_per_hour,17775,Badan Pusat Statistik,webapi-var-1172-updated-2025-12-02,domain=0000;var=1172;vervar=5100;turvar=0;th=120;turth=0
bps_webapi,sdg08_hourly_wage,total,2026-09-08,2020,province,5200,Nusa Tenggara Barat,rupiah_per_hour,13627,Badan Pusat Statistik,webapi-var-1172-updated-2025-12-02,domain=0000;var=1172;vervar=5200;turvar=0;th=120;turth=0
bps_webapi,sdg08_hourly_wage,total,2026-09-08,2020,province,5300,Nusa Tenggara Timur,rupiah_per_hour,17696,Badan Pusat Statistik,webapi-var-1172-updated-2025-12-02,domain=0000;var=1172;vervar=5300;turvar=0;th=120;turth=0
bps_webapi,sdg08_hourly_wage,total,2026-09-08,2020,province,6100,Kalimantan Barat,rupiah_per_hour,16098,Badan Pusat Statistik,webapi-var-1172-updated-2025-12-02,domain=0000;var=1172;vervar=6100;turvar=0;th=120;turth=0
bps_webapi,sdg08_hourly_wage,total,2026-09-08,2020,province,6200,Kalimantan Tengah,rupiah_per_hour,20677,Badan Pusat Statistik,webapi-var-1172-updated-2025-12-02,domain=0000;var=1172;vervar=6200;turvar=0;th=120;turth=0
bps_webapi,sdg08_hourly_wage,total,2026-09-08,2020,province,6300,Kalimantan Selatan,rupiah_per_hour,18863,Badan Pusat Statistik,webapi-var-1172-updated-2025-12-02,domain=0000;var=1172;vervar=6300;turvar=0;th=120;turth=0
bps_webapi,sdg08_hourly_wage,total,2026-09-08,2020,province,6400,Kalimantan Timur,rupiah_per_hour,24097,Badan Pusat Statistik,webapi-var-1172-updated-2025-12-02,domain=0000;var=1172;vervar=6400;turvar=0;th=120;turth=0
bps_webapi,sdg08_hourly_wage,total,2026-09-08,2020,province,6500,Kalimantan Utara,rupiah_per_hour,26002,Badan Pusat Statistik,webapi-var-1172-updated-2025-12-02,domain=0000;var=1172;vervar=6500;turvar=0;th=120;turth=0
bps_webapi,sdg08_hourly_wage,total,2026-09-08,2020,province,7100,Sulawesi Utara,rupiah_per_hour,21390,Badan Pusat Statistik,webapi-var-1172-updated-2025-12-02,domain=0000;var=1172;vervar=7100;turvar=0;th=120;turth=0
bps_webapi,sdg08_hourly_wage,total,2026-09-08,2020,province,7200,Sulawesi Tengah,rupiah_per_hour,18140,Badan Pusat Statistik,webapi-var-1172-updated-2025-12-02,domain=0000;var=1172;vervar=7200;turvar=0;th=120;turth=0
bps_webapi,sdg08_hourly_wage,total,2026-09-08,2020,province,7300,Sulawesi Selatan,rupiah_per_hour,19172,Badan Pusat Statistik,webapi-var-1172-updated-2025-12-02,domain=0000;var=1172;vervar=7300;turvar=0;th=120;turth=0
bps_webapi,sdg08_hourly_wage,total,2026-09-08,2020,province,7400,Sulawesi Tenggara,rupiah_per_hour,20449,Badan Pusat Statistik,webapi-var-1172-updated-2025-12-02,domain=0000;var=1172;vervar=7400;turvar=0;th=120;turth=0
bps_webapi,sdg08_hourly_wage,total,2026-09-08,2020,province,7500,Gorontalo,rupiah_per_hour,15128,Badan Pusat Statistik,webapi-var-1172-updated-2025-12-02,domain=0000;var=1172;vervar=7500;turvar=0;th=120;turth=0
bps_webapi,sdg08_hourly_wage,total,2026-09-08,2020,province,7600,Sulawesi Barat,rupiah_per_hour,18136,Badan Pusat Statistik,webapi-var-1172-updated-2025-12-02,domain=0000;var=1172;vervar=7600;turvar=0;th=120;turth=0
bps_webapi,sdg08_hourly_wage,total,2026-09-08,2020,province,8100,Maluku,rupiah_per_hour,26198,Badan Pusat Statistik,webapi-var-1172-updated-2025-12-02,domain=0000;var=1172;vervar=8100;turvar=0;th=120;turth=0
bps_webapi,sdg08_hourly_wage,total,2026-09-08,2020,province,8200,Maluku Utara,rupiah_per_hour,23338,Badan Pusat Statistik,webapi-var-1172-updated-2025-12-02,domain=0000;var=1172;vervar=8200;turvar=0;th=120;turth=0
bps_webapi,sdg08_hourly_wage,total,2026-09-08,2020,province,9100,Papua Barat,rupiah_per_hour,27904,Badan Pusat Statistik,webapi-var-1172-updated-2025-12-02,domain=0000;var=1172;vervar=9100;turvar=0;th=120;turth=0
bps_webapi,sdg08_hourly_wage,total,2026-09-08,2020,province,9400,Papua,rupiah_per_hour,32138,Badan Pusat Statistik,webapi-var-1172-updated-2025-12-02,domain=0000;var=1172;vervar=9400;turvar=0;th=120;turth=0
bps_webapi,sdg08_hourly_wage,total,2026-09-08,2021,national,9999,Indonesia,rupiah_per_hour,18089,Badan Pusat Statistik,webapi-var-1172-updated-2025-12-02,domain=0000;var=1172;vervar=9999;turvar=0;th=121;turth=0
bps_webapi,sdg08_hourly_wage,total,2026-09-08,2021,province,1100,Aceh,rupiah_per_hour,17037,Badan Pusat Statistik,webapi-var-1172-updated-2025-12-02,domain=0000;var=1172;vervar=1100;turvar=0;th=121;turth=0
bps_webapi,sdg08_hourly_wage,total,2026-09-08,2021,province,1200,Sumatera Utara,rupiah_per_hour,15486,Badan Pusat Statistik,webapi-var-1172-updated-2025-12-02,domain=0000;var=1172;vervar=1200;turvar=0;th=121;turth=0
bps_webapi,sdg08_hourly_wage,total,2026-09-08,2021,province,1300,Sumatera Barat,rupiah_per_hour,16630,Badan Pusat Statistik,webapi-var-1172-updated-2025-12-02,domain=0000;var=1172;vervar=1300;turvar=0;th=121;turth=0
bps_webapi,sdg08_hourly_wage,total,2026-09-08,2021,province,1400,Riau,rupiah_per_hour,19144,Badan Pusat Statistik,webapi-var-1172-updated-2025-12-02,domain=0000;var=1172;vervar=1400;turvar=0;th=121;turth=0
bps_webapi,sdg08_hourly_wage,total,2026-09-08,2021,province,1500,Jambi,rupiah_per_hour,16043,Badan Pusat Statistik,webapi-var-1172-updated-2025-12-02,domain=0000;var=1172;vervar=1500;turvar=0;th=121;turth=0
bps_webapi,sdg08_hourly_wage,total,2026-09-08,2021,province,1600,Sumatera Selatan,rupiah_per_hour,15873,Badan Pusat Statistik,webapi-var-1172-updated-2025-12-02,domain=0000;var=1172;vervar=1600;turvar=0;th=121;turth=0
bps_webapi,sdg08_hourly_wage,total,2026-09-08,2021,province,1700,Bengkulu,rupiah_per_hour,18271,Badan Pusat Statistik,webapi-var-1172-updated-2025-12-02,domain=0000;var=1172;vervar=1700;turvar=0;th=121;turth=0
bps_webapi,sdg08_hourly_wage,total,2026-09-08,2021,province,1800,Lampung,rupiah_per_hour,15224,Badan Pusat Statistik,webapi-var-1172-updated-2025-12-02,domain=0000;var=1172;vervar=1800;turvar=0;th=121;turth=0
bps_webapi,sdg08_hourly_wage,total,2026-09-08,2021,province,1900,Kep. Bangka Belitung,rupiah_per_hour,17692,Badan Pusat Statistik,webapi-var-1172-updated-2025-12-02,domain=0000;var=1172;vervar=1900;turvar=0;th=121;turth=0
bps_webapi,sdg08_hourly_wage,total,2026-09-08,2021,province,2100,Kep. Riau,rupiah_per_hour,25736,Badan Pusat Statistik,webapi-var-1172-updated-2025-12-02,domain=0000;var=1172;vervar=2100;turvar=0;th=121;turth=0
bps_webapi,sdg08_hourly_wage,total,2026-09-08,2021,province,3100,Dki Jakarta,rupiah_per_hour,30662,Badan Pusat Statistik,webapi-var-1172-updated-2025-12-02,domain=0000;var=1172;vervar=3100;turvar=0;th=121;turth=0
bps_webapi,sdg08_hourly_wage,total,2026-09-08,2021,province,3200,Jawa Barat,rupiah_per_hour,19716,Badan Pusat Statistik,webapi-var-1172-updated-2025-12-02,domain=0000;var=1172;vervar=3200;turvar=0;th=121;turth=0
bps_webapi,sdg08_hourly_wage,total,2026-09-08,2021,province,3300,Jawa Tengah,rupiah_per_hour,13072,Badan Pusat Statistik,webapi-var-1172-updated-2025-12-02,domain=0000;var=1172;vervar=3300;turvar=0;th=121;turth=0
bps_webapi,sdg08_hourly_wage,total,2026-09-08,2021,province,3400,Di Yogyakarta,rupiah_per_hour,15098,Badan Pusat Statistik,webapi-var-1172-updated-2025-12-02,domain=0000;var=1172;vervar=3400;turvar=0;th=121;turth=0
bps_webapi,sdg08_hourly_wage,total,2026-09-08,2021,province,3500,Jawa Timur,rupiah_per_hour,14789,Badan Pusat Statistik,webapi-var-1172-updated-2025-12-02,domain=0000;var=1172;vervar=3500;turvar=0;th=121;turth=0
bps_webapi,sdg08_hourly_wage,total,2026-09-08,2021,province,3600,Banten,rupiah_per_hour,24839,Badan Pusat Statistik,webapi-var-1172-updated-2025-12-02,domain=0000;var=1172;vervar=3600;turvar=0;th=121;turth=0
bps_webapi,sdg08_hourly_wage,total,2026-09-08,2021,province,5100,Bali,rupiah_per_hour,17662,Badan Pusat Statistik,webapi-var-1172-updated-2025-12-02,domain=0000;var=1172;vervar=5100;turvar=0;th=121;turth=0
bps_webapi,sdg08_hourly_wage,total,2026-09-08,2021,province,5200,Nusa Tenggara Barat,rupiah_per_hour,12992,Badan Pusat Statistik,webapi-var-1172-updated-2025-12-02,domain=0000;var=1172;vervar=5200;turvar=0;th=121;turth=0
bps_webapi,sdg08_hourly_wage,total,2026-09-08,2021,province,5300,Nusa Tenggara Timur,rupiah_per_hour,16386,Badan Pusat Statistik,webapi-var-1172-updated-2025-12-02,domain=0000;var=1172;vervar=5300;turvar=0;th=121;turth=0
bps_webapi,sdg08_hourly_wage,total,2026-09-08,2021,province,6100,Kalimantan Barat,rupiah_per_hour,16127,Badan Pusat Statistik,webapi-var-1172-updated-2025-12-02,domain=0000;var=1172;vervar=6100;turvar=0;th=121;turth=0
bps_webapi,sdg08_hourly_wage,total,2026-09-08,2021,province,6200,Kalimantan Tengah,rupiah_per_hour,21040,Badan Pusat Statistik,webapi-var-1172-updated-2025-12-02,domain=0000;var=1172;vervar=6200;turvar=0;th=121;turth=0
bps_webapi,sdg08_hourly_wage,total,2026-09-08,2021,province,6300,Kalimantan Selatan,rupiah_per_hour,18874,Badan Pusat Statistik,webapi-var-1172-updated-2025-12-02,domain=0000;var=1172;vervar=6300;turvar=0;th=121;turth=0
bps_webapi,sdg08_hourly_wage,total,2026-09-08,2021,province,6400,Kalimantan Timur,rupiah_per_hour,23943,Badan Pusat Statistik,webapi-var-1172-updated-2025-12-02,domain=0000;var=1172;vervar=6400;turvar=0;th=121;turth=0
bps_webapi,sdg08_hourly_wage,total,2026-09-08,2021,province,6500,Kalimantan Utara,rupiah_per_hour,22972,Badan Pusat Statistik,webapi-var-1172-updated-2025-12-02,domain=0000;var=1172;vervar=6500;turvar=0;th=121;turth=0
bps_webapi,sdg08_hourly_wage,total,2026-09-08,2021,province,7100,Sulawesi Utara,rupiah_per_hour,20963,Badan Pusat Statistik,webapi-var-1172-updated-2025-12-02,domain=0000;var=1172;vervar=7100;turvar=0;th=121;turth=0
bps_webapi,sdg08_hourly_wage,total,2026-09-08,2021,province,7200,Sulawesi Tengah,rupiah_per_hour,20637,Badan Pusat Statistik,webapi-var-1172-updated-2025-12-02,domain=0000;var=1172;vervar=7200;turvar=0;th=121;turth=0
bps_webapi,sdg08_hourly_wage,total,2026-09-08,2021,province,7300,Sulawesi Selatan,rupiah_per_hour,19217,Badan Pusat Statistik,webapi-var-1172-updated-2025-12-02,domain=0000;var=1172;vervar=7300;turvar=0;th=121;turth=0
bps_webapi,sdg08_hourly_wage,total,2026-09-08,2021,province,7400,Sulawesi Tenggara,rupiah_per_hour,19302,Badan Pusat Statistik,webapi-var-1172-updated-2025-12-02,domain=0000;var=1172;vervar=7400;turvar=0;th=121;turth=0
bps_webapi,sdg08_hourly_wage,total,2026-09-08,2021,province,7500,Gorontalo,rupiah_per_hour,14613,Badan Pusat Statistik,webapi-var-1172-updated-2025-12-02,domain=0000;var=1172;vervar=7500;turvar=0;th=121;turth=0
bps_webapi,sdg08_hourly_wage,total,2026-09-08,2021,province,7600,Sulawesi Barat,rupiah_per_hour,18072,Badan Pusat Statistik,webapi-var-1172-updated-2025-12-02,domain=0000;var=1172;vervar=7600;turvar=0;th=121;turth=0
bps_webapi,sdg08_hourly_wage,total,2026-09-08,2021,province,8100,Maluku,rupiah_per_hour,21156,Badan Pusat Statistik,webapi-var-1172-updated-2025-12-02,domain=0000;var=1172;vervar=8100;turvar=0;th=121;turth=0
bps_webapi,sdg08_hourly_wage,total,2026-09-08,2021,province,8200,Maluku Utara,rupiah_per_hour,21131,Badan Pusat Statistik,webapi-var-1172-updated-2025-12-02,domain=0000;var=1172;vervar=8200;turvar=0;th=121;turth=0
bps_webapi,sdg08_hourly_wage,total,2026-09-08,2021,province,9100,Papua Barat,rupiah_per_hour,29600,Badan Pusat Statistik,webapi-var-1172-updated-2025-12-02,domain=0000;var=1172;vervar=9100;turvar=0;th=121;turth=0
bps_webapi,sdg08_hourly_wage,total,2026-09-08,2021,province,9400,Papua,rupiah_per_hour,30382,Badan Pusat Statistik,webapi-var-1172-updated-2025-12-02,domain=0000;var=1172;vervar=9400;turvar=0;th=121;turth=0
bps_webapi,sdg08_hourly_wage,total,2026-09-08,2022,national,9999,Indonesia,rupiah_per_hour,17542,Badan Pusat Statistik,webapi-var-1172-updated-2025-12-02,domain=0000;var=1172;vervar=9999;turvar=0;th=122;turth=0
bps_webapi,sdg08_hourly_wage,total,2026-09-08,2022,province,1100,Aceh,rupiah_per_hour,16772,Badan Pusat Statistik,webapi-var-1172-updated-2025-12-02,domain=0000;var=1172;vervar=1100;turvar=0;th=122;turth=0
bps_webapi,sdg08_hourly_wage,total,2026-09-08,2022,province,1200,Sumatera Utara,rupiah_per_hour,15131,Badan Pusat Statistik,webapi-var-1172-updated-2025-12-02,domain=0000;var=1172;vervar=1200;turvar=0;th=122;turth=0
bps_webapi,sdg08_hourly_wage,total,2026-09-08,2022,province,1300,Sumatera Barat,rupiah_per_hour,15887,Badan Pusat Statistik,webapi-var-1172-updated-2025-12-02,domain=0000;var=1172;vervar=1300;turvar=0;th=122;turth=0
bps_webapi,sdg08_hourly_wage,total,2026-09-08,2022,province,1400,Riau,rupiah_per_hour,18626,Badan Pusat Statistik,webapi-var-1172-updated-2025-12-02,domain=0000;var=1172;vervar=1400;turvar=0;th=122;turth=0
bps_webapi,sdg08_hourly_wage,total,2026-09-08,2022,province,1500,Jambi,rupiah_per_hour,16042,Badan Pusat Statistik,webapi-var-1172-updated-2025-12-02,domain=0000;var=1172;vervar=1500;turvar=0;th=122;turth=0
bps_webapi,sdg08_hourly_wage,total,2026-09-08,2022,province,1600,Sumatera Selatan,rupiah_per_hour,15978,Badan Pusat Statistik,webapi-var-1172-updated-2025-12-02,domain=0000;var=1172;vervar=1600;turvar=0;th=122;turth=0
bps_webapi,sdg08_hourly_wage,total,2026-09-08,2022,province,1700,Bengkulu,rupiah_per_hour,16501,Badan Pusat Statistik,webapi-var-1172-updated-2025-12-02,domain=0000;var=1172;vervar=1700;turvar=0;th=122;turth=0
bps_webapi,sdg08_hourly_wage,total,2026-09-08,2022,province,1800,Lampung,rupiah_per_hour,13218,Badan Pusat Statistik,webapi-var-1172-updated-2025-12-02,domain=0000;var=1172;vervar=1800;turvar=0;th=122;turth=0
bps_webapi,sdg08_hourly_wage,total,2026-09-08,2022,province,1900,Kep. Bangka Belitung,rupiah_per_hour,18132,Badan Pusat Statistik,webapi-var-1172-updated-2025-12-02,domain=0000;var=1172;vervar=1900;turvar=0;th=122;turth=0
bps_webapi,sdg08_hourly_wage,total,2026-09-08,2022,province,2100,Kep. Riau,rupiah_per_hour,23528,Badan Pusat Statistik,webapi-var-1172-updated-2025-12-02,domain=0000;var=1172;vervar=2100;turvar=0;th=122;turth=0
bps_webapi,sdg08_hourly_wage,total,2026-09-08,2022,province,3100,Dki Jakarta,rupiah_per_hour,32685,Badan Pusat Statistik,webapi-var-1172-updated-2025-12-02,domain=0000;var=1172;vervar=3100;turvar=0;th=122;turth=0
bps_webapi,sdg08_hourly_wage,total,2026-09-08,2022,province,3200,Jawa Barat,rupiah_per_hour,19038,Badan Pusat Statistik,webapi-var-1172-updated-2025-12-02,domain=0000;var=1172;vervar=3200;turvar=0;th=122;turth=0
bps_webapi,sdg08_hourly_wage,total,2026-09-08,2022,province,3300,Jawa Tengah,rupiah_per_hour,12604,Badan Pusat Statistik,webapi-var-1172-updated-2025-12-02,domain=0000;var=1172;vervar=3300;turvar=0;th=122;turth=0
bps_webapi,sdg08_hourly_wage,total,2026-09-08,2022,province,3400,Di Yogyakarta,rupiah_per_hour,14916,Badan Pusat Statistik,webapi-var-1172-updated-2025-12-02,domain=0000;var=1172;vervar=3400;turvar=0;th=122;turth=0
bps_webapi,sdg08_hourly_wage,total,2026-09-08,2022,province,3500,Jawa Timur,rupiah_per_hour,15119,Badan Pusat Statistik,webapi-var-1172-updated-2025-12-02,domain=0000;var=1172;vervar=3500;turvar=0;th=122;turth=0
bps_webapi,sdg08_hourly_wage,total,2026-09-08,2022,province,3600,Banten,rupiah_per_hour,23880,Badan Pusat Statistik,webapi-var-1172-updated-2025-12-02,domain=0000;var=1172;vervar=3600;turvar=0;th=122;turth=0
bps_webapi,sdg08_hourly_wage,total,2026-09-08,2022,province,5100,Bali,rupiah_per_hour,16857,Badan Pusat Statistik,webapi-var-1172-updated-2025-12-02,domain=0000;var=1172;vervar=5100;turvar=0;th=122;turth=0
bps_webapi,sdg08_hourly_wage,total,2026-09-08,2022,province,5200,Nusa Tenggara Barat,rupiah_per_hour,11734,Badan Pusat Statistik,webapi-var-1172-updated-2025-12-02,domain=0000;var=1172;vervar=5200;turvar=0;th=122;turth=0
bps_webapi,sdg08_hourly_wage,total,2026-09-08,2022,province,5300,Nusa Tenggara Timur,rupiah_per_hour,13012,Badan Pusat Statistik,webapi-var-1172-updated-2025-12-02,domain=0000;var=1172;vervar=5300;turvar=0;th=122;turth=0
bps_webapi,sdg08_hourly_wage,total,2026-09-08,2022,province,6100,Kalimantan Barat,rupiah_per_hour,16337,Badan Pusat Statistik,webapi-var-1172-updated-2025-12-02,domain=0000;var=1172;vervar=6100;turvar=0;th=122;turth=0
bps_webapi,sdg08_hourly_wage,total,2026-09-08,2022,province,6200,Kalimantan Tengah,rupiah_per_hour,19795,Badan Pusat Statistik,webapi-var-1172-updated-2025-12-02,domain=0000;var=1172;vervar=6200;turvar=0;th=122;turth=0
bps_webapi,sdg08_hourly_wage,total,2026-09-08,2022,province,6300,Kalimantan Selatan,rupiah_per_hour,18661,Badan Pusat Statistik,webapi-var-1172-updated-2025-12-02,domain=0000;var=1172;vervar=6300;turvar=0;th=122;turth=0
bps_webapi,sdg08_hourly_wage,total,2026-09-08,2022,province,6400,Kalimantan Timur,rupiah_per_hour,22281,Badan Pusat Statistik,webapi-var-1172-updated-2025-12-02,domain=0000;var=1172;vervar=6400;turvar=0;th=122;turth=0
bps_webapi,sdg08_hourly_wage,total,2026-09-08,2022,province,6500,Kalimantan Utara,rupiah_per_hour,20320,Badan Pusat Statistik,webapi-var-1172-updated-2025-12-02,domain=0000;var=1172;vervar=6500;turvar=0;th=122;turth=0
bps_webapi,sdg08_hourly_wage,total,2026-09-08,2022,province,7100,Sulawesi Utara,rupiah_per_hour,18335,Badan Pusat Statistik,webapi-var-1172-updated-2025-12-02,domain=0000;var=1172;vervar=7100;turvar=0;th=122;turth=0
bps_webapi,sdg08_hourly_wage,total,2026-09-08,2022,province,7200,Sulawesi Tengah,rupiah_per_hour,15890,Badan Pusat Statistik,webapi-var-1172-updated-2025-12-02,domain=0000;var=1172;vervar=7200;turvar=0;th=122;turth=0
bps_webapi,sdg08_hourly_wage,total,2026-09-08,2022,province,7300,Sulawesi Selatan,rupiah_per_hour,17257,Badan Pusat Statistik,webapi-var-1172-updated-2025-12-02,domain=0000;var=1172;vervar=7300;turvar=0;th=122;turth=0
bps_webapi,sdg08_hourly_wage,total,2026-09-08,2022,province,7400,Sulawesi Tenggara,rupiah_per_hour,17542,Badan Pusat Statistik,webapi-var-1172-updated-2025-12-02,domain=0000;var=1172;vervar=7400;turvar=0;th=122;turth=0
bps_webapi,sdg08_hourly_wage,total,2026-09-08,2022,province,7500,Gorontalo,rupiah_per_hour,14289,Badan Pusat Statistik,webapi-var-1172-updated-2025-12-02,domain=0000;var=1172;vervar=7500;turvar=0;th=122;turth=0
bps_webapi,sdg08_hourly_wage,total,2026-09-08,2022,province,7600,Sulawesi Barat,rupiah_per_hour,14774,Badan Pusat Statistik,webapi-var-1172-updated-2025-12-02,domain=0000;var=1172;vervar=7600;turvar=0;th=122;turth=0
bps_webapi,sdg08_hourly_wage,total,2026-09-08,2022,province,8100,Maluku,rupiah_per_hour,17006,Badan Pusat Statistik,webapi-var-1172-updated-2025-12-02,domain=0000;var=1172;vervar=8100;turvar=0;th=122;turth=0
bps_webapi,sdg08_hourly_wage,total,2026-09-08,2022,province,8200,Maluku Utara,rupiah_per_hour,18278,Badan Pusat Statistik,webapi-var-1172-updated-2025-12-02,domain=0000;var=1172;vervar=8200;turvar=0;th=122;turth=0
bps_webapi,sdg08_hourly_wage,total,2026-09-08,2022,province,9100,Papua Barat,rupiah_per_hour,24128,Badan Pusat Statistik,webapi-var-1172-updated-2025-12-02,domain=0000;var=1172;vervar=9100;turvar=0;th=122;turth=0
bps_webapi,sdg08_hourly_wage,total,2026-09-08,2022,province,9400,Papua,rupiah_per_hour,24097,Badan Pusat Statistik,webapi-var-1172-updated-2025-12-02,domain=0000;var=1172;vervar=9400;turvar=0;th=122;turth=0
bps_webapi,sdg08_hourly_wage,total,2026-09-08,2023,national,9999,Indonesia,rupiah_per_hour,19027,Badan Pusat Statistik,webapi-var-1172-updated-2025-12-02,domain=0000;var=1172;vervar=9999;turvar=0;th=123;turth=0
bps_webapi,sdg08_hourly_wage,total,2026-09-08,2023,province,1100,Aceh,rupiah_per_hour,17585,Badan Pusat Statistik,webapi-var-1172-updated-2025-12-02,domain=0000;var=1172;vervar=1100;turvar=0;th=123;turth=0
bps_webapi,sdg08_hourly_wage,total,2026-09-08,2023,province,1200,Sumatera Utara,rupiah_per_hour,17609,Badan Pusat Statistik,webapi-var-1172-updated-2025-12-02,domain=0000;var=1172;vervar=1200;turvar=0;th=123;turth=0
bps_webapi,sdg08_hourly_wage,total,2026-09-08,2023,province,1300,Sumatera Barat,rupiah_per_hour,16694,Badan Pusat Statistik,webapi-var-1172-updated-2025-12-02,domain=0000;var=1172;vervar=1300;turvar=0;th=123;turth=0
bps_webapi,sdg08_hourly_wage,total,2026-09-08,2023,province,1400,Riau,rupiah_per_hour,18413,Badan Pusat Statistik,webapi-var-1172-updated-2025-12-02,domain=0000;var=1172;vervar=1400;turvar=0;th=123;turth=0
bps_webapi,sdg08_hourly_wage,total,2026-09-08,2023,province,1500,Jambi,rupiah_per_hour,17596,Badan Pusat Statistik,webapi-var-1172-updated-2025-12-02,domain=0000;var=1172;vervar=1500;turvar=0;th=123;turth=0
bps_webapi,sdg08_hourly_wage,total,2026-09-08,2023,province,1600,Sumatera Selatan,rupiah_per_hour,16273,Badan Pusat Statistik,webapi-var-1172-updated-2025-12-02,domain=0000;var=1172;vervar=1600;turvar=0;th=123;turth=0
bps_webapi,sdg08_hourly_wage,total,2026-09-08,2023,province,1700,Bengkulu,rupiah_per_hour,17410,Badan Pusat Statistik,webapi-var-1172-updated-2025-12-02,domain=0000;var=1172;vervar=1700;turvar=0;th=123;turth=0
bps_webapi,sdg08_hourly_wage,total,2026-09-08,2023,province,1800,Lampung,rupiah_per_hour,13958,Badan Pusat Statistik,webapi-var-1172-updated-2025-12-02,domain=0000;var=1172;vervar=1800;turvar=0;th=123;turth=0
bps_webapi,sdg08_hourly_wage,total,2026-09-08,2023,province,1900,Kep. Bangka Belitung,rupiah_per_hour,20141,Badan Pusat Statistik,webapi-var-1172-updated-2025-12-02,domain=0000;var=1172;vervar=1900;turvar=0;th=123;turth=0
bps_webapi,sdg08_hourly_wage,total,2026-09-08,2023,province,2100,Kep. Riau,rupiah_per_hour,27640,Badan Pusat Statistik,webapi-var-1172-updated-2025-12-02,domain=0000;var=1172;vervar=2100;turvar=0;th=123;turth=0
bps_webapi,sdg08_hourly_wage,total,2026-09-08,2023,province,3100,Dki Jakarta,rupiah_per_hour,42354,Badan Pusat Statistik,webapi-var-1172-updated-2025-12-02,domain=0000;var=1172;vervar=3100;turvar=0;th=123;turth=0
bps_webapi,sdg08_hourly_wage,total,2026-09-08,2023,province,3200,Jawa Barat,rupiah_per_hour,21194,Badan Pusat Statistik,webapi-var-1172-updated-2025-12-02,domain=0000;var=1172;vervar=3200;turvar=0;th=123;turth=0
bps_webapi,sdg08_hourly_wage,total,2026-09-08,2023,province,3300,Jawa Tengah,rupiah_per_hour,13381,Badan Pusat Statistik,webapi-var-1172-updated-2025-12-02,domain=0000;var=1172;vervar=3300;turvar=0;th=123;turth=0
bps_webapi,sdg08_hourly_wage,total,2026-09-08,2023,province,3400,Di Yogyakarta,rupiah_per_hour,16478,Badan Pusat Statistik,webapi-var-1172-updated-2025-12-02,domain=0000;var=1172;vervar=3400;turvar=0;th=123;turth=0
bps_webapi,sdg08_hourly_wage,total,2026-09-08,2023,province,3500,Jawa Timur,rupiah_per_hour,15155,Badan Pusat Statistik,webapi-var-1172-updated-2025-12-02,domain=0000;var=1172;vervar=3500;turvar=0;th=123;turth=0
bps_webapi,sdg08_hourly_wage,total,2026-09-08,2023,province,3600,Banten,rupiah_per_hour,24685,Badan Pusat Statistik,webapi-var-1172-updated-2025-12-02,domain=0000;var=1172;vervar=3600;turvar=0;th=123;turth=0
bps_webapi,sdg08_hourly_wage,total,2026-09-08,2023,province,5100,Bali,rupiah_per_hour,18521,Badan Pusat Statistik,webapi-var-1172-updated-2025-12-02,domain=0000;var=1172;vervar=5100;turvar=0;th=123;turth=0
bps_webapi,sdg08_hourly_wage,total,2026-09-08,2023,province,5200,Nusa Tenggara Barat,rupiah_per_hour,12933,Badan Pusat Statistik,webapi-var-1172-updated-2025-12-02,domain=0000;var=1172;vervar=5200;turvar=0;th=123;turth=0
bps_webapi,sdg08_hourly_wage,total,2026-09-08,2023,province,5300,Nusa Tenggara Timur,rupiah_per_hour,14770,Badan Pusat Statistik,webapi-var-1172-updated-2025-12-02,domain=0000;var=1172;vervar=5300;turvar=0;th=123;turth=0
bps_webapi,sdg08_hourly_wage,total,2026-09-08,2023,province,6100,Kalimantan Barat,rupiah_per_hour,19303,Badan Pusat Statistik,webapi-var-1172-updated-2025-12-02,domain=0000;var=1172;vervar=6100;turvar=0;th=123;turth=0
bps_webapi,sdg08_hourly_wage,total,2026-09-08,2023,province,6200,Kalimantan Tengah,rupiah_per_hour,20257,Badan Pusat Statistik,webapi-var-1172-updated-2025-12-02,domain=0000;var=1172;vervar=6200;turvar=0;th=123;turth=0
bps_webapi,sdg08_hourly_wage,total,2026-09-08,2023,province,6300,Kalimantan Selatan,rupiah_per_hour,18938,Badan Pusat Statistik,webapi-var-1172-updated-2025-12-02,domain=0000;var=1172;vervar=6300;turvar=0;th=123;turth=0
bps_webapi,sdg08_hourly_wage,total,2026-09-08,2023,province,6400,Kalimantan Timur,rupiah_per_hour,22509,Badan Pusat Statistik,webapi-var-1172-updated-2025-12-02,domain=0000;var=1172;vervar=6400;turvar=0;th=123;turth=0
bps_webapi,sdg08_hourly_wage,total,2026-09-08,2023,province,6500,Kalimantan Utara,rupiah_per_hour,22366,Badan Pusat Statistik,webapi-var-1172-updated-2025-12-02,domain=0000;var=1172;vervar=6500;turvar=0;th=123;turth=0
bps_webapi,sdg08_hourly_wage,total,2026-09-08,2023,province,7100,Sulawesi Utara,rupiah_per_hour,19270,Badan Pusat Statistik,webapi-var-1172-updated-2025-12-02,domain=0000;var=1172;vervar=7100;turvar=0;th=123;turth=0
bps_webapi,sdg08_hourly_wage,total,2026-09-08,2023,province,7200,Sulawesi Tengah,rupiah_per_hour,16392,Badan Pusat Statistik,webapi-var-1172-updated-2025-12-02,domain=0000;var=1172;vervar=7200;turvar=0;th=123;turth=0
bps_webapi,sdg08_hourly_wage,total,2026-09-08,2023,province,7300,Sulawesi Selatan,rupiah_per_hour,17776,Badan Pusat Statistik,webapi-var-1172-updated-2025-12-02,domain=0000;var=1172;vervar=7300;turvar=0;th=123;turth=0
bps_webapi,sdg08_hourly_wage,total,2026-09-08,2023,province,7400,Sulawesi Tenggara,rupiah_per_hour,18884,Badan Pusat Statistik,webapi-var-1172-updated-2025-12-02,domain=0000;var=1172;vervar=7400;turvar=0;th=123;turth=0
bps_webapi,sdg08_hourly_wage,total,2026-09-08,2023,province,7500,Gorontalo,rupiah_per_hour,15138,Badan Pusat Statistik,webapi-var-1172-updated-2025-12-02,domain=0000;var=1172;vervar=7500;turvar=0;th=123;turth=0
bps_webapi,sdg08_hourly_wage,total,2026-09-08,2023,province,7600,Sulawesi Barat,rupiah_per_hour,16387,Badan Pusat Statistik,webapi-var-1172-updated-2025-12-02,domain=0000;var=1172;vervar=7600;turvar=0;th=123;turth=0
bps_webapi,sdg08_hourly_wage,total,2026-09-08,2023,province,8100,Maluku,rupiah_per_hour,17156,Badan Pusat Statistik,webapi-var-1172-updated-2025-12-02,domain=0000;var=1172;vervar=8100;turvar=0;th=123;turth=0
bps_webapi,sdg08_hourly_wage,total,2026-09-08,2023,province,8200,Maluku Utara,rupiah_per_hour,27078,Badan Pusat Statistik,webapi-var-1172-updated-2025-12-02,domain=0000;var=1172;vervar=8200;turvar=0;th=123;turth=0
bps_webapi,sdg08_hourly_wage,total,2026-09-08,2023,province,9100,Papua Barat,rupiah_per_hour,25695,Badan Pusat Statistik,webapi-var-1172-updated-2025-12-02,domain=0000;var=1172;vervar=9100;turvar=0;th=123;turth=0
bps_webapi,sdg08_hourly_wage,total,2026-09-08,2023,province,9400,Papua,rupiah_per_hour,28570,Badan Pusat Statistik,webapi-var-1172-updated-2025-12-02,domain=0000;var=1172;vervar=9400;turvar=0;th=123;turth=0
bps_webapi,sdg08_hourly_wage,total,2026-09-08,2024,national,9999,Indonesia,rupiah_per_hour,19009,Badan Pusat Statistik,webapi-var-1172-updated-2025-12-02,domain=0000;var=1172;vervar=9999;turvar=0;th=124;turth=0
bps_webapi,sdg08_hourly_wage,total,2026-09-08,2024,province,1100,Aceh,rupiah_per_hour,17547,Badan Pusat Statistik,webapi-var-1172-updated-2025-12-02,domain=0000;var=1172;vervar=1100;turvar=0;th=124;turth=0
bps_webapi,sdg08_hourly_wage,total,2026-09-08,2024,province,1200,Sumatera Utara,rupiah_per_hour,17206,Badan Pusat Statistik,webapi-var-1172-updated-2025-12-02,domain=0000;var=1172;vervar=1200;turvar=0;th=124;turth=0
bps_webapi,sdg08_hourly_wage,total,2026-09-08,2024,province,1300,Sumatera Barat,rupiah_per_hour,16824,Badan Pusat Statistik,webapi-var-1172-updated-2025-12-02,domain=0000;var=1172;vervar=1300;turvar=0;th=124;turth=0
bps_webapi,sdg08_hourly_wage,total,2026-09-08,2024,province,1400,Riau,rupiah_per_hour,19619,Badan Pusat Statistik,webapi-var-1172-updated-2025-12-02,domain=0000;var=1172;vervar=1400;turvar=0;th=124;turth=0
bps_webapi,sdg08_hourly_wage,total,2026-09-08,2024,province,1500,Jambi,rupiah_per_hour,17996,Badan Pusat Statistik,webapi-var-1172-updated-2025-12-02,domain=0000;var=1172;vervar=1500;turvar=0;th=124;turth=0
bps_webapi,sdg08_hourly_wage,total,2026-09-08,2024,province,1600,Sumatera Selatan,rupiah_per_hour,17725,Badan Pusat Statistik,webapi-var-1172-updated-2025-12-02,domain=0000;var=1172;vervar=1600;turvar=0;th=124;turth=0
bps_webapi,sdg08_hourly_wage,total,2026-09-08,2024,province,1700,Bengkulu,rupiah_per_hour,17468,Badan Pusat Statistik,webapi-var-1172-updated-2025-12-02,domain=0000;var=1172;vervar=1700;turvar=0;th=124;turth=0
bps_webapi,sdg08_hourly_wage,total,2026-09-08,2024,province,1800,Lampung,rupiah_per_hour,14327,Badan Pusat Statistik,webapi-var-1172-updated-2025-12-02,domain=0000;var=1172;vervar=1800;turvar=0;th=124;turth=0
bps_webapi,sdg08_hourly_wage,total,2026-09-08,2024,province,1900,Kep. Bangka Belitung,rupiah_per_hour,21806,Badan Pusat Statistik,webapi-var-1172-updated-2025-12-02,domain=0000;var=1172;vervar=1900;turvar=0;th=124;turth=0
bps_webapi,sdg08_hourly_wage,total,2026-09-08,2024,province,2100,Kep. Riau,rupiah_per_hour,28764,Badan Pusat Statistik,webapi-var-1172-updated-2025-12-02,domain=0000;var=1172;vervar=2100;turvar=0;th=124;turth=0
bps_webapi,sdg08_hourly_wage,total,2026-09-08,2024,province,3100,Dki Jakarta,rupiah_per_hour,35281,Badan Pusat Statistik,webapi-var-1172-updated-2025-12-02,domain=0000;var=1172;vervar=3100;turvar=0;th=124;turth=0
bps_webapi,sdg08_hourly_wage,total,2026-09-08,2024,province,3200,Jawa Barat,rupiah_per_hour,20857,Badan Pusat Statistik,webapi-var-1172-updated-2025-12-02,domain=0000;var=1172;vervar=3200;turvar=0;th=124;turth=0
bps_webapi,sdg08_hourly_wage,total,2026-09-08,2024,province,3300,Jawa Tengah,rupiah_per_hour,14178,Badan Pusat Statistik,webapi-var-1172-updated-2025-12-02,domain=0000;var=1172;vervar=3300;turvar=0;th=124;turth=0
bps_webapi,sdg08_hourly_wage,total,2026-09-08,2024,province,3400,Di Yogyakarta,rupiah_per_hour,17558,Badan Pusat Statistik,webapi-var-1172-updated-2025-12-02,domain=0000;var=1172;vervar=3400;turvar=0;th=124;turth=0
bps_webapi,sdg08_hourly_wage,total,2026-09-08,2024,province,3500,Jawa Timur,rupiah_per_hour,15287,Badan Pusat Statistik,webapi-var-1172-updated-2025-12-02,domain=0000;var=1172;vervar=3500;turvar=0;th=124;turth=0
bps_webapi,sdg08_hourly_wage,total,2026-09-08,2024,province,3600,Banten,rupiah_per_hour,25909,Badan Pusat Statistik,webapi-var-1172-updated-2025-12-02,domain=0000;var=1172;vervar=3600;turvar=0;th=124;turth=0
bps_webapi,sdg08_hourly_wage,total,2026-09-08,2024,province,5100,Bali,rupiah_per_hour,18819,Badan Pusat Statistik,webapi-var-1172-updated-2025-12-02,domain=0000;var=1172;vervar=5100;turvar=0;th=124;turth=0
bps_webapi,sdg08_hourly_wage,total,2026-09-08,2024,province,5200,Nusa Tenggara Barat,rupiah_per_hour,13267,Badan Pusat Statistik,webapi-var-1172-updated-2025-12-02,domain=0000;var=1172;vervar=5200;turvar=0;th=124;turth=0
bps_webapi,sdg08_hourly_wage,total,2026-09-08,2024,province,5300,Nusa Tenggara Timur,rupiah_per_hour,14981,Badan Pusat Statistik,webapi-var-1172-updated-2025-12-02,domain=0000;var=1172;vervar=5300;turvar=0;th=124;turth=0
bps_webapi,sdg08_hourly_wage,total,2026-09-08,2024,province,6100,Kalimantan Barat,rupiah_per_hour,17861,Badan Pusat Statistik,webapi-var-1172-updated-2025-12-02,domain=0000;var=1172;vervar=6100;turvar=0;th=124;turth=0
bps_webapi,sdg08_hourly_wage,total,2026-09-08,2024,province,6200,Kalimantan Tengah,rupiah_per_hour,21335,Badan Pusat Statistik,webapi-var-1172-updated-2025-12-02,domain=0000;var=1172;vervar=6200;turvar=0;th=124;turth=0
bps_webapi,sdg08_hourly_wage,total,2026-09-08,2024,province,6300,Kalimantan Selatan,rupiah_per_hour,20523,Badan Pusat Statistik,webapi-var-1172-updated-2025-12-02,domain=0000;var=1172;vervar=6300;turvar=0;th=124;turth=0
bps_webapi,sdg08_hourly_wage,total,2026-09-08,2024,province,6400,Kalimantan Timur,rupiah_per_hour,24676,Badan Pusat Statistik,webapi-var-1172-updated-2025-12-02,domain=0000;var=1172;vervar=6400;turvar=0;th=124;turth=0
bps_webapi,sdg08_hourly_wage,total,2026-09-08,2024,province,6500,Kalimantan Utara,rupiah_per_hour,24092,Badan Pusat Statistik,webapi-var-1172-updated-2025-12-02,domain=0000;var=1172;vervar=6500;turvar=0;th=124;turth=0
bps_webapi,sdg08_hourly_wage,total,2026-09-08,2024,province,7100,Sulawesi Utara,rupiah_per_hour,23831,Badan Pusat Statistik,webapi-var-1172-updated-2025-12-02,domain=0000;var=1172;vervar=7100;turvar=0;th=124;turth=0
bps_webapi,sdg08_hourly_wage,total,2026-09-08,2024,province,7200,Sulawesi Tengah,rupiah_per_hour,18402,Badan Pusat Statistik,webapi-var-1172-updated-2025-12-02,domain=0000;var=1172;vervar=7200;turvar=0;th=124;turth=0
bps_webapi,sdg08_hourly_wage,total,2026-09-08,2024,province,7300,Sulawesi Selatan,rupiah_per_hour,17505,Badan Pusat Statistik,webapi-var-1172-updated-2025-12-02,domain=0000;var=1172;vervar=7300;turvar=0;th=124;turth=0
bps_webapi,sdg08_hourly_wage,total,2026-09-08,2024,province,7400,Sulawesi Tenggara,rupiah_per_hour,20510,Badan Pusat Statistik,webapi-var-1172-updated-2025-12-02,domain=0000;var=1172;vervar=7400;turvar=0;th=124;turth=0
bps_webapi,sdg08_hourly_wage,total,2026-09-08,2024,province,7500,Gorontalo,rupiah_per_hour,15027,Badan Pusat Statistik,webapi-var-1172-updated-2025-12-02,domain=0000;var=1172;vervar=7500;turvar=0;th=124;turth=0
bps_webapi,sdg08_hourly_wage,total,2026-09-08,2024,province,7600,Sulawesi Barat,rupiah_per_hour,17516,Badan Pusat Statistik,webapi-var-1172-updated-2025-12-02,domain=0000;var=1172;vervar=7600;turvar=0;th=124;turth=0
bps_webapi,sdg08_hourly_wage,total,2026-09-08,2024,province,8100,Maluku,rupiah_per_hour,18831,Badan Pusat Statistik,webapi-var-1172-updated-2025-12-02,domain=0000;var=1172;vervar=8100;turvar=0;th=124;turth=0
bps_webapi,sdg08_hourly_wage,total,2026-09-08,2024,province,8200,Maluku Utara,rupiah_per_hour,21965,Badan Pusat Statistik,webapi-var-1172-updated-2025-12-02,domain=0000;var=1172;vervar=8200;turvar=0;th=124;turth=0
bps_webapi,sdg08_hourly_wage,total,2026-09-08,2024,province,9100,Papua Barat,rupiah_per_hour,28214,Badan Pusat Statistik,webapi-var-1172-updated-2025-12-02,domain=0000;var=1172;vervar=9100;turvar=0;th=124;turth=0
bps_webapi,sdg08_hourly_wage,total,2026-09-08,2024,province,9200,Papua Barat Daya,rupiah_per_hour,26883,Badan Pusat Statistik,webapi-var-1172-updated-2025-12-02,domain=0000;var=1172;vervar=9200;turvar=0;th=124;turth=0
bps_webapi,sdg08_hourly_wage,total,2026-09-08,2024,province,9400,Papua,rupiah_per_hour,27849,Badan Pusat Statistik,webapi-var-1172-updated-2025-12-02,domain=0000;var=1172;vervar=9400;turvar=0;th=124;turth=0
bps_webapi,sdg08_hourly_wage,total,2026-09-08,2024,province,9500,Papua Selatan,rupiah_per_hour,25526,Badan Pusat Statistik,webapi-var-1172-updated-2025-12-02,domain=0000;var=1172;vervar=9500;turvar=0;th=124;turth=0
bps_webapi,sdg08_hourly_wage,total,2026-09-08,2024,province,9600,Papua Tengah,rupiah_per_hour,29658,Badan Pusat Statistik,webapi-var-1172-updated-2025-12-02,domain=0000;var=1172;vervar=9600;turvar=0;th=124;turth=0
bps_webapi,sdg08_hourly_wage,total,2026-09-08,2024,province,9700,Papua Pegunungan,rupiah_per_hour,34588,Badan Pusat Statistik,webapi-var-1172-updated-2025-12-02,domain=0000;var=1172;vervar=9700;turvar=0;th=124;turth=0
bps_webapi,sdg08_hourly_wage,total,2026-09-08,2025,national,9999,Indonesia,rupiah_per_hour,20030.36,Badan Pusat Statistik,webapi-var-1172-updated-2025-12-02,domain=0000;var=1172;vervar=9999;turvar=0;th=125;turth=0
bps_webapi,sdg08_hourly_wage,total,2026-09-08,2025,province,1100,Aceh,rupiah_per_hour,18879.74,Badan Pusat Statistik,webapi-var-1172-updated-2025-12-02,domain=0000;var=1172;vervar=1100;turvar=0;th=125;turth=0
bps_webapi,sdg08_hourly_wage,total,2026-09-08,2025,province,1200,Sumatera Utara,rupiah_per_hour,17108.89,Badan Pusat Statistik,webapi-var-1172-updated-2025-12-02,domain=0000;var=1172;vervar=1200;turvar=0;th=125;turth=0
bps_webapi,sdg08_hourly_wage,total,2026-09-08,2025,province,1300,Sumatera Barat,rupiah_per_hour,17590.65,Badan Pusat Statistik,webapi-var-1172-updated-2025-12-02,domain=0000;var=1172;vervar=1300;turvar=0;th=125;turth=0
bps_webapi,sdg08_hourly_wage,total,2026-09-08,2025,province,1400,Riau,rupiah_per_hour,20536.46,Badan Pusat Statistik,webapi-var-1172-updated-2025-12-02,domain=0000;var=1172;vervar=1400;turvar=0;th=125;turth=0
bps_webapi,sdg08_hourly_wage,total,2026-09-08,2025,province,1500,Jambi,rupiah_per_hour,18894.74,Badan Pusat Statistik,webapi-var-1172-updated-2025-12-02,domain=0000;var=1172;vervar=1500;turvar=0;th=125;turth=0
bps_webapi,sdg08_hourly_wage,total,2026-09-08,2025,province,1600,Sumatera Selatan,rupiah_per_hour,19106.91,Badan Pusat Statistik,webapi-var-1172-updated-2025-12-02,domain=0000;var=1172;vervar=1600;turvar=0;th=125;turth=0
bps_webapi,sdg08_hourly_wage,total,2026-09-08,2025,province,1700,Bengkulu,rupiah_per_hour,19981.31,Badan Pusat Statistik,webapi-var-1172-updated-2025-12-02,domain=0000;var=1172;vervar=1700;turvar=0;th=125;turth=0
bps_webapi,sdg08_hourly_wage,total,2026-09-08,2025,province,1800,Lampung,rupiah_per_hour,15523.93,Badan Pusat Statistik,webapi-var-1172-updated-2025-12-02,domain=0000;var=1172;vervar=1800;turvar=0;th=125;turth=0
bps_webapi,sdg08_hourly_wage,total,2026-09-08,2025,province,1900,Kep. Bangka Belitung,rupiah_per_hour,19614.14,Badan Pusat Statistik,webapi-var-1172-updated-2025-12-02,domain=0000;var=1172;vervar=1900;turvar=0;th=125;turth=0
bps_webapi,sdg08_hourly_wage,total,2026-09-08,2025,province,2100,Kep. Riau,rupiah_per_hour,29428.62,Badan Pusat Statistik,webapi-var-1172-updated-2025-12-02,domain=0000;var=1172;vervar=2100;turvar=0;th=125;turth=0
bps_webapi,sdg08_hourly_wage,total,2026-09-08,2025,province,3100,Dki Jakarta,rupiah_per_hour,39018.92,Badan Pusat Statistik,webapi-var-1172-updated-2025-12-02,domain=0000;var=1172;vervar=3100;turvar=0;th=125;turth=0
bps_webapi,sdg08_hourly_wage,total,2026-09-08,2025,province,3200,Jawa Barat,rupiah_per_hour,21630.43,Badan Pusat Statistik,webapi-var-1172-updated-2025-12-02,domain=0000;var=1172;vervar=3200;turvar=0;th=125;turth=0
bps_webapi,sdg08_hourly_wage,total,2026-09-08,2025,province,3300,Jawa Tengah,rupiah_per_hour,15110.01,Badan Pusat Statistik,webapi-var-1172-updated-2025-12-02,domain=0000;var=1172;vervar=3300;turvar=0;th=125;turth=0
bps_webapi,sdg08_hourly_wage,total,2026-09-08,2025,province,3400,Di Yogyakarta,rupiah_per_hour,18256.38,Badan Pusat Statistik,webapi-var-1172-updated-2025-12-02,domain=0000;var=1172;vervar=3400;turvar=0;th=125;turth=0
bps_webapi,sdg08_hourly_wage,total,2026-09-08,2025,province,3500,Jawa Timur,rupiah_per_hour,16446.3,Badan Pusat Statistik,webapi-var-1172-updated-2025-12-02,domain=0000;var=1172;vervar=3500;turvar=0;th=125;turth=0
bps_webapi,sdg08_hourly_wage,total,2026-09-08,2025,province,3600,Banten,rupiah_per_hour,25649.71,Badan Pusat Statistik,webapi-var-1172-updated-2025-12-02,domain=0000;var=1172;vervar=3600;turvar=0;th=125;turth=0
bps_webapi,sdg08_hourly_wage,total,2026-09-08,2025,province,5100,Bali,rupiah_per_hour,20984.74,Badan Pusat Statistik,webapi-var-1172-updated-2025-12-02,domain=0000;var=1172;vervar=5100;turvar=0;th=125;turth=0
bps_webapi,sdg08_hourly_wage,total,2026-09-08,2025,province,5200,Nusa Tenggara Barat,rupiah_per_hour,14449.96,Badan Pusat Statistik,webapi-var-1172-updated-2025-12-02,domain=0000;var=1172;vervar=5200;turvar=0;th=125;turth=0
bps_webapi,sdg08_hourly_wage,total,2026-09-08,2025,province,5300,Nusa Tenggara Timur,rupiah_per_hour,18227.92,Badan Pusat Statistik,webapi-var-1172-updated-2025-12-02,domain=0000;var=1172;vervar=5300;turvar=0;th=125;turth=0
bps_webapi,sdg08_hourly_wage,total,2026-09-08,2025,province,6100,Kalimantan Barat,rupiah_per_hour,19003.02,Badan Pusat Statistik,webapi-var-1172-updated-2025-12-02,domain=0000;var=1172;vervar=6100;turvar=0;th=125;turth=0
bps_webapi,sdg08_hourly_wage,total,2026-09-08,2025,province,6200,Kalimantan Tengah,rupiah_per_hour,22145.15,Badan Pusat Statistik,webapi-var-1172-updated-2025-12-02,domain=0000;var=1172;vervar=6200;turvar=0;th=125;turth=0
bps_webapi,sdg08_hourly_wage,total,2026-09-08,2025,province,6300,Kalimantan Selatan,rupiah_per_hour,19719.44,Badan Pusat Statistik,webapi-var-1172-updated-2025-12-02,domain=0000;var=1172;vervar=6300;turvar=0;th=125;turth=0
bps_webapi,sdg08_hourly_wage,total,2026-09-08,2025,province,6400,Kalimantan Timur,rupiah_per_hour,27484.79,Badan Pusat Statistik,webapi-var-1172-updated-2025-12-02,domain=0000;var=1172;vervar=6400;turvar=0;th=125;turth=0
bps_webapi,sdg08_hourly_wage,total,2026-09-08,2025,province,6500,Kalimantan Utara,rupiah_per_hour,23030.26,Badan Pusat Statistik,webapi-var-1172-updated-2025-12-02,domain=0000;var=1172;vervar=6500;turvar=0;th=125;turth=0
bps_webapi,sdg08_hourly_wage,total,2026-09-08,2025,province,7100,Sulawesi Utara,rupiah_per_hour,21434.42,Badan Pusat Statistik,webapi-var-1172-updated-2025-12-02,domain=0000;var=1172;vervar=7100;turvar=0;th=125;turth=0
bps_webapi,sdg08_hourly_wage,total,2026-09-08,2025,province,7200,Sulawesi Tengah,rupiah_per_hour,19991.76,Badan Pusat Statistik,webapi-var-1172-updated-2025-12-02,domain=0000;var=1172;vervar=7200;turvar=0;th=125;turth=0
bps_webapi,sdg08_hourly_wage,total,2026-09-08,2025,province,7300,Sulawesi Selatan,rupiah_per_hour,20014.46,Badan Pusat Statistik,webapi-var-1172-updated-2025-12-02,domain=0000;var=1172;vervar=7300;turvar=0;th=125;turth=0
bps_webapi,sdg08_hourly_wage,total,2026-09-08,2025,province,7400,Sulawesi Tenggara,rupiah_per_hour,21606.56,Badan Pusat Statistik,webapi-var-1172-updated-2025-12-02,domain=0000;var=1172;vervar=7400;turvar=0;th=125;turth=0
bps_webapi,sdg08_hourly_wage,total,2026-09-08,2025,province,7500,Gorontalo,rupiah_per_hour,17062.46,Badan Pusat Statistik,webapi-var-1172-updated-2025-12-02,domain=0000;var=1172;vervar=7500;turvar=0;th=125;turth=0
bps_webapi,sdg08_hourly_wage,total,2026-09-08,2025,province,7600,Sulawesi Barat,rupiah_per_hour,18085.51,Badan Pusat Statistik,webapi-var-1172-updated-2025-12-02,domain=0000;var=1172;vervar=7600;turvar=0;th=125;turth=0
bps_webapi,sdg08_hourly_wage,total,2026-09-08,2025,province,8100,Maluku,rupiah_per_hour,21340.77,Badan Pusat Statistik,webapi-var-1172-updated-2025-12-02,domain=0000;var=1172;vervar=8100;turvar=0;th=125;turth=0
bps_webapi,sdg08_hourly_wage,total,2026-09-08,2025,province,8200,Maluku Utara,rupiah_per_hour,26731.96,Badan Pusat Statistik,webapi-var-1172-updated-2025-12-02,domain=0000;var=1172;vervar=8200;turvar=0;th=125;turth=0
bps_webapi,sdg08_hourly_wage,total,2026-09-08,2025,province,9100,Papua Barat,rupiah_per_hour,30233.35,Badan Pusat Statistik,webapi-var-1172-updated-2025-12-02,domain=0000;var=1172;vervar=9100;turvar=0;th=125;turth=0
bps_webapi,sdg08_hourly_wage,total,2026-09-08,2025,province,9200,Papua Barat Daya,rupiah_per_hour,27480.51,Badan Pusat Statistik,webapi-var-1172-updated-2025-12-02,domain=0000;var=1172;vervar=9200;turvar=0;th=125;turth=0
bps_webapi,sdg08_hourly_wage,total,2026-09-08,2025,province,9400,Papua,rupiah_per_hour,29292.62,Badan Pusat Statistik,webapi-var-1172-updated-2025-12-02,domain=0000;var=1172;vervar=9400;turvar=0;th=125;turth=0
bps_webapi,sdg08_hourly_wage,total,2026-09-08,2025,province,9500,Papua Selatan,rupiah_per_hour,28977.52,Badan Pusat Statistik,webapi-var-1172-updated-2025-12-02,domain=0000;var=1172;vervar=9500;turvar=0;th=125;turth=0
bps_webapi,sdg08_hourly_wage,total,2026-09-08,2025,province,9600,Papua Tengah,rupiah_per_hour,34165.28,Badan Pusat Statistik,webapi-var-1172-updated-2025-12-02,domain=0000;var=1172;vervar=9600;turvar=0;th=125;turth=0
bps_webapi,sdg08_hourly_wage,total,2026-09-08,2025,province,9700,Papua Pegunungan,rupiah_per_hour,31388.46,Badan Pusat Statistik,webapi-var-1172-updated-2025-12-02,domain=0000;var=1172;vervar=9700;turvar=0;th=125;turth=0
bps_webapi,sdg08_informal_employment,total,2026-09-08,2018,national,9999,Indonesia,percent,56.98,Badan Pusat Statistik,webapi-var-2153-updated-2026-07-07,domain=0000;var=2153;vervar=9999;turvar=0;th=118;turth=0
bps_webapi,sdg08_informal_employment,total,2026-09-08,2018,province,1100,Aceh,percent,59.44,Badan Pusat Statistik,webapi-var-2153-updated-2026-07-07,domain=0000;var=2153;vervar=1100;turvar=0;th=118;turth=0
bps_webapi,sdg08_informal_employment,total,2026-09-08,2018,province,1200,Sumatera Utara,percent,56.57,Badan Pusat Statistik,webapi-var-2153-updated-2026-07-07,domain=0000;var=2153;vervar=1200;turvar=0;th=118;turth=0
bps_webapi,sdg08_informal_employment,total,2026-09-08,2018,province,1300,Sumatera Barat,percent,63.94,Badan Pusat Statistik,webapi-var-2153-updated-2026-07-07,domain=0000;var=2153;vervar=1300;turvar=0;th=118;turth=0
bps_webapi,sdg08_informal_employment,total,2026-09-08,2018,province,1400,Riau,percent,54.95,Badan Pusat Statistik,webapi-var-2153-updated-2026-07-07,domain=0000;var=2153;vervar=1400;turvar=0;th=118;turth=0
bps_webapi,sdg08_informal_employment,total,2026-09-08,2018,province,1500,Jambi,percent,56.45,Badan Pusat Statistik,webapi-var-2153-updated-2026-07-07,domain=0000;var=2153;vervar=1500;turvar=0;th=118;turth=0
bps_webapi,sdg08_informal_employment,total,2026-09-08,2018,province,1600,Sumatera Selatan,percent,61.22,Badan Pusat Statistik,webapi-var-2153-updated-2026-07-07,domain=0000;var=2153;vervar=1600;turvar=0;th=118;turth=0
bps_webapi,sdg08_informal_employment,total,2026-09-08,2018,province,1700,Bengkulu,percent,68.84,Badan Pusat Statistik,webapi-var-2153-updated-2026-07-07,domain=0000;var=2153;vervar=1700;turvar=0;th=118;turth=0
bps_webapi,sdg08_informal_employment,total,2026-09-08,2018,province,1800,Lampung,percent,70.79,Badan Pusat Statistik,webapi-var-2153-updated-2026-07-07,domain=0000;var=2153;vervar=1800;turvar=0;th=118;turth=0
bps_webapi,sdg08_informal_employment,total,2026-09-08,2018,province,1900,Kep. Bangka Belitung,percent,50.43,Badan Pusat Statistik,webapi-var-2153-updated-2026-07-07,domain=0000;var=2153;vervar=1900;turvar=0;th=118;turth=0
bps_webapi,sdg08_informal_employment,total,2026-09-08,2018,province,2100,Kep. Riau,percent,31.78,Badan Pusat Statistik,webapi-var-2153-updated-2026-07-07,domain=0000;var=2153;vervar=2100;turvar=0;th=118;turth=0
bps_webapi,sdg08_informal_employment,total,2026-09-08,2018,province,3100,Dki Jakarta,percent,30.15,Badan Pusat Statistik,webapi-var-2153-updated-2026-07-07,domain=0000;var=2153;vervar=3100;turvar=0;th=118;turth=0
bps_webapi,sdg08_informal_employment,total,2026-09-08,2018,province,3200,Jawa Barat,percent,48.21,Badan Pusat Statistik,webapi-var-2153-updated-2026-07-07,domain=0000;var=2153;vervar=3200;turvar=0;th=118;turth=0
bps_webapi,sdg08_informal_employment,total,2026-09-08,2018,province,3300,Jawa Tengah,percent,60.67,Badan Pusat Statistik,webapi-var-2153-updated-2026-07-07,domain=0000;var=2153;vervar=3300;turvar=0;th=118;turth=0
bps_webapi,sdg08_informal_employment,total,2026-09-08,2018,province,3400,Di Yogyakarta,percent,54.45,Badan Pusat Statistik,webapi-var-2153-updated-2026-07-07,domain=0000;var=2153;vervar=3400;turvar=0;th=118;turth=0
bps_webapi,sdg08_informal_employment,total,2026-09-08,2018,province,3500,Jawa Timur,percent,61.88,Badan Pusat Statistik,webapi-var-2153-updated-2026-07-07,domain=0000;var=2153;vervar=3500;turvar=0;th=118;turth=0
bps_webapi,sdg08_informal_employment,total,2026-09-08,2018,province,3600,Banten,percent,43.99,Badan Pusat Statistik,webapi-var-2153-updated-2026-07-07,domain=0000;var=2153;vervar=3600;turvar=0;th=118;turth=0
bps_webapi,sdg08_informal_employment,total,2026-09-08,2018,province,5100,Bali,percent,49.38,Badan Pusat Statistik,webapi-var-2153-updated-2026-07-07,domain=0000;var=2153;vervar=5100;turvar=0;th=118;turth=0
bps_webapi,sdg08_informal_employment,total,2026-09-08,2018,province,5200,Nusa Tenggara Barat,percent,71.81,Badan Pusat Statistik,webapi-var-2153-updated-2026-07-07,domain=0000;var=2153;vervar=5200;turvar=0;th=118;turth=0
bps_webapi,sdg08_informal_employment,total,2026-09-08,2018,province,5300,Nusa Tenggara Timur,percent,75.65,Badan Pusat Statistik,webapi-var-2153-updated-2026-07-07,domain=0000;var=2153;vervar=5300;turvar=0;th=118;turth=0
bps_webapi,sdg08_informal_employment,total,2026-09-08,2018,province,6100,Kalimantan Barat,percent,59.55,Badan Pusat Statistik,webapi-var-2153-updated-2026-07-07,domain=0000;var=2153;vervar=6100;turvar=0;th=118;turth=0
bps_webapi,sdg08_informal_employment,total,2026-09-08,2018,province,6200,Kalimantan Tengah,percent,52.37,Badan Pusat Statistik,webapi-var-2153-updated-2026-07-07,domain=0000;var=2153;vervar=6200;turvar=0;th=118;turth=0
bps_webapi,sdg08_informal_employment,total,2026-09-08,2018,province,6300,Kalimantan Selatan,percent,60.08,Badan Pusat Statistik,webapi-var-2153-updated-2026-07-07,domain=0000;var=2153;vervar=6300;turvar=0;th=118;turth=0
bps_webapi,sdg08_informal_employment,total,2026-09-08,2018,province,6400,Kalimantan Timur,percent,41.16,Badan Pusat Statistik,webapi-var-2153-updated-2026-07-07,domain=0000;var=2153;vervar=6400;turvar=0;th=118;turth=0
bps_webapi,sdg08_informal_employment,total,2026-09-08,2018,province,6500,Kalimantan Utara,percent,42.95,Badan Pusat Statistik,webapi-var-2153-updated-2026-07-07,domain=0000;var=2153;vervar=6500;turvar=0;th=118;turth=0
bps_webapi,sdg08_informal_employment,total,2026-09-08,2018,province,7100,Sulawesi Utara,percent,55.61,Badan Pusat Statistik,webapi-var-2153-updated-2026-07-07,domain=0000;var=2153;vervar=7100;turvar=0;th=118;turth=0
bps_webapi,sdg08_informal_employment,total,2026-09-08,2018,province,7200,Sulawesi Tengah,percent,66.66,Badan Pusat Statistik,webapi-var-2153-updated-2026-07-07,domain=0000;var=2153;vervar=7200;turvar=0;th=118;turth=0
bps_webapi,sdg08_informal_employment,total,2026-09-08,2018,province,7300,Sulawesi Selatan,percent,63.32,Badan Pusat Statistik,webapi-var-2153-updated-2026-07-07,domain=0000;var=2153;vervar=7300;turvar=0;th=118;turth=0
bps_webapi,sdg08_informal_employment,total,2026-09-08,2018,province,7400,Sulawesi Tenggara,percent,63.09,Badan Pusat Statistik,webapi-var-2153-updated-2026-07-07,domain=0000;var=2153;vervar=7400;turvar=0;th=118;turth=0
bps_webapi,sdg08_informal_employment,total,2026-09-08,2018,province,7500,Gorontalo,percent,61.78,Badan Pusat Statistik,webapi-var-2153-updated-2026-07-07,domain=0000;var=2153;vervar=7500;turvar=0;th=118;turth=0
bps_webapi,sdg08_informal_employment,total,2026-09-08,2018,province,7600,Sulawesi Barat,percent,74.69,Badan Pusat Statistik,webapi-var-2153-updated-2026-07-07,domain=0000;var=2153;vervar=7600;turvar=0;th=118;turth=0
bps_webapi,sdg08_informal_employment,total,2026-09-08,2018,province,8100,Maluku,percent,64.37,Badan Pusat Statistik,webapi-var-2153-updated-2026-07-07,domain=0000;var=2153;vervar=8100;turvar=0;th=118;turth=0
bps_webapi,sdg08_informal_employment,total,2026-09-08,2018,province,8200,Maluku Utara,percent,66.92,Badan Pusat Statistik,webapi-var-2153-updated-2026-07-07,domain=0000;var=2153;vervar=8200;turvar=0;th=118;turth=0
bps_webapi,sdg08_informal_employment,total,2026-09-08,2018,province,9100,Papua Barat,percent,54.3,Badan Pusat Statistik,webapi-var-2153-updated-2026-07-07,domain=0000;var=2153;vervar=9100;turvar=0;th=118;turth=0
bps_webapi,sdg08_informal_employment,total,2026-09-08,2018,province,9400,Papua,percent,78.11,Badan Pusat Statistik,webapi-var-2153-updated-2026-07-07,domain=0000;var=2153;vervar=9400;turvar=0;th=118;turth=0
bps_webapi,sdg08_informal_employment,total,2026-09-08,2019,national,9999,Indonesia,percent,55.88,Badan Pusat Statistik,webapi-var-2153-updated-2026-07-07,domain=0000;var=2153;vervar=9999;turvar=0;th=119;turth=0
bps_webapi,sdg08_informal_employment,total,2026-09-08,2019,province,1100,Aceh,percent,57.12,Badan Pusat Statistik,webapi-var-2153-updated-2026-07-07,domain=0000;var=2153;vervar=1100;turvar=0;th=119;turth=0
bps_webapi,sdg08_informal_employment,total,2026-09-08,2019,province,1200,Sumatera Utara,percent,55,Badan Pusat Statistik,webapi-var-2153-updated-2026-07-07,domain=0000;var=2153;vervar=1200;turvar=0;th=119;turth=0
bps_webapi,sdg08_informal_employment,total,2026-09-08,2019,province,1300,Sumatera Barat,percent,62.13,Badan Pusat Statistik,webapi-var-2153-updated-2026-07-07,domain=0000;var=2153;vervar=1300;turvar=0;th=119;turth=0
bps_webapi,sdg08_informal_employment,total,2026-09-08,2019,province,1400,Riau,percent,52.22,Badan Pusat Statistik,webapi-var-2153-updated-2026-07-07,domain=0000;var=2153;vervar=1400;turvar=0;th=119;turth=0
bps_webapi,sdg08_informal_employment,total,2026-09-08,2019,province,1500,Jambi,percent,57.06,Badan Pusat Statistik,webapi-var-2153-updated-2026-07-07,domain=0000;var=2153;vervar=1500;turvar=0;th=119;turth=0
bps_webapi,sdg08_informal_employment,total,2026-09-08,2019,province,1600,Sumatera Selatan,percent,60.52,Badan Pusat Statistik,webapi-var-2153-updated-2026-07-07,domain=0000;var=2153;vervar=1600;turvar=0;th=119;turth=0
bps_webapi,sdg08_informal_employment,total,2026-09-08,2019,province,1700,Bengkulu,percent,65.12,Badan Pusat Statistik,webapi-var-2153-updated-2026-07-07,domain=0000;var=2153;vervar=1700;turvar=0;th=119;turth=0
bps_webapi,sdg08_informal_employment,total,2026-09-08,2019,province,1800,Lampung,percent,68.49,Badan Pusat Statistik,webapi-var-2153-updated-2026-07-07,domain=0000;var=2153;vervar=1800;turvar=0;th=119;turth=0
bps_webapi,sdg08_informal_employment,total,2026-09-08,2019,province,1900,Kep. Bangka Belitung,percent,46.82,Badan Pusat Statistik,webapi-var-2153-updated-2026-07-07,domain=0000;var=2153;vervar=1900;turvar=0;th=119;turth=0
bps_webapi,sdg08_informal_employment,total,2026-09-08,2019,province,2100,Kep. Riau,percent,29.57,Badan Pusat Statistik,webapi-var-2153-updated-2026-07-07,domain=0000;var=2153;vervar=2100;turvar=0;th=119;turth=0
bps_webapi,sdg08_informal_employment,total,2026-09-08,2019,province,3100,Dki Jakarta,percent,31.35,Badan Pusat Statistik,webapi-var-2153-updated-2026-07-07,domain=0000;var=2153;vervar=3100;turvar=0;th=119;turth=0
bps_webapi,sdg08_informal_employment,total,2026-09-08,2019,province,3200,Jawa Barat,percent,50.2,Badan Pusat Statistik,webapi-var-2153-updated-2026-07-07,domain=0000;var=2153;vervar=3200;turvar=0;th=119;turth=0
bps_webapi,sdg08_informal_employment,total,2026-09-08,2019,province,3300,Jawa Tengah,percent,57.99,Badan Pusat Statistik,webapi-var-2153-updated-2026-07-07,domain=0000;var=2153;vervar=3300;turvar=0;th=119;turth=0
bps_webapi,sdg08_informal_employment,total,2026-09-08,2019,province,3400,Di Yogyakarta,percent,51.64,Badan Pusat Statistik,webapi-var-2153-updated-2026-07-07,domain=0000;var=2153;vervar=3400;turvar=0;th=119;turth=0
bps_webapi,sdg08_informal_employment,total,2026-09-08,2019,province,3500,Jawa Timur,percent,60.64,Badan Pusat Statistik,webapi-var-2153-updated-2026-07-07,domain=0000;var=2153;vervar=3500;turvar=0;th=119;turth=0
bps_webapi,sdg08_informal_employment,total,2026-09-08,2019,province,3600,Banten,percent,42.14,Badan Pusat Statistik,webapi-var-2153-updated-2026-07-07,domain=0000;var=2153;vervar=3600;turvar=0;th=119;turth=0
bps_webapi,sdg08_informal_employment,total,2026-09-08,2019,province,5100,Bali,percent,49.46,Badan Pusat Statistik,webapi-var-2153-updated-2026-07-07,domain=0000;var=2153;vervar=5100;turvar=0;th=119;turth=0
bps_webapi,sdg08_informal_employment,total,2026-09-08,2019,province,5200,Nusa Tenggara Barat,percent,71.02,Badan Pusat Statistik,webapi-var-2153-updated-2026-07-07,domain=0000;var=2153;vervar=5200;turvar=0;th=119;turth=0
bps_webapi,sdg08_informal_employment,total,2026-09-08,2019,province,5300,Nusa Tenggara Timur,percent,72.26,Badan Pusat Statistik,webapi-var-2153-updated-2026-07-07,domain=0000;var=2153;vervar=5300;turvar=0;th=119;turth=0
bps_webapi,sdg08_informal_employment,total,2026-09-08,2019,province,6100,Kalimantan Barat,percent,60.11,Badan Pusat Statistik,webapi-var-2153-updated-2026-07-07,domain=0000;var=2153;vervar=6100;turvar=0;th=119;turth=0
bps_webapi,sdg08_informal_employment,total,2026-09-08,2019,province,6200,Kalimantan Tengah,percent,51.02,Badan Pusat Statistik,webapi-var-2153-updated-2026-07-07,domain=0000;var=2153;vervar=6200;turvar=0;th=119;turth=0
bps_webapi,sdg08_informal_employment,total,2026-09-08,2019,province,6300,Kalimantan Selatan,percent,56.82,Badan Pusat Statistik,webapi-var-2153-updated-2026-07-07,domain=0000;var=2153;vervar=6300;turvar=0;th=119;turth=0
bps_webapi,sdg08_informal_employment,total,2026-09-08,2019,province,6400,Kalimantan Timur,percent,41.76,Badan Pusat Statistik,webapi-var-2153-updated-2026-07-07,domain=0000;var=2153;vervar=6400;turvar=0;th=119;turth=0
bps_webapi,sdg08_informal_employment,total,2026-09-08,2019,province,6500,Kalimantan Utara,percent,46.69,Badan Pusat Statistik,webapi-var-2153-updated-2026-07-07,domain=0000;var=2153;vervar=6500;turvar=0;th=119;turth=0
bps_webapi,sdg08_informal_employment,total,2026-09-08,2019,province,7100,Sulawesi Utara,percent,54.81,Badan Pusat Statistik,webapi-var-2153-updated-2026-07-07,domain=0000;var=2153;vervar=7100;turvar=0;th=119;turth=0
bps_webapi,sdg08_informal_employment,total,2026-09-08,2019,province,7200,Sulawesi Tengah,percent,62.97,Badan Pusat Statistik,webapi-var-2153-updated-2026-07-07,domain=0000;var=2153;vervar=7200;turvar=0;th=119;turth=0
bps_webapi,sdg08_informal_employment,total,2026-09-08,2019,province,7300,Sulawesi Selatan,percent,60.55,Badan Pusat Statistik,webapi-var-2153-updated-2026-07-07,domain=0000;var=2153;vervar=7300;turvar=0;th=119;turth=0
bps_webapi,sdg08_informal_employment,total,2026-09-08,2019,province,7400,Sulawesi Tenggara,percent,62.55,Badan Pusat Statistik,webapi-var-2153-updated-2026-07-07,domain=0000;var=2153;vervar=7400;turvar=0;th=119;turth=0
bps_webapi,sdg08_informal_employment,total,2026-09-08,2019,province,7500,Gorontalo,percent,58.66,Badan Pusat Statistik,webapi-var-2153-updated-2026-07-07,domain=0000;var=2153;vervar=7500;turvar=0;th=119;turth=0
bps_webapi,sdg08_informal_employment,total,2026-09-08,2019,province,7600,Sulawesi Barat,percent,71.91,Badan Pusat Statistik,webapi-var-2153-updated-2026-07-07,domain=0000;var=2153;vervar=7600;turvar=0;th=119;turth=0
bps_webapi,sdg08_informal_employment,total,2026-09-08,2019,province,8100,Maluku,percent,61.98,Badan Pusat Statistik,webapi-var-2153-updated-2026-07-07,domain=0000;var=2153;vervar=8100;turvar=0;th=119;turth=0
bps_webapi,sdg08_informal_employment,total,2026-09-08,2019,province,8200,Maluku Utara,percent,61.69,Badan Pusat Statistik,webapi-var-2153-updated-2026-07-07,domain=0000;var=2153;vervar=8200;turvar=0;th=119;turth=0
bps_webapi,sdg08_informal_employment,total,2026-09-08,2019,province,9100,Papua Barat,percent,52.25,Badan Pusat Statistik,webapi-var-2153-updated-2026-07-07,domain=0000;var=2153;vervar=9100;turvar=0;th=119;turth=0
bps_webapi,sdg08_informal_employment,total,2026-09-08,2019,province,9400,Papua,percent,79.29,Badan Pusat Statistik,webapi-var-2153-updated-2026-07-07,domain=0000;var=2153;vervar=9400;turvar=0;th=119;turth=0
bps_webapi,sdg08_informal_employment,total,2026-09-08,2020,national,9999,Indonesia,percent,60.47,Badan Pusat Statistik,webapi-var-2153-updated-2026-07-07,domain=0000;var=2153;vervar=9999;turvar=0;th=120;turth=0
bps_webapi,sdg08_informal_employment,total,2026-09-08,2020,province,1100,Aceh,percent,61.88,Badan Pusat Statistik,webapi-var-2153-updated-2026-07-07,domain=0000;var=2153;vervar=1100;turvar=0;th=120;turth=0
bps_webapi,sdg08_informal_employment,total,2026-09-08,2020,province,1200,Sumatera Utara,percent,59.62,Badan Pusat Statistik,webapi-var-2153-updated-2026-07-07,domain=0000;var=2153;vervar=1200;turvar=0;th=120;turth=0
bps_webapi,sdg08_informal_employment,total,2026-09-08,2020,province,1300,Sumatera Barat,percent,66.28,Badan Pusat Statistik,webapi-var-2153-updated-2026-07-07,domain=0000;var=2153;vervar=1300;turvar=0;th=120;turth=0
bps_webapi,sdg08_informal_employment,total,2026-09-08,2020,province,1400,Riau,percent,55.97,Badan Pusat Statistik,webapi-var-2153-updated-2026-07-07,domain=0000;var=2153;vervar=1400;turvar=0;th=120;turth=0
bps_webapi,sdg08_informal_employment,total,2026-09-08,2020,province,1500,Jambi,percent,62.74,Badan Pusat Statistik,webapi-var-2153-updated-2026-07-07,domain=0000;var=2153;vervar=1500;turvar=0;th=120;turth=0
bps_webapi,sdg08_informal_employment,total,2026-09-08,2020,province,1600,Sumatera Selatan,percent,65.26,Badan Pusat Statistik,webapi-var-2153-updated-2026-07-07,domain=0000;var=2153;vervar=1600;turvar=0;th=120;turth=0
bps_webapi,sdg08_informal_employment,total,2026-09-08,2020,province,1700,Bengkulu,percent,69.23,Badan Pusat Statistik,webapi-var-2153-updated-2026-07-07,domain=0000;var=2153;vervar=1700;turvar=0;th=120;turth=0
bps_webapi,sdg08_informal_employment,total,2026-09-08,2020,province,1800,Lampung,percent,72.26,Badan Pusat Statistik,webapi-var-2153-updated-2026-07-07,domain=0000;var=2153;vervar=1800;turvar=0;th=120;turth=0
bps_webapi,sdg08_informal_employment,total,2026-09-08,2020,province,1900,Kep. Bangka Belitung,percent,52.93,Badan Pusat Statistik,webapi-var-2153-updated-2026-07-07,domain=0000;var=2153;vervar=1900;turvar=0;th=120;turth=0
bps_webapi,sdg08_informal_employment,total,2026-09-08,2020,province,2100,Kep. Riau,percent,35.41,Badan Pusat Statistik,webapi-var-2153-updated-2026-07-07,domain=0000;var=2153;vervar=2100;turvar=0;th=120;turth=0
bps_webapi,sdg08_informal_employment,total,2026-09-08,2020,province,3100,Dki Jakarta,percent,38.22,Badan Pusat Statistik,webapi-var-2153-updated-2026-07-07,domain=0000;var=2153;vervar=3100;turvar=0;th=120;turth=0
bps_webapi,sdg08_informal_employment,total,2026-09-08,2020,province,3200,Jawa Barat,percent,55.59,Badan Pusat Statistik,webapi-var-2153-updated-2026-07-07,domain=0000;var=2153;vervar=3200;turvar=0;th=120;turth=0
bps_webapi,sdg08_informal_employment,total,2026-09-08,2020,province,3300,Jawa Tengah,percent,62.75,Badan Pusat Statistik,webapi-var-2153-updated-2026-07-07,domain=0000;var=2153;vervar=3300;turvar=0;th=120;turth=0
bps_webapi,sdg08_informal_employment,total,2026-09-08,2020,province,3400,Di Yogyakarta,percent,57.41,Badan Pusat Statistik,webapi-var-2153-updated-2026-07-07,domain=0000;var=2153;vervar=3400;turvar=0;th=120;turth=0
bps_webapi,sdg08_informal_employment,total,2026-09-08,2020,province,3500,Jawa Timur,percent,63.64,Badan Pusat Statistik,webapi-var-2153-updated-2026-07-07,domain=0000;var=2153;vervar=3500;turvar=0;th=120;turth=0
bps_webapi,sdg08_informal_employment,total,2026-09-08,2020,province,3600,Banten,percent,49.17,Badan Pusat Statistik,webapi-var-2153-updated-2026-07-07,domain=0000;var=2153;vervar=3600;turvar=0;th=120;turth=0
bps_webapi,sdg08_informal_employment,total,2026-09-08,2020,province,5100,Bali,percent,56.69,Badan Pusat Statistik,webapi-var-2153-updated-2026-07-07,domain=0000;var=2153;vervar=5100;turvar=0;th=120;turth=0
bps_webapi,sdg08_informal_employment,total,2026-09-08,2020,province,5200,Nusa Tenggara Barat,percent,73.47,Badan Pusat Statistik,webapi-var-2153-updated-2026-07-07,domain=0000;var=2153;vervar=5200;turvar=0;th=120;turth=0
bps_webapi,sdg08_informal_employment,total,2026-09-08,2020,province,5300,Nusa Tenggara Timur,percent,76.1,Badan Pusat Statistik,webapi-var-2153-updated-2026-07-07,domain=0000;var=2153;vervar=5300;turvar=0;th=120;turth=0
bps_webapi,sdg08_informal_employment,total,2026-09-08,2020,province,6100,Kalimantan Barat,percent,63.01,Badan Pusat Statistik,webapi-var-2153-updated-2026-07-07,domain=0000;var=2153;vervar=6100;turvar=0;th=120;turth=0
bps_webapi,sdg08_informal_employment,total,2026-09-08,2020,province,6200,Kalimantan Tengah,percent,55.8,Badan Pusat Statistik,webapi-var-2153-updated-2026-07-07,domain=0000;var=2153;vervar=6200;turvar=0;th=120;turth=0
bps_webapi,sdg08_informal_employment,total,2026-09-08,2020,province,6300,Kalimantan Selatan,percent,60.82,Badan Pusat Statistik,webapi-var-2153-updated-2026-07-07,domain=0000;var=2153;vervar=6300;turvar=0;th=120;turth=0
bps_webapi,sdg08_informal_employment,total,2026-09-08,2020,province,6400,Kalimantan Timur,percent,47.14,Badan Pusat Statistik,webapi-var-2153-updated-2026-07-07,domain=0000;var=2153;vervar=6400;turvar=0;th=120;turth=0
bps_webapi,sdg08_informal_employment,total,2026-09-08,2020,province,6500,Kalimantan Utara,percent,50.93,Badan Pusat Statistik,webapi-var-2153-updated-2026-07-07,domain=0000;var=2153;vervar=6500;turvar=0;th=120;turth=0
bps_webapi,sdg08_informal_employment,total,2026-09-08,2020,province,7100,Sulawesi Utara,percent,60.46,Badan Pusat Statistik,webapi-var-2153-updated-2026-07-07,domain=0000;var=2153;vervar=7100;turvar=0;th=120;turth=0
bps_webapi,sdg08_informal_employment,total,2026-09-08,2020,province,7200,Sulawesi Tengah,percent,67.37,Badan Pusat Statistik,webapi-var-2153-updated-2026-07-07,domain=0000;var=2153;vervar=7200;turvar=0;th=120;turth=0
bps_webapi,sdg08_informal_employment,total,2026-09-08,2020,province,7300,Sulawesi Selatan,percent,64.22,Badan Pusat Statistik,webapi-var-2153-updated-2026-07-07,domain=0000;var=2153;vervar=7300;turvar=0;th=120;turth=0
bps_webapi,sdg08_informal_employment,total,2026-09-08,2020,province,7400,Sulawesi Tenggara,percent,64.59,Badan Pusat Statistik,webapi-var-2153-updated-2026-07-07,domain=0000;var=2153;vervar=7400;turvar=0;th=120;turth=0
bps_webapi,sdg08_informal_employment,total,2026-09-08,2020,province,7500,Gorontalo,percent,62.12,Badan Pusat Statistik,webapi-var-2153-updated-2026-07-07,domain=0000;var=2153;vervar=7500;turvar=0;th=120;turth=0
bps_webapi,sdg08_informal_employment,total,2026-09-08,2020,province,7600,Sulawesi Barat,percent,72.63,Badan Pusat Statistik,webapi-var-2153-updated-2026-07-07,domain=0000;var=2153;vervar=7600;turvar=0;th=120;turth=0
bps_webapi,sdg08_informal_employment,total,2026-09-08,2020,province,8100,Maluku,percent,66.56,Badan Pusat Statistik,webapi-var-2153-updated-2026-07-07,domain=0000;var=2153;vervar=8100;turvar=0;th=120;turth=0
bps_webapi,sdg08_informal_employment,total,2026-09-08,2020,province,8200,Maluku Utara,percent,66.13,Badan Pusat Statistik,webapi-var-2153-updated-2026-07-07,domain=0000;var=2153;vervar=8200;turvar=0;th=120;turth=0
bps_webapi,sdg08_informal_employment,total,2026-09-08,2020,province,9100,Papua Barat,percent,57.98,Badan Pusat Statistik,webapi-var-2153-updated-2026-07-07,domain=0000;var=2153;vervar=9100;turvar=0;th=120;turth=0
bps_webapi,sdg08_informal_employment,total,2026-09-08,2020,province,9400,Papua,percent,79.92,Badan Pusat Statistik,webapi-var-2153-updated-2026-07-07,domain=0000;var=2153;vervar=9400;turvar=0;th=120;turth=0
bps_webapi,sdg08_informal_employment,total,2026-09-08,2021,national,9999,Indonesia,percent,59.45,Badan Pusat Statistik,webapi-var-2153-updated-2026-07-07,domain=0000;var=2153;vervar=9999;turvar=0;th=121;turth=0
bps_webapi,sdg08_informal_employment,total,2026-09-08,2021,province,1100,Aceh,percent,60.69,Badan Pusat Statistik,webapi-var-2153-updated-2026-07-07,domain=0000;var=2153;vervar=1100;turvar=0;th=121;turth=0
bps_webapi,sdg08_informal_employment,total,2026-09-08,2021,province,1200,Sumatera Utara,percent,59.33,Badan Pusat Statistik,webapi-var-2153-updated-2026-07-07,domain=0000;var=2153;vervar=1200;turvar=0;th=121;turth=0
bps_webapi,sdg08_informal_employment,total,2026-09-08,2021,province,1300,Sumatera Barat,percent,64.77,Badan Pusat Statistik,webapi-var-2153-updated-2026-07-07,domain=0000;var=2153;vervar=1300;turvar=0;th=121;turth=0
bps_webapi,sdg08_informal_employment,total,2026-09-08,2021,province,1400,Riau,percent,54.57,Badan Pusat Statistik,webapi-var-2153-updated-2026-07-07,domain=0000;var=2153;vervar=1400;turvar=0;th=121;turth=0
bps_webapi,sdg08_informal_employment,total,2026-09-08,2021,province,1500,Jambi,percent,62.01,Badan Pusat Statistik,webapi-var-2153-updated-2026-07-07,domain=0000;var=2153;vervar=1500;turvar=0;th=121;turth=0
bps_webapi,sdg08_informal_employment,total,2026-09-08,2021,province,1600,Sumatera Selatan,percent,64.16,Badan Pusat Statistik,webapi-var-2153-updated-2026-07-07,domain=0000;var=2153;vervar=1600;turvar=0;th=121;turth=0
bps_webapi,sdg08_informal_employment,total,2026-09-08,2021,province,1700,Bengkulu,percent,68.16,Badan Pusat Statistik,webapi-var-2153-updated-2026-07-07,domain=0000;var=2153;vervar=1700;turvar=0;th=121;turth=0
bps_webapi,sdg08_informal_employment,total,2026-09-08,2021,province,1800,Lampung,percent,71.31,Badan Pusat Statistik,webapi-var-2153-updated-2026-07-07,domain=0000;var=2153;vervar=1800;turvar=0;th=121;turth=0
bps_webapi,sdg08_informal_employment,total,2026-09-08,2021,province,1900,Kep. Bangka Belitung,percent,50.93,Badan Pusat Statistik,webapi-var-2153-updated-2026-07-07,domain=0000;var=2153;vervar=1900;turvar=0;th=121;turth=0
bps_webapi,sdg08_informal_employment,total,2026-09-08,2021,province,2100,Kep. Riau,percent,35.2,Badan Pusat Statistik,webapi-var-2153-updated-2026-07-07,domain=0000;var=2153;vervar=2100;turvar=0;th=121;turth=0
bps_webapi,sdg08_informal_employment,total,2026-09-08,2021,province,3100,Dki Jakarta,percent,38.26,Badan Pusat Statistik,webapi-var-2153-updated-2026-07-07,domain=0000;var=2153;vervar=3100;turvar=0;th=121;turth=0
bps_webapi,sdg08_informal_employment,total,2026-09-08,2021,province,3200,Jawa Barat,percent,54.61,Badan Pusat Statistik,webapi-var-2153-updated-2026-07-07,domain=0000;var=2153;vervar=3200;turvar=0;th=121;turth=0
bps_webapi,sdg08_informal_employment,total,2026-09-08,2021,province,3300,Jawa Tengah,percent,60.38,Badan Pusat Statistik,webapi-var-2153-updated-2026-07-07,domain=0000;var=2153;vervar=3300;turvar=0;th=121;turth=0
bps_webapi,sdg08_informal_employment,total,2026-09-08,2021,province,3400,Di Yogyakarta,percent,55.36,Badan Pusat Statistik,webapi-var-2153-updated-2026-07-07,domain=0000;var=2153;vervar=3400;turvar=0;th=121;turth=0
bps_webapi,sdg08_informal_employment,total,2026-09-08,2021,province,3500,Jawa Timur,percent,62.64,Badan Pusat Statistik,webapi-var-2153-updated-2026-07-07,domain=0000;var=2153;vervar=3500;turvar=0;th=121;turth=0
bps_webapi,sdg08_informal_employment,total,2026-09-08,2021,province,3600,Banten,percent,48.87,Badan Pusat Statistik,webapi-var-2153-updated-2026-07-07,domain=0000;var=2153;vervar=3600;turvar=0;th=121;turth=0
bps_webapi,sdg08_informal_employment,total,2026-09-08,2021,province,5100,Bali,percent,57.1,Badan Pusat Statistik,webapi-var-2153-updated-2026-07-07,domain=0000;var=2153;vervar=5100;turvar=0;th=121;turth=0
bps_webapi,sdg08_informal_employment,total,2026-09-08,2021,province,5200,Nusa Tenggara Barat,percent,73.89,Badan Pusat Statistik,webapi-var-2153-updated-2026-07-07,domain=0000;var=2153;vervar=5200;turvar=0;th=121;turth=0
bps_webapi,sdg08_informal_employment,total,2026-09-08,2021,province,5300,Nusa Tenggara Timur,percent,75.97,Badan Pusat Statistik,webapi-var-2153-updated-2026-07-07,domain=0000;var=2153;vervar=5300;turvar=0;th=121;turth=0
bps_webapi,sdg08_informal_employment,total,2026-09-08,2021,province,6100,Kalimantan Barat,percent,60.87,Badan Pusat Statistik,webapi-var-2153-updated-2026-07-07,domain=0000;var=2153;vervar=6100;turvar=0;th=121;turth=0
bps_webapi,sdg08_informal_employment,total,2026-09-08,2021,province,6200,Kalimantan Tengah,percent,55.5,Badan Pusat Statistik,webapi-var-2153-updated-2026-07-07,domain=0000;var=2153;vervar=6200;turvar=0;th=121;turth=0
bps_webapi,sdg08_informal_employment,total,2026-09-08,2021,province,6300,Kalimantan Selatan,percent,59.63,Badan Pusat Statistik,webapi-var-2153-updated-2026-07-07,domain=0000;var=2153;vervar=6300;turvar=0;th=121;turth=0
bps_webapi,sdg08_informal_employment,total,2026-09-08,2021,province,6400,Kalimantan Timur,percent,46.49,Badan Pusat Statistik,webapi-var-2153-updated-2026-07-07,domain=0000;var=2153;vervar=6400;turvar=0;th=121;turth=0
bps_webapi,sdg08_informal_employment,total,2026-09-08,2021,province,6500,Kalimantan Utara,percent,50.74,Badan Pusat Statistik,webapi-var-2153-updated-2026-07-07,domain=0000;var=2153;vervar=6500;turvar=0;th=121;turth=0
bps_webapi,sdg08_informal_employment,total,2026-09-08,2021,province,7100,Sulawesi Utara,percent,60.7,Badan Pusat Statistik,webapi-var-2153-updated-2026-07-07,domain=0000;var=2153;vervar=7100;turvar=0;th=121;turth=0
bps_webapi,sdg08_informal_employment,total,2026-09-08,2021,province,7200,Sulawesi Tengah,percent,67.32,Badan Pusat Statistik,webapi-var-2153-updated-2026-07-07,domain=0000;var=2153;vervar=7200;turvar=0;th=121;turth=0
bps_webapi,sdg08_informal_employment,total,2026-09-08,2021,province,7300,Sulawesi Selatan,percent,63.24,Badan Pusat Statistik,webapi-var-2153-updated-2026-07-07,domain=0000;var=2153;vervar=7300;turvar=0;th=121;turth=0
bps_webapi,sdg08_informal_employment,total,2026-09-08,2021,province,7400,Sulawesi Tenggara,percent,62.81,Badan Pusat Statistik,webapi-var-2153-updated-2026-07-07,domain=0000;var=2153;vervar=7400;turvar=0;th=121;turth=0
bps_webapi,sdg08_informal_employment,total,2026-09-08,2021,province,7500,Gorontalo,percent,62.39,Badan Pusat Statistik,webapi-var-2153-updated-2026-07-07,domain=0000;var=2153;vervar=7500;turvar=0;th=121;turth=0
bps_webapi,sdg08_informal_employment,total,2026-09-08,2021,province,7600,Sulawesi Barat,percent,72.8,Badan Pusat Statistik,webapi-var-2153-updated-2026-07-07,domain=0000;var=2153;vervar=7600;turvar=0;th=121;turth=0
bps_webapi,sdg08_informal_employment,total,2026-09-08,2021,province,8100,Maluku,percent,64.41,Badan Pusat Statistik,webapi-var-2153-updated-2026-07-07,domain=0000;var=2153;vervar=8100;turvar=0;th=121;turth=0
bps_webapi,sdg08_informal_employment,total,2026-09-08,2021,province,8200,Maluku Utara,percent,63.56,Badan Pusat Statistik,webapi-var-2153-updated-2026-07-07,domain=0000;var=2153;vervar=8200;turvar=0;th=121;turth=0
bps_webapi,sdg08_informal_employment,total,2026-09-08,2021,province,9100,Papua Barat,percent,57.92,Badan Pusat Statistik,webapi-var-2153-updated-2026-07-07,domain=0000;var=2153;vervar=9100;turvar=0;th=121;turth=0
bps_webapi,sdg08_informal_employment,total,2026-09-08,2021,province,9400,Papua,percent,80.47,Badan Pusat Statistik,webapi-var-2153-updated-2026-07-07,domain=0000;var=2153;vervar=9400;turvar=0;th=121;turth=0
bps_webapi,sdg08_informal_employment,total,2026-09-08,2022,national,9999,Indonesia,percent,59.31,Badan Pusat Statistik,webapi-var-2153-updated-2026-07-07,domain=0000;var=2153;vervar=9999;turvar=0;th=122;turth=0
bps_webapi,sdg08_informal_employment,total,2026-09-08,2022,province,1100,Aceh,percent,61.45,Badan Pusat Statistik,webapi-var-2153-updated-2026-07-07,domain=0000;var=2153;vervar=1100;turvar=0;th=122;turth=0
bps_webapi,sdg08_informal_employment,total,2026-09-08,2022,province,1200,Sumatera Utara,percent,59.07,Badan Pusat Statistik,webapi-var-2153-updated-2026-07-07,domain=0000;var=2153;vervar=1200;turvar=0;th=122;turth=0
bps_webapi,sdg08_informal_employment,total,2026-09-08,2022,province,1300,Sumatera Barat,percent,65.26,Badan Pusat Statistik,webapi-var-2153-updated-2026-07-07,domain=0000;var=2153;vervar=1300;turvar=0;th=122;turth=0
bps_webapi,sdg08_informal_employment,total,2026-09-08,2022,province,1400,Riau,percent,54.02,Badan Pusat Statistik,webapi-var-2153-updated-2026-07-07,domain=0000;var=2153;vervar=1400;turvar=0;th=122;turth=0
bps_webapi,sdg08_informal_employment,total,2026-09-08,2022,province,1500,Jambi,percent,59.98,Badan Pusat Statistik,webapi-var-2153-updated-2026-07-07,domain=0000;var=2153;vervar=1500;turvar=0;th=122;turth=0
bps_webapi,sdg08_informal_employment,total,2026-09-08,2022,province,1600,Sumatera Selatan,percent,63.28,Badan Pusat Statistik,webapi-var-2153-updated-2026-07-07,domain=0000;var=2153;vervar=1600;turvar=0;th=122;turth=0
bps_webapi,sdg08_informal_employment,total,2026-09-08,2022,province,1700,Bengkulu,percent,67.54,Badan Pusat Statistik,webapi-var-2153-updated-2026-07-07,domain=0000;var=2153;vervar=1700;turvar=0;th=122;turth=0
bps_webapi,sdg08_informal_employment,total,2026-09-08,2022,province,1800,Lampung,percent,71.51,Badan Pusat Statistik,webapi-var-2153-updated-2026-07-07,domain=0000;var=2153;vervar=1800;turvar=0;th=122;turth=0
bps_webapi,sdg08_informal_employment,total,2026-09-08,2022,province,1900,Kep. Bangka Belitung,percent,49.63,Badan Pusat Statistik,webapi-var-2153-updated-2026-07-07,domain=0000;var=2153;vervar=1900;turvar=0;th=122;turth=0
bps_webapi,sdg08_informal_employment,total,2026-09-08,2022,province,2100,Kep. Riau,percent,36.32,Badan Pusat Statistik,webapi-var-2153-updated-2026-07-07,domain=0000;var=2153;vervar=2100;turvar=0;th=122;turth=0
bps_webapi,sdg08_informal_employment,total,2026-09-08,2022,province,3100,Dki Jakarta,percent,36.88,Badan Pusat Statistik,webapi-var-2153-updated-2026-07-07,domain=0000;var=2153;vervar=3100;turvar=0;th=122;turth=0
bps_webapi,sdg08_informal_employment,total,2026-09-08,2022,province,3200,Jawa Barat,percent,54.61,Badan Pusat Statistik,webapi-var-2153-updated-2026-07-07,domain=0000;var=2153;vervar=3200;turvar=0;th=122;turth=0
bps_webapi,sdg08_informal_employment,total,2026-09-08,2022,province,3300,Jawa Tengah,percent,60.16,Badan Pusat Statistik,webapi-var-2153-updated-2026-07-07,domain=0000;var=2153;vervar=3300;turvar=0;th=122;turth=0
bps_webapi,sdg08_informal_employment,total,2026-09-08,2022,province,3400,Di Yogyakarta,percent,53.38,Badan Pusat Statistik,webapi-var-2153-updated-2026-07-07,domain=0000;var=2153;vervar=3400;turvar=0;th=122;turth=0
bps_webapi,sdg08_informal_employment,total,2026-09-08,2022,province,3500,Jawa Timur,percent,63.86,Badan Pusat Statistik,webapi-var-2153-updated-2026-07-07,domain=0000;var=2153;vervar=3500;turvar=0;th=122;turth=0
bps_webapi,sdg08_informal_employment,total,2026-09-08,2022,province,3600,Banten,percent,47.96,Badan Pusat Statistik,webapi-var-2153-updated-2026-07-07,domain=0000;var=2153;vervar=3600;turvar=0;th=122;turth=0
bps_webapi,sdg08_informal_employment,total,2026-09-08,2022,province,5100,Bali,percent,53.43,Badan Pusat Statistik,webapi-var-2153-updated-2026-07-07,domain=0000;var=2153;vervar=5100;turvar=0;th=122;turth=0
bps_webapi,sdg08_informal_employment,total,2026-09-08,2022,province,5200,Nusa Tenggara Barat,percent,75.36,Badan Pusat Statistik,webapi-var-2153-updated-2026-07-07,domain=0000;var=2153;vervar=5200;turvar=0;th=122;turth=0
bps_webapi,sdg08_informal_employment,total,2026-09-08,2022,province,5300,Nusa Tenggara Timur,percent,75.24,Badan Pusat Statistik,webapi-var-2153-updated-2026-07-07,domain=0000;var=2153;vervar=5300;turvar=0;th=122;turth=0
bps_webapi,sdg08_informal_employment,total,2026-09-08,2022,province,6100,Kalimantan Barat,percent,58.77,Badan Pusat Statistik,webapi-var-2153-updated-2026-07-07,domain=0000;var=2153;vervar=6100;turvar=0;th=122;turth=0
bps_webapi,sdg08_informal_employment,total,2026-09-08,2022,province,6200,Kalimantan Tengah,percent,51.5,Badan Pusat Statistik,webapi-var-2153-updated-2026-07-07,domain=0000;var=2153;vervar=6200;turvar=0;th=122;turth=0
bps_webapi,sdg08_informal_employment,total,2026-09-08,2022,province,6300,Kalimantan Selatan,percent,57.3,Badan Pusat Statistik,webapi-var-2153-updated-2026-07-07,domain=0000;var=2153;vervar=6300;turvar=0;th=122;turth=0
bps_webapi,sdg08_informal_employment,total,2026-09-08,2022,province,6400,Kalimantan Timur,percent,44.26,Badan Pusat Statistik,webapi-var-2153-updated-2026-07-07,domain=0000;var=2153;vervar=6400;turvar=0;th=122;turth=0
bps_webapi,sdg08_informal_employment,total,2026-09-08,2022,province,6500,Kalimantan Utara,percent,49,Badan Pusat Statistik,webapi-var-2153-updated-2026-07-07,domain=0000;var=2153;vervar=6500;turvar=0;th=122;turth=0
bps_webapi,sdg08_informal_employment,total,2026-09-08,2022,province,7100,Sulawesi Utara,percent,59.15,Badan Pusat Statistik,webapi-var-2153-updated-2026-07-07,domain=0000;var=2153;vervar=7100;turvar=0;th=122;turth=0
bps_webapi,sdg08_informal_employment,total,2026-09-08,2022,province,7200,Sulawesi Tengah,percent,67.87,Badan Pusat Statistik,webapi-var-2153-updated-2026-07-07,domain=0000;var=2153;vervar=7200;turvar=0;th=122;turth=0
bps_webapi,sdg08_informal_employment,total,2026-09-08,2022,province,7300,Sulawesi Selatan,percent,63.55,Badan Pusat Statistik,webapi-var-2153-updated-2026-07-07,domain=0000;var=2153;vervar=7300;turvar=0;th=122;turth=0
bps_webapi,sdg08_informal_employment,total,2026-09-08,2022,province,7400,Sulawesi Tenggara,percent,62.39,Badan Pusat Statistik,webapi-var-2153-updated-2026-07-07,domain=0000;var=2153;vervar=7400;turvar=0;th=122;turth=0
bps_webapi,sdg08_informal_employment,total,2026-09-08,2022,province,7500,Gorontalo,percent,64.97,Badan Pusat Statistik,webapi-var-2153-updated-2026-07-07,domain=0000;var=2153;vervar=7500;turvar=0;th=122;turth=0
bps_webapi,sdg08_informal_employment,total,2026-09-08,2022,province,7600,Sulawesi Barat,percent,77.25,Badan Pusat Statistik,webapi-var-2153-updated-2026-07-07,domain=0000;var=2153;vervar=7600;turvar=0;th=122;turth=0
bps_webapi,sdg08_informal_employment,total,2026-09-08,2022,province,8100,Maluku,percent,63.3,Badan Pusat Statistik,webapi-var-2153-updated-2026-07-07,domain=0000;var=2153;vervar=8100;turvar=0;th=122;turth=0
bps_webapi,sdg08_informal_employment,total,2026-09-08,2022,province,8200,Maluku Utara,percent,65.63,Badan Pusat Statistik,webapi-var-2153-updated-2026-07-07,domain=0000;var=2153;vervar=8200;turvar=0;th=122;turth=0
bps_webapi,sdg08_informal_employment,total,2026-09-08,2022,province,9100,Papua Barat,percent,60.28,Badan Pusat Statistik,webapi-var-2153-updated-2026-07-07,domain=0000;var=2153;vervar=9100;turvar=0;th=122;turth=0
bps_webapi,sdg08_informal_employment,total,2026-09-08,2022,province,9400,Papua,percent,84.11,Badan Pusat Statistik,webapi-var-2153-updated-2026-07-07,domain=0000;var=2153;vervar=9400;turvar=0;th=122;turth=0
bps_webapi,sdg08_informal_employment,total,2026-09-08,2023,national,9999,Indonesia,percent,59.11,Badan Pusat Statistik,webapi-var-2153-updated-2026-07-07,domain=0000;var=2153;vervar=9999;turvar=0;th=123;turth=0
bps_webapi,sdg08_informal_employment,total,2026-09-08,2023,province,1100,Aceh,percent,59.86,Badan Pusat Statistik,webapi-var-2153-updated-2026-07-07,domain=0000;var=2153;vervar=1100;turvar=0;th=123;turth=0
bps_webapi,sdg08_informal_employment,total,2026-09-08,2023,province,1200,Sumatera Utara,percent,58.52,Badan Pusat Statistik,webapi-var-2153-updated-2026-07-07,domain=0000;var=2153;vervar=1200;turvar=0;th=123;turth=0
bps_webapi,sdg08_informal_employment,total,2026-09-08,2023,province,1300,Sumatera Barat,percent,64.19,Badan Pusat Statistik,webapi-var-2153-updated-2026-07-07,domain=0000;var=2153;vervar=1300;turvar=0;th=123;turth=0
bps_webapi,sdg08_informal_employment,total,2026-09-08,2023,province,1400,Riau,percent,52.13,Badan Pusat Statistik,webapi-var-2153-updated-2026-07-07,domain=0000;var=2153;vervar=1400;turvar=0;th=123;turth=0
bps_webapi,sdg08_informal_employment,total,2026-09-08,2023,province,1500,Jambi,percent,59.73,Badan Pusat Statistik,webapi-var-2153-updated-2026-07-07,domain=0000;var=2153;vervar=1500;turvar=0;th=123;turth=0
bps_webapi,sdg08_informal_employment,total,2026-09-08,2023,province,1600,Sumatera Selatan,percent,62.97,Badan Pusat Statistik,webapi-var-2153-updated-2026-07-07,domain=0000;var=2153;vervar=1600;turvar=0;th=123;turth=0
bps_webapi,sdg08_informal_employment,total,2026-09-08,2023,province,1700,Bengkulu,percent,67.77,Badan Pusat Statistik,webapi-var-2153-updated-2026-07-07,domain=0000;var=2153;vervar=1700;turvar=0;th=123;turth=0
bps_webapi,sdg08_informal_employment,total,2026-09-08,2023,province,1800,Lampung,percent,70.67,Badan Pusat Statistik,webapi-var-2153-updated-2026-07-07,domain=0000;var=2153;vervar=1800;turvar=0;th=123;turth=0
bps_webapi,sdg08_informal_employment,total,2026-09-08,2023,province,1900,Kep. Bangka Belitung,percent,51.07,Badan Pusat Statistik,webapi-var-2153-updated-2026-07-07,domain=0000;var=2153;vervar=1900;turvar=0;th=123;turth=0
bps_webapi,sdg08_informal_employment,total,2026-09-08,2023,province,2100,Kep. Riau,percent,33.67,Badan Pusat Statistik,webapi-var-2153-updated-2026-07-07,domain=0000;var=2153;vervar=2100;turvar=0;th=123;turth=0
bps_webapi,sdg08_informal_employment,total,2026-09-08,2023,province,3100,Dki Jakarta,percent,36.23,Badan Pusat Statistik,webapi-var-2153-updated-2026-07-07,domain=0000;var=2153;vervar=3100;turvar=0;th=123;turth=0
bps_webapi,sdg08_informal_employment,total,2026-09-08,2023,province,3200,Jawa Barat,percent,55.15,Badan Pusat Statistik,webapi-var-2153-updated-2026-07-07,domain=0000;var=2153;vervar=3200;turvar=0;th=123;turth=0
bps_webapi,sdg08_informal_employment,total,2026-09-08,2023,province,3300,Jawa Tengah,percent,60.39,Badan Pusat Statistik,webapi-var-2153-updated-2026-07-07,domain=0000;var=2153;vervar=3300;turvar=0;th=123;turth=0
bps_webapi,sdg08_informal_employment,total,2026-09-08,2023,province,3400,Di Yogyakarta,percent,53.78,Badan Pusat Statistik,webapi-var-2153-updated-2026-07-07,domain=0000;var=2153;vervar=3400;turvar=0;th=123;turth=0
bps_webapi,sdg08_informal_employment,total,2026-09-08,2023,province,3500,Jawa Timur,percent,63.11,Badan Pusat Statistik,webapi-var-2153-updated-2026-07-07,domain=0000;var=2153;vervar=3500;turvar=0;th=123;turth=0
bps_webapi,sdg08_informal_employment,total,2026-09-08,2023,province,3600,Banten,percent,46.31,Badan Pusat Statistik,webapi-var-2153-updated-2026-07-07,domain=0000;var=2153;vervar=3600;turvar=0;th=123;turth=0
bps_webapi,sdg08_informal_employment,total,2026-09-08,2023,province,5100,Bali,percent,52.35,Badan Pusat Statistik,webapi-var-2153-updated-2026-07-07,domain=0000;var=2153;vervar=5100;turvar=0;th=123;turth=0
bps_webapi,sdg08_informal_employment,total,2026-09-08,2023,province,5200,Nusa Tenggara Barat,percent,72.3,Badan Pusat Statistik,webapi-var-2153-updated-2026-07-07,domain=0000;var=2153;vervar=5200;turvar=0;th=123;turth=0
bps_webapi,sdg08_informal_employment,total,2026-09-08,2023,province,5300,Nusa Tenggara Timur,percent,74.51,Badan Pusat Statistik,webapi-var-2153-updated-2026-07-07,domain=0000;var=2153;vervar=5300;turvar=0;th=123;turth=0
bps_webapi,sdg08_informal_employment,total,2026-09-08,2023,province,6100,Kalimantan Barat,percent,59.69,Badan Pusat Statistik,webapi-var-2153-updated-2026-07-07,domain=0000;var=2153;vervar=6100;turvar=0;th=123;turth=0
bps_webapi,sdg08_informal_employment,total,2026-09-08,2023,province,6200,Kalimantan Tengah,percent,51.86,Badan Pusat Statistik,webapi-var-2153-updated-2026-07-07,domain=0000;var=2153;vervar=6200;turvar=0;th=123;turth=0
bps_webapi,sdg08_informal_employment,total,2026-09-08,2023,province,6300,Kalimantan Selatan,percent,55.25,Badan Pusat Statistik,webapi-var-2153-updated-2026-07-07,domain=0000;var=2153;vervar=6300;turvar=0;th=123;turth=0
bps_webapi,sdg08_informal_employment,total,2026-09-08,2023,province,6400,Kalimantan Timur,percent,44.67,Badan Pusat Statistik,webapi-var-2153-updated-2026-07-07,domain=0000;var=2153;vervar=6400;turvar=0;th=123;turth=0
bps_webapi,sdg08_informal_employment,total,2026-09-08,2023,province,6500,Kalimantan Utara,percent,51.38,Badan Pusat Statistik,webapi-var-2153-updated-2026-07-07,domain=0000;var=2153;vervar=6500;turvar=0;th=123;turth=0
bps_webapi,sdg08_informal_employment,total,2026-09-08,2023,province,7100,Sulawesi Utara,percent,58.14,Badan Pusat Statistik,webapi-var-2153-updated-2026-07-07,domain=0000;var=2153;vervar=7100;turvar=0;th=123;turth=0
bps_webapi,sdg08_informal_employment,total,2026-09-08,2023,province,7200,Sulawesi Tengah,percent,66.1,Badan Pusat Statistik,webapi-var-2153-updated-2026-07-07,domain=0000;var=2153;vervar=7200;turvar=0;th=123;turth=0
bps_webapi,sdg08_informal_employment,total,2026-09-08,2023,province,7300,Sulawesi Selatan,percent,62.77,Badan Pusat Statistik,webapi-var-2153-updated-2026-07-07,domain=0000;var=2153;vervar=7300;turvar=0;th=123;turth=0
bps_webapi,sdg08_informal_employment,total,2026-09-08,2023,province,7400,Sulawesi Tenggara,percent,61.84,Badan Pusat Statistik,webapi-var-2153-updated-2026-07-07,domain=0000;var=2153;vervar=7400;turvar=0;th=123;turth=0
bps_webapi,sdg08_informal_employment,total,2026-09-08,2023,province,7500,Gorontalo,percent,63.73,Badan Pusat Statistik,webapi-var-2153-updated-2026-07-07,domain=0000;var=2153;vervar=7500;turvar=0;th=123;turth=0
bps_webapi,sdg08_informal_employment,total,2026-09-08,2023,province,7600,Sulawesi Barat,percent,73.35,Badan Pusat Statistik,webapi-var-2153-updated-2026-07-07,domain=0000;var=2153;vervar=7600;turvar=0;th=123;turth=0
bps_webapi,sdg08_informal_employment,total,2026-09-08,2023,province,8100,Maluku,percent,65.42,Badan Pusat Statistik,webapi-var-2153-updated-2026-07-07,domain=0000;var=2153;vervar=8100;turvar=0;th=123;turth=0
bps_webapi,sdg08_informal_employment,total,2026-09-08,2023,province,8200,Maluku Utara,percent,66.08,Badan Pusat Statistik,webapi-var-2153-updated-2026-07-07,domain=0000;var=2153;vervar=8200;turvar=0;th=123;turth=0
bps_webapi,sdg08_informal_employment,total,2026-09-08,2023,province,9100,Papua Barat,percent,58.55,Badan Pusat Statistik,webapi-var-2153-updated-2026-07-07,domain=0000;var=2153;vervar=9100;turvar=0;th=123;turth=0
bps_webapi,sdg08_informal_employment,total,2026-09-08,2023,province,9400,Papua,percent,84.43,Badan Pusat Statistik,webapi-var-2153-updated-2026-07-07,domain=0000;var=2153;vervar=9400;turvar=0;th=123;turth=0
bps_webapi,sdg08_informal_employment,total,2026-09-08,2024,national,9999,Indonesia,percent,57.95,Badan Pusat Statistik,webapi-var-2153-updated-2026-07-07,domain=0000;var=2153;vervar=9999;turvar=0;th=124;turth=0
bps_webapi,sdg08_informal_employment,total,2026-09-08,2024,province,1100,Aceh,percent,60.17,Badan Pusat Statistik,webapi-var-2153-updated-2026-07-07,domain=0000;var=2153;vervar=1100;turvar=0;th=124;turth=0
bps_webapi,sdg08_informal_employment,total,2026-09-08,2024,province,1200,Sumatera Utara,percent,57.35,Badan Pusat Statistik,webapi-var-2153-updated-2026-07-07,domain=0000;var=2153;vervar=1200;turvar=0;th=124;turth=0
bps_webapi,sdg08_informal_employment,total,2026-09-08,2024,province,1300,Sumatera Barat,percent,62.55,Badan Pusat Statistik,webapi-var-2153-updated-2026-07-07,domain=0000;var=2153;vervar=1300;turvar=0;th=124;turth=0
bps_webapi,sdg08_informal_employment,total,2026-09-08,2024,province,1400,Riau,percent,50.07,Badan Pusat Statistik,webapi-var-2153-updated-2026-07-07,domain=0000;var=2153;vervar=1400;turvar=0;th=124;turth=0
bps_webapi,sdg08_informal_employment,total,2026-09-08,2024,province,1500,Jambi,percent,58.35,Badan Pusat Statistik,webapi-var-2153-updated-2026-07-07,domain=0000;var=2153;vervar=1500;turvar=0;th=124;turth=0
bps_webapi,sdg08_informal_employment,total,2026-09-08,2024,province,1600,Sumatera Selatan,percent,62.34,Badan Pusat Statistik,webapi-var-2153-updated-2026-07-07,domain=0000;var=2153;vervar=1600;turvar=0;th=124;turth=0
bps_webapi,sdg08_informal_employment,total,2026-09-08,2024,province,1700,Bengkulu,percent,66.01,Badan Pusat Statistik,webapi-var-2153-updated-2026-07-07,domain=0000;var=2153;vervar=1700;turvar=0;th=124;turth=0
bps_webapi,sdg08_informal_employment,total,2026-09-08,2024,province,1800,Lampung,percent,69.14,Badan Pusat Statistik,webapi-var-2153-updated-2026-07-07,domain=0000;var=2153;vervar=1800;turvar=0;th=124;turth=0
bps_webapi,sdg08_informal_employment,total,2026-09-08,2024,province,1900,Kep. Bangka Belitung,percent,51.14,Badan Pusat Statistik,webapi-var-2153-updated-2026-07-07,domain=0000;var=2153;vervar=1900;turvar=0;th=124;turth=0
bps_webapi,sdg08_informal_employment,total,2026-09-08,2024,province,2100,Kep. Riau,percent,31.55,Badan Pusat Statistik,webapi-var-2153-updated-2026-07-07,domain=0000;var=2153;vervar=2100;turvar=0;th=124;turth=0
bps_webapi,sdg08_informal_employment,total,2026-09-08,2024,province,3100,Dki Jakarta,percent,36.31,Badan Pusat Statistik,webapi-var-2153-updated-2026-07-07,domain=0000;var=2153;vervar=3100;turvar=0;th=124;turth=0
bps_webapi,sdg08_informal_employment,total,2026-09-08,2024,province,3200,Jawa Barat,percent,54.39,Badan Pusat Statistik,webapi-var-2153-updated-2026-07-07,domain=0000;var=2153;vervar=3200;turvar=0;th=124;turth=0
bps_webapi,sdg08_informal_employment,total,2026-09-08,2024,province,3300,Jawa Tengah,percent,59.64,Badan Pusat Statistik,webapi-var-2153-updated-2026-07-07,domain=0000;var=2153;vervar=3300;turvar=0;th=124;turth=0
bps_webapi,sdg08_informal_employment,total,2026-09-08,2024,province,3400,Di Yogyakarta,percent,53.12,Badan Pusat Statistik,webapi-var-2153-updated-2026-07-07,domain=0000;var=2153;vervar=3400;turvar=0;th=124;turth=0
bps_webapi,sdg08_informal_employment,total,2026-09-08,2024,province,3500,Jawa Timur,percent,61.49,Badan Pusat Statistik,webapi-var-2153-updated-2026-07-07,domain=0000;var=2153;vervar=3500;turvar=0;th=124;turth=0
bps_webapi,sdg08_informal_employment,total,2026-09-08,2024,province,3600,Banten,percent,46.21,Badan Pusat Statistik,webapi-var-2153-updated-2026-07-07,domain=0000;var=2153;vervar=3600;turvar=0;th=124;turth=0
bps_webapi,sdg08_informal_employment,total,2026-09-08,2024,province,5100,Bali,percent,50.68,Badan Pusat Statistik,webapi-var-2153-updated-2026-07-07,domain=0000;var=2153;vervar=5100;turvar=0;th=124;turth=0
bps_webapi,sdg08_informal_employment,total,2026-09-08,2024,province,5200,Nusa Tenggara Barat,percent,70.51,Badan Pusat Statistik,webapi-var-2153-updated-2026-07-07,domain=0000;var=2153;vervar=5200;turvar=0;th=124;turth=0
bps_webapi,sdg08_informal_employment,total,2026-09-08,2024,province,5300,Nusa Tenggara Timur,percent,73.32,Badan Pusat Statistik,webapi-var-2153-updated-2026-07-07,domain=0000;var=2153;vervar=5300;turvar=0;th=124;turth=0
bps_webapi,sdg08_informal_employment,total,2026-09-08,2024,province,6100,Kalimantan Barat,percent,56.02,Badan Pusat Statistik,webapi-var-2153-updated-2026-07-07,domain=0000;var=2153;vervar=6100;turvar=0;th=124;turth=0
bps_webapi,sdg08_informal_employment,total,2026-09-08,2024,province,6200,Kalimantan Tengah,percent,49.33,Badan Pusat Statistik,webapi-var-2153-updated-2026-07-07,domain=0000;var=2153;vervar=6200;turvar=0;th=124;turth=0
bps_webapi,sdg08_informal_employment,total,2026-09-08,2024,province,6300,Kalimantan Selatan,percent,53.56,Badan Pusat Statistik,webapi-var-2153-updated-2026-07-07,domain=0000;var=2153;vervar=6300;turvar=0;th=124;turth=0
bps_webapi,sdg08_informal_employment,total,2026-09-08,2024,province,6400,Kalimantan Timur,percent,42.32,Badan Pusat Statistik,webapi-var-2153-updated-2026-07-07,domain=0000;var=2153;vervar=6400;turvar=0;th=124;turth=0
bps_webapi,sdg08_informal_employment,total,2026-09-08,2024,province,6500,Kalimantan Utara,percent,50.41,Badan Pusat Statistik,webapi-var-2153-updated-2026-07-07,domain=0000;var=2153;vervar=6500;turvar=0;th=124;turth=0
bps_webapi,sdg08_informal_employment,total,2026-09-08,2024,province,7100,Sulawesi Utara,percent,55.47,Badan Pusat Statistik,webapi-var-2153-updated-2026-07-07,domain=0000;var=2153;vervar=7100;turvar=0;th=124;turth=0
bps_webapi,sdg08_informal_employment,total,2026-09-08,2024,province,7200,Sulawesi Tengah,percent,65.43,Badan Pusat Statistik,webapi-var-2153-updated-2026-07-07,domain=0000;var=2153;vervar=7200;turvar=0;th=124;turth=0
bps_webapi,sdg08_informal_employment,total,2026-09-08,2024,province,7300,Sulawesi Selatan,percent,60.5,Badan Pusat Statistik,webapi-var-2153-updated-2026-07-07,domain=0000;var=2153;vervar=7300;turvar=0;th=124;turth=0
bps_webapi,sdg08_informal_employment,total,2026-09-08,2024,province,7400,Sulawesi Tenggara,percent,61.92,Badan Pusat Statistik,webapi-var-2153-updated-2026-07-07,domain=0000;var=2153;vervar=7400;turvar=0;th=124;turth=0
bps_webapi,sdg08_informal_employment,total,2026-09-08,2024,province,7500,Gorontalo,percent,61.45,Badan Pusat Statistik,webapi-var-2153-updated-2026-07-07,domain=0000;var=2153;vervar=7500;turvar=0;th=124;turth=0
bps_webapi,sdg08_informal_employment,total,2026-09-08,2024,province,7600,Sulawesi Barat,percent,72.08,Badan Pusat Statistik,webapi-var-2153-updated-2026-07-07,domain=0000;var=2153;vervar=7600;turvar=0;th=124;turth=0
bps_webapi,sdg08_informal_employment,total,2026-09-08,2024,province,8100,Maluku,percent,65.04,Badan Pusat Statistik,webapi-var-2153-updated-2026-07-07,domain=0000;var=2153;vervar=8100;turvar=0;th=124;turth=0
bps_webapi,sdg08_informal_employment,total,2026-09-08,2024,province,8200,Maluku Utara,percent,64.76,Badan Pusat Statistik,webapi-var-2153-updated-2026-07-07,domain=0000;var=2153;vervar=8200;turvar=0;th=124;turth=0
bps_webapi,sdg08_informal_employment,total,2026-09-08,2024,province,9100,Papua Barat,percent,62.87,Badan Pusat Statistik,webapi-var-2153-updated-2026-07-07,domain=0000;var=2153;vervar=9100;turvar=0;th=124;turth=0
bps_webapi,sdg08_informal_employment,total,2026-09-08,2024,province,9200,Papua Barat Daya,percent,56.96,Badan Pusat Statistik,webapi-var-2153-updated-2026-07-07,domain=0000;var=2153;vervar=9200;turvar=0;th=124;turth=0
bps_webapi,sdg08_informal_employment,total,2026-09-08,2024,province,9400,Papua,percent,57.28,Badan Pusat Statistik,webapi-var-2153-updated-2026-07-07,domain=0000;var=2153;vervar=9400;turvar=0;th=124;turth=0
bps_webapi,sdg08_informal_employment,total,2026-09-08,2024,province,9500,Papua Selatan,percent,66.84,Badan Pusat Statistik,webapi-var-2153-updated-2026-07-07,domain=0000;var=2153;vervar=9500;turvar=0;th=124;turth=0
bps_webapi,sdg08_informal_employment,total,2026-09-08,2024,province,9600,Papua Tengah,percent,87.02,Badan Pusat Statistik,webapi-var-2153-updated-2026-07-07,domain=0000;var=2153;vervar=9600;turvar=0;th=124;turth=0
bps_webapi,sdg08_informal_employment,total,2026-09-08,2024,province,9700,Papua Pegunungan,percent,95.76,Badan Pusat Statistik,webapi-var-2153-updated-2026-07-07,domain=0000;var=2153;vervar=9700;turvar=0;th=124;turth=0
bps_webapi,sdg08_informal_employment,total,2026-09-08,2025,national,9999,Indonesia,percent,57.8,Badan Pusat Statistik,webapi-var-2153-updated-2026-07-07,domain=0000;var=2153;vervar=9999;turvar=0;th=125;turth=0
bps_webapi,sdg08_informal_employment,total,2026-09-08,2025,province,1100,Aceh,percent,63.91,Badan Pusat Statistik,webapi-var-2153-updated-2026-07-07,domain=0000;var=2153;vervar=1100;turvar=0;th=125;turth=0
bps_webapi,sdg08_informal_employment,total,2026-09-08,2025,province,1200,Sumatera Utara,percent,57.26,Badan Pusat Statistik,webapi-var-2153-updated-2026-07-07,domain=0000;var=2153;vervar=1200;turvar=0;th=125;turth=0
bps_webapi,sdg08_informal_employment,total,2026-09-08,2025,province,1300,Sumatera Barat,percent,64.33,Badan Pusat Statistik,webapi-var-2153-updated-2026-07-07,domain=0000;var=2153;vervar=1300;turvar=0;th=125;turth=0
bps_webapi,sdg08_informal_employment,total,2026-09-08,2025,province,1400,Riau,percent,52,Badan Pusat Statistik,webapi-var-2153-updated-2026-07-07,domain=0000;var=2153;vervar=1400;turvar=0;th=125;turth=0
bps_webapi,sdg08_informal_employment,total,2026-09-08,2025,province,1500,Jambi,percent,57.27,Badan Pusat Statistik,webapi-var-2153-updated-2026-07-07,domain=0000;var=2153;vervar=1500;turvar=0;th=125;turth=0
bps_webapi,sdg08_informal_employment,total,2026-09-08,2025,province,1600,Sumatera Selatan,percent,63.13,Badan Pusat Statistik,webapi-var-2153-updated-2026-07-07,domain=0000;var=2153;vervar=1600;turvar=0;th=125;turth=0
bps_webapi,sdg08_informal_employment,total,2026-09-08,2025,province,1700,Bengkulu,percent,65.17,Badan Pusat Statistik,webapi-var-2153-updated-2026-07-07,domain=0000;var=2153;vervar=1700;turvar=0;th=125;turth=0
bps_webapi,sdg08_informal_employment,total,2026-09-08,2025,province,1800,Lampung,percent,64.72,Badan Pusat Statistik,webapi-var-2153-updated-2026-07-07,domain=0000;var=2153;vervar=1800;turvar=0;th=125;turth=0
bps_webapi,sdg08_informal_employment,total,2026-09-08,2025,province,1900,Kep. Bangka Belitung,percent,51.29,Badan Pusat Statistik,webapi-var-2153-updated-2026-07-07,domain=0000;var=2153;vervar=1900;turvar=0;th=125;turth=0
bps_webapi,sdg08_informal_employment,total,2026-09-08,2025,province,2100,Kep. Riau,percent,34.25,Badan Pusat Statistik,webapi-var-2153-updated-2026-07-07,domain=0000;var=2153;vervar=2100;turvar=0;th=125;turth=0
bps_webapi,sdg08_informal_employment,total,2026-09-08,2025,province,3100,Dki Jakarta,percent,36.63,Badan Pusat Statistik,webapi-var-2153-updated-2026-07-07,domain=0000;var=2153;vervar=3100;turvar=0;th=125;turth=0
bps_webapi,sdg08_informal_employment,total,2026-09-08,2025,province,3200,Jawa Barat,percent,54.95,Badan Pusat Statistik,webapi-var-2153-updated-2026-07-07,domain=0000;var=2153;vervar=3200;turvar=0;th=125;turth=0
bps_webapi,sdg08_informal_employment,total,2026-09-08,2025,province,3300,Jawa Tengah,percent,58.79,Badan Pusat Statistik,webapi-var-2153-updated-2026-07-07,domain=0000;var=2153;vervar=3300;turvar=0;th=125;turth=0
bps_webapi,sdg08_informal_employment,total,2026-09-08,2025,province,3400,Di Yogyakarta,percent,53.97,Badan Pusat Statistik,webapi-var-2153-updated-2026-07-07,domain=0000;var=2153;vervar=3400;turvar=0;th=125;turth=0
bps_webapi,sdg08_informal_employment,total,2026-09-08,2025,province,3500,Jawa Timur,percent,61.73,Badan Pusat Statistik,webapi-var-2153-updated-2026-07-07,domain=0000;var=2153;vervar=3500;turvar=0;th=125;turth=0
bps_webapi,sdg08_informal_employment,total,2026-09-08,2025,province,3600,Banten,percent,45.12,Badan Pusat Statistik,webapi-var-2153-updated-2026-07-07,domain=0000;var=2153;vervar=3600;turvar=0;th=125;turth=0
bps_webapi,sdg08_informal_employment,total,2026-09-08,2025,province,5100,Bali,percent,50.47,Badan Pusat Statistik,webapi-var-2153-updated-2026-07-07,domain=0000;var=2153;vervar=5100;turvar=0;th=125;turth=0
bps_webapi,sdg08_informal_employment,total,2026-09-08,2025,province,5200,Nusa Tenggara Barat,percent,68.42,Badan Pusat Statistik,webapi-var-2153-updated-2026-07-07,domain=0000;var=2153;vervar=5200;turvar=0;th=125;turth=0
bps_webapi,sdg08_informal_employment,total,2026-09-08,2025,province,5300,Nusa Tenggara Timur,percent,68.44,Badan Pusat Statistik,webapi-var-2153-updated-2026-07-07,domain=0000;var=2153;vervar=5300;turvar=0;th=125;turth=0
bps_webapi,sdg08_informal_employment,total,2026-09-08,2025,province,6100,Kalimantan Barat,percent,56.39,Badan Pusat Statistik,webapi-var-2153-updated-2026-07-07,domain=0000;var=2153;vervar=6100;turvar=0;th=125;turth=0
bps_webapi,sdg08_informal_employment,total,2026-09-08,2025,province,6200,Kalimantan Tengah,percent,50.15,Badan Pusat Statistik,webapi-var-2153-updated-2026-07-07,domain=0000;var=2153;vervar=6200;turvar=0;th=125;turth=0
bps_webapi,sdg08_informal_employment,total,2026-09-08,2025,province,6300,Kalimantan Selatan,percent,53.48,Badan Pusat Statistik,webapi-var-2153-updated-2026-07-07,domain=0000;var=2153;vervar=6300;turvar=0;th=125;turth=0
bps_webapi,sdg08_informal_employment,total,2026-09-08,2025,province,6400,Kalimantan Timur,percent,43.22,Badan Pusat Statistik,webapi-var-2153-updated-2026-07-07,domain=0000;var=2153;vervar=6400;turvar=0;th=125;turth=0
bps_webapi,sdg08_informal_employment,total,2026-09-08,2025,province,6500,Kalimantan Utara,percent,48.44,Badan Pusat Statistik,webapi-var-2153-updated-2026-07-07,domain=0000;var=2153;vervar=6500;turvar=0;th=125;turth=0
bps_webapi,sdg08_informal_employment,total,2026-09-08,2025,province,7100,Sulawesi Utara,percent,54.56,Badan Pusat Statistik,webapi-var-2153-updated-2026-07-07,domain=0000;var=2153;vervar=7100;turvar=0;th=125;turth=0
bps_webapi,sdg08_informal_employment,total,2026-09-08,2025,province,7200,Sulawesi Tengah,percent,64.57,Badan Pusat Statistik,webapi-var-2153-updated-2026-07-07,domain=0000;var=2153;vervar=7200;turvar=0;th=125;turth=0
bps_webapi,sdg08_informal_employment,total,2026-09-08,2025,province,7300,Sulawesi Selatan,percent,60.45,Badan Pusat Statistik,webapi-var-2153-updated-2026-07-07,domain=0000;var=2153;vervar=7300;turvar=0;th=125;turth=0
bps_webapi,sdg08_informal_employment,total,2026-09-08,2025,province,7400,Sulawesi Tenggara,percent,61.13,Badan Pusat Statistik,webapi-var-2153-updated-2026-07-07,domain=0000;var=2153;vervar=7400;turvar=0;th=125;turth=0
bps_webapi,sdg08_informal_employment,total,2026-09-08,2025,province,7500,Gorontalo,percent,61.14,Badan Pusat Statistik,webapi-var-2153-updated-2026-07-07,domain=0000;var=2153;vervar=7500;turvar=0;th=125;turth=0
bps_webapi,sdg08_informal_employment,total,2026-09-08,2025,province,7600,Sulawesi Barat,percent,70.63,Badan Pusat Statistik,webapi-var-2153-updated-2026-07-07,domain=0000;var=2153;vervar=7600;turvar=0;th=125;turth=0
bps_webapi,sdg08_informal_employment,total,2026-09-08,2025,province,8100,Maluku,percent,66.06,Badan Pusat Statistik,webapi-var-2153-updated-2026-07-07,domain=0000;var=2153;vervar=8100;turvar=0;th=125;turth=0
bps_webapi,sdg08_informal_employment,total,2026-09-08,2025,province,8200,Maluku Utara,percent,64.51,Badan Pusat Statistik,webapi-var-2153-updated-2026-07-07,domain=0000;var=2153;vervar=8200;turvar=0;th=125;turth=0
bps_webapi,sdg08_informal_employment,total,2026-09-08,2025,province,9100,Papua Barat,percent,63.19,Badan Pusat Statistik,webapi-var-2153-updated-2026-07-07,domain=0000;var=2153;vervar=9100;turvar=0;th=125;turth=0
bps_webapi,sdg08_informal_employment,total,2026-09-08,2025,province,9200,Papua Barat Daya,percent,55.66,Badan Pusat Statistik,webapi-var-2153-updated-2026-07-07,domain=0000;var=2153;vervar=9200;turvar=0;th=125;turth=0
bps_webapi,sdg08_informal_employment,total,2026-09-08,2025,province,9400,Papua,percent,52.88,Badan Pusat Statistik,webapi-var-2153-updated-2026-07-07,domain=0000;var=2153;vervar=9400;turvar=0;th=125;turth=0
bps_webapi,sdg08_informal_employment,total,2026-09-08,2025,province,9500,Papua Selatan,percent,65.88,Badan Pusat Statistik,webapi-var-2153-updated-2026-07-07,domain=0000;var=2153;vervar=9500;turvar=0;th=125;turth=0
bps_webapi,sdg08_informal_employment,total,2026-09-08,2025,province,9600,Papua Tengah,percent,84.72,Badan Pusat Statistik,webapi-var-2153-updated-2026-07-07,domain=0000;var=2153;vervar=9600;turvar=0;th=125;turth=0
bps_webapi,sdg08_informal_employment,total,2026-09-08,2025,province,9700,Papua Pegunungan,percent,95.3,Badan Pusat Statistik,webapi-var-2153-updated-2026-07-07,domain=0000;var=2153;vervar=9700;turvar=0;th=125;turth=0
bps_webapi,sdg08_neet,total,2026-09-08,2015,national,9999,Indonesia,percent,24.77,Badan Pusat Statistik,webapi-var-1186-updated-2026-02-24,domain=0000;var=1186;vervar=9999;turvar=0;th=115;turth=0
bps_webapi,sdg08_neet,total,2026-09-08,2015,province,1100,Aceh,percent,25.65,Badan Pusat Statistik,webapi-var-1186-updated-2026-02-24,domain=0000;var=1186;vervar=1100;turvar=0;th=115;turth=0
bps_webapi,sdg08_neet,total,2026-09-08,2015,province,1200,Sumatera Utara,percent,22.01,Badan Pusat Statistik,webapi-var-1186-updated-2026-02-24,domain=0000;var=1186;vervar=1200;turvar=0;th=115;turth=0
bps_webapi,sdg08_neet,total,2026-09-08,2015,province,1300,Sumatera Barat,percent,21.58,Badan Pusat Statistik,webapi-var-1186-updated-2026-02-24,domain=0000;var=1186;vervar=1300;turvar=0;th=115;turth=0
bps_webapi,sdg08_neet,total,2026-09-08,2015,province,1400,Riau,percent,25.33,Badan Pusat Statistik,webapi-var-1186-updated-2026-02-24,domain=0000;var=1186;vervar=1400;turvar=0;th=115;turth=0
bps_webapi,sdg08_neet,total,2026-09-08,2015,province,1500,Jambi,percent,24.11,Badan Pusat Statistik,webapi-var-1186-updated-2026-02-24,domain=0000;var=1186;vervar=1500;turvar=0;th=115;turth=0
bps_webapi,sdg08_neet,total,2026-09-08,2015,province,1600,Sumatera Selatan,percent,25.78,Badan Pusat Statistik,webapi-var-1186-updated-2026-02-24,domain=0000;var=1186;vervar=1600;turvar=0;th=115;turth=0
bps_webapi,sdg08_neet,total,2026-09-08,2015,province,1700,Bengkulu,percent,19.7,Badan Pusat Statistik,webapi-var-1186-updated-2026-02-24,domain=0000;var=1186;vervar=1700;turvar=0;th=115;turth=0
bps_webapi,sdg08_neet,total,2026-09-08,2015,province,1800,Lampung,percent,28.26,Badan Pusat Statistik,webapi-var-1186-updated-2026-02-24,domain=0000;var=1186;vervar=1800;turvar=0;th=115;turth=0
bps_webapi,sdg08_neet,total,2026-09-08,2015,province,1900,Kep. Bangka Belitung,percent,27.51,Badan Pusat Statistik,webapi-var-1186-updated-2026-02-24,domain=0000;var=1186;vervar=1900;turvar=0;th=115;turth=0
bps_webapi,sdg08_neet,total,2026-09-08,2015,province,2100,Kep. Riau,percent,14.88,Badan Pusat Statistik,webapi-var-1186-updated-2026-02-24,domain=0000;var=1186;vervar=2100;turvar=0;th=115;turth=0
bps_webapi,sdg08_neet,total,2026-09-08,2015,province,3100,Dki Jakarta,percent,15.91,Badan Pusat Statistik,webapi-var-1186-updated-2026-02-24,domain=0000;var=1186;vervar=3100;turvar=0;th=115;turth=0
bps_webapi,sdg08_neet,total,2026-09-08,2015,province,3200,Jawa Barat,percent,30.44,Badan Pusat Statistik,webapi-var-1186-updated-2026-02-24,domain=0000;var=1186;vervar=3200;turvar=0;th=115;turth=0
bps_webapi,sdg08_neet,total,2026-09-08,2015,province,3300,Jawa Tengah,percent,25.39,Badan Pusat Statistik,webapi-var-1186-updated-2026-02-24,domain=0000;var=1186;vervar=3300;turvar=0;th=115;turth=0
bps_webapi,sdg08_neet,total,2026-09-08,2015,province,3400,Di Yogyakarta,percent,13.64,Badan Pusat Statistik,webapi-var-1186-updated-2026-02-24,domain=0000;var=1186;vervar=3400;turvar=0;th=115;turth=0
bps_webapi,sdg08_neet,total,2026-09-08,2015,province,3500,Jawa Timur,percent,23.9,Badan Pusat Statistik,webapi-var-1186-updated-2026-02-24,domain=0000;var=1186;vervar=3500;turvar=0;th=115;turth=0
bps_webapi,sdg08_neet,total,2026-09-08,2015,province,3600,Banten,percent,29.45,Badan Pusat Statistik,webapi-var-1186-updated-2026-02-24,domain=0000;var=1186;vervar=3600;turvar=0;th=115;turth=0
bps_webapi,sdg08_neet,total,2026-09-08,2015,province,5100,Bali,percent,12.25,Badan Pusat Statistik,webapi-var-1186-updated-2026-02-24,domain=0000;var=1186;vervar=5100;turvar=0;th=115;turth=0
bps_webapi,sdg08_neet,total,2026-09-08,2015,province,5200,Nusa Tenggara Barat,percent,25.55,Badan Pusat Statistik,webapi-var-1186-updated-2026-02-24,domain=0000;var=1186;vervar=5200;turvar=0;th=115;turth=0
bps_webapi,sdg08_neet,total,2026-09-08,2015,province,5300,Nusa Tenggara Timur,percent,17.22,Badan Pusat Statistik,webapi-var-1186-updated-2026-02-24,domain=0000;var=1186;vervar=5300;turvar=0;th=115;turth=0
bps_webapi,sdg08_neet,total,2026-09-08,2015,province,6100,Kalimantan Barat,percent,21.98,Badan Pusat Statistik,webapi-var-1186-updated-2026-02-24,domain=0000;var=1186;vervar=6100;turvar=0;th=115;turth=0
bps_webapi,sdg08_neet,total,2026-09-08,2015,province,6200,Kalimantan Tengah,percent,22.28,Badan Pusat Statistik,webapi-var-1186-updated-2026-02-24,domain=0000;var=1186;vervar=6200;turvar=0;th=115;turth=0
bps_webapi,sdg08_neet,total,2026-09-08,2015,province,6300,Kalimantan Selatan,percent,24.03,Badan Pusat Statistik,webapi-var-1186-updated-2026-02-24,domain=0000;var=1186;vervar=6300;turvar=0;th=115;turth=0
bps_webapi,sdg08_neet,total,2026-09-08,2015,province,6400,Kalimantan Timur,percent,22.25,Badan Pusat Statistik,webapi-var-1186-updated-2026-02-24,domain=0000;var=1186;vervar=6400;turvar=0;th=115;turth=0
bps_webapi,sdg08_neet,total,2026-09-08,2015,province,6500,Kalimantan Utara,percent,19.24,Badan Pusat Statistik,webapi-var-1186-updated-2026-02-24,domain=0000;var=1186;vervar=6500;turvar=0;th=115;turth=0
bps_webapi,sdg08_neet,total,2026-09-08,2015,province,7100,Sulawesi Utara,percent,27.21,Badan Pusat Statistik,webapi-var-1186-updated-2026-02-24,domain=0000;var=1186;vervar=7100;turvar=0;th=115;turth=0
bps_webapi,sdg08_neet,total,2026-09-08,2015,province,7200,Sulawesi Tengah,percent,26.64,Badan Pusat Statistik,webapi-var-1186-updated-2026-02-24,domain=0000;var=1186;vervar=7200;turvar=0;th=115;turth=0
bps_webapi,sdg08_neet,total,2026-09-08,2015,province,7300,Sulawesi Selatan,percent,24.1,Badan Pusat Statistik,webapi-var-1186-updated-2026-02-24,domain=0000;var=1186;vervar=7300;turvar=0;th=115;turth=0
bps_webapi,sdg08_neet,total,2026-09-08,2015,province,7400,Sulawesi Tenggara,percent,23.52,Badan Pusat Statistik,webapi-var-1186-updated-2026-02-24,domain=0000;var=1186;vervar=7400;turvar=0;th=115;turth=0
bps_webapi,sdg08_neet,total,2026-09-08,2015,province,7500,Gorontalo,percent,27.16,Badan Pusat Statistik,webapi-var-1186-updated-2026-02-24,domain=0000;var=1186;vervar=7500;turvar=0;th=115;turth=0
bps_webapi,sdg08_neet,total,2026-09-08,2015,province,7600,Sulawesi Barat,percent,18.92,Badan Pusat Statistik,webapi-var-1186-updated-2026-02-24,domain=0000;var=1186;vervar=7600;turvar=0;th=115;turth=0
bps_webapi,sdg08_neet,total,2026-09-08,2015,province,8100,Maluku,percent,25.23,Badan Pusat Statistik,webapi-var-1186-updated-2026-02-24,domain=0000;var=1186;vervar=8100;turvar=0;th=115;turth=0
bps_webapi,sdg08_neet,total,2026-09-08,2015,province,8200,Maluku Utara,percent,25.22,Badan Pusat Statistik,webapi-var-1186-updated-2026-02-24,domain=0000;var=1186;vervar=8200;turvar=0;th=115;turth=0
bps_webapi,sdg08_neet,total,2026-09-08,2015,province,9100,Papua Barat,percent,20.37,Badan Pusat Statistik,webapi-var-1186-updated-2026-02-24,domain=0000;var=1186;vervar=9100;turvar=0;th=115;turth=0
bps_webapi,sdg08_neet,total,2026-09-08,2015,province,9400,Papua,percent,15.42,Badan Pusat Statistik,webapi-var-1186-updated-2026-02-24,domain=0000;var=1186;vervar=9400;turvar=0;th=115;turth=0
bps_webapi,sdg08_neet,total,2026-09-08,2016,national,9999,Indonesia,percent,23.19,Badan Pusat Statistik,webapi-var-1186-updated-2026-02-24,domain=0000;var=1186;vervar=9999;turvar=0;th=116;turth=0
bps_webapi,sdg08_neet,total,2026-09-08,2016,province,1100,Aceh,percent,23.35,Badan Pusat Statistik,webapi-var-1186-updated-2026-02-24,domain=0000;var=1186;vervar=1100;turvar=0;th=116;turth=0
bps_webapi,sdg08_neet,total,2026-09-08,2016,province,1200,Sumatera Utara,percent,21.87,Badan Pusat Statistik,webapi-var-1186-updated-2026-02-24,domain=0000;var=1186;vervar=1200;turvar=0;th=116;turth=0
bps_webapi,sdg08_neet,total,2026-09-08,2016,province,1300,Sumatera Barat,percent,19.7,Badan Pusat Statistik,webapi-var-1186-updated-2026-02-24,domain=0000;var=1186;vervar=1300;turvar=0;th=116;turth=0
bps_webapi,sdg08_neet,total,2026-09-08,2016,province,1400,Riau,percent,23.33,Badan Pusat Statistik,webapi-var-1186-updated-2026-02-24,domain=0000;var=1186;vervar=1400;turvar=0;th=116;turth=0
bps_webapi,sdg08_neet,total,2026-09-08,2016,province,1500,Jambi,percent,20.11,Badan Pusat Statistik,webapi-var-1186-updated-2026-02-24,domain=0000;var=1186;vervar=1500;turvar=0;th=116;turth=0
bps_webapi,sdg08_neet,total,2026-09-08,2016,province,1600,Sumatera Selatan,percent,23.43,Badan Pusat Statistik,webapi-var-1186-updated-2026-02-24,domain=0000;var=1186;vervar=1600;turvar=0;th=116;turth=0
bps_webapi,sdg08_neet,total,2026-09-08,2016,province,1700,Bengkulu,percent,19.91,Badan Pusat Statistik,webapi-var-1186-updated-2026-02-24,domain=0000;var=1186;vervar=1700;turvar=0;th=116;turth=0
bps_webapi,sdg08_neet,total,2026-09-08,2016,province,1800,Lampung,percent,25.4,Badan Pusat Statistik,webapi-var-1186-updated-2026-02-24,domain=0000;var=1186;vervar=1800;turvar=0;th=116;turth=0
bps_webapi,sdg08_neet,total,2026-09-08,2016,province,1900,Kep. Bangka Belitung,percent,24.73,Badan Pusat Statistik,webapi-var-1186-updated-2026-02-24,domain=0000;var=1186;vervar=1900;turvar=0;th=116;turth=0
bps_webapi,sdg08_neet,total,2026-09-08,2016,province,2100,Kep. Riau,percent,15.12,Badan Pusat Statistik,webapi-var-1186-updated-2026-02-24,domain=0000;var=1186;vervar=2100;turvar=0;th=116;turth=0
bps_webapi,sdg08_neet,total,2026-09-08,2016,province,3100,Dki Jakarta,percent,14.09,Badan Pusat Statistik,webapi-var-1186-updated-2026-02-24,domain=0000;var=1186;vervar=3100;turvar=0;th=116;turth=0
bps_webapi,sdg08_neet,total,2026-09-08,2016,province,3200,Jawa Barat,percent,27.8,Badan Pusat Statistik,webapi-var-1186-updated-2026-02-24,domain=0000;var=1186;vervar=3200;turvar=0;th=116;turth=0
bps_webapi,sdg08_neet,total,2026-09-08,2016,province,3300,Jawa Tengah,percent,23.52,Badan Pusat Statistik,webapi-var-1186-updated-2026-02-24,domain=0000;var=1186;vervar=3300;turvar=0;th=116;turth=0
bps_webapi,sdg08_neet,total,2026-09-08,2016,province,3400,Di Yogyakarta,percent,14.24,Badan Pusat Statistik,webapi-var-1186-updated-2026-02-24,domain=0000;var=1186;vervar=3400;turvar=0;th=116;turth=0
bps_webapi,sdg08_neet,total,2026-09-08,2016,province,3500,Jawa Timur,percent,23.02,Badan Pusat Statistik,webapi-var-1186-updated-2026-02-24,domain=0000;var=1186;vervar=3500;turvar=0;th=116;turth=0
bps_webapi,sdg08_neet,total,2026-09-08,2016,province,3600,Banten,percent,27.73,Badan Pusat Statistik,webapi-var-1186-updated-2026-02-24,domain=0000;var=1186;vervar=3600;turvar=0;th=116;turth=0
bps_webapi,sdg08_neet,total,2026-09-08,2016,province,5100,Bali,percent,13.56,Badan Pusat Statistik,webapi-var-1186-updated-2026-02-24,domain=0000;var=1186;vervar=5100;turvar=0;th=116;turth=0
bps_webapi,sdg08_neet,total,2026-09-08,2016,province,5200,Nusa Tenggara Barat,percent,19.53,Badan Pusat Statistik,webapi-var-1186-updated-2026-02-24,domain=0000;var=1186;vervar=5200;turvar=0;th=116;turth=0
bps_webapi,sdg08_neet,total,2026-09-08,2016,province,5300,Nusa Tenggara Timur,percent,17.44,Badan Pusat Statistik,webapi-var-1186-updated-2026-02-24,domain=0000;var=1186;vervar=5300;turvar=0;th=116;turth=0
bps_webapi,sdg08_neet,total,2026-09-08,2016,province,6100,Kalimantan Barat,percent,22.87,Badan Pusat Statistik,webapi-var-1186-updated-2026-02-24,domain=0000;var=1186;vervar=6100;turvar=0;th=116;turth=0
bps_webapi,sdg08_neet,total,2026-09-08,2016,province,6200,Kalimantan Tengah,percent,22.5,Badan Pusat Statistik,webapi-var-1186-updated-2026-02-24,domain=0000;var=1186;vervar=6200;turvar=0;th=116;turth=0
bps_webapi,sdg08_neet,total,2026-09-08,2016,province,6300,Kalimantan Selatan,percent,23.82,Badan Pusat Statistik,webapi-var-1186-updated-2026-02-24,domain=0000;var=1186;vervar=6300;turvar=0;th=116;turth=0
bps_webapi,sdg08_neet,total,2026-09-08,2016,province,6400,Kalimantan Timur,percent,27.04,Badan Pusat Statistik,webapi-var-1186-updated-2026-02-24,domain=0000;var=1186;vervar=6400;turvar=0;th=116;turth=0
bps_webapi,sdg08_neet,total,2026-09-08,2016,province,6500,Kalimantan Utara,percent,18.45,Badan Pusat Statistik,webapi-var-1186-updated-2026-02-24,domain=0000;var=1186;vervar=6500;turvar=0;th=116;turth=0
bps_webapi,sdg08_neet,total,2026-09-08,2016,province,7100,Sulawesi Utara,percent,27.27,Badan Pusat Statistik,webapi-var-1186-updated-2026-02-24,domain=0000;var=1186;vervar=7100;turvar=0;th=116;turth=0
bps_webapi,sdg08_neet,total,2026-09-08,2016,province,7200,Sulawesi Tengah,percent,18.99,Badan Pusat Statistik,webapi-var-1186-updated-2026-02-24,domain=0000;var=1186;vervar=7200;turvar=0;th=116;turth=0
bps_webapi,sdg08_neet,total,2026-09-08,2016,province,7300,Sulawesi Selatan,percent,22.21,Badan Pusat Statistik,webapi-var-1186-updated-2026-02-24,domain=0000;var=1186;vervar=7300;turvar=0;th=116;turth=0
bps_webapi,sdg08_neet,total,2026-09-08,2016,province,7400,Sulawesi Tenggara,percent,16.64,Badan Pusat Statistik,webapi-var-1186-updated-2026-02-24,domain=0000;var=1186;vervar=7400;turvar=0;th=116;turth=0
bps_webapi,sdg08_neet,total,2026-09-08,2016,province,7500,Gorontalo,percent,22.69,Badan Pusat Statistik,webapi-var-1186-updated-2026-02-24,domain=0000;var=1186;vervar=7500;turvar=0;th=116;turth=0
bps_webapi,sdg08_neet,total,2026-09-08,2016,province,7600,Sulawesi Barat,percent,26.76,Badan Pusat Statistik,webapi-var-1186-updated-2026-02-24,domain=0000;var=1186;vervar=7600;turvar=0;th=116;turth=0
bps_webapi,sdg08_neet,total,2026-09-08,2016,province,8100,Maluku,percent,24.26,Badan Pusat Statistik,webapi-var-1186-updated-2026-02-24,domain=0000;var=1186;vervar=8100;turvar=0;th=116;turth=0
bps_webapi,sdg08_neet,total,2026-09-08,2016,province,8200,Maluku Utara,percent,24.26,Badan Pusat Statistik,webapi-var-1186-updated-2026-02-24,domain=0000;var=1186;vervar=8200;turvar=0;th=116;turth=0
bps_webapi,sdg08_neet,total,2026-09-08,2016,province,9100,Papua Barat,percent,23.64,Badan Pusat Statistik,webapi-var-1186-updated-2026-02-24,domain=0000;var=1186;vervar=9100;turvar=0;th=116;turth=0
bps_webapi,sdg08_neet,total,2026-09-08,2016,province,9400,Papua,percent,16.53,Badan Pusat Statistik,webapi-var-1186-updated-2026-02-24,domain=0000;var=1186;vervar=9400;turvar=0;th=116;turth=0
bps_webapi,sdg08_neet,total,2026-09-08,2017,national,9999,Indonesia,percent,21.41,Badan Pusat Statistik,webapi-var-1186-updated-2026-02-24,domain=0000;var=1186;vervar=9999;turvar=0;th=117;turth=0
bps_webapi,sdg08_neet,total,2026-09-08,2017,province,1100,Aceh,percent,22.41,Badan Pusat Statistik,webapi-var-1186-updated-2026-02-24,domain=0000;var=1186;vervar=1100;turvar=0;th=117;turth=0
bps_webapi,sdg08_neet,total,2026-09-08,2017,province,1200,Sumatera Utara,percent,18.88,Badan Pusat Statistik,webapi-var-1186-updated-2026-02-24,domain=0000;var=1186;vervar=1200;turvar=0;th=117;turth=0
bps_webapi,sdg08_neet,total,2026-09-08,2017,province,1300,Sumatera Barat,percent,18.27,Badan Pusat Statistik,webapi-var-1186-updated-2026-02-24,domain=0000;var=1186;vervar=1300;turvar=0;th=117;turth=0
bps_webapi,sdg08_neet,total,2026-09-08,2017,province,1400,Riau,percent,21.41,Badan Pusat Statistik,webapi-var-1186-updated-2026-02-24,domain=0000;var=1186;vervar=1400;turvar=0;th=117;turth=0
bps_webapi,sdg08_neet,total,2026-09-08,2017,province,1500,Jambi,percent,20.95,Badan Pusat Statistik,webapi-var-1186-updated-2026-02-24,domain=0000;var=1186;vervar=1500;turvar=0;th=117;turth=0
bps_webapi,sdg08_neet,total,2026-09-08,2017,province,1600,Sumatera Selatan,percent,22.35,Badan Pusat Statistik,webapi-var-1186-updated-2026-02-24,domain=0000;var=1186;vervar=1600;turvar=0;th=117;turth=0
bps_webapi,sdg08_neet,total,2026-09-08,2017,province,1700,Bengkulu,percent,19.85,Badan Pusat Statistik,webapi-var-1186-updated-2026-02-24,domain=0000;var=1186;vervar=1700;turvar=0;th=117;turth=0
bps_webapi,sdg08_neet,total,2026-09-08,2017,province,1800,Lampung,percent,23.91,Badan Pusat Statistik,webapi-var-1186-updated-2026-02-24,domain=0000;var=1186;vervar=1800;turvar=0;th=117;turth=0
bps_webapi,sdg08_neet,total,2026-09-08,2017,province,1900,Kep. Bangka Belitung,percent,21.15,Badan Pusat Statistik,webapi-var-1186-updated-2026-02-24,domain=0000;var=1186;vervar=1900;turvar=0;th=117;turth=0
bps_webapi,sdg08_neet,total,2026-09-08,2017,province,2100,Kep. Riau,percent,13.55,Badan Pusat Statistik,webapi-var-1186-updated-2026-02-24,domain=0000;var=1186;vervar=2100;turvar=0;th=117;turth=0
bps_webapi,sdg08_neet,total,2026-09-08,2017,province,3100,Dki Jakarta,percent,13.49,Badan Pusat Statistik,webapi-var-1186-updated-2026-02-24,domain=0000;var=1186;vervar=3100;turvar=0;th=117;turth=0
bps_webapi,sdg08_neet,total,2026-09-08,2017,province,3200,Jawa Barat,percent,25.33,Badan Pusat Statistik,webapi-var-1186-updated-2026-02-24,domain=0000;var=1186;vervar=3200;turvar=0;th=117;turth=0
bps_webapi,sdg08_neet,total,2026-09-08,2017,province,3300,Jawa Tengah,percent,21,Badan Pusat Statistik,webapi-var-1186-updated-2026-02-24,domain=0000;var=1186;vervar=3300;turvar=0;th=117;turth=0
bps_webapi,sdg08_neet,total,2026-09-08,2017,province,3400,Di Yogyakarta,percent,11.13,Badan Pusat Statistik,webapi-var-1186-updated-2026-02-24,domain=0000;var=1186;vervar=3400;turvar=0;th=117;turth=0
bps_webapi,sdg08_neet,total,2026-09-08,2017,province,3500,Jawa Timur,percent,21.09,Badan Pusat Statistik,webapi-var-1186-updated-2026-02-24,domain=0000;var=1186;vervar=3500;turvar=0;th=117;turth=0
bps_webapi,sdg08_neet,total,2026-09-08,2017,province,3600,Banten,percent,25.84,Badan Pusat Statistik,webapi-var-1186-updated-2026-02-24,domain=0000;var=1186;vervar=3600;turvar=0;th=117;turth=0
bps_webapi,sdg08_neet,total,2026-09-08,2017,province,5100,Bali,percent,9.31,Badan Pusat Statistik,webapi-var-1186-updated-2026-02-24,domain=0000;var=1186;vervar=5100;turvar=0;th=117;turth=0
bps_webapi,sdg08_neet,total,2026-09-08,2017,province,5200,Nusa Tenggara Barat,percent,21.6,Badan Pusat Statistik,webapi-var-1186-updated-2026-02-24,domain=0000;var=1186;vervar=5200;turvar=0;th=117;turth=0
bps_webapi,sdg08_neet,total,2026-09-08,2017,province,5300,Nusa Tenggara Timur,percent,16.24,Badan Pusat Statistik,webapi-var-1186-updated-2026-02-24,domain=0000;var=1186;vervar=5300;turvar=0;th=117;turth=0
bps_webapi,sdg08_neet,total,2026-09-08,2017,province,6100,Kalimantan Barat,percent,20.98,Badan Pusat Statistik,webapi-var-1186-updated-2026-02-24,domain=0000;var=1186;vervar=6100;turvar=0;th=117;turth=0
bps_webapi,sdg08_neet,total,2026-09-08,2017,province,6200,Kalimantan Tengah,percent,21.1,Badan Pusat Statistik,webapi-var-1186-updated-2026-02-24,domain=0000;var=1186;vervar=6200;turvar=0;th=117;turth=0
bps_webapi,sdg08_neet,total,2026-09-08,2017,province,6300,Kalimantan Selatan,percent,21.51,Badan Pusat Statistik,webapi-var-1186-updated-2026-02-24,domain=0000;var=1186;vervar=6300;turvar=0;th=117;turth=0
bps_webapi,sdg08_neet,total,2026-09-08,2017,province,6400,Kalimantan Timur,percent,20.47,Badan Pusat Statistik,webapi-var-1186-updated-2026-02-24,domain=0000;var=1186;vervar=6400;turvar=0;th=117;turth=0
bps_webapi,sdg08_neet,total,2026-09-08,2017,province,6500,Kalimantan Utara,percent,16.35,Badan Pusat Statistik,webapi-var-1186-updated-2026-02-24,domain=0000;var=1186;vervar=6500;turvar=0;th=117;turth=0
bps_webapi,sdg08_neet,total,2026-09-08,2017,province,7100,Sulawesi Utara,percent,29.78,Badan Pusat Statistik,webapi-var-1186-updated-2026-02-24,domain=0000;var=1186;vervar=7100;turvar=0;th=117;turth=0
bps_webapi,sdg08_neet,total,2026-09-08,2017,province,7200,Sulawesi Tengah,percent,21.04,Badan Pusat Statistik,webapi-var-1186-updated-2026-02-24,domain=0000;var=1186;vervar=7200;turvar=0;th=117;turth=0
bps_webapi,sdg08_neet,total,2026-09-08,2017,province,7300,Sulawesi Selatan,percent,21.83,Badan Pusat Statistik,webapi-var-1186-updated-2026-02-24,domain=0000;var=1186;vervar=7300;turvar=0;th=117;turth=0
bps_webapi,sdg08_neet,total,2026-09-08,2017,province,7400,Sulawesi Tenggara,percent,20,Badan Pusat Statistik,webapi-var-1186-updated-2026-02-24,domain=0000;var=1186;vervar=7400;turvar=0;th=117;turth=0
bps_webapi,sdg08_neet,total,2026-09-08,2017,province,7500,Gorontalo,percent,25.76,Badan Pusat Statistik,webapi-var-1186-updated-2026-02-24,domain=0000;var=1186;vervar=7500;turvar=0;th=117;turth=0
bps_webapi,sdg08_neet,total,2026-09-08,2017,province,7600,Sulawesi Barat,percent,22.71,Badan Pusat Statistik,webapi-var-1186-updated-2026-02-24,domain=0000;var=1186;vervar=7600;turvar=0;th=117;turth=0
bps_webapi,sdg08_neet,total,2026-09-08,2017,province,8100,Maluku,percent,24.44,Badan Pusat Statistik,webapi-var-1186-updated-2026-02-24,domain=0000;var=1186;vervar=8100;turvar=0;th=117;turth=0
bps_webapi,sdg08_neet,total,2026-09-08,2017,province,8200,Maluku Utara,percent,24.44,Badan Pusat Statistik,webapi-var-1186-updated-2026-02-24,domain=0000;var=1186;vervar=8200;turvar=0;th=117;turth=0
bps_webapi,sdg08_neet,total,2026-09-08,2017,province,9100,Papua Barat,percent,18.3,Badan Pusat Statistik,webapi-var-1186-updated-2026-02-24,domain=0000;var=1186;vervar=9100;turvar=0;th=117;turth=0
bps_webapi,sdg08_neet,total,2026-09-08,2017,province,9400,Papua,percent,16.35,Badan Pusat Statistik,webapi-var-1186-updated-2026-02-24,domain=0000;var=1186;vervar=9400;turvar=0;th=117;turth=0
bps_webapi,sdg08_neet,total,2026-09-08,2018,national,9999,Indonesia,percent,22.15,Badan Pusat Statistik,webapi-var-1186-updated-2026-02-24,domain=0000;var=1186;vervar=9999;turvar=0;th=118;turth=0
bps_webapi,sdg08_neet,total,2026-09-08,2018,province,1100,Aceh,percent,22.77,Badan Pusat Statistik,webapi-var-1186-updated-2026-02-24,domain=0000;var=1186;vervar=1100;turvar=0;th=118;turth=0
bps_webapi,sdg08_neet,total,2026-09-08,2018,province,1200,Sumatera Utara,percent,18.46,Badan Pusat Statistik,webapi-var-1186-updated-2026-02-24,domain=0000;var=1186;vervar=1200;turvar=0;th=118;turth=0
bps_webapi,sdg08_neet,total,2026-09-08,2018,province,1300,Sumatera Barat,percent,20.5,Badan Pusat Statistik,webapi-var-1186-updated-2026-02-24,domain=0000;var=1186;vervar=1300;turvar=0;th=118;turth=0
bps_webapi,sdg08_neet,total,2026-09-08,2018,province,1400,Riau,percent,23.79,Badan Pusat Statistik,webapi-var-1186-updated-2026-02-24,domain=0000;var=1186;vervar=1400;turvar=0;th=118;turth=0
bps_webapi,sdg08_neet,total,2026-09-08,2018,province,1500,Jambi,percent,20.78,Badan Pusat Statistik,webapi-var-1186-updated-2026-02-24,domain=0000;var=1186;vervar=1500;turvar=0;th=118;turth=0
bps_webapi,sdg08_neet,total,2026-09-08,2018,province,1600,Sumatera Selatan,percent,23.35,Badan Pusat Statistik,webapi-var-1186-updated-2026-02-24,domain=0000;var=1186;vervar=1600;turvar=0;th=118;turth=0
bps_webapi,sdg08_neet,total,2026-09-08,2018,province,1700,Bengkulu,percent,20.77,Badan Pusat Statistik,webapi-var-1186-updated-2026-02-24,domain=0000;var=1186;vervar=1700;turvar=0;th=118;turth=0
bps_webapi,sdg08_neet,total,2026-09-08,2018,province,1800,Lampung,percent,23.42,Badan Pusat Statistik,webapi-var-1186-updated-2026-02-24,domain=0000;var=1186;vervar=1800;turvar=0;th=118;turth=0
bps_webapi,sdg08_neet,total,2026-09-08,2018,province,1900,Kep. Bangka Belitung,percent,21.56,Badan Pusat Statistik,webapi-var-1186-updated-2026-02-24,domain=0000;var=1186;vervar=1900;turvar=0;th=118;turth=0
bps_webapi,sdg08_neet,total,2026-09-08,2018,province,2100,Kep. Riau,percent,19.74,Badan Pusat Statistik,webapi-var-1186-updated-2026-02-24,domain=0000;var=1186;vervar=2100;turvar=0;th=118;turth=0
bps_webapi,sdg08_neet,total,2026-09-08,2018,province,3100,Dki Jakarta,percent,16.98,Badan Pusat Statistik,webapi-var-1186-updated-2026-02-24,domain=0000;var=1186;vervar=3100;turvar=0;th=118;turth=0
bps_webapi,sdg08_neet,total,2026-09-08,2018,province,3200,Jawa Barat,percent,26.22,Badan Pusat Statistik,webapi-var-1186-updated-2026-02-24,domain=0000;var=1186;vervar=3200;turvar=0;th=118;turth=0
bps_webapi,sdg08_neet,total,2026-09-08,2018,province,3300,Jawa Tengah,percent,21.23,Badan Pusat Statistik,webapi-var-1186-updated-2026-02-24,domain=0000;var=1186;vervar=3300;turvar=0;th=118;turth=0
bps_webapi,sdg08_neet,total,2026-09-08,2018,province,3400,Di Yogyakarta,percent,12.52,Badan Pusat Statistik,webapi-var-1186-updated-2026-02-24,domain=0000;var=1186;vervar=3400;turvar=0;th=118;turth=0
bps_webapi,sdg08_neet,total,2026-09-08,2018,province,3500,Jawa Timur,percent,21.11,Badan Pusat Statistik,webapi-var-1186-updated-2026-02-24,domain=0000;var=1186;vervar=3500;turvar=0;th=118;turth=0
bps_webapi,sdg08_neet,total,2026-09-08,2018,province,3600,Banten,percent,24.65,Badan Pusat Statistik,webapi-var-1186-updated-2026-02-24,domain=0000;var=1186;vervar=3600;turvar=0;th=118;turth=0
bps_webapi,sdg08_neet,total,2026-09-08,2018,province,5100,Bali,percent,8.59,Badan Pusat Statistik,webapi-var-1186-updated-2026-02-24,domain=0000;var=1186;vervar=5100;turvar=0;th=118;turth=0
bps_webapi,sdg08_neet,total,2026-09-08,2018,province,5200,Nusa Tenggara Barat,percent,24.95,Badan Pusat Statistik,webapi-var-1186-updated-2026-02-24,domain=0000;var=1186;vervar=5200;turvar=0;th=118;turth=0
bps_webapi,sdg08_neet,total,2026-09-08,2018,province,5300,Nusa Tenggara Timur,percent,18.46,Badan Pusat Statistik,webapi-var-1186-updated-2026-02-24,domain=0000;var=1186;vervar=5300;turvar=0;th=118;turth=0
bps_webapi,sdg08_neet,total,2026-09-08,2018,province,6100,Kalimantan Barat,percent,24.5,Badan Pusat Statistik,webapi-var-1186-updated-2026-02-24,domain=0000;var=1186;vervar=6100;turvar=0;th=118;turth=0
bps_webapi,sdg08_neet,total,2026-09-08,2018,province,6200,Kalimantan Tengah,percent,22.76,Badan Pusat Statistik,webapi-var-1186-updated-2026-02-24,domain=0000;var=1186;vervar=6200;turvar=0;th=118;turth=0
bps_webapi,sdg08_neet,total,2026-09-08,2018,province,6300,Kalimantan Selatan,percent,23.06,Badan Pusat Statistik,webapi-var-1186-updated-2026-02-24,domain=0000;var=1186;vervar=6300;turvar=0;th=118;turth=0
bps_webapi,sdg08_neet,total,2026-09-08,2018,province,6400,Kalimantan Timur,percent,23.24,Badan Pusat Statistik,webapi-var-1186-updated-2026-02-24,domain=0000;var=1186;vervar=6400;turvar=0;th=118;turth=0
bps_webapi,sdg08_neet,total,2026-09-08,2018,province,6500,Kalimantan Utara,percent,17.37,Badan Pusat Statistik,webapi-var-1186-updated-2026-02-24,domain=0000;var=1186;vervar=6500;turvar=0;th=118;turth=0
bps_webapi,sdg08_neet,total,2026-09-08,2018,province,7100,Sulawesi Utara,percent,29.73,Badan Pusat Statistik,webapi-var-1186-updated-2026-02-24,domain=0000;var=1186;vervar=7100;turvar=0;th=118;turth=0
bps_webapi,sdg08_neet,total,2026-09-08,2018,province,7200,Sulawesi Tengah,percent,21.14,Badan Pusat Statistik,webapi-var-1186-updated-2026-02-24,domain=0000;var=1186;vervar=7200;turvar=0;th=118;turth=0
bps_webapi,sdg08_neet,total,2026-09-08,2018,province,7300,Sulawesi Selatan,percent,23.07,Badan Pusat Statistik,webapi-var-1186-updated-2026-02-24,domain=0000;var=1186;vervar=7300;turvar=0;th=118;turth=0
bps_webapi,sdg08_neet,total,2026-09-08,2018,province,7400,Sulawesi Tenggara,percent,20.45,Badan Pusat Statistik,webapi-var-1186-updated-2026-02-24,domain=0000;var=1186;vervar=7400;turvar=0;th=118;turth=0
bps_webapi,sdg08_neet,total,2026-09-08,2018,province,7500,Gorontalo,percent,26.37,Badan Pusat Statistik,webapi-var-1186-updated-2026-02-24,domain=0000;var=1186;vervar=7500;turvar=0;th=118;turth=0
bps_webapi,sdg08_neet,total,2026-09-08,2018,province,7600,Sulawesi Barat,percent,24.12,Badan Pusat Statistik,webapi-var-1186-updated-2026-02-24,domain=0000;var=1186;vervar=7600;turvar=0;th=118;turth=0
bps_webapi,sdg08_neet,total,2026-09-08,2018,province,8100,Maluku,percent,25.18,Badan Pusat Statistik,webapi-var-1186-updated-2026-02-24,domain=0000;var=1186;vervar=8100;turvar=0;th=118;turth=0
bps_webapi,sdg08_neet,total,2026-09-08,2018,province,8200,Maluku Utara,percent,23.04,Badan Pusat Statistik,webapi-var-1186-updated-2026-02-24,domain=0000;var=1186;vervar=8200;turvar=0;th=118;turth=0
bps_webapi,sdg08_neet,total,2026-09-08,2018,province,9100,Papua Barat,percent,18.61,Badan Pusat Statistik,webapi-var-1186-updated-2026-02-24,domain=0000;var=1186;vervar=9100;turvar=0;th=118;turth=0
bps_webapi,sdg08_neet,total,2026-09-08,2018,province,9400,Papua,percent,16.74,Badan Pusat Statistik,webapi-var-1186-updated-2026-02-24,domain=0000;var=1186;vervar=9400;turvar=0;th=118;turth=0
bps_webapi,sdg08_neet,total,2026-09-08,2019,national,9999,Indonesia,percent,21.77,Badan Pusat Statistik,webapi-var-1186-updated-2026-02-24,domain=0000;var=1186;vervar=9999;turvar=0;th=119;turth=0
bps_webapi,sdg08_neet,total,2026-09-08,2019,province,1100,Aceh,percent,23.61,Badan Pusat Statistik,webapi-var-1186-updated-2026-02-24,domain=0000;var=1186;vervar=1100;turvar=0;th=119;turth=0
bps_webapi,sdg08_neet,total,2026-09-08,2019,province,1200,Sumatera Utara,percent,18.71,Badan Pusat Statistik,webapi-var-1186-updated-2026-02-24,domain=0000;var=1186;vervar=1200;turvar=0;th=119;turth=0
bps_webapi,sdg08_neet,total,2026-09-08,2019,province,1300,Sumatera Barat,percent,19.93,Badan Pusat Statistik,webapi-var-1186-updated-2026-02-24,domain=0000;var=1186;vervar=1300;turvar=0;th=119;turth=0
bps_webapi,sdg08_neet,total,2026-09-08,2019,province,1400,Riau,percent,22.66,Badan Pusat Statistik,webapi-var-1186-updated-2026-02-24,domain=0000;var=1186;vervar=1400;turvar=0;th=119;turth=0
bps_webapi,sdg08_neet,total,2026-09-08,2019,province,1500,Jambi,percent,22.81,Badan Pusat Statistik,webapi-var-1186-updated-2026-02-24,domain=0000;var=1186;vervar=1500;turvar=0;th=119;turth=0
bps_webapi,sdg08_neet,total,2026-09-08,2019,province,1600,Sumatera Selatan,percent,22.78,Badan Pusat Statistik,webapi-var-1186-updated-2026-02-24,domain=0000;var=1186;vervar=1600;turvar=0;th=119;turth=0
bps_webapi,sdg08_neet,total,2026-09-08,2019,province,1700,Bengkulu,percent,20.51,Badan Pusat Statistik,webapi-var-1186-updated-2026-02-24,domain=0000;var=1186;vervar=1700;turvar=0;th=119;turth=0
bps_webapi,sdg08_neet,total,2026-09-08,2019,province,1800,Lampung,percent,22.84,Badan Pusat Statistik,webapi-var-1186-updated-2026-02-24,domain=0000;var=1186;vervar=1800;turvar=0;th=119;turth=0
bps_webapi,sdg08_neet,total,2026-09-08,2019,province,1900,Kep. Bangka Belitung,percent,22.65,Badan Pusat Statistik,webapi-var-1186-updated-2026-02-24,domain=0000;var=1186;vervar=1900;turvar=0;th=119;turth=0
bps_webapi,sdg08_neet,total,2026-09-08,2019,province,2100,Kep. Riau,percent,16.55,Badan Pusat Statistik,webapi-var-1186-updated-2026-02-24,domain=0000;var=1186;vervar=2100;turvar=0;th=119;turth=0
bps_webapi,sdg08_neet,total,2026-09-08,2019,province,3100,Dki Jakarta,percent,15.41,Badan Pusat Statistik,webapi-var-1186-updated-2026-02-24,domain=0000;var=1186;vervar=3100;turvar=0;th=119;turth=0
bps_webapi,sdg08_neet,total,2026-09-08,2019,province,3200,Jawa Barat,percent,25.52,Badan Pusat Statistik,webapi-var-1186-updated-2026-02-24,domain=0000;var=1186;vervar=3200;turvar=0;th=119;turth=0
bps_webapi,sdg08_neet,total,2026-09-08,2019,province,3300,Jawa Tengah,percent,21.8,Badan Pusat Statistik,webapi-var-1186-updated-2026-02-24,domain=0000;var=1186;vervar=3300;turvar=0;th=119;turth=0
bps_webapi,sdg08_neet,total,2026-09-08,2019,province,3400,Di Yogyakarta,percent,9.78,Badan Pusat Statistik,webapi-var-1186-updated-2026-02-24,domain=0000;var=1186;vervar=3400;turvar=0;th=119;turth=0
bps_webapi,sdg08_neet,total,2026-09-08,2019,province,3500,Jawa Timur,percent,21.14,Badan Pusat Statistik,webapi-var-1186-updated-2026-02-24,domain=0000;var=1186;vervar=3500;turvar=0;th=119;turth=0
bps_webapi,sdg08_neet,total,2026-09-08,2019,province,3600,Banten,percent,23.11,Badan Pusat Statistik,webapi-var-1186-updated-2026-02-24,domain=0000;var=1186;vervar=3600;turvar=0;th=119;turth=0
bps_webapi,sdg08_neet,total,2026-09-08,2019,province,5100,Bali,percent,9.4,Badan Pusat Statistik,webapi-var-1186-updated-2026-02-24,domain=0000;var=1186;vervar=5100;turvar=0;th=119;turth=0
bps_webapi,sdg08_neet,total,2026-09-08,2019,province,5200,Nusa Tenggara Barat,percent,21.98,Badan Pusat Statistik,webapi-var-1186-updated-2026-02-24,domain=0000;var=1186;vervar=5200;turvar=0;th=119;turth=0
bps_webapi,sdg08_neet,total,2026-09-08,2019,province,5300,Nusa Tenggara Timur,percent,19.25,Badan Pusat Statistik,webapi-var-1186-updated-2026-02-24,domain=0000;var=1186;vervar=5300;turvar=0;th=119;turth=0
bps_webapi,sdg08_neet,total,2026-09-08,2019,province,6100,Kalimantan Barat,percent,23.2,Badan Pusat Statistik,webapi-var-1186-updated-2026-02-24,domain=0000;var=1186;vervar=6100;turvar=0;th=119;turth=0
bps_webapi,sdg08_neet,total,2026-09-08,2019,province,6200,Kalimantan Tengah,percent,22.31,Badan Pusat Statistik,webapi-var-1186-updated-2026-02-24,domain=0000;var=1186;vervar=6200;turvar=0;th=119;turth=0
bps_webapi,sdg08_neet,total,2026-09-08,2019,province,6300,Kalimantan Selatan,percent,22.18,Badan Pusat Statistik,webapi-var-1186-updated-2026-02-24,domain=0000;var=1186;vervar=6300;turvar=0;th=119;turth=0
bps_webapi,sdg08_neet,total,2026-09-08,2019,province,6400,Kalimantan Timur,percent,19.65,Badan Pusat Statistik,webapi-var-1186-updated-2026-02-24,domain=0000;var=1186;vervar=6400;turvar=0;th=119;turth=0
bps_webapi,sdg08_neet,total,2026-09-08,2019,province,6500,Kalimantan Utara,percent,21.42,Badan Pusat Statistik,webapi-var-1186-updated-2026-02-24,domain=0000;var=1186;vervar=6500;turvar=0;th=119;turth=0
bps_webapi,sdg08_neet,total,2026-09-08,2019,province,7100,Sulawesi Utara,percent,28.1,Badan Pusat Statistik,webapi-var-1186-updated-2026-02-24,domain=0000;var=1186;vervar=7100;turvar=0;th=119;turth=0
bps_webapi,sdg08_neet,total,2026-09-08,2019,province,7200,Sulawesi Tengah,percent,21.85,Badan Pusat Statistik,webapi-var-1186-updated-2026-02-24,domain=0000;var=1186;vervar=7200;turvar=0;th=119;turth=0
bps_webapi,sdg08_neet,total,2026-09-08,2019,province,7300,Sulawesi Selatan,percent,21.91,Badan Pusat Statistik,webapi-var-1186-updated-2026-02-24,domain=0000;var=1186;vervar=7300;turvar=0;th=119;turth=0
bps_webapi,sdg08_neet,total,2026-09-08,2019,province,7400,Sulawesi Tenggara,percent,21.32,Badan Pusat Statistik,webapi-var-1186-updated-2026-02-24,domain=0000;var=1186;vervar=7400;turvar=0;th=119;turth=0
bps_webapi,sdg08_neet,total,2026-09-08,2019,province,7500,Gorontalo,percent,26.41,Badan Pusat Statistik,webapi-var-1186-updated-2026-02-24,domain=0000;var=1186;vervar=7500;turvar=0;th=119;turth=0
bps_webapi,sdg08_neet,total,2026-09-08,2019,province,7600,Sulawesi Barat,percent,23.07,Badan Pusat Statistik,webapi-var-1186-updated-2026-02-24,domain=0000;var=1186;vervar=7600;turvar=0;th=119;turth=0
bps_webapi,sdg08_neet,total,2026-09-08,2019,province,8100,Maluku,percent,26.59,Badan Pusat Statistik,webapi-var-1186-updated-2026-02-24,domain=0000;var=1186;vervar=8100;turvar=0;th=119;turth=0
bps_webapi,sdg08_neet,total,2026-09-08,2019,province,8200,Maluku Utara,percent,24.94,Badan Pusat Statistik,webapi-var-1186-updated-2026-02-24,domain=0000;var=1186;vervar=8200;turvar=0;th=119;turth=0
bps_webapi,sdg08_neet,total,2026-09-08,2019,province,9100,Papua Barat,percent,20.77,Badan Pusat Statistik,webapi-var-1186-updated-2026-02-24,domain=0000;var=1186;vervar=9100;turvar=0;th=119;turth=0
bps_webapi,sdg08_neet,total,2026-09-08,2019,province,9400,Papua,percent,17.57,Badan Pusat Statistik,webapi-var-1186-updated-2026-02-24,domain=0000;var=1186;vervar=9400;turvar=0;th=119;turth=0
bps_webapi,sdg08_neet,total,2026-09-08,2020,national,9999,Indonesia,percent,24.28,Badan Pusat Statistik,webapi-var-1186-updated-2026-02-24,domain=0000;var=1186;vervar=9999;turvar=0;th=120;turth=0
bps_webapi,sdg08_neet,total,2026-09-08,2020,province,1100,Aceh,percent,23.6,Badan Pusat Statistik,webapi-var-1186-updated-2026-02-24,domain=0000;var=1186;vervar=1100;turvar=0;th=120;turth=0
bps_webapi,sdg08_neet,total,2026-09-08,2020,province,1200,Sumatera Utara,percent,22.87,Badan Pusat Statistik,webapi-var-1186-updated-2026-02-24,domain=0000;var=1186;vervar=1200;turvar=0;th=120;turth=0
bps_webapi,sdg08_neet,total,2026-09-08,2020,province,1300,Sumatera Barat,percent,20.46,Badan Pusat Statistik,webapi-var-1186-updated-2026-02-24,domain=0000;var=1186;vervar=1300;turvar=0;th=120;turth=0
bps_webapi,sdg08_neet,total,2026-09-08,2020,province,1400,Riau,percent,23.62,Badan Pusat Statistik,webapi-var-1186-updated-2026-02-24,domain=0000;var=1186;vervar=1400;turvar=0;th=120;turth=0
bps_webapi,sdg08_neet,total,2026-09-08,2020,province,1500,Jambi,percent,22.66,Badan Pusat Statistik,webapi-var-1186-updated-2026-02-24,domain=0000;var=1186;vervar=1500;turvar=0;th=120;turth=0
bps_webapi,sdg08_neet,total,2026-09-08,2020,province,1600,Sumatera Selatan,percent,25.55,Badan Pusat Statistik,webapi-var-1186-updated-2026-02-24,domain=0000;var=1186;vervar=1600;turvar=0;th=120;turth=0
bps_webapi,sdg08_neet,total,2026-09-08,2020,province,1700,Bengkulu,percent,20.63,Badan Pusat Statistik,webapi-var-1186-updated-2026-02-24,domain=0000;var=1186;vervar=1700;turvar=0;th=120;turth=0
bps_webapi,sdg08_neet,total,2026-09-08,2020,province,1800,Lampung,percent,23.35,Badan Pusat Statistik,webapi-var-1186-updated-2026-02-24,domain=0000;var=1186;vervar=1800;turvar=0;th=120;turth=0
bps_webapi,sdg08_neet,total,2026-09-08,2020,province,1900,Kep. Bangka Belitung,percent,27.34,Badan Pusat Statistik,webapi-var-1186-updated-2026-02-24,domain=0000;var=1186;vervar=1900;turvar=0;th=120;turth=0
bps_webapi,sdg08_neet,total,2026-09-08,2020,province,2100,Kep. Riau,percent,20.71,Badan Pusat Statistik,webapi-var-1186-updated-2026-02-24,domain=0000;var=1186;vervar=2100;turvar=0;th=120;turth=0
bps_webapi,sdg08_neet,total,2026-09-08,2020,province,3100,Dki Jakarta,percent,20.13,Badan Pusat Statistik,webapi-var-1186-updated-2026-02-24,domain=0000;var=1186;vervar=3100;turvar=0;th=120;turth=0
bps_webapi,sdg08_neet,total,2026-09-08,2020,province,3200,Jawa Barat,percent,29.33,Badan Pusat Statistik,webapi-var-1186-updated-2026-02-24,domain=0000;var=1186;vervar=3200;turvar=0;th=120;turth=0
bps_webapi,sdg08_neet,total,2026-09-08,2020,province,3300,Jawa Tengah,percent,24.01,Badan Pusat Statistik,webapi-var-1186-updated-2026-02-24,domain=0000;var=1186;vervar=3300;turvar=0;th=120;turth=0
bps_webapi,sdg08_neet,total,2026-09-08,2020,province,3400,Di Yogyakarta,percent,12.71,Badan Pusat Statistik,webapi-var-1186-updated-2026-02-24,domain=0000;var=1186;vervar=3400;turvar=0;th=120;turth=0
bps_webapi,sdg08_neet,total,2026-09-08,2020,province,3500,Jawa Timur,percent,22.41,Badan Pusat Statistik,webapi-var-1186-updated-2026-02-24,domain=0000;var=1186;vervar=3500;turvar=0;th=120;turth=0
bps_webapi,sdg08_neet,total,2026-09-08,2020,province,3600,Banten,percent,27.5,Badan Pusat Statistik,webapi-var-1186-updated-2026-02-24,domain=0000;var=1186;vervar=3600;turvar=0;th=120;turth=0
bps_webapi,sdg08_neet,total,2026-09-08,2020,province,5100,Bali,percent,14.9,Badan Pusat Statistik,webapi-var-1186-updated-2026-02-24,domain=0000;var=1186;vervar=5100;turvar=0;th=120;turth=0
bps_webapi,sdg08_neet,total,2026-09-08,2020,province,5200,Nusa Tenggara Barat,percent,22.24,Badan Pusat Statistik,webapi-var-1186-updated-2026-02-24,domain=0000;var=1186;vervar=5200;turvar=0;th=120;turth=0
bps_webapi,sdg08_neet,total,2026-09-08,2020,province,5300,Nusa Tenggara Timur,percent,19.17,Badan Pusat Statistik,webapi-var-1186-updated-2026-02-24,domain=0000;var=1186;vervar=5300;turvar=0;th=120;turth=0
bps_webapi,sdg08_neet,total,2026-09-08,2020,province,6100,Kalimantan Barat,percent,25.43,Badan Pusat Statistik,webapi-var-1186-updated-2026-02-24,domain=0000;var=1186;vervar=6100;turvar=0;th=120;turth=0
bps_webapi,sdg08_neet,total,2026-09-08,2020,province,6200,Kalimantan Tengah,percent,24.69,Badan Pusat Statistik,webapi-var-1186-updated-2026-02-24,domain=0000;var=1186;vervar=6200;turvar=0;th=120;turth=0
bps_webapi,sdg08_neet,total,2026-09-08,2020,province,6300,Kalimantan Selatan,percent,21.16,Badan Pusat Statistik,webapi-var-1186-updated-2026-02-24,domain=0000;var=1186;vervar=6300;turvar=0;th=120;turth=0
bps_webapi,sdg08_neet,total,2026-09-08,2020,province,6400,Kalimantan Timur,percent,24.25,Badan Pusat Statistik,webapi-var-1186-updated-2026-02-24,domain=0000;var=1186;vervar=6400;turvar=0;th=120;turth=0
bps_webapi,sdg08_neet,total,2026-09-08,2020,province,6500,Kalimantan Utara,percent,22.59,Badan Pusat Statistik,webapi-var-1186-updated-2026-02-24,domain=0000;var=1186;vervar=6500;turvar=0;th=120;turth=0
bps_webapi,sdg08_neet,total,2026-09-08,2020,province,7100,Sulawesi Utara,percent,29.94,Badan Pusat Statistik,webapi-var-1186-updated-2026-02-24,domain=0000;var=1186;vervar=7100;turvar=0;th=120;turth=0
bps_webapi,sdg08_neet,total,2026-09-08,2020,province,7200,Sulawesi Tengah,percent,22.23,Badan Pusat Statistik,webapi-var-1186-updated-2026-02-24,domain=0000;var=1186;vervar=7200;turvar=0;th=120;turth=0
bps_webapi,sdg08_neet,total,2026-09-08,2020,province,7300,Sulawesi Selatan,percent,25.48,Badan Pusat Statistik,webapi-var-1186-updated-2026-02-24,domain=0000;var=1186;vervar=7300;turvar=0;th=120;turth=0
bps_webapi,sdg08_neet,total,2026-09-08,2020,province,7400,Sulawesi Tenggara,percent,23,Badan Pusat Statistik,webapi-var-1186-updated-2026-02-24,domain=0000;var=1186;vervar=7400;turvar=0;th=120;turth=0
bps_webapi,sdg08_neet,total,2026-09-08,2020,province,7500,Gorontalo,percent,27.35,Badan Pusat Statistik,webapi-var-1186-updated-2026-02-24,domain=0000;var=1186;vervar=7500;turvar=0;th=120;turth=0
bps_webapi,sdg08_neet,total,2026-09-08,2020,province,7600,Sulawesi Barat,percent,24.15,Badan Pusat Statistik,webapi-var-1186-updated-2026-02-24,domain=0000;var=1186;vervar=7600;turvar=0;th=120;turth=0
bps_webapi,sdg08_neet,total,2026-09-08,2020,province,8100,Maluku,percent,27.46,Badan Pusat Statistik,webapi-var-1186-updated-2026-02-24,domain=0000;var=1186;vervar=8100;turvar=0;th=120;turth=0
bps_webapi,sdg08_neet,total,2026-09-08,2020,province,8200,Maluku Utara,percent,26.37,Badan Pusat Statistik,webapi-var-1186-updated-2026-02-24,domain=0000;var=1186;vervar=8200;turvar=0;th=120;turth=0
bps_webapi,sdg08_neet,total,2026-09-08,2020,province,9100,Papua Barat,percent,24.01,Badan Pusat Statistik,webapi-var-1186-updated-2026-02-24,domain=0000;var=1186;vervar=9100;turvar=0;th=120;turth=0
bps_webapi,sdg08_neet,total,2026-09-08,2020,province,9400,Papua,percent,20.92,Badan Pusat Statistik,webapi-var-1186-updated-2026-02-24,domain=0000;var=1186;vervar=9400;turvar=0;th=120;turth=0
bps_webapi,sdg08_neet,total,2026-09-08,2021,national,9999,Indonesia,percent,22.4,Badan Pusat Statistik,webapi-var-1186-updated-2026-02-24,domain=0000;var=1186;vervar=9999;turvar=0;th=121;turth=0
bps_webapi,sdg08_neet,total,2026-09-08,2021,province,1100,Aceh,percent,24.38,Badan Pusat Statistik,webapi-var-1186-updated-2026-02-24,domain=0000;var=1186;vervar=1100;turvar=0;th=121;turth=0
bps_webapi,sdg08_neet,total,2026-09-08,2021,province,1200,Sumatera Utara,percent,20.29,Badan Pusat Statistik,webapi-var-1186-updated-2026-02-24,domain=0000;var=1186;vervar=1200;turvar=0;th=121;turth=0
bps_webapi,sdg08_neet,total,2026-09-08,2021,province,1300,Sumatera Barat,percent,18.78,Badan Pusat Statistik,webapi-var-1186-updated-2026-02-24,domain=0000;var=1186;vervar=1300;turvar=0;th=121;turth=0
bps_webapi,sdg08_neet,total,2026-09-08,2021,province,1400,Riau,percent,21.11,Badan Pusat Statistik,webapi-var-1186-updated-2026-02-24,domain=0000;var=1186;vervar=1400;turvar=0;th=121;turth=0
bps_webapi,sdg08_neet,total,2026-09-08,2021,province,1500,Jambi,percent,21.76,Badan Pusat Statistik,webapi-var-1186-updated-2026-02-24,domain=0000;var=1186;vervar=1500;turvar=0;th=121;turth=0
bps_webapi,sdg08_neet,total,2026-09-08,2021,province,1600,Sumatera Selatan,percent,25.38,Badan Pusat Statistik,webapi-var-1186-updated-2026-02-24,domain=0000;var=1186;vervar=1600;turvar=0;th=121;turth=0
bps_webapi,sdg08_neet,total,2026-09-08,2021,province,1700,Bengkulu,percent,22.75,Badan Pusat Statistik,webapi-var-1186-updated-2026-02-24,domain=0000;var=1186;vervar=1700;turvar=0;th=121;turth=0
bps_webapi,sdg08_neet,total,2026-09-08,2021,province,1800,Lampung,percent,22.09,Badan Pusat Statistik,webapi-var-1186-updated-2026-02-24,domain=0000;var=1186;vervar=1800;turvar=0;th=121;turth=0
bps_webapi,sdg08_neet,total,2026-09-08,2021,province,1900,Kep. Bangka Belitung,percent,24.38,Badan Pusat Statistik,webapi-var-1186-updated-2026-02-24,domain=0000;var=1186;vervar=1900;turvar=0;th=121;turth=0
bps_webapi,sdg08_neet,total,2026-09-08,2021,province,2100,Kep. Riau,percent,16.42,Badan Pusat Statistik,webapi-var-1186-updated-2026-02-24,domain=0000;var=1186;vervar=2100;turvar=0;th=121;turth=0
bps_webapi,sdg08_neet,total,2026-09-08,2021,province,3100,Dki Jakarta,percent,20.47,Badan Pusat Statistik,webapi-var-1186-updated-2026-02-24,domain=0000;var=1186;vervar=3100;turvar=0;th=121;turth=0
bps_webapi,sdg08_neet,total,2026-09-08,2021,province,3200,Jawa Barat,percent,26.44,Badan Pusat Statistik,webapi-var-1186-updated-2026-02-24,domain=0000;var=1186;vervar=3200;turvar=0;th=121;turth=0
bps_webapi,sdg08_neet,total,2026-09-08,2021,province,3300,Jawa Tengah,percent,20.32,Badan Pusat Statistik,webapi-var-1186-updated-2026-02-24,domain=0000;var=1186;vervar=3300;turvar=0;th=121;turth=0
bps_webapi,sdg08_neet,total,2026-09-08,2021,province,3400,Di Yogyakarta,percent,9.89,Badan Pusat Statistik,webapi-var-1186-updated-2026-02-24,domain=0000;var=1186;vervar=3400;turvar=0;th=121;turth=0
bps_webapi,sdg08_neet,total,2026-09-08,2021,province,3500,Jawa Timur,percent,20.77,Badan Pusat Statistik,webapi-var-1186-updated-2026-02-24,domain=0000;var=1186;vervar=3500;turvar=0;th=121;turth=0
bps_webapi,sdg08_neet,total,2026-09-08,2021,province,3600,Banten,percent,26.52,Badan Pusat Statistik,webapi-var-1186-updated-2026-02-24,domain=0000;var=1186;vervar=3600;turvar=0;th=121;turth=0
bps_webapi,sdg08_neet,total,2026-09-08,2021,province,5100,Bali,percent,14.52,Badan Pusat Statistik,webapi-var-1186-updated-2026-02-24,domain=0000;var=1186;vervar=5100;turvar=0;th=121;turth=0
bps_webapi,sdg08_neet,total,2026-09-08,2021,province,5200,Nusa Tenggara Barat,percent,20.78,Badan Pusat Statistik,webapi-var-1186-updated-2026-02-24,domain=0000;var=1186;vervar=5200;turvar=0;th=121;turth=0
bps_webapi,sdg08_neet,total,2026-09-08,2021,province,5300,Nusa Tenggara Timur,percent,18.97,Badan Pusat Statistik,webapi-var-1186-updated-2026-02-24,domain=0000;var=1186;vervar=5300;turvar=0;th=121;turth=0
bps_webapi,sdg08_neet,total,2026-09-08,2021,province,6100,Kalimantan Barat,percent,24.74,Badan Pusat Statistik,webapi-var-1186-updated-2026-02-24,domain=0000;var=1186;vervar=6100;turvar=0;th=121;turth=0
bps_webapi,sdg08_neet,total,2026-09-08,2021,province,6200,Kalimantan Tengah,percent,23.92,Badan Pusat Statistik,webapi-var-1186-updated-2026-02-24,domain=0000;var=1186;vervar=6200;turvar=0;th=121;turth=0
bps_webapi,sdg08_neet,total,2026-09-08,2021,province,6300,Kalimantan Selatan,percent,20.54,Badan Pusat Statistik,webapi-var-1186-updated-2026-02-24,domain=0000;var=1186;vervar=6300;turvar=0;th=121;turth=0
bps_webapi,sdg08_neet,total,2026-09-08,2021,province,6400,Kalimantan Timur,percent,21.56,Badan Pusat Statistik,webapi-var-1186-updated-2026-02-24,domain=0000;var=1186;vervar=6400;turvar=0;th=121;turth=0
bps_webapi,sdg08_neet,total,2026-09-08,2021,province,6500,Kalimantan Utara,percent,19.8,Badan Pusat Statistik,webapi-var-1186-updated-2026-02-24,domain=0000;var=1186;vervar=6500;turvar=0;th=121;turth=0
bps_webapi,sdg08_neet,total,2026-09-08,2021,province,7100,Sulawesi Utara,percent,29.43,Badan Pusat Statistik,webapi-var-1186-updated-2026-02-24,domain=0000;var=1186;vervar=7100;turvar=0;th=121;turth=0
bps_webapi,sdg08_neet,total,2026-09-08,2021,province,7200,Sulawesi Tengah,percent,22.31,Badan Pusat Statistik,webapi-var-1186-updated-2026-02-24,domain=0000;var=1186;vervar=7200;turvar=0;th=121;turth=0
bps_webapi,sdg08_neet,total,2026-09-08,2021,province,7300,Sulawesi Selatan,percent,23.78,Badan Pusat Statistik,webapi-var-1186-updated-2026-02-24,domain=0000;var=1186;vervar=7300;turvar=0;th=121;turth=0
bps_webapi,sdg08_neet,total,2026-09-08,2021,province,7400,Sulawesi Tenggara,percent,19.87,Badan Pusat Statistik,webapi-var-1186-updated-2026-02-24,domain=0000;var=1186;vervar=7400;turvar=0;th=121;turth=0
bps_webapi,sdg08_neet,total,2026-09-08,2021,province,7500,Gorontalo,percent,25.79,Badan Pusat Statistik,webapi-var-1186-updated-2026-02-24,domain=0000;var=1186;vervar=7500;turvar=0;th=121;turth=0
bps_webapi,sdg08_neet,total,2026-09-08,2021,province,7600,Sulawesi Barat,percent,22.85,Badan Pusat Statistik,webapi-var-1186-updated-2026-02-24,domain=0000;var=1186;vervar=7600;turvar=0;th=121;turth=0
bps_webapi,sdg08_neet,total,2026-09-08,2021,province,8100,Maluku,percent,28.64,Badan Pusat Statistik,webapi-var-1186-updated-2026-02-24,domain=0000;var=1186;vervar=8100;turvar=0;th=121;turth=0
bps_webapi,sdg08_neet,total,2026-09-08,2021,province,8200,Maluku Utara,percent,27.59,Badan Pusat Statistik,webapi-var-1186-updated-2026-02-24,domain=0000;var=1186;vervar=8200;turvar=0;th=121;turth=0
bps_webapi,sdg08_neet,total,2026-09-08,2021,province,9100,Papua Barat,percent,21.97,Badan Pusat Statistik,webapi-var-1186-updated-2026-02-24,domain=0000;var=1186;vervar=9100;turvar=0;th=121;turth=0
bps_webapi,sdg08_neet,total,2026-09-08,2021,province,9400,Papua,percent,18.51,Badan Pusat Statistik,webapi-var-1186-updated-2026-02-24,domain=0000;var=1186;vervar=9400;turvar=0;th=121;turth=0
bps_webapi,sdg08_neet,total,2026-09-08,2022,national,9999,Indonesia,percent,23.22,Badan Pusat Statistik,webapi-var-1186-updated-2026-02-24,domain=0000;var=1186;vervar=9999;turvar=0;th=122;turth=0
bps_webapi,sdg08_neet,total,2026-09-08,2022,province,1100,Aceh,percent,28.99,Badan Pusat Statistik,webapi-var-1186-updated-2026-02-24,domain=0000;var=1186;vervar=1100;turvar=0;th=122;turth=0
bps_webapi,sdg08_neet,total,2026-09-08,2022,province,1200,Sumatera Utara,percent,20.71,Badan Pusat Statistik,webapi-var-1186-updated-2026-02-24,domain=0000;var=1186;vervar=1200;turvar=0;th=122;turth=0
bps_webapi,sdg08_neet,total,2026-09-08,2022,province,1300,Sumatera Barat,percent,20.23,Badan Pusat Statistik,webapi-var-1186-updated-2026-02-24,domain=0000;var=1186;vervar=1300;turvar=0;th=122;turth=0
bps_webapi,sdg08_neet,total,2026-09-08,2022,province,1400,Riau,percent,24.33,Badan Pusat Statistik,webapi-var-1186-updated-2026-02-24,domain=0000;var=1186;vervar=1400;turvar=0;th=122;turth=0
bps_webapi,sdg08_neet,total,2026-09-08,2022,province,1500,Jambi,percent,23.86,Badan Pusat Statistik,webapi-var-1186-updated-2026-02-24,domain=0000;var=1186;vervar=1500;turvar=0;th=122;turth=0
bps_webapi,sdg08_neet,total,2026-09-08,2022,province,1600,Sumatera Selatan,percent,25.32,Badan Pusat Statistik,webapi-var-1186-updated-2026-02-24,domain=0000;var=1186;vervar=1600;turvar=0;th=122;turth=0
bps_webapi,sdg08_neet,total,2026-09-08,2022,province,1700,Bengkulu,percent,22.49,Badan Pusat Statistik,webapi-var-1186-updated-2026-02-24,domain=0000;var=1186;vervar=1700;turvar=0;th=122;turth=0
bps_webapi,sdg08_neet,total,2026-09-08,2022,province,1800,Lampung,percent,22.63,Badan Pusat Statistik,webapi-var-1186-updated-2026-02-24,domain=0000;var=1186;vervar=1800;turvar=0;th=122;turth=0
bps_webapi,sdg08_neet,total,2026-09-08,2022,province,1900,Kep. Bangka Belitung,percent,21.87,Badan Pusat Statistik,webapi-var-1186-updated-2026-02-24,domain=0000;var=1186;vervar=1900;turvar=0;th=122;turth=0
bps_webapi,sdg08_neet,total,2026-09-08,2022,province,2100,Kep. Riau,percent,18.74,Badan Pusat Statistik,webapi-var-1186-updated-2026-02-24,domain=0000;var=1186;vervar=2100;turvar=0;th=122;turth=0
bps_webapi,sdg08_neet,total,2026-09-08,2022,province,3100,Dki Jakarta,percent,17.19,Badan Pusat Statistik,webapi-var-1186-updated-2026-02-24,domain=0000;var=1186;vervar=3100;turvar=0;th=122;turth=0
bps_webapi,sdg08_neet,total,2026-09-08,2022,province,3200,Jawa Barat,percent,27.85,Badan Pusat Statistik,webapi-var-1186-updated-2026-02-24,domain=0000;var=1186;vervar=3200;turvar=0;th=122;turth=0
bps_webapi,sdg08_neet,total,2026-09-08,2022,province,3300,Jawa Tengah,percent,20.44,Badan Pusat Statistik,webapi-var-1186-updated-2026-02-24,domain=0000;var=1186;vervar=3300;turvar=0;th=122;turth=0
bps_webapi,sdg08_neet,total,2026-09-08,2022,province,3400,Di Yogyakarta,percent,10.7,Badan Pusat Statistik,webapi-var-1186-updated-2026-02-24,domain=0000;var=1186;vervar=3400;turvar=0;th=122;turth=0
bps_webapi,sdg08_neet,total,2026-09-08,2022,province,3500,Jawa Timur,percent,22.07,Badan Pusat Statistik,webapi-var-1186-updated-2026-02-24,domain=0000;var=1186;vervar=3500;turvar=0;th=122;turth=0
bps_webapi,sdg08_neet,total,2026-09-08,2022,province,3600,Banten,percent,27.29,Badan Pusat Statistik,webapi-var-1186-updated-2026-02-24,domain=0000;var=1186;vervar=3600;turvar=0;th=122;turth=0
bps_webapi,sdg08_neet,total,2026-09-08,2022,province,5100,Bali,percent,11.32,Badan Pusat Statistik,webapi-var-1186-updated-2026-02-24,domain=0000;var=1186;vervar=5100;turvar=0;th=122;turth=0
bps_webapi,sdg08_neet,total,2026-09-08,2022,province,5200,Nusa Tenggara Barat,percent,23.3,Badan Pusat Statistik,webapi-var-1186-updated-2026-02-24,domain=0000;var=1186;vervar=5200;turvar=0;th=122;turth=0
bps_webapi,sdg08_neet,total,2026-09-08,2022,province,5300,Nusa Tenggara Timur,percent,18.84,Badan Pusat Statistik,webapi-var-1186-updated-2026-02-24,domain=0000;var=1186;vervar=5300;turvar=0;th=122;turth=0
bps_webapi,sdg08_neet,total,2026-09-08,2022,province,6100,Kalimantan Barat,percent,24.35,Badan Pusat Statistik,webapi-var-1186-updated-2026-02-24,domain=0000;var=1186;vervar=6100;turvar=0;th=122;turth=0
bps_webapi,sdg08_neet,total,2026-09-08,2022,province,6200,Kalimantan Tengah,percent,26.54,Badan Pusat Statistik,webapi-var-1186-updated-2026-02-24,domain=0000;var=1186;vervar=6200;turvar=0;th=122;turth=0
bps_webapi,sdg08_neet,total,2026-09-08,2022,province,6300,Kalimantan Selatan,percent,23.57,Badan Pusat Statistik,webapi-var-1186-updated-2026-02-24,domain=0000;var=1186;vervar=6300;turvar=0;th=122;turth=0
bps_webapi,sdg08_neet,total,2026-09-08,2022,province,6400,Kalimantan Timur,percent,20.08,Badan Pusat Statistik,webapi-var-1186-updated-2026-02-24,domain=0000;var=1186;vervar=6400;turvar=0;th=122;turth=0
bps_webapi,sdg08_neet,total,2026-09-08,2022,province,6500,Kalimantan Utara,percent,20.3,Badan Pusat Statistik,webapi-var-1186-updated-2026-02-24,domain=0000;var=1186;vervar=6500;turvar=0;th=122;turth=0
bps_webapi,sdg08_neet,total,2026-09-08,2022,province,7100,Sulawesi Utara,percent,33.54,Badan Pusat Statistik,webapi-var-1186-updated-2026-02-24,domain=0000;var=1186;vervar=7100;turvar=0;th=122;turth=0
bps_webapi,sdg08_neet,total,2026-09-08,2022,province,7200,Sulawesi Tengah,percent,23.99,Badan Pusat Statistik,webapi-var-1186-updated-2026-02-24,domain=0000;var=1186;vervar=7200;turvar=0;th=122;turth=0
bps_webapi,sdg08_neet,total,2026-09-08,2022,province,7300,Sulawesi Selatan,percent,22.61,Badan Pusat Statistik,webapi-var-1186-updated-2026-02-24,domain=0000;var=1186;vervar=7300;turvar=0;th=122;turth=0
bps_webapi,sdg08_neet,total,2026-09-08,2022,province,7400,Sulawesi Tenggara,percent,21.61,Badan Pusat Statistik,webapi-var-1186-updated-2026-02-24,domain=0000;var=1186;vervar=7400;turvar=0;th=122;turth=0
bps_webapi,sdg08_neet,total,2026-09-08,2022,province,7500,Gorontalo,percent,28.03,Badan Pusat Statistik,webapi-var-1186-updated-2026-02-24,domain=0000;var=1186;vervar=7500;turvar=0;th=122;turth=0
bps_webapi,sdg08_neet,total,2026-09-08,2022,province,7600,Sulawesi Barat,percent,22.51,Badan Pusat Statistik,webapi-var-1186-updated-2026-02-24,domain=0000;var=1186;vervar=7600;turvar=0;th=122;turth=0
bps_webapi,sdg08_neet,total,2026-09-08,2022,province,8100,Maluku,percent,30.89,Badan Pusat Statistik,webapi-var-1186-updated-2026-02-24,domain=0000;var=1186;vervar=8100;turvar=0;th=122;turth=0
bps_webapi,sdg08_neet,total,2026-09-08,2022,province,8200,Maluku Utara,percent,29.52,Badan Pusat Statistik,webapi-var-1186-updated-2026-02-24,domain=0000;var=1186;vervar=8200;turvar=0;th=122;turth=0
bps_webapi,sdg08_neet,total,2026-09-08,2022,province,9100,Papua Barat,percent,26.29,Badan Pusat Statistik,webapi-var-1186-updated-2026-02-24,domain=0000;var=1186;vervar=9100;turvar=0;th=122;turth=0
bps_webapi,sdg08_neet,total,2026-09-08,2022,province,9400,Papua,percent,20.07,Badan Pusat Statistik,webapi-var-1186-updated-2026-02-24,domain=0000;var=1186;vervar=9400;turvar=0;th=122;turth=0
bps_webapi,sdg08_neet,total,2026-09-08,2023,national,9999,Indonesia,percent,22.25,Badan Pusat Statistik,webapi-var-1186-updated-2026-02-24,domain=0000;var=1186;vervar=9999;turvar=0;th=123;turth=0
bps_webapi,sdg08_neet,total,2026-09-08,2023,province,1100,Aceh,percent,29.02,Badan Pusat Statistik,webapi-var-1186-updated-2026-02-24,domain=0000;var=1186;vervar=1100;turvar=0;th=123;turth=0
bps_webapi,sdg08_neet,total,2026-09-08,2023,province,1200,Sumatera Utara,percent,20.08,Badan Pusat Statistik,webapi-var-1186-updated-2026-02-24,domain=0000;var=1186;vervar=1200;turvar=0;th=123;turth=0
bps_webapi,sdg08_neet,total,2026-09-08,2023,province,1300,Sumatera Barat,percent,23,Badan Pusat Statistik,webapi-var-1186-updated-2026-02-24,domain=0000;var=1186;vervar=1300;turvar=0;th=123;turth=0
bps_webapi,sdg08_neet,total,2026-09-08,2023,province,1400,Riau,percent,23.26,Badan Pusat Statistik,webapi-var-1186-updated-2026-02-24,domain=0000;var=1186;vervar=1400;turvar=0;th=123;turth=0
bps_webapi,sdg08_neet,total,2026-09-08,2023,province,1500,Jambi,percent,22.26,Badan Pusat Statistik,webapi-var-1186-updated-2026-02-24,domain=0000;var=1186;vervar=1500;turvar=0;th=123;turth=0
bps_webapi,sdg08_neet,total,2026-09-08,2023,province,1600,Sumatera Selatan,percent,23.37,Badan Pusat Statistik,webapi-var-1186-updated-2026-02-24,domain=0000;var=1186;vervar=1600;turvar=0;th=123;turth=0
bps_webapi,sdg08_neet,total,2026-09-08,2023,province,1700,Bengkulu,percent,21.77,Badan Pusat Statistik,webapi-var-1186-updated-2026-02-24,domain=0000;var=1186;vervar=1700;turvar=0;th=123;turth=0
bps_webapi,sdg08_neet,total,2026-09-08,2023,province,1800,Lampung,percent,22.32,Badan Pusat Statistik,webapi-var-1186-updated-2026-02-24,domain=0000;var=1186;vervar=1800;turvar=0;th=123;turth=0
bps_webapi,sdg08_neet,total,2026-09-08,2023,province,1900,Kep. Bangka Belitung,percent,21.3,Badan Pusat Statistik,webapi-var-1186-updated-2026-02-24,domain=0000;var=1186;vervar=1900;turvar=0;th=123;turth=0
bps_webapi,sdg08_neet,total,2026-09-08,2023,province,2100,Kep. Riau,percent,15.04,Badan Pusat Statistik,webapi-var-1186-updated-2026-02-24,domain=0000;var=1186;vervar=2100;turvar=0;th=123;turth=0
bps_webapi,sdg08_neet,total,2026-09-08,2023,province,3100,Dki Jakarta,percent,15.49,Badan Pusat Statistik,webapi-var-1186-updated-2026-02-24,domain=0000;var=1186;vervar=3100;turvar=0;th=123;turth=0
bps_webapi,sdg08_neet,total,2026-09-08,2023,province,3200,Jawa Barat,percent,25.71,Badan Pusat Statistik,webapi-var-1186-updated-2026-02-24,domain=0000;var=1186;vervar=3200;turvar=0;th=123;turth=0
bps_webapi,sdg08_neet,total,2026-09-08,2023,province,3300,Jawa Tengah,percent,20.99,Badan Pusat Statistik,webapi-var-1186-updated-2026-02-24,domain=0000;var=1186;vervar=3300;turvar=0;th=123;turth=0
bps_webapi,sdg08_neet,total,2026-09-08,2023,province,3400,Di Yogyakarta,percent,10.89,Badan Pusat Statistik,webapi-var-1186-updated-2026-02-24,domain=0000;var=1186;vervar=3400;turvar=0;th=123;turth=0
bps_webapi,sdg08_neet,total,2026-09-08,2023,province,3500,Jawa Timur,percent,19.53,Badan Pusat Statistik,webapi-var-1186-updated-2026-02-24,domain=0000;var=1186;vervar=3500;turvar=0;th=123;turth=0
bps_webapi,sdg08_neet,total,2026-09-08,2023,province,3600,Banten,percent,28.8,Badan Pusat Statistik,webapi-var-1186-updated-2026-02-24,domain=0000;var=1186;vervar=3600;turvar=0;th=123;turth=0
bps_webapi,sdg08_neet,total,2026-09-08,2023,province,5100,Bali,percent,10.03,Badan Pusat Statistik,webapi-var-1186-updated-2026-02-24,domain=0000;var=1186;vervar=5100;turvar=0;th=123;turth=0
bps_webapi,sdg08_neet,total,2026-09-08,2023,province,5200,Nusa Tenggara Barat,percent,20.45,Badan Pusat Statistik,webapi-var-1186-updated-2026-02-24,domain=0000;var=1186;vervar=5200;turvar=0;th=123;turth=0
bps_webapi,sdg08_neet,total,2026-09-08,2023,province,5300,Nusa Tenggara Timur,percent,18.13,Badan Pusat Statistik,webapi-var-1186-updated-2026-02-24,domain=0000;var=1186;vervar=5300;turvar=0;th=123;turth=0
bps_webapi,sdg08_neet,total,2026-09-08,2023,province,6100,Kalimantan Barat,percent,23.55,Badan Pusat Statistik,webapi-var-1186-updated-2026-02-24,domain=0000;var=1186;vervar=6100;turvar=0;th=123;turth=0
bps_webapi,sdg08_neet,total,2026-09-08,2023,province,6200,Kalimantan Tengah,percent,23.68,Badan Pusat Statistik,webapi-var-1186-updated-2026-02-24,domain=0000;var=1186;vervar=6200;turvar=0;th=123;turth=0
bps_webapi,sdg08_neet,total,2026-09-08,2023,province,6300,Kalimantan Selatan,percent,21.17,Badan Pusat Statistik,webapi-var-1186-updated-2026-02-24,domain=0000;var=1186;vervar=6300;turvar=0;th=123;turth=0
bps_webapi,sdg08_neet,total,2026-09-08,2023,province,6400,Kalimantan Timur,percent,18.66,Badan Pusat Statistik,webapi-var-1186-updated-2026-02-24,domain=0000;var=1186;vervar=6400;turvar=0;th=123;turth=0
bps_webapi,sdg08_neet,total,2026-09-08,2023,province,6500,Kalimantan Utara,percent,18.16,Badan Pusat Statistik,webapi-var-1186-updated-2026-02-24,domain=0000;var=1186;vervar=6500;turvar=0;th=123;turth=0
bps_webapi,sdg08_neet,total,2026-09-08,2023,province,7100,Sulawesi Utara,percent,30.73,Badan Pusat Statistik,webapi-var-1186-updated-2026-02-24,domain=0000;var=1186;vervar=7100;turvar=0;th=123;turth=0
bps_webapi,sdg08_neet,total,2026-09-08,2023,province,7200,Sulawesi Tengah,percent,22.39,Badan Pusat Statistik,webapi-var-1186-updated-2026-02-24,domain=0000;var=1186;vervar=7200;turvar=0;th=123;turth=0
bps_webapi,sdg08_neet,total,2026-09-08,2023,province,7300,Sulawesi Selatan,percent,22.24,Badan Pusat Statistik,webapi-var-1186-updated-2026-02-24,domain=0000;var=1186;vervar=7300;turvar=0;th=123;turth=0
bps_webapi,sdg08_neet,total,2026-09-08,2023,province,7400,Sulawesi Tenggara,percent,21.97,Badan Pusat Statistik,webapi-var-1186-updated-2026-02-24,domain=0000;var=1186;vervar=7400;turvar=0;th=123;turth=0
bps_webapi,sdg08_neet,total,2026-09-08,2023,province,7500,Gorontalo,percent,24.87,Badan Pusat Statistik,webapi-var-1186-updated-2026-02-24,domain=0000;var=1186;vervar=7500;turvar=0;th=123;turth=0
bps_webapi,sdg08_neet,total,2026-09-08,2023,province,7600,Sulawesi Barat,percent,21.81,Badan Pusat Statistik,webapi-var-1186-updated-2026-02-24,domain=0000;var=1186;vervar=7600;turvar=0;th=123;turth=0
bps_webapi,sdg08_neet,total,2026-09-08,2023,province,8100,Maluku,percent,35.38,Badan Pusat Statistik,webapi-var-1186-updated-2026-02-24,domain=0000;var=1186;vervar=8100;turvar=0;th=123;turth=0
bps_webapi,sdg08_neet,total,2026-09-08,2023,province,8200,Maluku Utara,percent,29.71,Badan Pusat Statistik,webapi-var-1186-updated-2026-02-24,domain=0000;var=1186;vervar=8200;turvar=0;th=123;turth=0
bps_webapi,sdg08_neet,total,2026-09-08,2023,province,9100,Papua Barat,percent,27.98,Badan Pusat Statistik,webapi-var-1186-updated-2026-02-24,domain=0000;var=1186;vervar=9100;turvar=0;th=123;turth=0
bps_webapi,sdg08_neet,total,2026-09-08,2023,province,9400,Papua,percent,25.06,Badan Pusat Statistik,webapi-var-1186-updated-2026-02-24,domain=0000;var=1186;vervar=9400;turvar=0;th=123;turth=0
bps_webapi,sdg08_neet,total,2026-09-08,2024,national,9999,Indonesia,percent,20.31,Badan Pusat Statistik,webapi-var-1186-updated-2026-02-24,domain=0000;var=1186;vervar=9999;turvar=0;th=124;turth=0
bps_webapi,sdg08_neet,total,2026-09-08,2024,province,1100,Aceh,percent,28.56,Badan Pusat Statistik,webapi-var-1186-updated-2026-02-24,domain=0000;var=1186;vervar=1100;turvar=0;th=124;turth=0
bps_webapi,sdg08_neet,total,2026-09-08,2024,province,1200,Sumatera Utara,percent,19.78,Badan Pusat Statistik,webapi-var-1186-updated-2026-02-24,domain=0000;var=1186;vervar=1200;turvar=0;th=124;turth=0
bps_webapi,sdg08_neet,total,2026-09-08,2024,province,1300,Sumatera Barat,percent,21.31,Badan Pusat Statistik,webapi-var-1186-updated-2026-02-24,domain=0000;var=1186;vervar=1300;turvar=0;th=124;turth=0
bps_webapi,sdg08_neet,total,2026-09-08,2024,province,1400,Riau,percent,21.79,Badan Pusat Statistik,webapi-var-1186-updated-2026-02-24,domain=0000;var=1186;vervar=1400;turvar=0;th=124;turth=0
bps_webapi,sdg08_neet,total,2026-09-08,2024,province,1500,Jambi,percent,20.71,Badan Pusat Statistik,webapi-var-1186-updated-2026-02-24,domain=0000;var=1186;vervar=1500;turvar=0;th=124;turth=0
bps_webapi,sdg08_neet,total,2026-09-08,2024,province,1600,Sumatera Selatan,percent,23.36,Badan Pusat Statistik,webapi-var-1186-updated-2026-02-24,domain=0000;var=1186;vervar=1600;turvar=0;th=124;turth=0
bps_webapi,sdg08_neet,total,2026-09-08,2024,province,1700,Bengkulu,percent,20.92,Badan Pusat Statistik,webapi-var-1186-updated-2026-02-24,domain=0000;var=1186;vervar=1700;turvar=0;th=124;turth=0
bps_webapi,sdg08_neet,total,2026-09-08,2024,province,1800,Lampung,percent,22.53,Badan Pusat Statistik,webapi-var-1186-updated-2026-02-24,domain=0000;var=1186;vervar=1800;turvar=0;th=124;turth=0
bps_webapi,sdg08_neet,total,2026-09-08,2024,province,1900,Kep. Bangka Belitung,percent,21.26,Badan Pusat Statistik,webapi-var-1186-updated-2026-02-24,domain=0000;var=1186;vervar=1900;turvar=0;th=124;turth=0
bps_webapi,sdg08_neet,total,2026-09-08,2024,province,2100,Kep. Riau,percent,14.52,Badan Pusat Statistik,webapi-var-1186-updated-2026-02-24,domain=0000;var=1186;vervar=2100;turvar=0;th=124;turth=0
bps_webapi,sdg08_neet,total,2026-09-08,2024,province,3100,Dki Jakarta,percent,15.19,Badan Pusat Statistik,webapi-var-1186-updated-2026-02-24,domain=0000;var=1186;vervar=3100;turvar=0;th=124;turth=0
bps_webapi,sdg08_neet,total,2026-09-08,2024,province,3200,Jawa Barat,percent,23.49,Badan Pusat Statistik,webapi-var-1186-updated-2026-02-24,domain=0000;var=1186;vervar=3200;turvar=0;th=124;turth=0
bps_webapi,sdg08_neet,total,2026-09-08,2024,province,3300,Jawa Tengah,percent,17.93,Badan Pusat Statistik,webapi-var-1186-updated-2026-02-24,domain=0000;var=1186;vervar=3300;turvar=0;th=124;turth=0
bps_webapi,sdg08_neet,total,2026-09-08,2024,province,3400,Di Yogyakarta,percent,11.18,Badan Pusat Statistik,webapi-var-1186-updated-2026-02-24,domain=0000;var=1186;vervar=3400;turvar=0;th=124;turth=0
bps_webapi,sdg08_neet,total,2026-09-08,2024,province,3500,Jawa Timur,percent,17.02,Badan Pusat Statistik,webapi-var-1186-updated-2026-02-24,domain=0000;var=1186;vervar=3500;turvar=0;th=124;turth=0
bps_webapi,sdg08_neet,total,2026-09-08,2024,province,3600,Banten,percent,23.79,Badan Pusat Statistik,webapi-var-1186-updated-2026-02-24,domain=0000;var=1186;vervar=3600;turvar=0;th=124;turth=0
bps_webapi,sdg08_neet,total,2026-09-08,2024,province,5100,Bali,percent,7.26,Badan Pusat Statistik,webapi-var-1186-updated-2026-02-24,domain=0000;var=1186;vervar=5100;turvar=0;th=124;turth=0
bps_webapi,sdg08_neet,total,2026-09-08,2024,province,5200,Nusa Tenggara Barat,percent,15.44,Badan Pusat Statistik,webapi-var-1186-updated-2026-02-24,domain=0000;var=1186;vervar=5200;turvar=0;th=124;turth=0
bps_webapi,sdg08_neet,total,2026-09-08,2024,province,5300,Nusa Tenggara Timur,percent,17.02,Badan Pusat Statistik,webapi-var-1186-updated-2026-02-24,domain=0000;var=1186;vervar=5300;turvar=0;th=124;turth=0
bps_webapi,sdg08_neet,total,2026-09-08,2024,province,6100,Kalimantan Barat,percent,21.22,Badan Pusat Statistik,webapi-var-1186-updated-2026-02-24,domain=0000;var=1186;vervar=6100;turvar=0;th=124;turth=0
bps_webapi,sdg08_neet,total,2026-09-08,2024,province,6200,Kalimantan Tengah,percent,21.78,Badan Pusat Statistik,webapi-var-1186-updated-2026-02-24,domain=0000;var=1186;vervar=6200;turvar=0;th=124;turth=0
bps_webapi,sdg08_neet,total,2026-09-08,2024,province,6300,Kalimantan Selatan,percent,18.69,Badan Pusat Statistik,webapi-var-1186-updated-2026-02-24,domain=0000;var=1186;vervar=6300;turvar=0;th=124;turth=0
bps_webapi,sdg08_neet,total,2026-09-08,2024,province,6400,Kalimantan Timur,percent,19.35,Badan Pusat Statistik,webapi-var-1186-updated-2026-02-24,domain=0000;var=1186;vervar=6400;turvar=0;th=124;turth=0
bps_webapi,sdg08_neet,total,2026-09-08,2024,province,6500,Kalimantan Utara,percent,16.87,Badan Pusat Statistik,webapi-var-1186-updated-2026-02-24,domain=0000;var=1186;vervar=6500;turvar=0;th=124;turth=0
bps_webapi,sdg08_neet,total,2026-09-08,2024,province,7100,Sulawesi Utara,percent,28.33,Badan Pusat Statistik,webapi-var-1186-updated-2026-02-24,domain=0000;var=1186;vervar=7100;turvar=0;th=124;turth=0
bps_webapi,sdg08_neet,total,2026-09-08,2024,province,7200,Sulawesi Tengah,percent,20.67,Badan Pusat Statistik,webapi-var-1186-updated-2026-02-24,domain=0000;var=1186;vervar=7200;turvar=0;th=124;turth=0
bps_webapi,sdg08_neet,total,2026-09-08,2024,province,7300,Sulawesi Selatan,percent,21.65,Badan Pusat Statistik,webapi-var-1186-updated-2026-02-24,domain=0000;var=1186;vervar=7300;turvar=0;th=124;turth=0
bps_webapi,sdg08_neet,total,2026-09-08,2024,province,7400,Sulawesi Tenggara,percent,19.78,Badan Pusat Statistik,webapi-var-1186-updated-2026-02-24,domain=0000;var=1186;vervar=7400;turvar=0;th=124;turth=0
bps_webapi,sdg08_neet,total,2026-09-08,2024,province,7500,Gorontalo,percent,21.89,Badan Pusat Statistik,webapi-var-1186-updated-2026-02-24,domain=0000;var=1186;vervar=7500;turvar=0;th=124;turth=0
bps_webapi,sdg08_neet,total,2026-09-08,2024,province,7600,Sulawesi Barat,percent,20.25,Badan Pusat Statistik,webapi-var-1186-updated-2026-02-24,domain=0000;var=1186;vervar=7600;turvar=0;th=124;turth=0
bps_webapi,sdg08_neet,total,2026-09-08,2024,province,8100,Maluku,percent,29.43,Badan Pusat Statistik,webapi-var-1186-updated-2026-02-24,domain=0000;var=1186;vervar=8100;turvar=0;th=124;turth=0
bps_webapi,sdg08_neet,total,2026-09-08,2024,province,8200,Maluku Utara,percent,27.85,Badan Pusat Statistik,webapi-var-1186-updated-2026-02-24,domain=0000;var=1186;vervar=8200;turvar=0;th=124;turth=0
bps_webapi,sdg08_neet,total,2026-09-08,2024,province,9100,Papua Barat,percent,26.93,Badan Pusat Statistik,webapi-var-1186-updated-2026-02-24,domain=0000;var=1186;vervar=9100;turvar=0;th=124;turth=0
bps_webapi,sdg08_neet,total,2026-09-08,2024,province,9200,Papua Barat Daya,percent,25.04,Badan Pusat Statistik,webapi-var-1186-updated-2026-02-24,domain=0000;var=1186;vervar=9200;turvar=0;th=124;turth=0
bps_webapi,sdg08_neet,total,2026-09-08,2024,province,9400,Papua,percent,27.85,Badan Pusat Statistik,webapi-var-1186-updated-2026-02-24,domain=0000;var=1186;vervar=9400;turvar=0;th=124;turth=0
bps_webapi,sdg08_neet,total,2026-09-08,2024,province,9500,Papua Selatan,percent,23.96,Badan Pusat Statistik,webapi-var-1186-updated-2026-02-24,domain=0000;var=1186;vervar=9500;turvar=0;th=124;turth=0
bps_webapi,sdg08_neet,total,2026-09-08,2024,province,9600,Papua Tengah,percent,31.2,Badan Pusat Statistik,webapi-var-1186-updated-2026-02-24,domain=0000;var=1186;vervar=9600;turvar=0;th=124;turth=0
bps_webapi,sdg08_neet,total,2026-09-08,2024,province,9700,Papua Pegunungan,percent,17.74,Badan Pusat Statistik,webapi-var-1186-updated-2026-02-24,domain=0000;var=1186;vervar=9700;turvar=0;th=124;turth=0
bps_webapi,sdg08_neet,total,2026-09-08,2025,national,9999,Indonesia,percent,19.44,Badan Pusat Statistik,webapi-var-1186-updated-2026-02-24,domain=0000;var=1186;vervar=9999;turvar=0;th=125;turth=0
bps_webapi,sdg08_neet,total,2026-09-08,2025,province,1100,Aceh,percent,24.52,Badan Pusat Statistik,webapi-var-1186-updated-2026-02-24,domain=0000;var=1186;vervar=1100;turvar=0;th=125;turth=0
bps_webapi,sdg08_neet,total,2026-09-08,2025,province,1200,Sumatera Utara,percent,17.42,Badan Pusat Statistik,webapi-var-1186-updated-2026-02-24,domain=0000;var=1186;vervar=1200;turvar=0;th=125;turth=0
bps_webapi,sdg08_neet,total,2026-09-08,2025,province,1300,Sumatera Barat,percent,18.42,Badan Pusat Statistik,webapi-var-1186-updated-2026-02-24,domain=0000;var=1186;vervar=1300;turvar=0;th=125;turth=0
bps_webapi,sdg08_neet,total,2026-09-08,2025,province,1400,Riau,percent,19.49,Badan Pusat Statistik,webapi-var-1186-updated-2026-02-24,domain=0000;var=1186;vervar=1400;turvar=0;th=125;turth=0
bps_webapi,sdg08_neet,total,2026-09-08,2025,province,1500,Jambi,percent,19.46,Badan Pusat Statistik,webapi-var-1186-updated-2026-02-24,domain=0000;var=1186;vervar=1500;turvar=0;th=125;turth=0
bps_webapi,sdg08_neet,total,2026-09-08,2025,province,1600,Sumatera Selatan,percent,21.35,Badan Pusat Statistik,webapi-var-1186-updated-2026-02-24,domain=0000;var=1186;vervar=1600;turvar=0;th=125;turth=0
bps_webapi,sdg08_neet,total,2026-09-08,2025,province,1700,Bengkulu,percent,18.61,Badan Pusat Statistik,webapi-var-1186-updated-2026-02-24,domain=0000;var=1186;vervar=1700;turvar=0;th=125;turth=0
bps_webapi,sdg08_neet,total,2026-09-08,2025,province,1800,Lampung,percent,18.07,Badan Pusat Statistik,webapi-var-1186-updated-2026-02-24,domain=0000;var=1186;vervar=1800;turvar=0;th=125;turth=0
bps_webapi,sdg08_neet,total,2026-09-08,2025,province,1900,Kep. Bangka Belitung,percent,18.16,Badan Pusat Statistik,webapi-var-1186-updated-2026-02-24,domain=0000;var=1186;vervar=1900;turvar=0;th=125;turth=0
bps_webapi,sdg08_neet,total,2026-09-08,2025,province,2100,Kep. Riau,percent,16.16,Badan Pusat Statistik,webapi-var-1186-updated-2026-02-24,domain=0000;var=1186;vervar=2100;turvar=0;th=125;turth=0
bps_webapi,sdg08_neet,total,2026-09-08,2025,province,3100,Dki Jakarta,percent,12.83,Badan Pusat Statistik,webapi-var-1186-updated-2026-02-24,domain=0000;var=1186;vervar=3100;turvar=0;th=125;turth=0
bps_webapi,sdg08_neet,total,2026-09-08,2025,province,3200,Jawa Barat,percent,24.84,Badan Pusat Statistik,webapi-var-1186-updated-2026-02-24,domain=0000;var=1186;vervar=3200;turvar=0;th=125;turth=0
bps_webapi,sdg08_neet,total,2026-09-08,2025,province,3300,Jawa Tengah,percent,16.67,Badan Pusat Statistik,webapi-var-1186-updated-2026-02-24,domain=0000;var=1186;vervar=3300;turvar=0;th=125;turth=0
bps_webapi,sdg08_neet,total,2026-09-08,2025,province,3400,Di Yogyakarta,percent,11.25,Badan Pusat Statistik,webapi-var-1186-updated-2026-02-24,domain=0000;var=1186;vervar=3400;turvar=0;th=125;turth=0
bps_webapi,sdg08_neet,total,2026-09-08,2025,province,3500,Jawa Timur,percent,16.76,Badan Pusat Statistik,webapi-var-1186-updated-2026-02-24,domain=0000;var=1186;vervar=3500;turvar=0;th=125;turth=0
bps_webapi,sdg08_neet,total,2026-09-08,2025,province,3600,Banten,percent,23.72,Badan Pusat Statistik,webapi-var-1186-updated-2026-02-24,domain=0000;var=1186;vervar=3600;turvar=0;th=125;turth=0
bps_webapi,sdg08_neet,total,2026-09-08,2025,province,5100,Bali,percent,5.33,Badan Pusat Statistik,webapi-var-1186-updated-2026-02-24,domain=0000;var=1186;vervar=5100;turvar=0;th=125;turth=0
bps_webapi,sdg08_neet,total,2026-09-08,2025,province,5200,Nusa Tenggara Barat,percent,16.37,Badan Pusat Statistik,webapi-var-1186-updated-2026-02-24,domain=0000;var=1186;vervar=5200;turvar=0;th=125;turth=0
bps_webapi,sdg08_neet,total,2026-09-08,2025,province,5300,Nusa Tenggara Timur,percent,17.62,Badan Pusat Statistik,webapi-var-1186-updated-2026-02-24,domain=0000;var=1186;vervar=5300;turvar=0;th=125;turth=0
bps_webapi,sdg08_neet,total,2026-09-08,2025,province,6100,Kalimantan Barat,percent,19.63,Badan Pusat Statistik,webapi-var-1186-updated-2026-02-24,domain=0000;var=1186;vervar=6100;turvar=0;th=125;turth=0
bps_webapi,sdg08_neet,total,2026-09-08,2025,province,6200,Kalimantan Tengah,percent,21.72,Badan Pusat Statistik,webapi-var-1186-updated-2026-02-24,domain=0000;var=1186;vervar=6200;turvar=0;th=125;turth=0
bps_webapi,sdg08_neet,total,2026-09-08,2025,province,6300,Kalimantan Selatan,percent,18.59,Badan Pusat Statistik,webapi-var-1186-updated-2026-02-24,domain=0000;var=1186;vervar=6300;turvar=0;th=125;turth=0
bps_webapi,sdg08_neet,total,2026-09-08,2025,province,6400,Kalimantan Timur,percent,18.29,Badan Pusat Statistik,webapi-var-1186-updated-2026-02-24,domain=0000;var=1186;vervar=6400;turvar=0;th=125;turth=0
bps_webapi,sdg08_neet,total,2026-09-08,2025,province,6500,Kalimantan Utara,percent,18.88,Badan Pusat Statistik,webapi-var-1186-updated-2026-02-24,domain=0000;var=1186;vervar=6500;turvar=0;th=125;turth=0
bps_webapi,sdg08_neet,total,2026-09-08,2025,province,7100,Sulawesi Utara,percent,29.52,Badan Pusat Statistik,webapi-var-1186-updated-2026-02-24,domain=0000;var=1186;vervar=7100;turvar=0;th=125;turth=0
bps_webapi,sdg08_neet,total,2026-09-08,2025,province,7200,Sulawesi Tengah,percent,20.14,Badan Pusat Statistik,webapi-var-1186-updated-2026-02-24,domain=0000;var=1186;vervar=7200;turvar=0;th=125;turth=0
bps_webapi,sdg08_neet,total,2026-09-08,2025,province,7300,Sulawesi Selatan,percent,19.2,Badan Pusat Statistik,webapi-var-1186-updated-2026-02-24,domain=0000;var=1186;vervar=7300;turvar=0;th=125;turth=0
bps_webapi,sdg08_neet,total,2026-09-08,2025,province,7400,Sulawesi Tenggara,percent,19.84,Badan Pusat Statistik,webapi-var-1186-updated-2026-02-24,domain=0000;var=1186;vervar=7400;turvar=0;th=125;turth=0
bps_webapi,sdg08_neet,total,2026-09-08,2025,province,7500,Gorontalo,percent,23.9,Badan Pusat Statistik,webapi-var-1186-updated-2026-02-24,domain=0000;var=1186;vervar=7500;turvar=0;th=125;turth=0
bps_webapi,sdg08_neet,total,2026-09-08,2025,province,7600,Sulawesi Barat,percent,18.97,Badan Pusat Statistik,webapi-var-1186-updated-2026-02-24,domain=0000;var=1186;vervar=7600;turvar=0;th=125;turth=0
bps_webapi,sdg08_neet,total,2026-09-08,2025,province,8100,Maluku,percent,28.49,Badan Pusat Statistik,webapi-var-1186-updated-2026-02-24,domain=0000;var=1186;vervar=8100;turvar=0;th=125;turth=0
bps_webapi,sdg08_neet,total,2026-09-08,2025,province,8200,Maluku Utara,percent,25.65,Badan Pusat Statistik,webapi-var-1186-updated-2026-02-24,domain=0000;var=1186;vervar=8200;turvar=0;th=125;turth=0
bps_webapi,sdg08_neet,total,2026-09-08,2025,province,9100,Papua Barat,percent,24.64,Badan Pusat Statistik,webapi-var-1186-updated-2026-02-24,domain=0000;var=1186;vervar=9100;turvar=0;th=125;turth=0
bps_webapi,sdg08_neet,total,2026-09-08,2025,province,9200,Papua Barat Daya,percent,24.97,Badan Pusat Statistik,webapi-var-1186-updated-2026-02-24,domain=0000;var=1186;vervar=9200;turvar=0;th=125;turth=0
bps_webapi,sdg08_neet,total,2026-09-08,2025,province,9400,Papua,percent,26.34,Badan Pusat Statistik,webapi-var-1186-updated-2026-02-24,domain=0000;var=1186;vervar=9400;turvar=0;th=125;turth=0
bps_webapi,sdg08_neet,total,2026-09-08,2025,province,9500,Papua Selatan,percent,21.95,Badan Pusat Statistik,webapi-var-1186-updated-2026-02-24,domain=0000;var=1186;vervar=9500;turvar=0;th=125;turth=0
bps_webapi,sdg08_neet,total,2026-09-08,2025,province,9600,Papua Tengah,percent,21.18,Badan Pusat Statistik,webapi-var-1186-updated-2026-02-24,domain=0000;var=1186;vervar=9600;turvar=0;th=125;turth=0
bps_webapi,sdg08_neet,total,2026-09-08,2025,province,9700,Papua Pegunungan,percent,11.62,Badan Pusat Statistik,webapi-var-1186-updated-2026-02-24,domain=0000;var=1186;vervar=9700;turvar=0;th=125;turth=0
bps_webapi,sdg08_productivity_growth,total,2026-09-08,2015,national,9999,Indonesia,percent,4.7,Badan Pusat Statistik,webapi-var-1161-updated-2026-07-06,domain=0000;var=1161;vervar=9999;turvar=0;th=115;turth=0
bps_webapi,sdg08_productivity_growth,total,2026-09-08,2015,province,1100,Aceh,percent,-2.45,Badan Pusat Statistik,webapi-var-1161-updated-2026-07-06,domain=0000;var=1161;vervar=1100;turvar=0;th=115;turth=0
bps_webapi,sdg08_productivity_growth,total,2026-09-08,2015,province,1200,Sumatera Utara,percent,3.67,Badan Pusat Statistik,webapi-var-1161-updated-2026-07-06,domain=0000;var=1161;vervar=1200;turvar=0;th=115;turth=0
bps_webapi,sdg08_productivity_growth,total,2026-09-08,2015,province,1300,Sumatera Barat,percent,5.33,Badan Pusat Statistik,webapi-var-1161-updated-2026-07-06,domain=0000;var=1161;vervar=1300;turvar=0;th=115;turth=0
bps_webapi,sdg08_productivity_growth,total,2026-09-08,2015,province,1400,Riau,percent,-1.18,Badan Pusat Statistik,webapi-var-1161-updated-2026-07-06,domain=0000;var=1161;vervar=1400;turvar=0;th=115;turth=0
bps_webapi,sdg08_productivity_growth,total,2026-09-08,2015,province,1500,Jambi,percent,0.22,Badan Pusat Statistik,webapi-var-1161-updated-2026-07-06,domain=0000;var=1161;vervar=1500;turvar=0;th=115;turth=0
bps_webapi,sdg08_productivity_growth,total,2026-09-08,2015,province,1600,Sumatera Selatan,percent,4.33,Badan Pusat Statistik,webapi-var-1161-updated-2026-07-06,domain=0000;var=1161;vervar=1600;turvar=0;th=115;turth=0
bps_webapi,sdg08_productivity_growth,total,2026-09-08,2015,province,1700,Bengkulu,percent,1,Badan Pusat Statistik,webapi-var-1161-updated-2026-07-06,domain=0000;var=1161;vervar=1700;turvar=0;th=115;turth=0
bps_webapi,sdg08_productivity_growth,total,2026-09-08,2015,province,1800,Lampung,percent,6.23,Badan Pusat Statistik,webapi-var-1161-updated-2026-07-06,domain=0000;var=1161;vervar=1800;turvar=0;th=115;turth=0
bps_webapi,sdg08_productivity_growth,total,2026-09-08,2015,province,1900,Kep. Bangka Belitung,percent,0.79,Badan Pusat Statistik,webapi-var-1161-updated-2026-07-06,domain=0000;var=1161;vervar=1900;turvar=0;th=115;turth=0
bps_webapi,sdg08_productivity_growth,total,2026-09-08,2015,province,2100,Kep. Riau,percent,3.86,Badan Pusat Statistik,webapi-var-1161-updated-2026-07-06,domain=0000;var=1161;vervar=2100;turvar=0;th=115;turth=0
bps_webapi,sdg08_productivity_growth,total,2026-09-08,2015,province,3100,Dki Jakarta,percent,3.9,Badan Pusat Statistik,webapi-var-1161-updated-2026-07-06,domain=0000;var=1161;vervar=3100;turvar=0;th=115;turth=0
bps_webapi,sdg08_productivity_growth,total,2026-09-08,2015,province,3200,Jawa Barat,percent,7.51,Badan Pusat Statistik,webapi-var-1161-updated-2026-07-06,domain=0000;var=1161;vervar=3200;turvar=0;th=115;turth=0
bps_webapi,sdg08_productivity_growth,total,2026-09-08,2015,province,3300,Jawa Tengah,percent,6.21,Badan Pusat Statistik,webapi-var-1161-updated-2026-07-06,domain=0000;var=1161;vervar=3300;turvar=0;th=115;turth=0
bps_webapi,sdg08_productivity_growth,total,2026-09-08,2015,province,3400,Di Yogyakarta,percent,8.55,Badan Pusat Statistik,webapi-var-1161-updated-2026-07-06,domain=0000;var=1161;vervar=3400;turvar=0;th=115;turth=0
bps_webapi,sdg08_productivity_growth,total,2026-09-08,2015,province,3500,Jawa Timur,percent,5.11,Badan Pusat Statistik,webapi-var-1161-updated-2026-07-06,domain=0000;var=1161;vervar=3500;turvar=0;th=115;turth=0
bps_webapi,sdg08_productivity_growth,total,2026-09-08,2015,province,3600,Banten,percent,6.07,Badan Pusat Statistik,webapi-var-1161-updated-2026-07-06,domain=0000;var=1161;vervar=3600;turvar=0;th=115;turth=0
bps_webapi,sdg08_productivity_growth,total,2026-09-08,2015,province,5100,Bali,percent,3.65,Badan Pusat Statistik,webapi-var-1161-updated-2026-07-06,domain=0000;var=1161;vervar=5100;turvar=0;th=115;turth=0
bps_webapi,sdg08_productivity_growth,total,2026-09-08,2015,province,5200,Nusa Tenggara Barat,percent,19.85,Badan Pusat Statistik,webapi-var-1161-updated-2026-07-06,domain=0000;var=1161;vervar=5200;turvar=0;th=115;turth=0
bps_webapi,sdg08_productivity_growth,total,2026-09-08,2015,province,5300,Nusa Tenggara Timur,percent,2.79,Badan Pusat Statistik,webapi-var-1161-updated-2026-07-06,domain=0000;var=1161;vervar=5300;turvar=0;th=115;turth=0
bps_webapi,sdg08_productivity_growth,total,2026-09-08,2015,province,6100,Kalimantan Barat,percent,4.44,Badan Pusat Statistik,webapi-var-1161-updated-2026-07-06,domain=0000;var=1161;vervar=6100;turvar=0;th=115;turth=0
bps_webapi,sdg08_productivity_growth,total,2026-09-08,2015,province,6200,Kalimantan Tengah,percent,1.71,Badan Pusat Statistik,webapi-var-1161-updated-2026-07-06,domain=0000;var=1161;vervar=6200;turvar=0;th=115;turth=0
bps_webapi,sdg08_productivity_growth,total,2026-09-08,2015,province,6300,Kalimantan Selatan,percent,2.61,Badan Pusat Statistik,webapi-var-1161-updated-2026-07-06,domain=0000;var=1161;vervar=6300;turvar=0;th=115;turth=0
bps_webapi,sdg08_productivity_growth,total,2026-09-08,2015,province,6400,Kalimantan Timur,percent,16.39,Badan Pusat Statistik,webapi-var-1161-updated-2026-07-06,domain=0000;var=1161;vervar=6400;turvar=0;th=115;turth=0
bps_webapi,sdg08_productivity_growth,total,2026-09-08,2015,province,7100,Sulawesi Utara,percent,4.08,Badan Pusat Statistik,webapi-var-1161-updated-2026-07-06,domain=0000;var=1161;vervar=7100;turvar=0;th=115;turth=0
bps_webapi,sdg08_productivity_growth,total,2026-09-08,2015,province,7200,Sulawesi Tengah,percent,12.52,Badan Pusat Statistik,webapi-var-1161-updated-2026-07-06,domain=0000;var=1161;vervar=7200;turvar=0;th=115;turth=0
bps_webapi,sdg08_productivity_growth,total,2026-09-08,2015,province,7300,Sulawesi Selatan,percent,8.46,Badan Pusat Statistik,webapi-var-1161-updated-2026-07-06,domain=0000;var=1161;vervar=7300;turvar=0;th=115;turth=0
bps_webapi,sdg08_productivity_growth,total,2026-09-08,2015,province,7400,Sulawesi Tenggara,percent,3.16,Badan Pusat Statistik,webapi-var-1161-updated-2026-07-06,domain=0000;var=1161;vervar=7400;turvar=0;th=115;turth=0
bps_webapi,sdg08_productivity_growth,total,2026-09-08,2015,province,7500,Gorontalo,percent,3.09,Badan Pusat Statistik,webapi-var-1161-updated-2026-07-06,domain=0000;var=1161;vervar=7500;turvar=0;th=115;turth=0
bps_webapi,sdg08_productivity_growth,total,2026-09-08,2015,province,7600,Sulawesi Barat,percent,7.29,Badan Pusat Statistik,webapi-var-1161-updated-2026-07-06,domain=0000;var=1161;vervar=7600;turvar=0;th=115;turth=0
bps_webapi,sdg08_productivity_growth,total,2026-09-08,2015,province,8100,Maluku,percent,-3.12,Badan Pusat Statistik,webapi-var-1161-updated-2026-07-06,domain=0000;var=1161;vervar=8100;turvar=0;th=115;turth=0
bps_webapi,sdg08_productivity_growth,total,2026-09-08,2015,province,8200,Maluku Utara,percent,0.27,Badan Pusat Statistik,webapi-var-1161-updated-2026-07-06,domain=0000;var=1161;vervar=8200;turvar=0;th=115;turth=0
bps_webapi,sdg08_productivity_growth,total,2026-09-08,2015,province,9100,Papua Barat,percent,3.66,Badan Pusat Statistik,webapi-var-1161-updated-2026-07-06,domain=0000;var=1161;vervar=9100;turvar=0;th=115;turth=0
bps_webapi,sdg08_productivity_growth,total,2026-09-08,2015,province,9400,Papua,percent,3.82,Badan Pusat Statistik,webapi-var-1161-updated-2026-07-06,domain=0000;var=1161;vervar=9400;turvar=0;th=115;turth=0
bps_webapi,sdg08_productivity_growth,total,2026-09-08,2016,national,9999,Indonesia,percent,1.85,Badan Pusat Statistik,webapi-var-1161-updated-2026-07-06,domain=0000;var=1161;vervar=9999;turvar=0;th=116;turth=0
bps_webapi,sdg08_productivity_growth,total,2026-09-08,2016,province,1100,Aceh,percent,-2.7,Badan Pusat Statistik,webapi-var-1161-updated-2026-07-06,domain=0000;var=1161;vervar=1100;turvar=0;th=116;turth=0
bps_webapi,sdg08_productivity_growth,total,2026-09-08,2016,province,1200,Sumatera Utara,percent,4.67,Badan Pusat Statistik,webapi-var-1161-updated-2026-07-06,domain=0000;var=1161;vervar=1200;turvar=0;th=116;turth=0
bps_webapi,sdg08_productivity_growth,total,2026-09-08,2016,province,1300,Sumatera Barat,percent,-2.05,Badan Pusat Statistik,webapi-var-1161-updated-2026-07-06,domain=0000;var=1161;vervar=1300;turvar=0;th=116;turth=0
bps_webapi,sdg08_productivity_growth,total,2026-09-08,2016,province,1400,Riau,percent,-5.64,Badan Pusat Statistik,webapi-var-1161-updated-2026-07-06,domain=0000;var=1161;vervar=1400;turvar=0;th=116;turth=0
bps_webapi,sdg08_productivity_growth,total,2026-09-08,2016,province,1500,Jambi,percent,-0.39,Badan Pusat Statistik,webapi-var-1161-updated-2026-07-06,domain=0000;var=1161;vervar=1500;turvar=0;th=116;turth=0
bps_webapi,sdg08_productivity_growth,total,2026-09-08,2016,province,1600,Sumatera Selatan,percent,-2.91,Badan Pusat Statistik,webapi-var-1161-updated-2026-07-06,domain=0000;var=1161;vervar=1600;turvar=0;th=116;turth=0
bps_webapi,sdg08_productivity_growth,total,2026-09-08,2016,province,1700,Bengkulu,percent,0.37,Badan Pusat Statistik,webapi-var-1161-updated-2026-07-06,domain=0000;var=1161;vervar=1700;turvar=0;th=116;turth=0
bps_webapi,sdg08_productivity_growth,total,2026-09-08,2016,province,1800,Lampung,percent,-2.78,Badan Pusat Statistik,webapi-var-1161-updated-2026-07-06,domain=0000;var=1161;vervar=1800;turvar=0;th=116;turth=0
bps_webapi,sdg08_productivity_growth,total,2026-09-08,2016,province,1900,Kep. Bangka Belitung,percent,-5.43,Badan Pusat Statistik,webapi-var-1161-updated-2026-07-06,domain=0000;var=1161;vervar=1900;turvar=0;th=116;turth=0
bps_webapi,sdg08_productivity_growth,total,2026-09-08,2016,province,2100,Kep. Riau,percent,2.15,Badan Pusat Statistik,webapi-var-1161-updated-2026-07-06,domain=0000;var=1161;vervar=2100;turvar=0;th=116;turth=0
bps_webapi,sdg08_productivity_growth,total,2026-09-08,2016,province,3100,Dki Jakarta,percent,2.87,Badan Pusat Statistik,webapi-var-1161-updated-2026-07-06,domain=0000;var=1161;vervar=3100;turvar=0;th=116;turth=0
bps_webapi,sdg08_productivity_growth,total,2026-09-08,2016,province,3200,Jawa Barat,percent,3.41,Badan Pusat Statistik,webapi-var-1161-updated-2026-07-06,domain=0000;var=1161;vervar=3200;turvar=0;th=116;turth=0
bps_webapi,sdg08_productivity_growth,total,2026-09-08,2016,province,3300,Jawa Tengah,percent,4.87,Badan Pusat Statistik,webapi-var-1161-updated-2026-07-06,domain=0000;var=1161;vervar=3300;turvar=0;th=116;turth=0
bps_webapi,sdg08_productivity_growth,total,2026-09-08,2016,province,3400,Di Yogyakarta,percent,-2.73,Badan Pusat Statistik,webapi-var-1161-updated-2026-07-06,domain=0000;var=1161;vervar=3400;turvar=0;th=116;turth=0
bps_webapi,sdg08_productivity_growth,total,2026-09-08,2016,province,3500,Jawa Timur,percent,6.97,Badan Pusat Statistik,webapi-var-1161-updated-2026-07-06,domain=0000;var=1161;vervar=3500;turvar=0;th=116;turth=0
bps_webapi,sdg08_productivity_growth,total,2026-09-08,2016,province,3600,Banten,percent,-0.16,Badan Pusat Statistik,webapi-var-1161-updated-2026-07-06,domain=0000;var=1161;vervar=3600;turvar=0;th=116;turth=0
bps_webapi,sdg08_productivity_growth,total,2026-09-08,2016,province,5100,Bali,percent,2.29,Badan Pusat Statistik,webapi-var-1161-updated-2026-07-06,domain=0000;var=1161;vervar=5100;turvar=0;th=116;turth=0
bps_webapi,sdg08_productivity_growth,total,2026-09-08,2016,province,5200,Nusa Tenggara Barat,percent,-4.91,Badan Pusat Statistik,webapi-var-1161-updated-2026-07-06,domain=0000;var=1161;vervar=5200;turvar=0;th=116;turth=0
bps_webapi,sdg08_productivity_growth,total,2026-09-08,2016,province,5300,Nusa Tenggara Timur,percent,2.45,Badan Pusat Statistik,webapi-var-1161-updated-2026-07-06,domain=0000;var=1161;vervar=5300;turvar=0;th=116;turth=0
bps_webapi,sdg08_productivity_growth,total,2026-09-08,2016,province,6100,Kalimantan Barat,percent,2.81,Badan Pusat Statistik,webapi-var-1161-updated-2026-07-06,domain=0000;var=1161;vervar=6100;turvar=0;th=116;turth=0
bps_webapi,sdg08_productivity_growth,total,2026-09-08,2016,province,6200,Kalimantan Tengah,percent,3.49,Badan Pusat Statistik,webapi-var-1161-updated-2026-07-06,domain=0000;var=1161;vervar=6200;turvar=0;th=116;turth=0
bps_webapi,sdg08_productivity_growth,total,2026-09-08,2016,province,6300,Kalimantan Selatan,percent,0.39,Badan Pusat Statistik,webapi-var-1161-updated-2026-07-06,domain=0000;var=1161;vervar=6300;turvar=0;th=116;turth=0
bps_webapi,sdg08_productivity_growth,total,2026-09-08,2016,province,6400,Kalimantan Timur,percent,-10.21,Badan Pusat Statistik,webapi-var-1161-updated-2026-07-06,domain=0000;var=1161;vervar=6400;turvar=0;th=116;turth=0
bps_webapi,sdg08_productivity_growth,total,2026-09-08,2016,province,6500,Kalimantan Utara,percent,2.28,Badan Pusat Statistik,webapi-var-1161-updated-2026-07-06,domain=0000;var=1161;vervar=6500;turvar=0;th=116;turth=0
bps_webapi,sdg08_productivity_growth,total,2026-09-08,2016,province,7100,Sulawesi Utara,percent,-4.4,Badan Pusat Statistik,webapi-var-1161-updated-2026-07-06,domain=0000;var=1161;vervar=7100;turvar=0;th=116;turth=0
bps_webapi,sdg08_productivity_growth,total,2026-09-08,2016,province,7200,Sulawesi Tengah,percent,0.12,Badan Pusat Statistik,webapi-var-1161-updated-2026-07-06,domain=0000;var=1161;vervar=7200;turvar=0;th=116;turth=0
bps_webapi,sdg08_productivity_growth,total,2026-09-08,2016,province,7300,Sulawesi Selatan,percent,1.33,Badan Pusat Statistik,webapi-var-1161-updated-2026-07-06,domain=0000;var=1161;vervar=7300;turvar=0;th=116;turth=0
bps_webapi,sdg08_productivity_growth,total,2026-09-08,2016,province,7400,Sulawesi Tenggara,percent,-6.12,Badan Pusat Statistik,webapi-var-1161-updated-2026-07-06,domain=0000;var=1161;vervar=7400;turvar=0;th=116;turth=0
bps_webapi,sdg08_productivity_growth,total,2026-09-08,2016,province,7500,Gorontalo,percent,-3.81,Badan Pusat Statistik,webapi-var-1161-updated-2026-07-06,domain=0000;var=1161;vervar=7500;turvar=0;th=116;turth=0
bps_webapi,sdg08_productivity_growth,total,2026-09-08,2016,province,7600,Sulawesi Barat,percent,1.21,Badan Pusat Statistik,webapi-var-1161-updated-2026-07-06,domain=0000;var=1161;vervar=7600;turvar=0;th=116;turth=0
bps_webapi,sdg08_productivity_growth,total,2026-09-08,2016,province,8100,Maluku,percent,0.26,Badan Pusat Statistik,webapi-var-1161-updated-2026-07-06,domain=0000;var=1161;vervar=8100;turvar=0;th=116;turth=0
bps_webapi,sdg08_productivity_growth,total,2026-09-08,2016,province,8200,Maluku Utara,percent,1.38,Badan Pusat Statistik,webapi-var-1161-updated-2026-07-06,domain=0000;var=1161;vervar=8200;turvar=0;th=116;turth=0
bps_webapi,sdg08_productivity_growth,total,2026-09-08,2016,province,9100,Papua Barat,percent,-1.23,Badan Pusat Statistik,webapi-var-1161-updated-2026-07-06,domain=0000;var=1161;vervar=9100;turvar=0;th=116;turth=0
bps_webapi,sdg08_productivity_growth,total,2026-09-08,2016,province,9400,Papua,percent,9.67,Badan Pusat Statistik,webapi-var-1161-updated-2026-07-06,domain=0000;var=1161;vervar=9400;turvar=0;th=116;turth=0
bps_webapi,sdg08_productivity_growth,total,2026-09-08,2017,national,9999,Indonesia,percent,2.8,Badan Pusat Statistik,webapi-var-1161-updated-2026-07-06,domain=0000;var=1161;vervar=9999;turvar=0;th=117;turth=0
bps_webapi,sdg08_productivity_growth,total,2026-09-08,2017,province,1100,Aceh,percent,1.67,Badan Pusat Statistik,webapi-var-1161-updated-2026-07-06,domain=0000;var=1161;vervar=1100;turvar=0;th=117;turth=0
bps_webapi,sdg08_productivity_growth,total,2026-09-08,2017,province,1200,Sumatera Utara,percent,-1.07,Badan Pusat Statistik,webapi-var-1161-updated-2026-07-06,domain=0000;var=1161;vervar=1200;turvar=0;th=117;turth=0
bps_webapi,sdg08_productivity_growth,total,2026-09-08,2017,province,1300,Sumatera Barat,percent,5.43,Badan Pusat Statistik,webapi-var-1161-updated-2026-07-06,domain=0000;var=1161;vervar=1300;turvar=0;th=117;turth=0
bps_webapi,sdg08_productivity_growth,total,2026-09-08,2017,province,1400,Riau,percent,2.11,Badan Pusat Statistik,webapi-var-1161-updated-2026-07-06,domain=0000;var=1161;vervar=1400;turvar=0;th=117;turth=0
bps_webapi,sdg08_productivity_growth,total,2026-09-08,2017,province,1500,Jambi,percent,2.5,Badan Pusat Statistik,webapi-var-1161-updated-2026-07-06,domain=0000;var=1161;vervar=1500;turvar=0;th=117;turth=0
bps_webapi,sdg08_productivity_growth,total,2026-09-08,2017,province,1600,Sumatera Selatan,percent,7.02,Badan Pusat Statistik,webapi-var-1161-updated-2026-07-06,domain=0000;var=1161;vervar=1600;turvar=0;th=117;turth=0
bps_webapi,sdg08_productivity_growth,total,2026-09-08,2017,province,1700,Bengkulu,percent,6.74,Badan Pusat Statistik,webapi-var-1161-updated-2026-07-06,domain=0000;var=1161;vervar=1700;turvar=0;th=117;turth=0
bps_webapi,sdg08_productivity_growth,total,2026-09-08,2017,province,1800,Lampung,percent,6.11,Badan Pusat Statistik,webapi-var-1161-updated-2026-07-06,domain=0000;var=1161;vervar=1800;turvar=0;th=117;turth=0
bps_webapi,sdg08_productivity_growth,total,2026-09-08,2017,province,1900,Kep. Bangka Belitung,percent,6.67,Badan Pusat Statistik,webapi-var-1161-updated-2026-07-06,domain=0000;var=1161;vervar=1900;turvar=0;th=117;turth=0
bps_webapi,sdg08_productivity_growth,total,2026-09-08,2017,province,2100,Kep. Riau,percent,-2.24,Badan Pusat Statistik,webapi-var-1161-updated-2026-07-06,domain=0000;var=1161;vervar=2100;turvar=0;th=117;turth=0
bps_webapi,sdg08_productivity_growth,total,2026-09-08,2017,province,3100,Dki Jakarta,percent,14.5,Badan Pusat Statistik,webapi-var-1161-updated-2026-07-06,domain=0000;var=1161;vervar=3100;turvar=0;th=117;turth=0
bps_webapi,sdg08_productivity_growth,total,2026-09-08,2017,province,3200,Jawa Barat,percent,-1.58,Badan Pusat Statistik,webapi-var-1161-updated-2026-07-06,domain=0000;var=1161;vervar=3200;turvar=0;th=117;turth=0
bps_webapi,sdg08_productivity_growth,total,2026-09-08,2017,province,3300,Jawa Tengah,percent,1.02,Badan Pusat Statistik,webapi-var-1161-updated-2026-07-06,domain=0000;var=1161;vervar=3300;turvar=0;th=117;turth=0
bps_webapi,sdg08_productivity_growth,total,2026-09-08,2017,province,3400,Di Yogyakarta,percent,4.71,Badan Pusat Statistik,webapi-var-1161-updated-2026-07-06,domain=0000;var=1161;vervar=3400;turvar=0;th=117;turth=0
bps_webapi,sdg08_productivity_growth,total,2026-09-08,2017,province,3500,Jawa Timur,percent,0.29,Badan Pusat Statistik,webapi-var-1161-updated-2026-07-06,domain=0000;var=1161;vervar=3500;turvar=0;th=117;turth=0
bps_webapi,sdg08_productivity_growth,total,2026-09-08,2017,province,3600,Banten,percent,5.98,Badan Pusat Statistik,webapi-var-1161-updated-2026-07-06,domain=0000;var=1161;vervar=3600;turvar=0;th=117;turth=0
bps_webapi,sdg08_productivity_growth,total,2026-09-08,2017,province,5100,Bali,percent,6.37,Badan Pusat Statistik,webapi-var-1161-updated-2026-07-06,domain=0000;var=1161;vervar=5100;turvar=0;th=117;turth=0
bps_webapi,sdg08_productivity_growth,total,2026-09-08,2017,province,5200,Nusa Tenggara Barat,percent,2.27,Badan Pusat Statistik,webapi-var-1161-updated-2026-07-06,domain=0000;var=1161;vervar=5200;turvar=0;th=117;turth=0
bps_webapi,sdg08_productivity_growth,total,2026-09-08,2017,province,5300,Nusa Tenggara Timur,percent,3.16,Badan Pusat Statistik,webapi-var-1161-updated-2026-07-06,domain=0000;var=1161;vervar=5300;turvar=0;th=117;turth=0
bps_webapi,sdg08_productivity_growth,total,2026-09-08,2017,province,6100,Kalimantan Barat,percent,4.46,Badan Pusat Statistik,webapi-var-1161-updated-2026-07-06,domain=0000;var=1161;vervar=6100;turvar=0;th=117;turth=0
bps_webapi,sdg08_productivity_growth,total,2026-09-08,2017,province,6200,Kalimantan Tengah,percent,8.95,Badan Pusat Statistik,webapi-var-1161-updated-2026-07-06,domain=0000;var=1161;vervar=6200;turvar=0;th=117;turth=0
bps_webapi,sdg08_productivity_growth,total,2026-09-08,2017,province,6300,Kalimantan Selatan,percent,4.75,Badan Pusat Statistik,webapi-var-1161-updated-2026-07-06,domain=0000;var=1161;vervar=6300;turvar=0;th=117;turth=0
bps_webapi,sdg08_productivity_growth,total,2026-09-08,2017,province,6400,Kalimantan Timur,percent,5.75,Badan Pusat Statistik,webapi-var-1161-updated-2026-07-06,domain=0000;var=1161;vervar=6400;turvar=0;th=117;turth=0
bps_webapi,sdg08_productivity_growth,total,2026-09-08,2017,province,6500,Kalimantan Utara,percent,-7.59,Badan Pusat Statistik,webapi-var-1161-updated-2026-07-06,domain=0000;var=1161;vervar=6500;turvar=0;th=117;turth=0
bps_webapi,sdg08_productivity_growth,total,2026-09-08,2017,province,7100,Sulawesi Utara,percent,13.43,Badan Pusat Statistik,webapi-var-1161-updated-2026-07-06,domain=0000;var=1161;vervar=7100;turvar=0;th=117;turth=0
bps_webapi,sdg08_productivity_growth,total,2026-09-08,2017,province,7200,Sulawesi Tengah,percent,13.6,Badan Pusat Statistik,webapi-var-1161-updated-2026-07-06,domain=0000;var=1161;vervar=7200;turvar=0;th=117;turth=0
bps_webapi,sdg08_productivity_growth,total,2026-09-08,2017,province,7300,Sulawesi Selatan,percent,10.07,Badan Pusat Statistik,webapi-var-1161-updated-2026-07-06,domain=0000;var=1161;vervar=7300;turvar=0;th=117;turth=0
bps_webapi,sdg08_productivity_growth,total,2026-09-08,2017,province,7400,Sulawesi Tenggara,percent,12.15,Badan Pusat Statistik,webapi-var-1161-updated-2026-07-06,domain=0000;var=1161;vervar=7400;turvar=0;th=117;turth=0
bps_webapi,sdg08_productivity_growth,total,2026-09-08,2017,province,7500,Gorontalo,percent,11.28,Badan Pusat Statistik,webapi-var-1161-updated-2026-07-06,domain=0000;var=1161;vervar=7500;turvar=0;th=117;turth=0
bps_webapi,sdg08_productivity_growth,total,2026-09-08,2017,province,7600,Sulawesi Barat,percent,11.6,Badan Pusat Statistik,webapi-var-1161-updated-2026-07-06,domain=0000;var=1161;vervar=7600;turvar=0;th=117;turth=0
bps_webapi,sdg08_productivity_growth,total,2026-09-08,2017,province,8100,Maluku,percent,13.85,Badan Pusat Statistik,webapi-var-1161-updated-2026-07-06,domain=0000;var=1161;vervar=8100;turvar=0;th=117;turth=0
bps_webapi,sdg08_productivity_growth,total,2026-09-08,2017,province,8200,Maluku Utara,percent,10.92,Badan Pusat Statistik,webapi-var-1161-updated-2026-07-06,domain=0000;var=1161;vervar=8200;turvar=0;th=117;turth=0
bps_webapi,sdg08_productivity_growth,total,2026-09-08,2017,province,9100,Papua Barat,percent,3.97,Badan Pusat Statistik,webapi-var-1161-updated-2026-07-06,domain=0000;var=1161;vervar=9100;turvar=0;th=117;turth=0
bps_webapi,sdg08_productivity_growth,total,2026-09-08,2017,province,9400,Papua,percent,2.51,Badan Pusat Statistik,webapi-var-1161-updated-2026-07-06,domain=0000;var=1161;vervar=9400;turvar=0;th=117;turth=0
bps_webapi,sdg08_productivity_growth,total,2026-09-08,2018,national,9999,Indonesia,percent,0.79,Badan Pusat Statistik,webapi-var-1161-updated-2026-07-06,domain=0000;var=1161;vervar=9999;turvar=0;th=118;turth=0
bps_webapi,sdg08_productivity_growth,total,2026-09-08,2018,province,1100,Aceh,percent,-0.3,Badan Pusat Statistik,webapi-var-1161-updated-2026-07-06,domain=0000;var=1161;vervar=1100;turvar=0;th=118;turth=0
bps_webapi,sdg08_productivity_growth,total,2026-09-08,2018,province,1200,Sumatera Utara,percent,-4.89,Badan Pusat Statistik,webapi-var-1161-updated-2026-07-06,domain=0000;var=1161;vervar=1200;turvar=0;th=118;turth=0
bps_webapi,sdg08_productivity_growth,total,2026-09-08,2018,province,1300,Sumatera Barat,percent,-0.6,Badan Pusat Statistik,webapi-var-1161-updated-2026-07-06,domain=0000;var=1161;vervar=1300;turvar=0;th=118;turth=0
bps_webapi,sdg08_productivity_growth,total,2026-09-08,2018,province,1400,Riau,percent,-1.52,Badan Pusat Statistik,webapi-var-1161-updated-2026-07-06,domain=0000;var=1161;vervar=1400;turvar=0;th=118;turth=0
bps_webapi,sdg08_productivity_growth,total,2026-09-08,2018,province,1500,Jambi,percent,0.62,Badan Pusat Statistik,webapi-var-1161-updated-2026-07-06,domain=0000;var=1161;vervar=1500;turvar=0;th=118;turth=0
bps_webapi,sdg08_productivity_growth,total,2026-09-08,2018,province,1600,Sumatera Selatan,percent,4.34,Badan Pusat Statistik,webapi-var-1161-updated-2026-07-06,domain=0000;var=1161;vervar=1600;turvar=0;th=118;turth=0
bps_webapi,sdg08_productivity_growth,total,2026-09-08,2018,province,1700,Bengkulu,percent,-0.87,Badan Pusat Statistik,webapi-var-1161-updated-2026-07-06,domain=0000;var=1161;vervar=1700;turvar=0;th=118;turth=0
bps_webapi,sdg08_productivity_growth,total,2026-09-08,2018,province,1800,Lampung,percent,-1.53,Badan Pusat Statistik,webapi-var-1161-updated-2026-07-06,domain=0000;var=1161;vervar=1800;turvar=0;th=118;turth=0
bps_webapi,sdg08_productivity_growth,total,2026-09-08,2018,province,1900,Kep. Bangka Belitung,percent,1.43,Badan Pusat Statistik,webapi-var-1161-updated-2026-07-06,domain=0000;var=1161;vervar=1900;turvar=0;th=118;turth=0
bps_webapi,sdg08_productivity_growth,total,2026-09-08,2018,province,2100,Kep. Riau,percent,-0.11,Badan Pusat Statistik,webapi-var-1161-updated-2026-07-06,domain=0000;var=1161;vervar=2100;turvar=0;th=118;turth=0
bps_webapi,sdg08_productivity_growth,total,2026-09-08,2018,province,3100,Dki Jakarta,percent,1.24,Badan Pusat Statistik,webapi-var-1161-updated-2026-07-06,domain=0000;var=1161;vervar=3100;turvar=0;th=118;turth=0
bps_webapi,sdg08_productivity_growth,total,2026-09-08,2018,province,3200,Jawa Barat,percent,3.71,Badan Pusat Statistik,webapi-var-1161-updated-2026-07-06,domain=0000;var=1161;vervar=3200;turvar=0;th=118;turth=0
bps_webapi,sdg08_productivity_growth,total,2026-09-08,2018,province,3300,Jawa Tengah,percent,3.92,Badan Pusat Statistik,webapi-var-1161-updated-2026-07-06,domain=0000;var=1161;vervar=3300;turvar=0;th=118;turth=0
bps_webapi,sdg08_productivity_growth,total,2026-09-08,2018,province,3400,Di Yogyakarta,percent,1.36,Badan Pusat Statistik,webapi-var-1161-updated-2026-07-06,domain=0000;var=1161;vervar=3400;turvar=0;th=118;turth=0
bps_webapi,sdg08_productivity_growth,total,2026-09-08,2018,province,3500,Jawa Timur,percent,1.76,Badan Pusat Statistik,webapi-var-1161-updated-2026-07-06,domain=0000;var=1161;vervar=3500;turvar=0;th=118;turth=0
bps_webapi,sdg08_productivity_growth,total,2026-09-08,2018,province,3600,Banten,percent,0.36,Badan Pusat Statistik,webapi-var-1161-updated-2026-07-06,domain=0000;var=1161;vervar=3600;turvar=0;th=118;turth=0
bps_webapi,sdg08_productivity_growth,total,2026-09-08,2018,province,5100,Bali,percent,0.94,Badan Pusat Statistik,webapi-var-1161-updated-2026-07-06,domain=0000;var=1161;vervar=5100;turvar=0;th=118;turth=0
bps_webapi,sdg08_productivity_growth,total,2026-09-08,2018,province,5200,Nusa Tenggara Barat,percent,-2.52,Badan Pusat Statistik,webapi-var-1161-updated-2026-07-06,domain=0000;var=1161;vervar=5200;turvar=0;th=118;turth=0
bps_webapi,sdg08_productivity_growth,total,2026-09-08,2018,province,5300,Nusa Tenggara Timur,percent,-7.31,Badan Pusat Statistik,webapi-var-1161-updated-2026-07-06,domain=0000;var=1161;vervar=5300;turvar=0;th=118;turth=0
bps_webapi,sdg08_productivity_growth,total,2026-09-08,2018,province,6100,Kalimantan Barat,percent,-0.14,Badan Pusat Statistik,webapi-var-1161-updated-2026-07-06,domain=0000;var=1161;vervar=6100;turvar=0;th=118;turth=0
bps_webapi,sdg08_productivity_growth,total,2026-09-08,2018,province,6200,Kalimantan Tengah,percent,-0.85,Badan Pusat Statistik,webapi-var-1161-updated-2026-07-06,domain=0000;var=1161;vervar=6200;turvar=0;th=118;turth=0
bps_webapi,sdg08_productivity_growth,total,2026-09-08,2018,province,6300,Kalimantan Selatan,percent,1.79,Badan Pusat Statistik,webapi-var-1161-updated-2026-07-06,domain=0000;var=1161;vervar=6300;turvar=0;th=118;turth=0
bps_webapi,sdg08_productivity_growth,total,2026-09-08,2018,province,6400,Kalimantan Timur,percent,-2.44,Badan Pusat Statistik,webapi-var-1161-updated-2026-07-06,domain=0000;var=1161;vervar=6400;turvar=0;th=118;turth=0
bps_webapi,sdg08_productivity_growth,total,2026-09-08,2018,province,6500,Kalimantan Utara,percent,4.57,Badan Pusat Statistik,webapi-var-1161-updated-2026-07-06,domain=0000;var=1161;vervar=6500;turvar=0;th=118;turth=0
bps_webapi,sdg08_productivity_growth,total,2026-09-08,2018,province,7100,Sulawesi Utara,percent,-1.01,Badan Pusat Statistik,webapi-var-1161-updated-2026-07-06,domain=0000;var=1161;vervar=7100;turvar=0;th=118;turth=0
bps_webapi,sdg08_productivity_growth,total,2026-09-08,2018,province,7200,Sulawesi Tengah,percent,11.98,Badan Pusat Statistik,webapi-var-1161-updated-2026-07-06,domain=0000;var=1161;vervar=7200;turvar=0;th=118;turth=0
bps_webapi,sdg08_productivity_growth,total,2026-09-08,2018,province,7300,Sulawesi Selatan,percent,-3.85,Badan Pusat Statistik,webapi-var-1161-updated-2026-07-06,domain=0000;var=1161;vervar=7300;turvar=0;th=118;turth=0
bps_webapi,sdg08_productivity_growth,total,2026-09-08,2018,province,7400,Sulawesi Tenggara,percent,-1.51,Badan Pusat Statistik,webapi-var-1161-updated-2026-07-06,domain=0000;var=1161;vervar=7400;turvar=0;th=118;turth=0
bps_webapi,sdg08_productivity_growth,total,2026-09-08,2018,province,7500,Gorontalo,percent,-1.98,Badan Pusat Statistik,webapi-var-1161-updated-2026-07-06,domain=0000;var=1161;vervar=7500;turvar=0;th=118;turth=0
bps_webapi,sdg08_productivity_growth,total,2026-09-08,2018,province,7600,Sulawesi Barat,percent,-1.35,Badan Pusat Statistik,webapi-var-1161-updated-2026-07-06,domain=0000;var=1161;vervar=7600;turvar=0;th=118;turth=0
bps_webapi,sdg08_productivity_growth,total,2026-09-08,2018,province,8100,Maluku,percent,-8.59,Badan Pusat Statistik,webapi-var-1161-updated-2026-07-06,domain=0000;var=1161;vervar=8100;turvar=0;th=118;turth=0
bps_webapi,sdg08_productivity_growth,total,2026-09-08,2018,province,8200,Maluku Utara,percent,-3.71,Badan Pusat Statistik,webapi-var-1161-updated-2026-07-06,domain=0000;var=1161;vervar=8200;turvar=0;th=118;turth=0
bps_webapi,sdg08_productivity_growth,total,2026-09-08,2018,province,9100,Papua Barat,percent,1.84,Badan Pusat Statistik,webapi-var-1161-updated-2026-07-06,domain=0000;var=1161;vervar=9100;turvar=0;th=118;turth=0
bps_webapi,sdg08_productivity_growth,total,2026-09-08,2018,province,9400,Papua,percent,1.26,Badan Pusat Statistik,webapi-var-1161-updated-2026-07-06,domain=0000;var=1161;vervar=9400;turvar=0;th=118;turth=0
bps_webapi,sdg08_productivity_growth,total,2026-09-08,2019,national,9999,Indonesia,percent,3,Badan Pusat Statistik,webapi-var-1161-updated-2026-07-06,domain=0000;var=1161;vervar=9999;turvar=0;th=119;turth=0
bps_webapi,sdg08_productivity_growth,total,2026-09-08,2019,province,1100,Aceh,percent,3.54,Badan Pusat Statistik,webapi-var-1161-updated-2026-07-06,domain=0000;var=1161;vervar=1100;turvar=0;th=119;turth=0
bps_webapi,sdg08_productivity_growth,total,2026-09-08,2019,province,1200,Sumatera Utara,percent,5.62,Badan Pusat Statistik,webapi-var-1161-updated-2026-07-06,domain=0000;var=1161;vervar=1200;turvar=0;th=119;turth=0
bps_webapi,sdg08_productivity_growth,total,2026-09-08,2019,province,1300,Sumatera Barat,percent,2.55,Badan Pusat Statistik,webapi-var-1161-updated-2026-07-06,domain=0000;var=1161;vervar=1300;turvar=0;th=119;turth=0
bps_webapi,sdg08_productivity_growth,total,2026-09-08,2019,province,1400,Riau,percent,0.62,Badan Pusat Statistik,webapi-var-1161-updated-2026-07-06,domain=0000;var=1161;vervar=1400;turvar=0;th=119;turth=0
bps_webapi,sdg08_productivity_growth,total,2026-09-08,2019,province,1500,Jambi,percent,6.93,Badan Pusat Statistik,webapi-var-1161-updated-2026-07-06,domain=0000;var=1161;vervar=1500;turvar=0;th=119;turth=0
bps_webapi,sdg08_productivity_growth,total,2026-09-08,2019,province,1600,Sumatera Selatan,percent,5.51,Badan Pusat Statistik,webapi-var-1161-updated-2026-07-06,domain=0000;var=1161;vervar=1600;turvar=0;th=119;turth=0
bps_webapi,sdg08_productivity_growth,total,2026-09-08,2019,province,1700,Bengkulu,percent,3.45,Badan Pusat Statistik,webapi-var-1161-updated-2026-07-06,domain=0000;var=1161;vervar=1700;turvar=0;th=119;turth=0
bps_webapi,sdg08_productivity_growth,total,2026-09-08,2019,province,1800,Lampung,percent,4.7,Badan Pusat Statistik,webapi-var-1161-updated-2026-07-06,domain=0000;var=1161;vervar=1800;turvar=0;th=119;turth=0
bps_webapi,sdg08_productivity_growth,total,2026-09-08,2019,province,1900,Kep. Bangka Belitung,percent,1.95,Badan Pusat Statistik,webapi-var-1161-updated-2026-07-06,domain=0000;var=1161;vervar=1900;turvar=0;th=119;turth=0
bps_webapi,sdg08_productivity_growth,total,2026-09-08,2019,province,2100,Kep. Riau,percent,-0.55,Badan Pusat Statistik,webapi-var-1161-updated-2026-07-06,domain=0000;var=1161;vervar=2100;turvar=0;th=119;turth=0
bps_webapi,sdg08_productivity_growth,total,2026-09-08,2019,province,3100,Dki Jakarta,percent,3.05,Badan Pusat Statistik,webapi-var-1161-updated-2026-07-06,domain=0000;var=1161;vervar=3100;turvar=0;th=119;turth=0
bps_webapi,sdg08_productivity_growth,total,2026-09-08,2019,province,3200,Jawa Barat,percent,-0.3,Badan Pusat Statistik,webapi-var-1161-updated-2026-07-06,domain=0000;var=1161;vervar=3200;turvar=0;th=119;turth=0
bps_webapi,sdg08_productivity_growth,total,2026-09-08,2019,province,3300,Jawa Tengah,percent,4.27,Badan Pusat Statistik,webapi-var-1161-updated-2026-07-06,domain=0000;var=1161;vervar=3300;turvar=0;th=119;turth=0
bps_webapi,sdg08_productivity_growth,total,2026-09-08,2019,province,3400,Di Yogyakarta,percent,5.44,Badan Pusat Statistik,webapi-var-1161-updated-2026-07-06,domain=0000;var=1161;vervar=3400;turvar=0;th=119;turth=0
bps_webapi,sdg08_productivity_growth,total,2026-09-08,2019,province,3500,Jawa Timur,percent,4.52,Badan Pusat Statistik,webapi-var-1161-updated-2026-07-06,domain=0000;var=1161;vervar=3500;turvar=0;th=119;turth=0
bps_webapi,sdg08_productivity_growth,total,2026-09-08,2019,province,3600,Banten,percent,1.47,Badan Pusat Statistik,webapi-var-1161-updated-2026-07-06,domain=0000;var=1161;vervar=3600;turvar=0;th=119;turth=0
bps_webapi,sdg08_productivity_growth,total,2026-09-08,2019,province,5100,Bali,percent,8.02,Badan Pusat Statistik,webapi-var-1161-updated-2026-07-06,domain=0000;var=1161;vervar=5100;turvar=0;th=119;turth=0
bps_webapi,sdg08_productivity_growth,total,2026-09-08,2019,province,5200,Nusa Tenggara Barat,percent,-6.51,Badan Pusat Statistik,webapi-var-1161-updated-2026-07-06,domain=0000;var=1161;vervar=5200;turvar=0;th=119;turth=0
bps_webapi,sdg08_productivity_growth,total,2026-09-08,2019,province,5300,Nusa Tenggara Timur,percent,5.88,Badan Pusat Statistik,webapi-var-1161-updated-2026-07-06,domain=0000;var=1161;vervar=5300;turvar=0;th=119;turth=0
bps_webapi,sdg08_productivity_growth,total,2026-09-08,2019,province,6100,Kalimantan Barat,percent,4.17,Badan Pusat Statistik,webapi-var-1161-updated-2026-07-06,domain=0000;var=1161;vervar=6100;turvar=0;th=119;turth=0
bps_webapi,sdg08_productivity_growth,total,2026-09-08,2019,province,6200,Kalimantan Tengah,percent,4.79,Badan Pusat Statistik,webapi-var-1161-updated-2026-07-06,domain=0000;var=1161;vervar=6200;turvar=0;th=119;turth=0
bps_webapi,sdg08_productivity_growth,total,2026-09-08,2019,province,6300,Kalimantan Selatan,percent,3.73,Badan Pusat Statistik,webapi-var-1161-updated-2026-07-06,domain=0000;var=1161;vervar=6300;turvar=0;th=119;turth=0
bps_webapi,sdg08_productivity_growth,total,2026-09-08,2019,province,6400,Kalimantan Timur,percent,0.25,Badan Pusat Statistik,webapi-var-1161-updated-2026-07-06,domain=0000;var=1161;vervar=6400;turvar=0;th=119;turth=0
bps_webapi,sdg08_productivity_growth,total,2026-09-08,2019,province,6500,Kalimantan Utara,percent,5.14,Badan Pusat Statistik,webapi-var-1161-updated-2026-07-06,domain=0000;var=1161;vervar=6500;turvar=0;th=119;turth=0
bps_webapi,sdg08_productivity_growth,total,2026-09-08,2019,province,7100,Sulawesi Utara,percent,2.48,Badan Pusat Statistik,webapi-var-1161-updated-2026-07-06,domain=0000;var=1161;vervar=7100;turvar=0;th=119;turth=0
bps_webapi,sdg08_productivity_growth,total,2026-09-08,2019,province,7200,Sulawesi Tengah,percent,9.86,Badan Pusat Statistik,webapi-var-1161-updated-2026-07-06,domain=0000;var=1161;vervar=7200;turvar=0;th=119;turth=0
bps_webapi,sdg08_productivity_growth,total,2026-09-08,2019,province,7300,Sulawesi Selatan,percent,5.53,Badan Pusat Statistik,webapi-var-1161-updated-2026-07-06,domain=0000;var=1161;vervar=7300;turvar=0;th=119;turth=0
bps_webapi,sdg08_productivity_growth,total,2026-09-08,2019,province,7400,Sulawesi Tenggara,percent,5.79,Badan Pusat Statistik,webapi-var-1161-updated-2026-07-06,domain=0000;var=1161;vervar=7400;turvar=0;th=119;turth=0
bps_webapi,sdg08_productivity_growth,total,2026-09-08,2019,province,7500,Gorontalo,percent,5.8,Badan Pusat Statistik,webapi-var-1161-updated-2026-07-06,domain=0000;var=1161;vervar=7500;turvar=0;th=119;turth=0
bps_webapi,sdg08_productivity_growth,total,2026-09-08,2019,province,7600,Sulawesi Barat,percent,2.53,Badan Pusat Statistik,webapi-var-1161-updated-2026-07-06,domain=0000;var=1161;vervar=7600;turvar=0;th=119;turth=0
bps_webapi,sdg08_productivity_growth,total,2026-09-08,2019,province,8100,Maluku,percent,3.41,Badan Pusat Statistik,webapi-var-1161-updated-2026-07-06,domain=0000;var=1161;vervar=8100;turvar=0;th=119;turth=0
bps_webapi,sdg08_productivity_growth,total,2026-09-08,2019,province,8200,Maluku Utara,percent,5.26,Badan Pusat Statistik,webapi-var-1161-updated-2026-07-06,domain=0000;var=1161;vervar=8200;turvar=0;th=119;turth=0
bps_webapi,sdg08_productivity_growth,total,2026-09-08,2019,province,9100,Papua Barat,percent,-1.28,Badan Pusat Statistik,webapi-var-1161-updated-2026-07-06,domain=0000;var=1161;vervar=9100;turvar=0;th=119;turth=0
bps_webapi,sdg08_productivity_growth,total,2026-09-08,2019,province,9400,Papua,percent,-15.34,Badan Pusat Statistik,webapi-var-1161-updated-2026-07-06,domain=0000;var=1161;vervar=9400;turvar=0;th=119;turth=0
bps_webapi,sdg08_productivity_growth,total,2026-09-08,2020,national,9999,Indonesia,percent,-1.84,Badan Pusat Statistik,webapi-var-1161-updated-2026-07-06,domain=0000;var=1161;vervar=9999;turvar=0;th=120;turth=0
bps_webapi,sdg08_productivity_growth,total,2026-09-08,2020,province,1100,Aceh,percent,-4.73,Badan Pusat Statistik,webapi-var-1161-updated-2026-07-06,domain=0000;var=1161;vervar=1100;turvar=0;th=120;turth=0
bps_webapi,sdg08_productivity_growth,total,2026-09-08,2020,province,1200,Sumatera Utara,percent,1.39,Badan Pusat Statistik,webapi-var-1161-updated-2026-07-06,domain=0000;var=1161;vervar=1200;turvar=0;th=120;turth=0
bps_webapi,sdg08_productivity_growth,total,2026-09-08,2020,province,1300,Sumatera Barat,percent,-3.19,Badan Pusat Statistik,webapi-var-1161-updated-2026-07-06,domain=0000;var=1161;vervar=1300;turvar=0;th=120;turth=0
bps_webapi,sdg08_productivity_growth,total,2026-09-08,2020,province,1400,Riau,percent,-3.42,Badan Pusat Statistik,webapi-var-1161-updated-2026-07-06,domain=0000;var=1161;vervar=1400;turvar=0;th=120;turth=0
bps_webapi,sdg08_productivity_growth,total,2026-09-08,2020,province,1500,Jambi,percent,-3.68,Badan Pusat Statistik,webapi-var-1161-updated-2026-07-06,domain=0000;var=1161;vervar=1500;turvar=0;th=120;turth=0
bps_webapi,sdg08_productivity_growth,total,2026-09-08,2020,province,1600,Sumatera Selatan,percent,-2.03,Badan Pusat Statistik,webapi-var-1161-updated-2026-07-06,domain=0000;var=1161;vervar=1600;turvar=0;th=120;turth=0
bps_webapi,sdg08_productivity_growth,total,2026-09-08,2020,province,1700,Bengkulu,percent,-2.89,Badan Pusat Statistik,webapi-var-1161-updated-2026-07-06,domain=0000;var=1161;vervar=1700;turvar=0;th=120;turth=0
bps_webapi,sdg08_productivity_growth,total,2026-09-08,2020,province,1800,Lampung,percent,-3.82,Badan Pusat Statistik,webapi-var-1161-updated-2026-07-06,domain=0000;var=1161;vervar=1800;turvar=0;th=120;turth=0
bps_webapi,sdg08_productivity_growth,total,2026-09-08,2020,province,1900,Kep. Bangka Belitung,percent,-2,Badan Pusat Statistik,webapi-var-1161-updated-2026-07-06,domain=0000;var=1161;vervar=1900;turvar=0;th=120;turth=0
bps_webapi,sdg08_productivity_growth,total,2026-09-08,2020,province,2100,Kep. Riau,percent,-6.43,Badan Pusat Statistik,webapi-var-1161-updated-2026-07-06,domain=0000;var=1161;vervar=2100;turvar=0;th=120;turth=0
bps_webapi,sdg08_productivity_growth,total,2026-09-08,2020,province,3100,Dki Jakarta,percent,1.66,Badan Pusat Statistik,webapi-var-1161-updated-2026-07-06,domain=0000;var=1161;vervar=3100;turvar=0;th=120;turth=0
bps_webapi,sdg08_productivity_growth,total,2026-09-08,2020,province,3200,Jawa Barat,percent,-0.77,Badan Pusat Statistik,webapi-var-1161-updated-2026-07-06,domain=0000;var=1161;vervar=3200;turvar=0;th=120;turth=0
bps_webapi,sdg08_productivity_growth,total,2026-09-08,2020,province,3300,Jawa Tengah,percent,-2.29,Badan Pusat Statistik,webapi-var-1161-updated-2026-07-06,domain=0000;var=1161;vervar=3300;turvar=0;th=120;turth=0
bps_webapi,sdg08_productivity_growth,total,2026-09-08,2020,province,3400,Di Yogyakarta,percent,-0.45,Badan Pusat Statistik,webapi-var-1161-updated-2026-07-06,domain=0000;var=1161;vervar=3400;turvar=0;th=120;turth=0
bps_webapi,sdg08_productivity_growth,total,2026-09-08,2020,province,3500,Jawa Timur,percent,-2.01,Badan Pusat Statistik,webapi-var-1161-updated-2026-07-06,domain=0000;var=1161;vervar=3500;turvar=0;th=120;turth=0
bps_webapi,sdg08_productivity_growth,total,2026-09-08,2020,province,3600,Banten,percent,-3.38,Badan Pusat Statistik,webapi-var-1161-updated-2026-07-06,domain=0000;var=1161;vervar=3600;turvar=0;th=120;turth=0
bps_webapi,sdg08_productivity_growth,total,2026-09-08,2020,province,5100,Bali,percent,-7.63,Badan Pusat Statistik,webapi-var-1161-updated-2026-07-06,domain=0000;var=1161;vervar=5100;turvar=0;th=120;turth=0
bps_webapi,sdg08_productivity_growth,total,2026-09-08,2020,province,5200,Nusa Tenggara Barat,percent,-2.7,Badan Pusat Statistik,webapi-var-1161-updated-2026-07-06,domain=0000;var=1161;vervar=5200;turvar=0;th=120;turth=0
bps_webapi,sdg08_productivity_growth,total,2026-09-08,2020,province,5300,Nusa Tenggara Timur,percent,-4.87,Badan Pusat Statistik,webapi-var-1161-updated-2026-07-06,domain=0000;var=1161;vervar=5300;turvar=0;th=120;turth=0
bps_webapi,sdg08_productivity_growth,total,2026-09-08,2020,province,6100,Kalimantan Barat,percent,-2.35,Badan Pusat Statistik,webapi-var-1161-updated-2026-07-06,domain=0000;var=1161;vervar=6100;turvar=0;th=120;turth=0
bps_webapi,sdg08_productivity_growth,total,2026-09-08,2020,province,6200,Kalimantan Tengah,percent,-1.35,Badan Pusat Statistik,webapi-var-1161-updated-2026-07-06,domain=0000;var=1161;vervar=6200;turvar=0;th=120;turth=0
bps_webapi,sdg08_productivity_growth,total,2026-09-08,2020,province,6300,Kalimantan Selatan,percent,-3.58,Badan Pusat Statistik,webapi-var-1161-updated-2026-07-06,domain=0000;var=1161;vervar=6300;turvar=0;th=120;turth=0
bps_webapi,sdg08_productivity_growth,total,2026-09-08,2020,province,6400,Kalimantan Timur,percent,-2.86,Badan Pusat Statistik,webapi-var-1161-updated-2026-07-06,domain=0000;var=1161;vervar=6400;turvar=0;th=120;turth=0
bps_webapi,sdg08_productivity_growth,total,2026-09-08,2020,province,6500,Kalimantan Utara,percent,-4.2,Badan Pusat Statistik,webapi-var-1161-updated-2026-07-06,domain=0000;var=1161;vervar=6500;turvar=0;th=120;turth=0
bps_webapi,sdg08_productivity_growth,total,2026-09-08,2020,province,7100,Sulawesi Utara,percent,0.25,Badan Pusat Statistik,webapi-var-1161-updated-2026-07-06,domain=0000;var=1161;vervar=7100;turvar=0;th=120;turth=0
bps_webapi,sdg08_productivity_growth,total,2026-09-08,2020,province,7200,Sulawesi Tengah,percent,1.38,Badan Pusat Statistik,webapi-var-1161-updated-2026-07-06,domain=0000;var=1161;vervar=7200;turvar=0;th=120;turth=0
bps_webapi,sdg08_productivity_growth,total,2026-09-08,2020,province,7300,Sulawesi Selatan,percent,0.58,Badan Pusat Statistik,webapi-var-1161-updated-2026-07-06,domain=0000;var=1161;vervar=7300;turvar=0;th=120;turth=0
bps_webapi,sdg08_productivity_growth,total,2026-09-08,2020,province,7400,Sulawesi Tenggara,percent,-2.7,Badan Pusat Statistik,webapi-var-1161-updated-2026-07-06,domain=0000;var=1161;vervar=7400;turvar=0;th=120;turth=0
bps_webapi,sdg08_productivity_growth,total,2026-09-08,2020,province,7500,Gorontalo,percent,0.74,Badan Pusat Statistik,webapi-var-1161-updated-2026-07-06,domain=0000;var=1161;vervar=7500;turvar=0;th=120;turth=0
bps_webapi,sdg08_productivity_growth,total,2026-09-08,2020,province,7600,Sulawesi Barat,percent,-4.16,Badan Pusat Statistik,webapi-var-1161-updated-2026-07-06,domain=0000;var=1161;vervar=7600;turvar=0;th=120;turth=0
bps_webapi,sdg08_productivity_growth,total,2026-09-08,2020,province,8100,Maluku,percent,-3.14,Badan Pusat Statistik,webapi-var-1161-updated-2026-07-06,domain=0000;var=1161;vervar=8100;turvar=0;th=120;turth=0
bps_webapi,sdg08_productivity_growth,total,2026-09-08,2020,province,8200,Maluku Utara,percent,5.25,Badan Pusat Statistik,webapi-var-1161-updated-2026-07-06,domain=0000;var=1161;vervar=8200;turvar=0;th=120;turth=0
bps_webapi,sdg08_productivity_growth,total,2026-09-08,2020,province,9100,Papua Barat,percent,-5.65,Badan Pusat Statistik,webapi-var-1161-updated-2026-07-06,domain=0000;var=1161;vervar=9100;turvar=0;th=120;turth=0
bps_webapi,sdg08_productivity_growth,total,2026-09-08,2020,province,9400,Papua,percent,8.47,Badan Pusat Statistik,webapi-var-1161-updated-2026-07-06,domain=0000;var=1161;vervar=9400;turvar=0;th=120;turth=0
bps_webapi,sdg08_productivity_growth,total,2026-09-08,2021,national,9999,Indonesia,percent,1.65,Badan Pusat Statistik,webapi-var-1161-updated-2026-07-06,domain=0000;var=1161;vervar=9999;turvar=0;th=121;turth=0
bps_webapi,sdg08_productivity_growth,total,2026-09-08,2021,province,1100,Aceh,percent,2.73,Badan Pusat Statistik,webapi-var-1161-updated-2026-07-06,domain=0000;var=1161;vervar=1100;turvar=0;th=121;turth=0
bps_webapi,sdg08_productivity_growth,total,2026-09-08,2021,province,1200,Sumatera Utara,percent,-0.22,Badan Pusat Statistik,webapi-var-1161-updated-2026-07-06,domain=0000;var=1161;vervar=1200;turvar=0;th=121;turth=0
bps_webapi,sdg08_productivity_growth,total,2026-09-08,2021,province,1300,Sumatera Barat,percent,3.29,Badan Pusat Statistik,webapi-var-1161-updated-2026-07-06,domain=0000;var=1161;vervar=1300;turvar=0;th=121;turth=0
bps_webapi,sdg08_productivity_growth,total,2026-09-08,2021,province,1400,Riau,percent,-0.77,Badan Pusat Statistik,webapi-var-1161-updated-2026-07-06,domain=0000;var=1161;vervar=1400;turvar=0;th=121;turth=0
bps_webapi,sdg08_productivity_growth,total,2026-09-08,2021,province,1500,Jambi,percent,3.22,Badan Pusat Statistik,webapi-var-1161-updated-2026-07-06,domain=0000;var=1161;vervar=1500;turvar=0;th=121;turth=0
bps_webapi,sdg08_productivity_growth,total,2026-09-08,2021,province,1600,Sumatera Selatan,percent,1.39,Badan Pusat Statistik,webapi-var-1161-updated-2026-07-06,domain=0000;var=1161;vervar=1600;turvar=0;th=121;turth=0
bps_webapi,sdg08_productivity_growth,total,2026-09-08,2021,province,1700,Bengkulu,percent,4.29,Badan Pusat Statistik,webapi-var-1161-updated-2026-07-06,domain=0000;var=1161;vervar=1700;turvar=0;th=121;turth=0
bps_webapi,sdg08_productivity_growth,total,2026-09-08,2021,province,1800,Lampung,percent,2.66,Badan Pusat Statistik,webapi-var-1161-updated-2026-07-06,domain=0000;var=1161;vervar=1800;turvar=0;th=121;turth=0
bps_webapi,sdg08_productivity_growth,total,2026-09-08,2021,province,1900,Kep. Bangka Belitung,percent,4.82,Badan Pusat Statistik,webapi-var-1161-updated-2026-07-06,domain=0000;var=1161;vervar=1900;turvar=0;th=121;turth=0
bps_webapi,sdg08_productivity_growth,total,2026-09-08,2021,province,2100,Kep. Riau,percent,-3.31,Badan Pusat Statistik,webapi-var-1161-updated-2026-07-06,domain=0000;var=1161;vervar=2100;turvar=0;th=121;turth=0
bps_webapi,sdg08_productivity_growth,total,2026-09-08,2021,province,3100,Dki Jakarta,percent,1.85,Badan Pusat Statistik,webapi-var-1161-updated-2026-07-06,domain=0000;var=1161;vervar=3100;turvar=0;th=121;turth=0
bps_webapi,sdg08_productivity_growth,total,2026-09-08,2021,province,3200,Jawa Barat,percent,0.77,Badan Pusat Statistik,webapi-var-1161-updated-2026-07-06,domain=0000;var=1161;vervar=3200;turvar=0;th=121;turth=0
bps_webapi,sdg08_productivity_growth,total,2026-09-08,2021,province,3300,Jawa Tengah,percent,1.6,Badan Pusat Statistik,webapi-var-1161-updated-2026-07-06,domain=0000;var=1161;vervar=3300;turvar=0;th=121;turth=0
bps_webapi,sdg08_productivity_growth,total,2026-09-08,2021,province,3400,Di Yogyakarta,percent,0.74,Badan Pusat Statistik,webapi-var-1161-updated-2026-07-06,domain=0000;var=1161;vervar=3400;turvar=0;th=121;turth=0
bps_webapi,sdg08_productivity_growth,total,2026-09-08,2021,province,3500,Jawa Timur,percent,3.19,Badan Pusat Statistik,webapi-var-1161-updated-2026-07-06,domain=0000;var=1161;vervar=3500;turvar=0;th=121;turth=0
bps_webapi,sdg08_productivity_growth,total,2026-09-08,2021,province,3600,Banten,percent,1.81,Badan Pusat Statistik,webapi-var-1161-updated-2026-07-06,domain=0000;var=1161;vervar=3600;turvar=0;th=121;turth=0
bps_webapi,sdg08_productivity_growth,total,2026-09-08,2021,province,5100,Bali,percent,-3.2,Badan Pusat Statistik,webapi-var-1161-updated-2026-07-06,domain=0000;var=1161;vervar=5100;turvar=0;th=121;turth=0
bps_webapi,sdg08_productivity_growth,total,2026-09-08,2021,province,5200,Nusa Tenggara Barat,percent,-0.83,Badan Pusat Statistik,webapi-var-1161-updated-2026-07-06,domain=0000;var=1161;vervar=5200;turvar=0;th=121;turth=0
bps_webapi,sdg08_productivity_growth,total,2026-09-08,2021,province,5300,Nusa Tenggara Timur,percent,-0.5,Badan Pusat Statistik,webapi-var-1161-updated-2026-07-06,domain=0000;var=1161;vervar=5300;turvar=0;th=121;turth=0
bps_webapi,sdg08_productivity_growth,total,2026-09-08,2021,province,6100,Kalimantan Barat,percent,3.78,Badan Pusat Statistik,webapi-var-1161-updated-2026-07-06,domain=0000;var=1161;vervar=6100;turvar=0;th=121;turth=0
bps_webapi,sdg08_productivity_growth,total,2026-09-08,2021,province,6200,Kalimantan Tengah,percent,1.41,Badan Pusat Statistik,webapi-var-1161-updated-2026-07-06,domain=0000;var=1161;vervar=6200;turvar=0;th=121;turth=0
bps_webapi,sdg08_productivity_growth,total,2026-09-08,2021,province,6300,Kalimantan Selatan,percent,2.2,Badan Pusat Statistik,webapi-var-1161-updated-2026-07-06,domain=0000;var=1161;vervar=6300;turvar=0;th=121;turth=0
bps_webapi,sdg08_productivity_growth,total,2026-09-08,2021,province,6400,Kalimantan Timur,percent,0.91,Badan Pusat Statistik,webapi-var-1161-updated-2026-07-06,domain=0000;var=1161;vervar=6400;turvar=0;th=121;turth=0
bps_webapi,sdg08_productivity_growth,total,2026-09-08,2021,province,6500,Kalimantan Utara,percent,1.61,Badan Pusat Statistik,webapi-var-1161-updated-2026-07-06,domain=0000;var=1161;vervar=6500;turvar=0;th=121;turth=0
bps_webapi,sdg08_productivity_growth,total,2026-09-08,2021,province,7100,Sulawesi Utara,percent,4.9,Badan Pusat Statistik,webapi-var-1161-updated-2026-07-06,domain=0000;var=1161;vervar=7100;turvar=0;th=121;turth=0
bps_webapi,sdg08_productivity_growth,total,2026-09-08,2021,province,7200,Sulawesi Tengah,percent,11.09,Badan Pusat Statistik,webapi-var-1161-updated-2026-07-06,domain=0000;var=1161;vervar=7200;turvar=0;th=121;turth=0
bps_webapi,sdg08_productivity_growth,total,2026-09-08,2021,province,7300,Sulawesi Selatan,percent,0.78,Badan Pusat Statistik,webapi-var-1161-updated-2026-07-06,domain=0000;var=1161;vervar=7300;turvar=0;th=121;turth=0
bps_webapi,sdg08_productivity_growth,total,2026-09-08,2021,province,7400,Sulawesi Tenggara,percent,1.13,Badan Pusat Statistik,webapi-var-1161-updated-2026-07-06,domain=0000;var=1161;vervar=7400;turvar=0;th=121;turth=0
bps_webapi,sdg08_productivity_growth,total,2026-09-08,2021,province,7500,Gorontalo,percent,0.56,Badan Pusat Statistik,webapi-var-1161-updated-2026-07-06,domain=0000;var=1161;vervar=7500;turvar=0;th=121;turth=0
bps_webapi,sdg08_productivity_growth,total,2026-09-08,2021,province,7600,Sulawesi Barat,percent,0.54,Badan Pusat Statistik,webapi-var-1161-updated-2026-07-06,domain=0000;var=1161;vervar=7600;turvar=0;th=121;turth=0
bps_webapi,sdg08_productivity_growth,total,2026-09-08,2021,province,8100,Maluku,percent,-0.18,Badan Pusat Statistik,webapi-var-1161-updated-2026-07-06,domain=0000;var=1161;vervar=8100;turvar=0;th=121;turth=0
bps_webapi,sdg08_productivity_growth,total,2026-09-08,2021,province,8200,Maluku Utara,percent,13.47,Badan Pusat Statistik,webapi-var-1161-updated-2026-07-06,domain=0000;var=1161;vervar=8200;turvar=0;th=121;turth=0
bps_webapi,sdg08_productivity_growth,total,2026-09-08,2021,province,9100,Papua Barat,percent,-5.52,Badan Pusat Statistik,webapi-var-1161-updated-2026-07-06,domain=0000;var=1161;vervar=9100;turvar=0;th=121;turth=0
bps_webapi,sdg08_productivity_growth,total,2026-09-08,2021,province,9400,Papua,percent,3.2,Badan Pusat Statistik,webapi-var-1161-updated-2026-07-06,domain=0000;var=1161;vervar=9400;turvar=0;th=121;turth=0
bps_webapi,sdg08_productivity_growth,total,2026-09-08,2022,national,9999,Indonesia,percent,2,Badan Pusat Statistik,webapi-var-1161-updated-2026-07-06,domain=0000;var=1161;vervar=9999;turvar=0;th=122;turth=0
bps_webapi,sdg08_productivity_growth,total,2026-09-08,2022,province,1100,Aceh,percent,2.75,Badan Pusat Statistik,webapi-var-1161-updated-2026-07-06,domain=0000;var=1161;vervar=1100;turvar=0;th=122;turth=0
bps_webapi,sdg08_productivity_growth,total,2026-09-08,2022,province,1200,Sumatera Utara,percent,2.37,Badan Pusat Statistik,webapi-var-1161-updated-2026-07-06,domain=0000;var=1161;vervar=1200;turvar=0;th=122;turth=0
bps_webapi,sdg08_productivity_growth,total,2026-09-08,2022,province,1300,Sumatera Barat,percent,0.22,Badan Pusat Statistik,webapi-var-1161-updated-2026-07-06,domain=0000;var=1161;vervar=1300;turvar=0;th=122;turth=0
bps_webapi,sdg08_productivity_growth,total,2026-09-08,2022,province,1400,Riau,percent,3.89,Badan Pusat Statistik,webapi-var-1161-updated-2026-07-06,domain=0000;var=1161;vervar=1400;turvar=0;th=122;turth=0
bps_webapi,sdg08_productivity_growth,total,2026-09-08,2022,province,1500,Jambi,percent,2.14,Badan Pusat Statistik,webapi-var-1161-updated-2026-07-06,domain=0000;var=1161;vervar=1500;turvar=0;th=122;turth=0
bps_webapi,sdg08_productivity_growth,total,2026-09-08,2022,province,1600,Sumatera Selatan,percent,2.54,Badan Pusat Statistik,webapi-var-1161-updated-2026-07-06,domain=0000;var=1161;vervar=1600;turvar=0;th=122;turth=0
bps_webapi,sdg08_productivity_growth,total,2026-09-08,2022,province,1700,Bengkulu,percent,2.73,Badan Pusat Statistik,webapi-var-1161-updated-2026-07-06,domain=0000;var=1161;vervar=1700;turvar=0;th=122;turth=0
bps_webapi,sdg08_productivity_growth,total,2026-09-08,2022,province,1800,Lampung,percent,1.82,Badan Pusat Statistik,webapi-var-1161-updated-2026-07-06,domain=0000;var=1161;vervar=1800;turvar=0;th=122;turth=0
bps_webapi,sdg08_productivity_growth,total,2026-09-08,2022,province,1900,Kep. Bangka Belitung,percent,0.18,Badan Pusat Statistik,webapi-var-1161-updated-2026-07-06,domain=0000;var=1161;vervar=1900;turvar=0;th=122;turth=0
bps_webapi,sdg08_productivity_growth,total,2026-09-08,2022,province,2100,Kep. Riau,percent,-1.17,Badan Pusat Statistik,webapi-var-1161-updated-2026-07-06,domain=0000;var=1161;vervar=2100;turvar=0;th=122;turth=0
bps_webapi,sdg08_productivity_growth,total,2026-09-08,2022,province,3100,Dki Jakarta,percent,2.28,Badan Pusat Statistik,webapi-var-1161-updated-2026-07-06,domain=0000;var=1161;vervar=3100;turvar=0;th=122;turth=0
bps_webapi,sdg08_productivity_growth,total,2026-09-08,2022,province,3200,Jawa Barat,percent,0.33,Badan Pusat Statistik,webapi-var-1161-updated-2026-07-06,domain=0000;var=1161;vervar=3200;turvar=0;th=122;turth=0
bps_webapi,sdg08_productivity_growth,total,2026-09-08,2022,province,3300,Jawa Tengah,percent,2.13,Badan Pusat Statistik,webapi-var-1161-updated-2026-07-06,domain=0000;var=1161;vervar=3300;turvar=0;th=122;turth=0
bps_webapi,sdg08_productivity_growth,total,2026-09-08,2022,province,3400,Di Yogyakarta,percent,4.56,Badan Pusat Statistik,webapi-var-1161-updated-2026-07-06,domain=0000;var=1161;vervar=3400;turvar=0;th=122;turth=0
bps_webapi,sdg08_productivity_growth,total,2026-09-08,2022,province,3500,Jawa Timur,percent,2.54,Badan Pusat Statistik,webapi-var-1161-updated-2026-07-06,domain=0000;var=1161;vervar=3500;turvar=0;th=122;turth=0
bps_webapi,sdg08_productivity_growth,total,2026-09-08,2022,province,3600,Banten,percent,0.74,Badan Pusat Statistik,webapi-var-1161-updated-2026-07-06,domain=0000;var=1161;vervar=3600;turvar=0;th=122;turth=0
bps_webapi,sdg08_productivity_growth,total,2026-09-08,2022,province,5100,Bali,percent,-1.81,Badan Pusat Statistik,webapi-var-1161-updated-2026-07-06,domain=0000;var=1161;vervar=5100;turvar=0;th=122;turth=0
bps_webapi,sdg08_productivity_growth,total,2026-09-08,2022,province,5200,Nusa Tenggara Barat,percent,4.55,Badan Pusat Statistik,webapi-var-1161-updated-2026-07-06,domain=0000;var=1161;vervar=5200;turvar=0;th=122;turth=0
bps_webapi,sdg08_productivity_growth,total,2026-09-08,2022,province,5300,Nusa Tenggara Timur,percent,-0.69,Badan Pusat Statistik,webapi-var-1161-updated-2026-07-06,domain=0000;var=1161;vervar=5300;turvar=0;th=122;turth=0
bps_webapi,sdg08_productivity_growth,total,2026-09-08,2022,province,6100,Kalimantan Barat,percent,1.98,Badan Pusat Statistik,webapi-var-1161-updated-2026-07-06,domain=0000;var=1161;vervar=6100;turvar=0;th=122;turth=0
bps_webapi,sdg08_productivity_growth,total,2026-09-08,2022,province,6200,Kalimantan Tengah,percent,6.61,Badan Pusat Statistik,webapi-var-1161-updated-2026-07-06,domain=0000;var=1161;vervar=6200;turvar=0;th=122;turth=0
bps_webapi,sdg08_productivity_growth,total,2026-09-08,2022,province,6300,Kalimantan Selatan,percent,5.97,Badan Pusat Statistik,webapi-var-1161-updated-2026-07-06,domain=0000;var=1161;vervar=6300;turvar=0;th=122;turth=0
bps_webapi,sdg08_productivity_growth,total,2026-09-08,2022,province,6400,Kalimantan Timur,percent,2.89,Badan Pusat Statistik,webapi-var-1161-updated-2026-07-06,domain=0000;var=1161;vervar=6400;turvar=0;th=122;turth=0
bps_webapi,sdg08_productivity_growth,total,2026-09-08,2022,province,6500,Kalimantan Utara,percent,0.61,Badan Pusat Statistik,webapi-var-1161-updated-2026-07-06,domain=0000;var=1161;vervar=6500;turvar=0;th=122;turth=0
bps_webapi,sdg08_productivity_growth,total,2026-09-08,2022,province,7100,Sulawesi Utara,percent,2.41,Badan Pusat Statistik,webapi-var-1161-updated-2026-07-06,domain=0000;var=1161;vervar=7100;turvar=0;th=122;turth=0
bps_webapi,sdg08_productivity_growth,total,2026-09-08,2022,province,7200,Sulawesi Tengah,percent,10.75,Badan Pusat Statistik,webapi-var-1161-updated-2026-07-06,domain=0000;var=1161;vervar=7200;turvar=0;th=122;turth=0
bps_webapi,sdg08_productivity_growth,total,2026-09-08,2022,province,7300,Sulawesi Selatan,percent,0.44,Badan Pusat Statistik,webapi-var-1161-updated-2026-07-06,domain=0000;var=1161;vervar=7300;turvar=0;th=122;turth=0
bps_webapi,sdg08_productivity_growth,total,2026-09-08,2022,province,7400,Sulawesi Tenggara,percent,4.83,Badan Pusat Statistik,webapi-var-1161-updated-2026-07-06,domain=0000;var=1161;vervar=7400;turvar=0;th=122;turth=0
bps_webapi,sdg08_productivity_growth,total,2026-09-08,2022,province,7500,Gorontalo,percent,-1.93,Badan Pusat Statistik,webapi-var-1161-updated-2026-07-06,domain=0000;var=1161;vervar=7500;turvar=0;th=122;turth=0
bps_webapi,sdg08_productivity_growth,total,2026-09-08,2022,province,7600,Sulawesi Barat,percent,-4.07,Badan Pusat Statistik,webapi-var-1161-updated-2026-07-06,domain=0000;var=1161;vervar=7600;turvar=0;th=122;turth=0
bps_webapi,sdg08_productivity_growth,total,2026-09-08,2022,province,8100,Maluku,percent,4.26,Badan Pusat Statistik,webapi-var-1161-updated-2026-07-06,domain=0000;var=1161;vervar=8100;turvar=0;th=122;turth=0
bps_webapi,sdg08_productivity_growth,total,2026-09-08,2022,province,8200,Maluku Utara,percent,19.52,Badan Pusat Statistik,webapi-var-1161-updated-2026-07-06,domain=0000;var=1161;vervar=8200;turvar=0;th=122;turth=0
bps_webapi,sdg08_productivity_growth,total,2026-09-08,2022,province,9100,Papua Barat,percent,1.18,Badan Pusat Statistik,webapi-var-1161-updated-2026-07-06,domain=0000;var=1161;vervar=9100;turvar=0;th=122;turth=0
bps_webapi,sdg08_productivity_growth,total,2026-09-08,2022,province,9400,Papua,percent,6.32,Badan Pusat Statistik,webapi-var-1161-updated-2026-07-06,domain=0000;var=1161;vervar=9400;turvar=0;th=122;turth=0
bps_webapi,sdg08_productivity_growth,total,2026-09-08,2023,national,9999,Indonesia,percent,1.63,Badan Pusat Statistik,webapi-var-1161-updated-2026-07-06,domain=0000;var=1161;vervar=9999;turvar=0;th=123;turth=0
bps_webapi,sdg08_productivity_growth,total,2026-09-08,2023,province,1100,Aceh,percent,2,Badan Pusat Statistik,webapi-var-1161-updated-2026-07-06,domain=0000;var=1161;vervar=1100;turvar=0;th=123;turth=0
bps_webapi,sdg08_productivity_growth,total,2026-09-08,2023,province,1200,Sumatera Utara,percent,0.11,Badan Pusat Statistik,webapi-var-1161-updated-2026-07-06,domain=0000;var=1161;vervar=1200;turvar=0;th=123;turth=0
bps_webapi,sdg08_productivity_growth,total,2026-09-08,2023,province,1300,Sumatera Barat,percent,-1.14,Badan Pusat Statistik,webapi-var-1161-updated-2026-07-06,domain=0000;var=1161;vervar=1300;turvar=0;th=123;turth=0
bps_webapi,sdg08_productivity_growth,total,2026-09-08,2023,province,1400,Riau,percent,9.99,Badan Pusat Statistik,webapi-var-1161-updated-2026-07-06,domain=0000;var=1161;vervar=1400;turvar=0;th=123;turth=0
bps_webapi,sdg08_productivity_growth,total,2026-09-08,2023,province,1500,Jambi,percent,4.4,Badan Pusat Statistik,webapi-var-1161-updated-2026-07-06,domain=0000;var=1161;vervar=1500;turvar=0;th=123;turth=0
bps_webapi,sdg08_productivity_growth,total,2026-09-08,2023,province,1600,Sumatera Selatan,percent,2.46,Badan Pusat Statistik,webapi-var-1161-updated-2026-07-06,domain=0000;var=1161;vervar=1600;turvar=0;th=123;turth=0
bps_webapi,sdg08_productivity_growth,total,2026-09-08,2023,province,1700,Bengkulu,percent,1.15,Badan Pusat Statistik,webapi-var-1161-updated-2026-07-06,domain=0000;var=1161;vervar=1700;turvar=0;th=123;turth=0
bps_webapi,sdg08_productivity_growth,total,2026-09-08,2023,province,1800,Lampung,percent,-2.35,Badan Pusat Statistik,webapi-var-1161-updated-2026-07-06,domain=0000;var=1161;vervar=1800;turvar=0;th=123;turth=0
bps_webapi,sdg08_productivity_growth,total,2026-09-08,2023,province,1900,Kep. Bangka Belitung,percent,1.76,Badan Pusat Statistik,webapi-var-1161-updated-2026-07-06,domain=0000;var=1161;vervar=1900;turvar=0;th=123;turth=0
bps_webapi,sdg08_productivity_growth,total,2026-09-08,2023,province,2100,Kep. Riau,percent,19.25,Badan Pusat Statistik,webapi-var-1161-updated-2026-07-06,domain=0000;var=1161;vervar=2100;turvar=0;th=123;turth=0
bps_webapi,sdg08_productivity_growth,total,2026-09-08,2023,province,3100,Dki Jakarta,percent,0.88,Badan Pusat Statistik,webapi-var-1161-updated-2026-07-06,domain=0000;var=1161;vervar=3100;turvar=0;th=123;turth=0
bps_webapi,sdg08_productivity_growth,total,2026-09-08,2023,province,3200,Jawa Barat,percent,4.77,Badan Pusat Statistik,webapi-var-1161-updated-2026-07-06,domain=0000;var=1161;vervar=3200;turvar=0;th=123;turth=0
bps_webapi,sdg08_productivity_growth,total,2026-09-08,2023,province,3300,Jawa Tengah,percent,-3.43,Badan Pusat Statistik,webapi-var-1161-updated-2026-07-06,domain=0000;var=1161;vervar=3300;turvar=0;th=123;turth=0
bps_webapi,sdg08_productivity_growth,total,2026-09-08,2023,province,3400,Di Yogyakarta,percent,10.05,Badan Pusat Statistik,webapi-var-1161-updated-2026-07-06,domain=0000;var=1161;vervar=3400;turvar=0;th=123;turth=0
bps_webapi,sdg08_productivity_growth,total,2026-09-08,2023,province,3500,Jawa Timur,percent,-0.09,Badan Pusat Statistik,webapi-var-1161-updated-2026-07-06,domain=0000;var=1161;vervar=3500;turvar=0;th=123;turth=0
bps_webapi,sdg08_productivity_growth,total,2026-09-08,2023,province,3600,Banten,percent,12.87,Badan Pusat Statistik,webapi-var-1161-updated-2026-07-06,domain=0000;var=1161;vervar=3600;turvar=0;th=123;turth=0
bps_webapi,sdg08_productivity_growth,total,2026-09-08,2023,province,5100,Bali,percent,5.29,Badan Pusat Statistik,webapi-var-1161-updated-2026-07-06,domain=0000;var=1161;vervar=5100;turvar=0;th=123;turth=0
bps_webapi,sdg08_productivity_growth,total,2026-09-08,2023,province,5200,Nusa Tenggara Barat,percent,-4.35,Badan Pusat Statistik,webapi-var-1161-updated-2026-07-06,domain=0000;var=1161;vervar=5200;turvar=0;th=123;turth=0
bps_webapi,sdg08_productivity_growth,total,2026-09-08,2023,province,5300,Nusa Tenggara Timur,percent,4.14,Badan Pusat Statistik,webapi-var-1161-updated-2026-07-06,domain=0000;var=1161;vervar=5300;turvar=0;th=123;turth=0
bps_webapi,sdg08_productivity_growth,total,2026-09-08,2023,province,6100,Kalimantan Barat,percent,-3.74,Badan Pusat Statistik,webapi-var-1161-updated-2026-07-06,domain=0000;var=1161;vervar=6100;turvar=0;th=123;turth=0
bps_webapi,sdg08_productivity_growth,total,2026-09-08,2023,province,6200,Kalimantan Tengah,percent,3.72,Badan Pusat Statistik,webapi-var-1161-updated-2026-07-06,domain=0000;var=1161;vervar=6200;turvar=0;th=123;turth=0
bps_webapi,sdg08_productivity_growth,total,2026-09-08,2023,province,6300,Kalimantan Selatan,percent,5.47,Badan Pusat Statistik,webapi-var-1161-updated-2026-07-06,domain=0000;var=1161;vervar=6300;turvar=0;th=123;turth=0
bps_webapi,sdg08_productivity_growth,total,2026-09-08,2023,province,6400,Kalimantan Timur,percent,0.45,Badan Pusat Statistik,webapi-var-1161-updated-2026-07-06,domain=0000;var=1161;vervar=6400;turvar=0;th=123;turth=0
bps_webapi,sdg08_productivity_growth,total,2026-09-08,2023,province,6500,Kalimantan Utara,percent,-0.19,Badan Pusat Statistik,webapi-var-1161-updated-2026-07-06,domain=0000;var=1161;vervar=6500;turvar=0;th=123;turth=0
bps_webapi,sdg08_productivity_growth,total,2026-09-08,2023,province,7100,Sulawesi Utara,percent,-2.19,Badan Pusat Statistik,webapi-var-1161-updated-2026-07-06,domain=0000;var=1161;vervar=7100;turvar=0;th=123;turth=0
bps_webapi,sdg08_productivity_growth,total,2026-09-08,2023,province,7200,Sulawesi Tengah,percent,14.74,Badan Pusat Statistik,webapi-var-1161-updated-2026-07-06,domain=0000;var=1161;vervar=7200;turvar=0;th=123;turth=0
bps_webapi,sdg08_productivity_growth,total,2026-09-08,2023,province,7300,Sulawesi Selatan,percent,1.32,Badan Pusat Statistik,webapi-var-1161-updated-2026-07-06,domain=0000;var=1161;vervar=7300;turvar=0;th=123;turth=0
bps_webapi,sdg08_productivity_growth,total,2026-09-08,2023,province,7400,Sulawesi Tenggara,percent,4.13,Badan Pusat Statistik,webapi-var-1161-updated-2026-07-06,domain=0000;var=1161;vervar=7400;turvar=0;th=123;turth=0
bps_webapi,sdg08_productivity_growth,total,2026-09-08,2023,province,7500,Gorontalo,percent,1.64,Badan Pusat Statistik,webapi-var-1161-updated-2026-07-06,domain=0000;var=1161;vervar=7500;turvar=0;th=123;turth=0
bps_webapi,sdg08_productivity_growth,total,2026-09-08,2023,province,7600,Sulawesi Barat,percent,3.66,Badan Pusat Statistik,webapi-var-1161-updated-2026-07-06,domain=0000;var=1161;vervar=7600;turvar=0;th=123;turth=0
bps_webapi,sdg08_productivity_growth,total,2026-09-08,2023,province,8100,Maluku,percent,-0.27,Badan Pusat Statistik,webapi-var-1161-updated-2026-07-06,domain=0000;var=1161;vervar=8100;turvar=0;th=123;turth=0
bps_webapi,sdg08_productivity_growth,total,2026-09-08,2023,province,8200,Maluku Utara,percent,12.04,Badan Pusat Statistik,webapi-var-1161-updated-2026-07-06,domain=0000;var=1161;vervar=8200;turvar=0;th=123;turth=0
bps_webapi,sdg08_productivity_growth,total,2026-09-08,2023,province,9100,Papua Barat,percent,-9.66,Badan Pusat Statistik,webapi-var-1161-updated-2026-07-06,domain=0000;var=1161;vervar=9100;turvar=0;th=123;turth=0
bps_webapi,sdg08_productivity_growth,total,2026-09-08,2023,province,9400,Papua,percent,-16.88,Badan Pusat Statistik,webapi-var-1161-updated-2026-07-06,domain=0000;var=1161;vervar=9400;turvar=0;th=123;turth=0
bps_webapi,sdg08_productivity_growth,total,2026-09-08,2024,national,9999,Indonesia,percent,1.55,Badan Pusat Statistik,webapi-var-1161-updated-2026-07-06,domain=0000;var=1161;vervar=9999;turvar=0;th=124;turth=0
bps_webapi,sdg08_productivity_growth,total,2026-09-08,2024,province,1100,Aceh,percent,2.12,Badan Pusat Statistik,webapi-var-1161-updated-2026-07-06,domain=0000;var=1161;vervar=1100;turvar=0;th=124;turth=0
bps_webapi,sdg08_productivity_growth,total,2026-09-08,2024,province,1200,Sumatera Utara,percent,2.67,Badan Pusat Statistik,webapi-var-1161-updated-2026-07-06,domain=0000;var=1161;vervar=1200;turvar=0;th=124;turth=0
bps_webapi,sdg08_productivity_growth,total,2026-09-08,2024,province,1300,Sumatera Barat,percent,1.52,Badan Pusat Statistik,webapi-var-1161-updated-2026-07-06,domain=0000;var=1161;vervar=1300;turvar=0;th=124;turth=0
bps_webapi,sdg08_productivity_growth,total,2026-09-08,2024,province,1400,Riau,percent,-1.63,Badan Pusat Statistik,webapi-var-1161-updated-2026-07-06,domain=0000;var=1161;vervar=1400;turvar=0;th=124;turth=0
bps_webapi,sdg08_productivity_growth,total,2026-09-08,2024,province,1500,Jambi,percent,2.73,Badan Pusat Statistik,webapi-var-1161-updated-2026-07-06,domain=0000;var=1161;vervar=1500;turvar=0;th=124;turth=0
bps_webapi,sdg08_productivity_growth,total,2026-09-08,2024,province,1600,Sumatera Selatan,percent,3.14,Badan Pusat Statistik,webapi-var-1161-updated-2026-07-06,domain=0000;var=1161;vervar=1600;turvar=0;th=124;turth=0
bps_webapi,sdg08_productivity_growth,total,2026-09-08,2024,province,1700,Bengkulu,percent,1.61,Badan Pusat Statistik,webapi-var-1161-updated-2026-07-06,domain=0000;var=1161;vervar=1700;turvar=0;th=124;turth=0
bps_webapi,sdg08_productivity_growth,total,2026-09-08,2024,province,1800,Lampung,percent,2.61,Badan Pusat Statistik,webapi-var-1161-updated-2026-07-06,domain=0000;var=1161;vervar=1800;turvar=0;th=124;turth=0
bps_webapi,sdg08_productivity_growth,total,2026-09-08,2024,province,1900,Kep. Bangka Belitung,percent,-1.37,Badan Pusat Statistik,webapi-var-1161-updated-2026-07-06,domain=0000;var=1161;vervar=1900;turvar=0;th=124;turth=0
bps_webapi,sdg08_productivity_growth,total,2026-09-08,2024,province,2100,Kep. Riau,percent,2.04,Badan Pusat Statistik,webapi-var-1161-updated-2026-07-06,domain=0000;var=1161;vervar=2100;turvar=0;th=124;turth=0
bps_webapi,sdg08_productivity_growth,total,2026-09-08,2024,province,3100,Dki Jakarta,percent,4.19,Badan Pusat Statistik,webapi-var-1161-updated-2026-07-06,domain=0000;var=1161;vervar=3100;turvar=0;th=124;turth=0
bps_webapi,sdg08_productivity_growth,total,2026-09-08,2024,province,3200,Jawa Barat,percent,1.03,Badan Pusat Statistik,webapi-var-1161-updated-2026-07-06,domain=0000;var=1161;vervar=3200;turvar=0;th=124;turth=0
bps_webapi,sdg08_productivity_growth,total,2026-09-08,2024,province,3300,Jawa Tengah,percent,0.56,Badan Pusat Statistik,webapi-var-1161-updated-2026-07-06,domain=0000;var=1161;vervar=3300;turvar=0;th=124;turth=0
bps_webapi,sdg08_productivity_growth,total,2026-09-08,2024,province,3400,Di Yogyakarta,percent,2.96,Badan Pusat Statistik,webapi-var-1161-updated-2026-07-06,domain=0000;var=1161;vervar=3400;turvar=0;th=124;turth=0
bps_webapi,sdg08_productivity_growth,total,2026-09-08,2024,province,3500,Jawa Timur,percent,1.98,Badan Pusat Statistik,webapi-var-1161-updated-2026-07-06,domain=0000;var=1161;vervar=3500;turvar=0;th=124;turth=0
bps_webapi,sdg08_productivity_growth,total,2026-09-08,2024,province,3600,Banten,percent,-0.29,Badan Pusat Statistik,webapi-var-1161-updated-2026-07-06,domain=0000;var=1161;vervar=3600;turvar=0;th=124;turth=0
bps_webapi,sdg08_productivity_growth,total,2026-09-08,2024,province,5100,Bali,percent,3.59,Badan Pusat Statistik,webapi-var-1161-updated-2026-07-06,domain=0000;var=1161;vervar=5100;turvar=0;th=124;turth=0
bps_webapi,sdg08_productivity_growth,total,2026-09-08,2024,province,5200,Nusa Tenggara Barat,percent,-1.91,Badan Pusat Statistik,webapi-var-1161-updated-2026-07-06,domain=0000;var=1161;vervar=5200;turvar=0;th=124;turth=0
bps_webapi,sdg08_productivity_growth,total,2026-09-08,2024,province,5300,Nusa Tenggara Timur,percent,-0.51,Badan Pusat Statistik,webapi-var-1161-updated-2026-07-06,domain=0000;var=1161;vervar=5300;turvar=0;th=124;turth=0
bps_webapi,sdg08_productivity_growth,total,2026-09-08,2024,province,6100,Kalimantan Barat,percent,1.67,Badan Pusat Statistik,webapi-var-1161-updated-2026-07-06,domain=0000;var=1161;vervar=6100;turvar=0;th=124;turth=0
bps_webapi,sdg08_productivity_growth,total,2026-09-08,2024,province,6200,Kalimantan Tengah,percent,0.56,Badan Pusat Statistik,webapi-var-1161-updated-2026-07-06,domain=0000;var=1161;vervar=6200;turvar=0;th=124;turth=0
bps_webapi,sdg08_productivity_growth,total,2026-09-08,2024,province,6300,Kalimantan Selatan,percent,2.61,Badan Pusat Statistik,webapi-var-1161-updated-2026-07-06,domain=0000;var=1161;vervar=6300;turvar=0;th=124;turth=0
bps_webapi,sdg08_productivity_growth,total,2026-09-08,2024,province,6400,Kalimantan Timur,percent,-0.76,Badan Pusat Statistik,webapi-var-1161-updated-2026-07-06,domain=0000;var=1161;vervar=6400;turvar=0;th=124;turth=0
bps_webapi,sdg08_productivity_growth,total,2026-09-08,2024,province,6500,Kalimantan Utara,percent,3.04,Badan Pusat Statistik,webapi-var-1161-updated-2026-07-06,domain=0000;var=1161;vervar=6500;turvar=0;th=124;turth=0
bps_webapi,sdg08_productivity_growth,total,2026-09-08,2024,province,7100,Sulawesi Utara,percent,0.96,Badan Pusat Statistik,webapi-var-1161-updated-2026-07-06,domain=0000;var=1161;vervar=7100;turvar=0;th=124;turth=0
bps_webapi,sdg08_productivity_growth,total,2026-09-08,2024,province,7200,Sulawesi Tengah,percent,6.35,Badan Pusat Statistik,webapi-var-1161-updated-2026-07-06,domain=0000;var=1161;vervar=7200;turvar=0;th=124;turth=0
bps_webapi,sdg08_productivity_growth,total,2026-09-08,2024,province,7300,Sulawesi Selatan,percent,0.76,Badan Pusat Statistik,webapi-var-1161-updated-2026-07-06,domain=0000;var=1161;vervar=7300;turvar=0;th=124;turth=0
bps_webapi,sdg08_productivity_growth,total,2026-09-08,2024,province,7400,Sulawesi Tenggara,percent,-0.44,Badan Pusat Statistik,webapi-var-1161-updated-2026-07-06,domain=0000;var=1161;vervar=7400;turvar=0;th=124;turth=0
bps_webapi,sdg08_productivity_growth,total,2026-09-08,2024,province,7500,Gorontalo,percent,4.02,Badan Pusat Statistik,webapi-var-1161-updated-2026-07-06,domain=0000;var=1161;vervar=7500;turvar=0;th=124;turth=0
bps_webapi,sdg08_productivity_growth,total,2026-09-08,2024,province,7600,Sulawesi Barat,percent,2.75,Badan Pusat Statistik,webapi-var-1161-updated-2026-07-06,domain=0000;var=1161;vervar=7600;turvar=0;th=124;turth=0
bps_webapi,sdg08_productivity_growth,total,2026-09-08,2024,province,8100,Maluku,percent,-0.98,Badan Pusat Statistik,webapi-var-1161-updated-2026-07-06,domain=0000;var=1161;vervar=8100;turvar=0;th=124;turth=0
bps_webapi,sdg08_productivity_growth,total,2026-09-08,2024,province,8200,Maluku Utara,percent,9.31,Badan Pusat Statistik,webapi-var-1161-updated-2026-07-06,domain=0000;var=1161;vervar=8200;turvar=0;th=124;turth=0
bps_webapi,sdg08_productivity_growth,total,2026-09-08,2024,province,9100,Papua Barat,percent,9.22,Badan Pusat Statistik,webapi-var-1161-updated-2026-07-06,domain=0000;var=1161;vervar=9100;turvar=0;th=124;turth=0
bps_webapi,sdg08_productivity_growth,total,2026-09-08,2024,province,9400,Papua,percent,3.4,Badan Pusat Statistik,webapi-var-1161-updated-2026-07-06,domain=0000;var=1161;vervar=9400;turvar=0;th=124;turth=0
bps_webapi,sdg08_productivity_growth,total,2026-09-08,2025,national,9999,Indonesia,percent,3.75,Badan Pusat Statistik,webapi-var-1161-updated-2026-07-06,domain=0000;var=1161;vervar=9999;turvar=0;th=125;turth=0
bps_webapi,sdg08_productivity_growth,total,2026-09-08,2025,province,1100,Aceh,percent,0.84,Badan Pusat Statistik,webapi-var-1161-updated-2026-07-06,domain=0000;var=1161;vervar=1100;turvar=0;th=125;turth=0
bps_webapi,sdg08_productivity_growth,total,2026-09-08,2025,province,1200,Sumatera Utara,percent,1.22,Badan Pusat Statistik,webapi-var-1161-updated-2026-07-06,domain=0000;var=1161;vervar=1200;turvar=0;th=125;turth=0
bps_webapi,sdg08_productivity_growth,total,2026-09-08,2025,province,1300,Sumatera Barat,percent,0.16,Badan Pusat Statistik,webapi-var-1161-updated-2026-07-06,domain=0000;var=1161;vervar=1300;turvar=0;th=125;turth=0
bps_webapi,sdg08_productivity_growth,total,2026-09-08,2025,province,1400,Riau,percent,3.11,Badan Pusat Statistik,webapi-var-1161-updated-2026-07-06,domain=0000;var=1161;vervar=1400;turvar=0;th=125;turth=0
bps_webapi,sdg08_productivity_growth,total,2026-09-08,2025,province,1500,Jambi,percent,3.87,Badan Pusat Statistik,webapi-var-1161-updated-2026-07-06,domain=0000;var=1161;vervar=1500;turvar=0;th=125;turth=0
bps_webapi,sdg08_productivity_growth,total,2026-09-08,2025,province,1600,Sumatera Selatan,percent,5.05,Badan Pusat Statistik,webapi-var-1161-updated-2026-07-06,domain=0000;var=1161;vervar=1600;turvar=0;th=125;turth=0
bps_webapi,sdg08_productivity_growth,total,2026-09-08,2025,province,1700,Bengkulu,percent,3.47,Badan Pusat Statistik,webapi-var-1161-updated-2026-07-06,domain=0000;var=1161;vervar=1700;turvar=0;th=125;turth=0
bps_webapi,sdg08_productivity_growth,total,2026-09-08,2025,province,1800,Lampung,percent,3.85,Badan Pusat Statistik,webapi-var-1161-updated-2026-07-06,domain=0000;var=1161;vervar=1800;turvar=0;th=125;turth=0
bps_webapi,sdg08_productivity_growth,total,2026-09-08,2025,province,1900,Kep. Bangka Belitung,percent,1.49,Badan Pusat Statistik,webapi-var-1161-updated-2026-07-06,domain=0000;var=1161;vervar=1900;turvar=0;th=125;turth=0
bps_webapi,sdg08_productivity_growth,total,2026-09-08,2025,province,2100,Kep. Riau,percent,6.64,Badan Pusat Statistik,webapi-var-1161-updated-2026-07-06,domain=0000;var=1161;vervar=2100;turvar=0;th=125;turth=0
bps_webapi,sdg08_productivity_growth,total,2026-09-08,2025,province,3100,Dki Jakarta,percent,4.78,Badan Pusat Statistik,webapi-var-1161-updated-2026-07-06,domain=0000;var=1161;vervar=3100;turvar=0;th=125;turth=0
bps_webapi,sdg08_productivity_growth,total,2026-09-08,2025,province,3200,Jawa Barat,percent,4.93,Badan Pusat Statistik,webapi-var-1161-updated-2026-07-06,domain=0000;var=1161;vervar=3200;turvar=0;th=125;turth=0
bps_webapi,sdg08_productivity_growth,total,2026-09-08,2025,province,3300,Jawa Tengah,percent,3.22,Badan Pusat Statistik,webapi-var-1161-updated-2026-07-06,domain=0000;var=1161;vervar=3300;turvar=0;th=125;turth=0
bps_webapi,sdg08_productivity_growth,total,2026-09-08,2025,province,3400,Di Yogyakarta,percent,4.66,Badan Pusat Statistik,webapi-var-1161-updated-2026-07-06,domain=0000;var=1161;vervar=3400;turvar=0;th=125;turth=0
bps_webapi,sdg08_productivity_growth,total,2026-09-08,2025,province,3500,Jawa Timur,percent,3.38,Badan Pusat Statistik,webapi-var-1161-updated-2026-07-06,domain=0000;var=1161;vervar=3500;turvar=0;th=125;turth=0
bps_webapi,sdg08_productivity_growth,total,2026-09-08,2025,province,3600,Banten,percent,6.14,Badan Pusat Statistik,webapi-var-1161-updated-2026-07-06,domain=0000;var=1161;vervar=3600;turvar=0;th=125;turth=0
bps_webapi,sdg08_productivity_growth,total,2026-09-08,2025,province,5100,Bali,percent,4.4,Badan Pusat Statistik,webapi-var-1161-updated-2026-07-06,domain=0000;var=1161;vervar=5100;turvar=0;th=125;turth=0
bps_webapi,sdg08_productivity_growth,total,2026-09-08,2025,province,5200,Nusa Tenggara Barat,percent,3.18,Badan Pusat Statistik,webapi-var-1161-updated-2026-07-06,domain=0000;var=1161;vervar=5200;turvar=0;th=125;turth=0
bps_webapi,sdg08_productivity_growth,total,2026-09-08,2025,province,5300,Nusa Tenggara Timur,percent,6.38,Badan Pusat Statistik,webapi-var-1161-updated-2026-07-06,domain=0000;var=1161;vervar=5300;turvar=0;th=125;turth=0
bps_webapi,sdg08_productivity_growth,total,2026-09-08,2025,province,6100,Kalimantan Barat,percent,2.98,Badan Pusat Statistik,webapi-var-1161-updated-2026-07-06,domain=0000;var=1161;vervar=6100;turvar=0;th=125;turth=0
bps_webapi,sdg08_productivity_growth,total,2026-09-08,2025,province,6200,Kalimantan Tengah,percent,3.66,Badan Pusat Statistik,webapi-var-1161-updated-2026-07-06,domain=0000;var=1161;vervar=6200;turvar=0;th=125;turth=0
bps_webapi,sdg08_productivity_growth,total,2026-09-08,2025,province,6300,Kalimantan Selatan,percent,4.06,Badan Pusat Statistik,webapi-var-1161-updated-2026-07-06,domain=0000;var=1161;vervar=6300;turvar=0;th=125;turth=0
bps_webapi,sdg08_productivity_growth,total,2026-09-08,2025,province,6400,Kalimantan Timur,percent,4.88,Badan Pusat Statistik,webapi-var-1161-updated-2026-07-06,domain=0000;var=1161;vervar=6400;turvar=0;th=125;turth=0
bps_webapi,sdg08_productivity_growth,total,2026-09-08,2025,province,6500,Kalimantan Utara,percent,3.95,Badan Pusat Statistik,webapi-var-1161-updated-2026-07-06,domain=0000;var=1161;vervar=6500;turvar=0;th=125;turth=0
bps_webapi,sdg08_productivity_growth,total,2026-09-08,2025,province,7100,Sulawesi Utara,percent,3.01,Badan Pusat Statistik,webapi-var-1161-updated-2026-07-06,domain=0000;var=1161;vervar=7100;turvar=0;th=125;turth=0
bps_webapi,sdg08_productivity_growth,total,2026-09-08,2025,province,7200,Sulawesi Tengah,percent,4.92,Badan Pusat Statistik,webapi-var-1161-updated-2026-07-06,domain=0000;var=1161;vervar=7200;turvar=0;th=125;turth=0
bps_webapi,sdg08_productivity_growth,total,2026-09-08,2025,province,7300,Sulawesi Selatan,percent,3.69,Badan Pusat Statistik,webapi-var-1161-updated-2026-07-06,domain=0000;var=1161;vervar=7300;turvar=0;th=125;turth=0
bps_webapi,sdg08_productivity_growth,total,2026-09-08,2025,province,7400,Sulawesi Tenggara,percent,5.56,Badan Pusat Statistik,webapi-var-1161-updated-2026-07-06,domain=0000;var=1161;vervar=7400;turvar=0;th=125;turth=0
bps_webapi,sdg08_productivity_growth,total,2026-09-08,2025,province,7500,Gorontalo,percent,5.53,Badan Pusat Statistik,webapi-var-1161-updated-2026-07-06,domain=0000;var=1161;vervar=7500;turvar=0;th=125;turth=0
bps_webapi,sdg08_productivity_growth,total,2026-09-08,2025,province,7600,Sulawesi Barat,percent,-0.29,Badan Pusat Statistik,webapi-var-1161-updated-2026-07-06,domain=0000;var=1161;vervar=7600;turvar=0;th=125;turth=0
bps_webapi,sdg08_productivity_growth,total,2026-09-08,2025,province,8100,Maluku,percent,2.88,Badan Pusat Statistik,webapi-var-1161-updated-2026-07-06,domain=0000;var=1161;vervar=8100;turvar=0;th=125;turth=0
bps_webapi,sdg08_productivity_growth,total,2026-09-08,2025,province,8200,Maluku Utara,percent,31.79,Badan Pusat Statistik,webapi-var-1161-updated-2026-07-06,domain=0000;var=1161;vervar=8200;turvar=0;th=125;turth=0
bps_webapi,sdg08_productivity_growth,total,2026-09-08,2025,province,9100,Papua Barat,percent,7.11,Badan Pusat Statistik,webapi-var-1161-updated-2026-07-06,domain=0000;var=1161;vervar=9100;turvar=0;th=125;turth=0
bps_webapi,sdg08_productivity_growth,total,2026-09-08,2025,province,9200,Papua Barat Daya,percent,2.61,Badan Pusat Statistik,webapi-var-1161-updated-2026-07-06,domain=0000;var=1161;vervar=9200;turvar=0;th=125;turth=0
bps_webapi,sdg08_productivity_growth,total,2026-09-08,2025,province,9400,Papua,percent,9.9,Badan Pusat Statistik,webapi-var-1161-updated-2026-07-06,domain=0000;var=1161;vervar=9400;turvar=0;th=125;turth=0
bps_webapi,sdg08_productivity_growth,total,2026-09-08,2025,province,9500,Papua Selatan,percent,7.61,Badan Pusat Statistik,webapi-var-1161-updated-2026-07-06,domain=0000;var=1161;vervar=9500;turvar=0;th=125;turth=0
bps_webapi,sdg08_productivity_growth,total,2026-09-08,2025,province,9600,Papua Tengah,percent,-22.96,Badan Pusat Statistik,webapi-var-1161-updated-2026-07-06,domain=0000;var=1161;vervar=9600;turvar=0;th=125;turth=0
bps_webapi,sdg08_productivity_growth,total,2026-09-08,2025,province,9700,Papua Pegunungan,percent,0.59,Badan Pusat Statistik,webapi-var-1161-updated-2026-07-06,domain=0000;var=1161;vervar=9700;turvar=0;th=125;turth=0
bps_webapi,sdg08_unemployment,total.august,2026-09-08,2015,national,9999,Indonesia,percent,6.18,Badan Pusat Statistik,webapi-var-543-updated-2026-05-06,domain=0000;var=543;vervar=9999;turvar=0;th=115;turth=190
bps_webapi,sdg08_unemployment,total.august,2026-09-08,2015,province,1100,Aceh,percent,9.93,Badan Pusat Statistik,webapi-var-543-updated-2026-05-06,domain=0000;var=543;vervar=1100;turvar=0;th=115;turth=190
bps_webapi,sdg08_unemployment,total.august,2026-09-08,2015,province,1200,Sumatera Utara,percent,6.71,Badan Pusat Statistik,webapi-var-543-updated-2026-05-06,domain=0000;var=543;vervar=1200;turvar=0;th=115;turth=190
bps_webapi,sdg08_unemployment,total.august,2026-09-08,2015,province,1300,Sumatera Barat,percent,6.89,Badan Pusat Statistik,webapi-var-543-updated-2026-05-06,domain=0000;var=543;vervar=1300;turvar=0;th=115;turth=190
bps_webapi,sdg08_unemployment,total.august,2026-09-08,2015,province,1400,Riau,percent,7.83,Badan Pusat Statistik,webapi-var-543-updated-2026-05-06,domain=0000;var=543;vervar=1400;turvar=0;th=115;turth=190
bps_webapi,sdg08_unemployment,total.august,2026-09-08,2015,province,1500,Jambi,percent,4.34,Badan Pusat Statistik,webapi-var-543-updated-2026-05-06,domain=0000;var=543;vervar=1500;turvar=0;th=115;turth=190
bps_webapi,sdg08_unemployment,total.august,2026-09-08,2015,province,1600,Sumatera Selatan,percent,6.07,Badan Pusat Statistik,webapi-var-543-updated-2026-05-06,domain=0000;var=543;vervar=1600;turvar=0;th=115;turth=190
bps_webapi,sdg08_unemployment,total.august,2026-09-08,2015,province,1700,Bengkulu,percent,4.91,Badan Pusat Statistik,webapi-var-543-updated-2026-05-06,domain=0000;var=543;vervar=1700;turvar=0;th=115;turth=190
bps_webapi,sdg08_unemployment,total.august,2026-09-08,2015,province,1800,Lampung,percent,5.14,Badan Pusat Statistik,webapi-var-543-updated-2026-05-06,domain=0000;var=543;vervar=1800;turvar=0;th=115;turth=190
bps_webapi,sdg08_unemployment,total.august,2026-09-08,2015,province,1900,Kep. Bangka Belitung,percent,6.29,Badan Pusat Statistik,webapi-var-543-updated-2026-05-06,domain=0000;var=543;vervar=1900;turvar=0;th=115;turth=190
bps_webapi,sdg08_unemployment,total.august,2026-09-08,2015,province,2100,Kep. Riau,percent,6.2,Badan Pusat Statistik,webapi-var-543-updated-2026-05-06,domain=0000;var=543;vervar=2100;turvar=0;th=115;turth=190
bps_webapi,sdg08_unemployment,total.august,2026-09-08,2015,province,3100,Dki Jakarta,percent,7.23,Badan Pusat Statistik,webapi-var-543-updated-2026-05-06,domain=0000;var=543;vervar=3100;turvar=0;th=115;turth=190
bps_webapi,sdg08_unemployment,total.august,2026-09-08,2015,province,3200,Jawa Barat,percent,8.72,Badan Pusat Statistik,webapi-var-543-updated-2026-05-06,domain=0000;var=543;vervar=3200;turvar=0;th=115;turth=190
bps_webapi,sdg08_unemployment,total.august,2026-09-08,2015,province,3300,Jawa Tengah,percent,4.99,Badan Pusat Statistik,webapi-var-543-updated-2026-05-06,domain=0000;var=543;vervar=3300;turvar=0;th=115;turth=190
bps_webapi,sdg08_unemployment,total.august,2026-09-08,2015,province,3400,Di Yogyakarta,percent,4.07,Badan Pusat Statistik,webapi-var-543-updated-2026-05-06,domain=0000;var=543;vervar=3400;turvar=0;th=115;turth=190
bps_webapi,sdg08_unemployment,total.august,2026-09-08,2015,province,3500,Jawa Timur,percent,4.47,Badan Pusat Statistik,webapi-var-543-updated-2026-05-06,domain=0000;var=543;vervar=3500;turvar=0;th=115;turth=190
bps_webapi,sdg08_unemployment,total.august,2026-09-08,2015,province,3600,Banten,percent,9.55,Badan Pusat Statistik,webapi-var-543-updated-2026-05-06,domain=0000;var=543;vervar=3600;turvar=0;th=115;turth=190
bps_webapi,sdg08_unemployment,total.august,2026-09-08,2015,province,5100,Bali,percent,1.99,Badan Pusat Statistik,webapi-var-543-updated-2026-05-06,domain=0000;var=543;vervar=5100;turvar=0;th=115;turth=190
bps_webapi,sdg08_unemployment,total.august,2026-09-08,2015,province,5200,Nusa Tenggara Barat,percent,5.69,Badan Pusat Statistik,webapi-var-543-updated-2026-05-06,domain=0000;var=543;vervar=5200;turvar=0;th=115;turth=190
bps_webapi,sdg08_unemployment,total.august,2026-09-08,2015,province,5300,Nusa Tenggara Timur,percent,3.83,Badan Pusat Statistik,webapi-var-543-updated-2026-05-06,domain=0000;var=543;vervar=5300;turvar=0;th=115;turth=190
bps_webapi,sdg08_unemployment,total.august,2026-09-08,2015,province,6100,Kalimantan Barat,percent,5.15,Badan Pusat Statistik,webapi-var-543-updated-2026-05-06,domain=0000;var=543;vervar=6100;turvar=0;th=115;turth=190
bps_webapi,sdg08_unemployment,total.august,2026-09-08,2015,province,6200,Kalimantan Tengah,percent,4.54,Badan Pusat Statistik,webapi-var-543-updated-2026-05-06,domain=0000;var=543;vervar=6200;turvar=0;th=115;turth=190
bps_webapi,sdg08_unemployment,total.august,2026-09-08,2015,province,6300,Kalimantan Selatan,percent,4.92,Badan Pusat Statistik,webapi-var-543-updated-2026-05-06,domain=0000;var=543;vervar=6300;turvar=0;th=115;turth=190
bps_webapi,sdg08_unemployment,total.august,2026-09-08,2015,province,6400,Kalimantan Timur,percent,7.5,Badan Pusat Statistik,webapi-var-543-updated-2026-05-06,domain=0000;var=543;vervar=6400;turvar=0;th=115;turth=190
bps_webapi,sdg08_unemployment,total.august,2026-09-08,2015,province,6500,Kalimantan Utara,percent,5.68,Badan Pusat Statistik,webapi-var-543-updated-2026-05-06,domain=0000;var=543;vervar=6500;turvar=0;th=115;turth=190
bps_webapi,sdg08_unemployment,total.august,2026-09-08,2015,province,7100,Sulawesi Utara,percent,9.03,Badan Pusat Statistik,webapi-var-543-updated-2026-05-06,domain=0000;var=543;vervar=7100;turvar=0;th=115;turth=190
bps_webapi,sdg08_unemployment,total.august,2026-09-08,2015,province,7200,Sulawesi Tengah,percent,4.1,Badan Pusat Statistik,webapi-var-543-updated-2026-05-06,domain=0000;var=543;vervar=7200;turvar=0;th=115;turth=190
bps_webapi,sdg08_unemployment,total.august,2026-09-08,2015,province,7300,Sulawesi Selatan,percent,5.95,Badan Pusat Statistik,webapi-var-543-updated-2026-05-06,domain=0000;var=543;vervar=7300;turvar=0;th=115;turth=190
bps_webapi,sdg08_unemployment,total.august,2026-09-08,2015,province,7400,Sulawesi Tenggara,percent,5.55,Badan Pusat Statistik,webapi-var-543-updated-2026-05-06,domain=0000;var=543;vervar=7400;turvar=0;th=115;turth=190
bps_webapi,sdg08_unemployment,total.august,2026-09-08,2015,province,7500,Gorontalo,percent,4.65,Badan Pusat Statistik,webapi-var-543-updated-2026-05-06,domain=0000;var=543;vervar=7500;turvar=0;th=115;turth=190
bps_webapi,sdg08_unemployment,total.august,2026-09-08,2015,province,7600,Sulawesi Barat,percent,3.35,Badan Pusat Statistik,webapi-var-543-updated-2026-05-06,domain=0000;var=543;vervar=7600;turvar=0;th=115;turth=190
bps_webapi,sdg08_unemployment,total.august,2026-09-08,2015,province,8100,Maluku,percent,9.93,Badan Pusat Statistik,webapi-var-543-updated-2026-05-06,domain=0000;var=543;vervar=8100;turvar=0;th=115;turth=190
bps_webapi,sdg08_unemployment,total.august,2026-09-08,2015,province,8200,Maluku Utara,percent,6.05,Badan Pusat Statistik,webapi-var-543-updated-2026-05-06,domain=0000;var=543;vervar=8200;turvar=0;th=115;turth=190
bps_webapi,sdg08_unemployment,total.august,2026-09-08,2015,province,9100,Papua Barat,percent,8.08,Badan Pusat Statistik,webapi-var-543-updated-2026-05-06,domain=0000;var=543;vervar=9100;turvar=0;th=115;turth=190
bps_webapi,sdg08_unemployment,total.august,2026-09-08,2015,province,9400,Papua,percent,3.99,Badan Pusat Statistik,webapi-var-543-updated-2026-05-06,domain=0000;var=543;vervar=9400;turvar=0;th=115;turth=190
bps_webapi,sdg08_unemployment,total.august,2026-09-08,2016,national,9999,Indonesia,percent,5.61,Badan Pusat Statistik,webapi-var-543-updated-2026-05-06,domain=0000;var=543;vervar=9999;turvar=0;th=116;turth=190
bps_webapi,sdg08_unemployment,total.august,2026-09-08,2016,province,1100,Aceh,percent,7.57,Badan Pusat Statistik,webapi-var-543-updated-2026-05-06,domain=0000;var=543;vervar=1100;turvar=0;th=116;turth=190
bps_webapi,sdg08_unemployment,total.august,2026-09-08,2016,province,1200,Sumatera Utara,percent,5.84,Badan Pusat Statistik,webapi-var-543-updated-2026-05-06,domain=0000;var=543;vervar=1200;turvar=0;th=116;turth=190
bps_webapi,sdg08_unemployment,total.august,2026-09-08,2016,province,1300,Sumatera Barat,percent,5.09,Badan Pusat Statistik,webapi-var-543-updated-2026-05-06,domain=0000;var=543;vervar=1300;turvar=0;th=116;turth=190
bps_webapi,sdg08_unemployment,total.august,2026-09-08,2016,province,1400,Riau,percent,7.43,Badan Pusat Statistik,webapi-var-543-updated-2026-05-06,domain=0000;var=543;vervar=1400;turvar=0;th=116;turth=190
bps_webapi,sdg08_unemployment,total.august,2026-09-08,2016,province,1500,Jambi,percent,4,Badan Pusat Statistik,webapi-var-543-updated-2026-05-06,domain=0000;var=543;vervar=1500;turvar=0;th=116;turth=190
bps_webapi,sdg08_unemployment,total.august,2026-09-08,2016,province,1600,Sumatera Selatan,percent,4.31,Badan Pusat Statistik,webapi-var-543-updated-2026-05-06,domain=0000;var=543;vervar=1600;turvar=0;th=116;turth=190
bps_webapi,sdg08_unemployment,total.august,2026-09-08,2016,province,1700,Bengkulu,percent,3.3,Badan Pusat Statistik,webapi-var-543-updated-2026-05-06,domain=0000;var=543;vervar=1700;turvar=0;th=116;turth=190
bps_webapi,sdg08_unemployment,total.august,2026-09-08,2016,province,1800,Lampung,percent,4.62,Badan Pusat Statistik,webapi-var-543-updated-2026-05-06,domain=0000;var=543;vervar=1800;turvar=0;th=116;turth=190
bps_webapi,sdg08_unemployment,total.august,2026-09-08,2016,province,1900,Kep. Bangka Belitung,percent,2.6,Badan Pusat Statistik,webapi-var-543-updated-2026-05-06,domain=0000;var=543;vervar=1900;turvar=0;th=116;turth=190
bps_webapi,sdg08_unemployment,total.august,2026-09-08,2016,province,2100,Kep. Riau,percent,7.69,Badan Pusat Statistik,webapi-var-543-updated-2026-05-06,domain=0000;var=543;vervar=2100;turvar=0;th=116;turth=190
bps_webapi,sdg08_unemployment,total.august,2026-09-08,2016,province,3100,Dki Jakarta,percent,6.12,Badan Pusat Statistik,webapi-var-543-updated-2026-05-06,domain=0000;var=543;vervar=3100;turvar=0;th=116;turth=190
bps_webapi,sdg08_unemployment,total.august,2026-09-08,2016,province,3200,Jawa Barat,percent,8.89,Badan Pusat Statistik,webapi-var-543-updated-2026-05-06,domain=0000;var=543;vervar=3200;turvar=0;th=116;turth=190
bps_webapi,sdg08_unemployment,total.august,2026-09-08,2016,province,3300,Jawa Tengah,percent,4.63,Badan Pusat Statistik,webapi-var-543-updated-2026-05-06,domain=0000;var=543;vervar=3300;turvar=0;th=116;turth=190
bps_webapi,sdg08_unemployment,total.august,2026-09-08,2016,province,3400,Di Yogyakarta,percent,2.72,Badan Pusat Statistik,webapi-var-543-updated-2026-05-06,domain=0000;var=543;vervar=3400;turvar=0;th=116;turth=190
bps_webapi,sdg08_unemployment,total.august,2026-09-08,2016,province,3500,Jawa Timur,percent,4.21,Badan Pusat Statistik,webapi-var-543-updated-2026-05-06,domain=0000;var=543;vervar=3500;turvar=0;th=116;turth=190
bps_webapi,sdg08_unemployment,total.august,2026-09-08,2016,province,3600,Banten,percent,8.92,Badan Pusat Statistik,webapi-var-543-updated-2026-05-06,domain=0000;var=543;vervar=3600;turvar=0;th=116;turth=190
bps_webapi,sdg08_unemployment,total.august,2026-09-08,2016,province,5100,Bali,percent,1.89,Badan Pusat Statistik,webapi-var-543-updated-2026-05-06,domain=0000;var=543;vervar=5100;turvar=0;th=116;turth=190
bps_webapi,sdg08_unemployment,total.august,2026-09-08,2016,province,5200,Nusa Tenggara Barat,percent,3.94,Badan Pusat Statistik,webapi-var-543-updated-2026-05-06,domain=0000;var=543;vervar=5200;turvar=0;th=116;turth=190
bps_webapi,sdg08_unemployment,total.august,2026-09-08,2016,province,5300,Nusa Tenggara Timur,percent,3.25,Badan Pusat Statistik,webapi-var-543-updated-2026-05-06,domain=0000;var=543;vervar=5300;turvar=0;th=116;turth=190
bps_webapi,sdg08_unemployment,total.august,2026-09-08,2016,province,6100,Kalimantan Barat,percent,4.23,Badan Pusat Statistik,webapi-var-543-updated-2026-05-06,domain=0000;var=543;vervar=6100;turvar=0;th=116;turth=190
bps_webapi,sdg08_unemployment,total.august,2026-09-08,2016,province,6200,Kalimantan Tengah,percent,4.82,Badan Pusat Statistik,webapi-var-543-updated-2026-05-06,domain=0000;var=543;vervar=6200;turvar=0;th=116;turth=190
bps_webapi,sdg08_unemployment,total.august,2026-09-08,2016,province,6300,Kalimantan Selatan,percent,5.45,Badan Pusat Statistik,webapi-var-543-updated-2026-05-06,domain=0000;var=543;vervar=6300;turvar=0;th=116;turth=190
bps_webapi,sdg08_unemployment,total.august,2026-09-08,2016,province,6400,Kalimantan Timur,percent,7.95,Badan Pusat Statistik,webapi-var-543-updated-2026-05-06,domain=0000;var=543;vervar=6400;turvar=0;th=116;turth=190
bps_webapi,sdg08_unemployment,total.august,2026-09-08,2016,province,6500,Kalimantan Utara,percent,5.23,Badan Pusat Statistik,webapi-var-543-updated-2026-05-06,domain=0000;var=543;vervar=6500;turvar=0;th=116;turth=190
bps_webapi,sdg08_unemployment,total.august,2026-09-08,2016,province,7100,Sulawesi Utara,percent,6.18,Badan Pusat Statistik,webapi-var-543-updated-2026-05-06,domain=0000;var=543;vervar=7100;turvar=0;th=116;turth=190
bps_webapi,sdg08_unemployment,total.august,2026-09-08,2016,province,7200,Sulawesi Tengah,percent,3.29,Badan Pusat Statistik,webapi-var-543-updated-2026-05-06,domain=0000;var=543;vervar=7200;turvar=0;th=116;turth=190
bps_webapi,sdg08_unemployment,total.august,2026-09-08,2016,province,7300,Sulawesi Selatan,percent,4.8,Badan Pusat Statistik,webapi-var-543-updated-2026-05-06,domain=0000;var=543;vervar=7300;turvar=0;th=116;turth=190
bps_webapi,sdg08_unemployment,total.august,2026-09-08,2016,province,7400,Sulawesi Tenggara,percent,2.72,Badan Pusat Statistik,webapi-var-543-updated-2026-05-06,domain=0000;var=543;vervar=7400;turvar=0;th=116;turth=190
bps_webapi,sdg08_unemployment,total.august,2026-09-08,2016,province,7500,Gorontalo,percent,2.76,Badan Pusat Statistik,webapi-var-543-updated-2026-05-06,domain=0000;var=543;vervar=7500;turvar=0;th=116;turth=190
bps_webapi,sdg08_unemployment,total.august,2026-09-08,2016,province,7600,Sulawesi Barat,percent,3.33,Badan Pusat Statistik,webapi-var-543-updated-2026-05-06,domain=0000;var=543;vervar=7600;turvar=0;th=116;turth=190
bps_webapi,sdg08_unemployment,total.august,2026-09-08,2016,province,8100,Maluku,percent,7.05,Badan Pusat Statistik,webapi-var-543-updated-2026-05-06,domain=0000;var=543;vervar=8100;turvar=0;th=116;turth=190
bps_webapi,sdg08_unemployment,total.august,2026-09-08,2016,province,8200,Maluku Utara,percent,4.01,Badan Pusat Statistik,webapi-var-543-updated-2026-05-06,domain=0000;var=543;vervar=8200;turvar=0;th=116;turth=190
bps_webapi,sdg08_unemployment,total.august,2026-09-08,2016,province,9100,Papua Barat,percent,7.46,Badan Pusat Statistik,webapi-var-543-updated-2026-05-06,domain=0000;var=543;vervar=9100;turvar=0;th=116;turth=190
bps_webapi,sdg08_unemployment,total.august,2026-09-08,2016,province,9400,Papua,percent,3.35,Badan Pusat Statistik,webapi-var-543-updated-2026-05-06,domain=0000;var=543;vervar=9400;turvar=0;th=116;turth=190
bps_webapi,sdg08_unemployment,total.august,2026-09-08,2017,national,9999,Indonesia,percent,5.5,Badan Pusat Statistik,webapi-var-543-updated-2026-05-06,domain=0000;var=543;vervar=9999;turvar=0;th=117;turth=190
bps_webapi,sdg08_unemployment,total.august,2026-09-08,2017,province,1100,Aceh,percent,6.57,Badan Pusat Statistik,webapi-var-543-updated-2026-05-06,domain=0000;var=543;vervar=1100;turvar=0;th=117;turth=190
bps_webapi,sdg08_unemployment,total.august,2026-09-08,2017,province,1200,Sumatera Utara,percent,5.6,Badan Pusat Statistik,webapi-var-543-updated-2026-05-06,domain=0000;var=543;vervar=1200;turvar=0;th=117;turth=190
bps_webapi,sdg08_unemployment,total.august,2026-09-08,2017,province,1300,Sumatera Barat,percent,5.58,Badan Pusat Statistik,webapi-var-543-updated-2026-05-06,domain=0000;var=543;vervar=1300;turvar=0;th=117;turth=190
bps_webapi,sdg08_unemployment,total.august,2026-09-08,2017,province,1400,Riau,percent,6.22,Badan Pusat Statistik,webapi-var-543-updated-2026-05-06,domain=0000;var=543;vervar=1400;turvar=0;th=117;turth=190
bps_webapi,sdg08_unemployment,total.august,2026-09-08,2017,province,1500,Jambi,percent,3.87,Badan Pusat Statistik,webapi-var-543-updated-2026-05-06,domain=0000;var=543;vervar=1500;turvar=0;th=117;turth=190
bps_webapi,sdg08_unemployment,total.august,2026-09-08,2017,province,1600,Sumatera Selatan,percent,4.39,Badan Pusat Statistik,webapi-var-543-updated-2026-05-06,domain=0000;var=543;vervar=1600;turvar=0;th=117;turth=190
bps_webapi,sdg08_unemployment,total.august,2026-09-08,2017,province,1700,Bengkulu,percent,3.74,Badan Pusat Statistik,webapi-var-543-updated-2026-05-06,domain=0000;var=543;vervar=1700;turvar=0;th=117;turth=190
bps_webapi,sdg08_unemployment,total.august,2026-09-08,2017,province,1800,Lampung,percent,4.33,Badan Pusat Statistik,webapi-var-543-updated-2026-05-06,domain=0000;var=543;vervar=1800;turvar=0;th=117;turth=190
bps_webapi,sdg08_unemployment,total.august,2026-09-08,2017,province,1900,Kep. Bangka Belitung,percent,3.78,Badan Pusat Statistik,webapi-var-543-updated-2026-05-06,domain=0000;var=543;vervar=1900;turvar=0;th=117;turth=190
bps_webapi,sdg08_unemployment,total.august,2026-09-08,2017,province,2100,Kep. Riau,percent,7.16,Badan Pusat Statistik,webapi-var-543-updated-2026-05-06,domain=0000;var=543;vervar=2100;turvar=0;th=117;turth=190
bps_webapi,sdg08_unemployment,total.august,2026-09-08,2017,province,3100,Dki Jakarta,percent,7.14,Badan Pusat Statistik,webapi-var-543-updated-2026-05-06,domain=0000;var=543;vervar=3100;turvar=0;th=117;turth=190
bps_webapi,sdg08_unemployment,total.august,2026-09-08,2017,province,3200,Jawa Barat,percent,8.22,Badan Pusat Statistik,webapi-var-543-updated-2026-05-06,domain=0000;var=543;vervar=3200;turvar=0;th=117;turth=190
bps_webapi,sdg08_unemployment,total.august,2026-09-08,2017,province,3300,Jawa Tengah,percent,4.57,Badan Pusat Statistik,webapi-var-543-updated-2026-05-06,domain=0000;var=543;vervar=3300;turvar=0;th=117;turth=190
bps_webapi,sdg08_unemployment,total.august,2026-09-08,2017,province,3400,Di Yogyakarta,percent,3.02,Badan Pusat Statistik,webapi-var-543-updated-2026-05-06,domain=0000;var=543;vervar=3400;turvar=0;th=117;turth=190
bps_webapi,sdg08_unemployment,total.august,2026-09-08,2017,province,3500,Jawa Timur,percent,4,Badan Pusat Statistik,webapi-var-543-updated-2026-05-06,domain=0000;var=543;vervar=3500;turvar=0;th=117;turth=190
bps_webapi,sdg08_unemployment,total.august,2026-09-08,2017,province,3600,Banten,percent,9.28,Badan Pusat Statistik,webapi-var-543-updated-2026-05-06,domain=0000;var=543;vervar=3600;turvar=0;th=117;turth=190
bps_webapi,sdg08_unemployment,total.august,2026-09-08,2017,province,5100,Bali,percent,1.48,Badan Pusat Statistik,webapi-var-543-updated-2026-05-06,domain=0000;var=543;vervar=5100;turvar=0;th=117;turth=190
bps_webapi,sdg08_unemployment,total.august,2026-09-08,2017,province,5200,Nusa Tenggara Barat,percent,3.32,Badan Pusat Statistik,webapi-var-543-updated-2026-05-06,domain=0000;var=543;vervar=5200;turvar=0;th=117;turth=190
bps_webapi,sdg08_unemployment,total.august,2026-09-08,2017,province,5300,Nusa Tenggara Timur,percent,3.27,Badan Pusat Statistik,webapi-var-543-updated-2026-05-06,domain=0000;var=543;vervar=5300;turvar=0;th=117;turth=190
bps_webapi,sdg08_unemployment,total.august,2026-09-08,2017,province,6100,Kalimantan Barat,percent,4.36,Badan Pusat Statistik,webapi-var-543-updated-2026-05-06,domain=0000;var=543;vervar=6100;turvar=0;th=117;turth=190
bps_webapi,sdg08_unemployment,total.august,2026-09-08,2017,province,6200,Kalimantan Tengah,percent,4.23,Badan Pusat Statistik,webapi-var-543-updated-2026-05-06,domain=0000;var=543;vervar=6200;turvar=0;th=117;turth=190
bps_webapi,sdg08_unemployment,total.august,2026-09-08,2017,province,6300,Kalimantan Selatan,percent,4.77,Badan Pusat Statistik,webapi-var-543-updated-2026-05-06,domain=0000;var=543;vervar=6300;turvar=0;th=117;turth=190
bps_webapi,sdg08_unemployment,total.august,2026-09-08,2017,province,6400,Kalimantan Timur,percent,6.91,Badan Pusat Statistik,webapi-var-543-updated-2026-05-06,domain=0000;var=543;vervar=6400;turvar=0;th=117;turth=190
bps_webapi,sdg08_unemployment,total.august,2026-09-08,2017,province,6500,Kalimantan Utara,percent,5.54,Badan Pusat Statistik,webapi-var-543-updated-2026-05-06,domain=0000;var=543;vervar=6500;turvar=0;th=117;turth=190
bps_webapi,sdg08_unemployment,total.august,2026-09-08,2017,province,7100,Sulawesi Utara,percent,7.18,Badan Pusat Statistik,webapi-var-543-updated-2026-05-06,domain=0000;var=543;vervar=7100;turvar=0;th=117;turth=190
bps_webapi,sdg08_unemployment,total.august,2026-09-08,2017,province,7200,Sulawesi Tengah,percent,3.81,Badan Pusat Statistik,webapi-var-543-updated-2026-05-06,domain=0000;var=543;vervar=7200;turvar=0;th=117;turth=190
bps_webapi,sdg08_unemployment,total.august,2026-09-08,2017,province,7300,Sulawesi Selatan,percent,5.61,Badan Pusat Statistik,webapi-var-543-updated-2026-05-06,domain=0000;var=543;vervar=7300;turvar=0;th=117;turth=190
bps_webapi,sdg08_unemployment,total.august,2026-09-08,2017,province,7400,Sulawesi Tenggara,percent,3.3,Badan Pusat Statistik,webapi-var-543-updated-2026-05-06,domain=0000;var=543;vervar=7400;turvar=0;th=117;turth=190
bps_webapi,sdg08_unemployment,total.august,2026-09-08,2017,province,7500,Gorontalo,percent,4.28,Badan Pusat Statistik,webapi-var-543-updated-2026-05-06,domain=0000;var=543;vervar=7500;turvar=0;th=117;turth=190
bps_webapi,sdg08_unemployment,total.august,2026-09-08,2017,province,7600,Sulawesi Barat,percent,3.21,Badan Pusat Statistik,webapi-var-543-updated-2026-05-06,domain=0000;var=543;vervar=7600;turvar=0;th=117;turth=190
bps_webapi,sdg08_unemployment,total.august,2026-09-08,2017,province,8100,Maluku,percent,9.29,Badan Pusat Statistik,webapi-var-543-updated-2026-05-06,domain=0000;var=543;vervar=8100;turvar=0;th=117;turth=190
bps_webapi,sdg08_unemployment,total.august,2026-09-08,2017,province,8200,Maluku Utara,percent,5.33,Badan Pusat Statistik,webapi-var-543-updated-2026-05-06,domain=0000;var=543;vervar=8200;turvar=0;th=117;turth=190
bps_webapi,sdg08_unemployment,total.august,2026-09-08,2017,province,9100,Papua Barat,percent,6.49,Badan Pusat Statistik,webapi-var-543-updated-2026-05-06,domain=0000;var=543;vervar=9100;turvar=0;th=117;turth=190
bps_webapi,sdg08_unemployment,total.august,2026-09-08,2017,province,9400,Papua,percent,3.62,Badan Pusat Statistik,webapi-var-543-updated-2026-05-06,domain=0000;var=543;vervar=9400;turvar=0;th=117;turth=190
bps_webapi,sdg08_unemployment,total.august,2026-09-08,2018,national,9999,Indonesia,percent,5.3,Badan Pusat Statistik,webapi-var-543-updated-2026-05-06,domain=0000;var=543;vervar=9999;turvar=0;th=118;turth=190
bps_webapi,sdg08_unemployment,total.august,2026-09-08,2018,province,1100,Aceh,percent,6.34,Badan Pusat Statistik,webapi-var-543-updated-2026-05-06,domain=0000;var=543;vervar=1100;turvar=0;th=118;turth=190
bps_webapi,sdg08_unemployment,total.august,2026-09-08,2018,province,1200,Sumatera Utara,percent,5.55,Badan Pusat Statistik,webapi-var-543-updated-2026-05-06,domain=0000;var=543;vervar=1200;turvar=0;th=118;turth=190
bps_webapi,sdg08_unemployment,total.august,2026-09-08,2018,province,1300,Sumatera Barat,percent,5.66,Badan Pusat Statistik,webapi-var-543-updated-2026-05-06,domain=0000;var=543;vervar=1300;turvar=0;th=118;turth=190
bps_webapi,sdg08_unemployment,total.august,2026-09-08,2018,province,1400,Riau,percent,5.98,Badan Pusat Statistik,webapi-var-543-updated-2026-05-06,domain=0000;var=543;vervar=1400;turvar=0;th=118;turth=190
bps_webapi,sdg08_unemployment,total.august,2026-09-08,2018,province,1500,Jambi,percent,3.73,Badan Pusat Statistik,webapi-var-543-updated-2026-05-06,domain=0000;var=543;vervar=1500;turvar=0;th=118;turth=190
bps_webapi,sdg08_unemployment,total.august,2026-09-08,2018,province,1600,Sumatera Selatan,percent,4.27,Badan Pusat Statistik,webapi-var-543-updated-2026-05-06,domain=0000;var=543;vervar=1600;turvar=0;th=118;turth=190
bps_webapi,sdg08_unemployment,total.august,2026-09-08,2018,province,1700,Bengkulu,percent,3.35,Badan Pusat Statistik,webapi-var-543-updated-2026-05-06,domain=0000;var=543;vervar=1700;turvar=0;th=118;turth=190
bps_webapi,sdg08_unemployment,total.august,2026-09-08,2018,province,1800,Lampung,percent,4.04,Badan Pusat Statistik,webapi-var-543-updated-2026-05-06,domain=0000;var=543;vervar=1800;turvar=0;th=118;turth=190
bps_webapi,sdg08_unemployment,total.august,2026-09-08,2018,province,1900,Kep. Bangka Belitung,percent,3.61,Badan Pusat Statistik,webapi-var-543-updated-2026-05-06,domain=0000;var=543;vervar=1900;turvar=0;th=118;turth=190
bps_webapi,sdg08_unemployment,total.august,2026-09-08,2018,province,2100,Kep. Riau,percent,8.04,Badan Pusat Statistik,webapi-var-543-updated-2026-05-06,domain=0000;var=543;vervar=2100;turvar=0;th=118;turth=190
bps_webapi,sdg08_unemployment,total.august,2026-09-08,2018,province,3100,Dki Jakarta,percent,6.65,Badan Pusat Statistik,webapi-var-543-updated-2026-05-06,domain=0000;var=543;vervar=3100;turvar=0;th=118;turth=190
bps_webapi,sdg08_unemployment,total.august,2026-09-08,2018,province,3200,Jawa Barat,percent,8.23,Badan Pusat Statistik,webapi-var-543-updated-2026-05-06,domain=0000;var=543;vervar=3200;turvar=0;th=118;turth=190
bps_webapi,sdg08_unemployment,total.august,2026-09-08,2018,province,3300,Jawa Tengah,percent,4.47,Badan Pusat Statistik,webapi-var-543-updated-2026-05-06,domain=0000;var=543;vervar=3300;turvar=0;th=118;turth=190
bps_webapi,sdg08_unemployment,total.august,2026-09-08,2018,province,3400,Di Yogyakarta,percent,3.37,Badan Pusat Statistik,webapi-var-543-updated-2026-05-06,domain=0000;var=543;vervar=3400;turvar=0;th=118;turth=190
bps_webapi,sdg08_unemployment,total.august,2026-09-08,2018,province,3500,Jawa Timur,percent,3.91,Badan Pusat Statistik,webapi-var-543-updated-2026-05-06,domain=0000;var=543;vervar=3500;turvar=0;th=118;turth=190
bps_webapi,sdg08_unemployment,total.august,2026-09-08,2018,province,3600,Banten,percent,8.47,Badan Pusat Statistik,webapi-var-543-updated-2026-05-06,domain=0000;var=543;vervar=3600;turvar=0;th=118;turth=190
bps_webapi,sdg08_unemployment,total.august,2026-09-08,2018,province,5100,Bali,percent,1.4,Badan Pusat Statistik,webapi-var-543-updated-2026-05-06,domain=0000;var=543;vervar=5100;turvar=0;th=118;turth=190
bps_webapi,sdg08_unemployment,total.august,2026-09-08,2018,province,5200,Nusa Tenggara Barat,percent,3.58,Badan Pusat Statistik,webapi-var-543-updated-2026-05-06,domain=0000;var=543;vervar=5200;turvar=0;th=118;turth=190
bps_webapi,sdg08_unemployment,total.august,2026-09-08,2018,province,5300,Nusa Tenggara Timur,percent,2.85,Badan Pusat Statistik,webapi-var-543-updated-2026-05-06,domain=0000;var=543;vervar=5300;turvar=0;th=118;turth=190
bps_webapi,sdg08_unemployment,total.august,2026-09-08,2018,province,6100,Kalimantan Barat,percent,4.18,Badan Pusat Statistik,webapi-var-543-updated-2026-05-06,domain=0000;var=543;vervar=6100;turvar=0;th=118;turth=190
bps_webapi,sdg08_unemployment,total.august,2026-09-08,2018,province,6200,Kalimantan Tengah,percent,3.91,Badan Pusat Statistik,webapi-var-543-updated-2026-05-06,domain=0000;var=543;vervar=6200;turvar=0;th=118;turth=190
bps_webapi,sdg08_unemployment,total.august,2026-09-08,2018,province,6300,Kalimantan Selatan,percent,4.35,Badan Pusat Statistik,webapi-var-543-updated-2026-05-06,domain=0000;var=543;vervar=6300;turvar=0;th=118;turth=190
bps_webapi,sdg08_unemployment,total.august,2026-09-08,2018,province,6400,Kalimantan Timur,percent,6.41,Badan Pusat Statistik,webapi-var-543-updated-2026-05-06,domain=0000;var=543;vervar=6400;turvar=0;th=118;turth=190
bps_webapi,sdg08_unemployment,total.august,2026-09-08,2018,province,6500,Kalimantan Utara,percent,5.11,Badan Pusat Statistik,webapi-var-543-updated-2026-05-06,domain=0000;var=543;vervar=6500;turvar=0;th=118;turth=190
bps_webapi,sdg08_unemployment,total.august,2026-09-08,2018,province,7100,Sulawesi Utara,percent,6.61,Badan Pusat Statistik,webapi-var-543-updated-2026-05-06,domain=0000;var=543;vervar=7100;turvar=0;th=118;turth=190
bps_webapi,sdg08_unemployment,total.august,2026-09-08,2018,province,7200,Sulawesi Tengah,percent,3.37,Badan Pusat Statistik,webapi-var-543-updated-2026-05-06,domain=0000;var=543;vervar=7200;turvar=0;th=118;turth=190
bps_webapi,sdg08_unemployment,total.august,2026-09-08,2018,province,7300,Sulawesi Selatan,percent,4.94,Badan Pusat Statistik,webapi-var-543-updated-2026-05-06,domain=0000;var=543;vervar=7300;turvar=0;th=118;turth=190
bps_webapi,sdg08_unemployment,total.august,2026-09-08,2018,province,7400,Sulawesi Tenggara,percent,3.19,Badan Pusat Statistik,webapi-var-543-updated-2026-05-06,domain=0000;var=543;vervar=7400;turvar=0;th=118;turth=190
bps_webapi,sdg08_unemployment,total.august,2026-09-08,2018,province,7500,Gorontalo,percent,3.7,Badan Pusat Statistik,webapi-var-543-updated-2026-05-06,domain=0000;var=543;vervar=7500;turvar=0;th=118;turth=190
bps_webapi,sdg08_unemployment,total.august,2026-09-08,2018,province,7600,Sulawesi Barat,percent,3.01,Badan Pusat Statistik,webapi-var-543-updated-2026-05-06,domain=0000;var=543;vervar=7600;turvar=0;th=118;turth=190
bps_webapi,sdg08_unemployment,total.august,2026-09-08,2018,province,8100,Maluku,percent,6.95,Badan Pusat Statistik,webapi-var-543-updated-2026-05-06,domain=0000;var=543;vervar=8100;turvar=0;th=118;turth=190
bps_webapi,sdg08_unemployment,total.august,2026-09-08,2018,province,8200,Maluku Utara,percent,4.63,Badan Pusat Statistik,webapi-var-543-updated-2026-05-06,domain=0000;var=543;vervar=8200;turvar=0;th=118;turth=190
bps_webapi,sdg08_unemployment,total.august,2026-09-08,2018,province,9100,Papua Barat,percent,6.45,Badan Pusat Statistik,webapi-var-543-updated-2026-05-06,domain=0000;var=543;vervar=9100;turvar=0;th=118;turth=190
bps_webapi,sdg08_unemployment,total.august,2026-09-08,2018,province,9400,Papua,percent,3,Badan Pusat Statistik,webapi-var-543-updated-2026-05-06,domain=0000;var=543;vervar=9400;turvar=0;th=118;turth=190
bps_webapi,sdg08_unemployment,total.august,2026-09-08,2019,national,9999,Indonesia,percent,5.23,Badan Pusat Statistik,webapi-var-543-updated-2026-05-06,domain=0000;var=543;vervar=9999;turvar=0;th=119;turth=190
bps_webapi,sdg08_unemployment,total.august,2026-09-08,2019,province,1100,Aceh,percent,6.17,Badan Pusat Statistik,webapi-var-543-updated-2026-05-06,domain=0000;var=543;vervar=1100;turvar=0;th=119;turth=190
bps_webapi,sdg08_unemployment,total.august,2026-09-08,2019,province,1200,Sumatera Utara,percent,5.39,Badan Pusat Statistik,webapi-var-543-updated-2026-05-06,domain=0000;var=543;vervar=1200;turvar=0;th=119;turth=190
bps_webapi,sdg08_unemployment,total.august,2026-09-08,2019,province,1300,Sumatera Barat,percent,5.38,Badan Pusat Statistik,webapi-var-543-updated-2026-05-06,domain=0000;var=543;vervar=1300;turvar=0;th=119;turth=190
bps_webapi,sdg08_unemployment,total.august,2026-09-08,2019,province,1400,Riau,percent,5.76,Badan Pusat Statistik,webapi-var-543-updated-2026-05-06,domain=0000;var=543;vervar=1400;turvar=0;th=119;turth=190
bps_webapi,sdg08_unemployment,total.august,2026-09-08,2019,province,1500,Jambi,percent,4.06,Badan Pusat Statistik,webapi-var-543-updated-2026-05-06,domain=0000;var=543;vervar=1500;turvar=0;th=119;turth=190
bps_webapi,sdg08_unemployment,total.august,2026-09-08,2019,province,1600,Sumatera Selatan,percent,4.53,Badan Pusat Statistik,webapi-var-543-updated-2026-05-06,domain=0000;var=543;vervar=1600;turvar=0;th=119;turth=190
bps_webapi,sdg08_unemployment,total.august,2026-09-08,2019,province,1700,Bengkulu,percent,3.26,Badan Pusat Statistik,webapi-var-543-updated-2026-05-06,domain=0000;var=543;vervar=1700;turvar=0;th=119;turth=190
bps_webapi,sdg08_unemployment,total.august,2026-09-08,2019,province,1800,Lampung,percent,4.03,Badan Pusat Statistik,webapi-var-543-updated-2026-05-06,domain=0000;var=543;vervar=1800;turvar=0;th=119;turth=190
bps_webapi,sdg08_unemployment,total.august,2026-09-08,2019,province,1900,Kep. Bangka Belitung,percent,3.58,Badan Pusat Statistik,webapi-var-543-updated-2026-05-06,domain=0000;var=543;vervar=1900;turvar=0;th=119;turth=190
bps_webapi,sdg08_unemployment,total.august,2026-09-08,2019,province,2100,Kep. Riau,percent,7.5,Badan Pusat Statistik,webapi-var-543-updated-2026-05-06,domain=0000;var=543;vervar=2100;turvar=0;th=119;turth=190
bps_webapi,sdg08_unemployment,total.august,2026-09-08,2019,province,3100,Dki Jakarta,percent,6.54,Badan Pusat Statistik,webapi-var-543-updated-2026-05-06,domain=0000;var=543;vervar=3100;turvar=0;th=119;turth=190
bps_webapi,sdg08_unemployment,total.august,2026-09-08,2019,province,3200,Jawa Barat,percent,8.04,Badan Pusat Statistik,webapi-var-543-updated-2026-05-06,domain=0000;var=543;vervar=3200;turvar=0;th=119;turth=190
bps_webapi,sdg08_unemployment,total.august,2026-09-08,2019,province,3300,Jawa Tengah,percent,4.44,Badan Pusat Statistik,webapi-var-543-updated-2026-05-06,domain=0000;var=543;vervar=3300;turvar=0;th=119;turth=190
bps_webapi,sdg08_unemployment,total.august,2026-09-08,2019,province,3400,Di Yogyakarta,percent,3.18,Badan Pusat Statistik,webapi-var-543-updated-2026-05-06,domain=0000;var=543;vervar=3400;turvar=0;th=119;turth=190
bps_webapi,sdg08_unemployment,total.august,2026-09-08,2019,province,3500,Jawa Timur,percent,3.82,Badan Pusat Statistik,webapi-var-543-updated-2026-05-06,domain=0000;var=543;vervar=3500;turvar=0;th=119;turth=190
bps_webapi,sdg08_unemployment,total.august,2026-09-08,2019,province,3600,Banten,percent,8.11,Badan Pusat Statistik,webapi-var-543-updated-2026-05-06,domain=0000;var=543;vervar=3600;turvar=0;th=119;turth=190
bps_webapi,sdg08_unemployment,total.august,2026-09-08,2019,province,5100,Bali,percent,1.57,Badan Pusat Statistik,webapi-var-543-updated-2026-05-06,domain=0000;var=543;vervar=5100;turvar=0;th=119;turth=190
bps_webapi,sdg08_unemployment,total.august,2026-09-08,2019,province,5200,Nusa Tenggara Barat,percent,3.28,Badan Pusat Statistik,webapi-var-543-updated-2026-05-06,domain=0000;var=543;vervar=5200;turvar=0;th=119;turth=190
bps_webapi,sdg08_unemployment,total.august,2026-09-08,2019,province,5300,Nusa Tenggara Timur,percent,3.14,Badan Pusat Statistik,webapi-var-543-updated-2026-05-06,domain=0000;var=543;vervar=5300;turvar=0;th=119;turth=190
bps_webapi,sdg08_unemployment,total.august,2026-09-08,2019,province,6100,Kalimantan Barat,percent,4.35,Badan Pusat Statistik,webapi-var-543-updated-2026-05-06,domain=0000;var=543;vervar=6100;turvar=0;th=119;turth=190
bps_webapi,sdg08_unemployment,total.august,2026-09-08,2019,province,6200,Kalimantan Tengah,percent,4.04,Badan Pusat Statistik,webapi-var-543-updated-2026-05-06,domain=0000;var=543;vervar=6200;turvar=0;th=119;turth=190
bps_webapi,sdg08_unemployment,total.august,2026-09-08,2019,province,6300,Kalimantan Selatan,percent,4.18,Badan Pusat Statistik,webapi-var-543-updated-2026-05-06,domain=0000;var=543;vervar=6300;turvar=0;th=119;turth=190
bps_webapi,sdg08_unemployment,total.august,2026-09-08,2019,province,6400,Kalimantan Timur,percent,5.94,Badan Pusat Statistik,webapi-var-543-updated-2026-05-06,domain=0000;var=543;vervar=6400;turvar=0;th=119;turth=190
bps_webapi,sdg08_unemployment,total.august,2026-09-08,2019,province,6500,Kalimantan Utara,percent,4.49,Badan Pusat Statistik,webapi-var-543-updated-2026-05-06,domain=0000;var=543;vervar=6500;turvar=0;th=119;turth=190
bps_webapi,sdg08_unemployment,total.august,2026-09-08,2019,province,7100,Sulawesi Utara,percent,6.01,Badan Pusat Statistik,webapi-var-543-updated-2026-05-06,domain=0000;var=543;vervar=7100;turvar=0;th=119;turth=190
bps_webapi,sdg08_unemployment,total.august,2026-09-08,2019,province,7200,Sulawesi Tengah,percent,3.11,Badan Pusat Statistik,webapi-var-543-updated-2026-05-06,domain=0000;var=543;vervar=7200;turvar=0;th=119;turth=190
bps_webapi,sdg08_unemployment,total.august,2026-09-08,2019,province,7300,Sulawesi Selatan,percent,4.62,Badan Pusat Statistik,webapi-var-543-updated-2026-05-06,domain=0000;var=543;vervar=7300;turvar=0;th=119;turth=190
bps_webapi,sdg08_unemployment,total.august,2026-09-08,2019,province,7400,Sulawesi Tenggara,percent,3.52,Badan Pusat Statistik,webapi-var-543-updated-2026-05-06,domain=0000;var=543;vervar=7400;turvar=0;th=119;turth=190
bps_webapi,sdg08_unemployment,total.august,2026-09-08,2019,province,7500,Gorontalo,percent,3.76,Badan Pusat Statistik,webapi-var-543-updated-2026-05-06,domain=0000;var=543;vervar=7500;turvar=0;th=119;turth=190
bps_webapi,sdg08_unemployment,total.august,2026-09-08,2019,province,7600,Sulawesi Barat,percent,2.98,Badan Pusat Statistik,webapi-var-543-updated-2026-05-06,domain=0000;var=543;vervar=7600;turvar=0;th=119;turth=190
bps_webapi,sdg08_unemployment,total.august,2026-09-08,2019,province,8100,Maluku,percent,6.69,Badan Pusat Statistik,webapi-var-543-updated-2026-05-06,domain=0000;var=543;vervar=8100;turvar=0;th=119;turth=190
bps_webapi,sdg08_unemployment,total.august,2026-09-08,2019,province,8200,Maluku Utara,percent,4.81,Badan Pusat Statistik,webapi-var-543-updated-2026-05-06,domain=0000;var=543;vervar=8200;turvar=0;th=119;turth=190
bps_webapi,sdg08_unemployment,total.august,2026-09-08,2019,province,9100,Papua Barat,percent,6.43,Badan Pusat Statistik,webapi-var-543-updated-2026-05-06,domain=0000;var=543;vervar=9100;turvar=0;th=119;turth=190
bps_webapi,sdg08_unemployment,total.august,2026-09-08,2019,province,9400,Papua,percent,3.51,Badan Pusat Statistik,webapi-var-543-updated-2026-05-06,domain=0000;var=543;vervar=9400;turvar=0;th=119;turth=190
bps_webapi,sdg08_unemployment,total.august,2026-09-08,2020,national,9999,Indonesia,percent,7.07,Badan Pusat Statistik,webapi-var-543-updated-2026-05-06,domain=0000;var=543;vervar=9999;turvar=0;th=120;turth=190
bps_webapi,sdg08_unemployment,total.august,2026-09-08,2020,province,1100,Aceh,percent,6.59,Badan Pusat Statistik,webapi-var-543-updated-2026-05-06,domain=0000;var=543;vervar=1100;turvar=0;th=120;turth=190
bps_webapi,sdg08_unemployment,total.august,2026-09-08,2020,province,1200,Sumatera Utara,percent,6.91,Badan Pusat Statistik,webapi-var-543-updated-2026-05-06,domain=0000;var=543;vervar=1200;turvar=0;th=120;turth=190
bps_webapi,sdg08_unemployment,total.august,2026-09-08,2020,province,1300,Sumatera Barat,percent,6.88,Badan Pusat Statistik,webapi-var-543-updated-2026-05-06,domain=0000;var=543;vervar=1300;turvar=0;th=120;turth=190
bps_webapi,sdg08_unemployment,total.august,2026-09-08,2020,province,1400,Riau,percent,6.32,Badan Pusat Statistik,webapi-var-543-updated-2026-05-06,domain=0000;var=543;vervar=1400;turvar=0;th=120;turth=190
bps_webapi,sdg08_unemployment,total.august,2026-09-08,2020,province,1500,Jambi,percent,5.13,Badan Pusat Statistik,webapi-var-543-updated-2026-05-06,domain=0000;var=543;vervar=1500;turvar=0;th=120;turth=190
bps_webapi,sdg08_unemployment,total.august,2026-09-08,2020,province,1600,Sumatera Selatan,percent,5.51,Badan Pusat Statistik,webapi-var-543-updated-2026-05-06,domain=0000;var=543;vervar=1600;turvar=0;th=120;turth=190
bps_webapi,sdg08_unemployment,total.august,2026-09-08,2020,province,1700,Bengkulu,percent,4.07,Badan Pusat Statistik,webapi-var-543-updated-2026-05-06,domain=0000;var=543;vervar=1700;turvar=0;th=120;turth=190
bps_webapi,sdg08_unemployment,total.august,2026-09-08,2020,province,1800,Lampung,percent,4.67,Badan Pusat Statistik,webapi-var-543-updated-2026-05-06,domain=0000;var=543;vervar=1800;turvar=0;th=120;turth=190
bps_webapi,sdg08_unemployment,total.august,2026-09-08,2020,province,1900,Kep. Bangka Belitung,percent,5.25,Badan Pusat Statistik,webapi-var-543-updated-2026-05-06,domain=0000;var=543;vervar=1900;turvar=0;th=120;turth=190
bps_webapi,sdg08_unemployment,total.august,2026-09-08,2020,province,2100,Kep. Riau,percent,10.34,Badan Pusat Statistik,webapi-var-543-updated-2026-05-06,domain=0000;var=543;vervar=2100;turvar=0;th=120;turth=190
bps_webapi,sdg08_unemployment,total.august,2026-09-08,2020,province,3100,Dki Jakarta,percent,10.95,Badan Pusat Statistik,webapi-var-543-updated-2026-05-06,domain=0000;var=543;vervar=3100;turvar=0;th=120;turth=190
bps_webapi,sdg08_unemployment,total.august,2026-09-08,2020,province,3200,Jawa Barat,percent,10.46,Badan Pusat Statistik,webapi-var-543-updated-2026-05-06,domain=0000;var=543;vervar=3200;turvar=0;th=120;turth=190
bps_webapi,sdg08_unemployment,total.august,2026-09-08,2020,province,3300,Jawa Tengah,percent,6.48,Badan Pusat Statistik,webapi-var-543-updated-2026-05-06,domain=0000;var=543;vervar=3300;turvar=0;th=120;turth=190
bps_webapi,sdg08_unemployment,total.august,2026-09-08,2020,province,3400,Di Yogyakarta,percent,4.57,Badan Pusat Statistik,webapi-var-543-updated-2026-05-06,domain=0000;var=543;vervar=3400;turvar=0;th=120;turth=190
bps_webapi,sdg08_unemployment,total.august,2026-09-08,2020,province,3500,Jawa Timur,percent,5.84,Badan Pusat Statistik,webapi-var-543-updated-2026-05-06,domain=0000;var=543;vervar=3500;turvar=0;th=120;turth=190
bps_webapi,sdg08_unemployment,total.august,2026-09-08,2020,province,3600,Banten,percent,10.64,Badan Pusat Statistik,webapi-var-543-updated-2026-05-06,domain=0000;var=543;vervar=3600;turvar=0;th=120;turth=190
bps_webapi,sdg08_unemployment,total.august,2026-09-08,2020,province,5100,Bali,percent,5.63,Badan Pusat Statistik,webapi-var-543-updated-2026-05-06,domain=0000;var=543;vervar=5100;turvar=0;th=120;turth=190
bps_webapi,sdg08_unemployment,total.august,2026-09-08,2020,province,5200,Nusa Tenggara Barat,percent,4.22,Badan Pusat Statistik,webapi-var-543-updated-2026-05-06,domain=0000;var=543;vervar=5200;turvar=0;th=120;turth=190
bps_webapi,sdg08_unemployment,total.august,2026-09-08,2020,province,5300,Nusa Tenggara Timur,percent,4.28,Badan Pusat Statistik,webapi-var-543-updated-2026-05-06,domain=0000;var=543;vervar=5300;turvar=0;th=120;turth=190
bps_webapi,sdg08_unemployment,total.august,2026-09-08,2020,province,6100,Kalimantan Barat,percent,5.81,Badan Pusat Statistik,webapi-var-543-updated-2026-05-06,domain=0000;var=543;vervar=6100;turvar=0;th=120;turth=190
bps_webapi,sdg08_unemployment,total.august,2026-09-08,2020,province,6200,Kalimantan Tengah,percent,4.58,Badan Pusat Statistik,webapi-var-543-updated-2026-05-06,domain=0000;var=543;vervar=6200;turvar=0;th=120;turth=190
bps_webapi,sdg08_unemployment,total.august,2026-09-08,2020,province,6300,Kalimantan Selatan,percent,4.74,Badan Pusat Statistik,webapi-var-543-updated-2026-05-06,domain=0000;var=543;vervar=6300;turvar=0;th=120;turth=190
bps_webapi,sdg08_unemployment,total.august,2026-09-08,2020,province,6400,Kalimantan Timur,percent,6.87,Badan Pusat Statistik,webapi-var-543-updated-2026-05-06,domain=0000;var=543;vervar=6400;turvar=0;th=120;turth=190
bps_webapi,sdg08_unemployment,total.august,2026-09-08,2020,province,6500,Kalimantan Utara,percent,4.97,Badan Pusat Statistik,webapi-var-543-updated-2026-05-06,domain=0000;var=543;vervar=6500;turvar=0;th=120;turth=190
bps_webapi,sdg08_unemployment,total.august,2026-09-08,2020,province,7100,Sulawesi Utara,percent,7.37,Badan Pusat Statistik,webapi-var-543-updated-2026-05-06,domain=0000;var=543;vervar=7100;turvar=0;th=120;turth=190
bps_webapi,sdg08_unemployment,total.august,2026-09-08,2020,province,7200,Sulawesi Tengah,percent,3.77,Badan Pusat Statistik,webapi-var-543-updated-2026-05-06,domain=0000;var=543;vervar=7200;turvar=0;th=120;turth=190
bps_webapi,sdg08_unemployment,total.august,2026-09-08,2020,province,7300,Sulawesi Selatan,percent,6.31,Badan Pusat Statistik,webapi-var-543-updated-2026-05-06,domain=0000;var=543;vervar=7300;turvar=0;th=120;turth=190
bps_webapi,sdg08_unemployment,total.august,2026-09-08,2020,province,7400,Sulawesi Tenggara,percent,4.58,Badan Pusat Statistik,webapi-var-543-updated-2026-05-06,domain=0000;var=543;vervar=7400;turvar=0;th=120;turth=190
bps_webapi,sdg08_unemployment,total.august,2026-09-08,2020,province,7500,Gorontalo,percent,4.28,Badan Pusat Statistik,webapi-var-543-updated-2026-05-06,domain=0000;var=543;vervar=7500;turvar=0;th=120;turth=190
bps_webapi,sdg08_unemployment,total.august,2026-09-08,2020,province,7600,Sulawesi Barat,percent,3.32,Badan Pusat Statistik,webapi-var-543-updated-2026-05-06,domain=0000;var=543;vervar=7600;turvar=0;th=120;turth=190
bps_webapi,sdg08_unemployment,total.august,2026-09-08,2020,province,8100,Maluku,percent,7.57,Badan Pusat Statistik,webapi-var-543-updated-2026-05-06,domain=0000;var=543;vervar=8100;turvar=0;th=120;turth=190
bps_webapi,sdg08_unemployment,total.august,2026-09-08,2020,province,8200,Maluku Utara,percent,5.15,Badan Pusat Statistik,webapi-var-543-updated-2026-05-06,domain=0000;var=543;vervar=8200;turvar=0;th=120;turth=190
bps_webapi,sdg08_unemployment,total.august,2026-09-08,2020,province,9100,Papua Barat,percent,6.8,Badan Pusat Statistik,webapi-var-543-updated-2026-05-06,domain=0000;var=543;vervar=9100;turvar=0;th=120;turth=190
bps_webapi,sdg08_unemployment,total.august,2026-09-08,2020,province,9400,Papua,percent,4.28,Badan Pusat Statistik,webapi-var-543-updated-2026-05-06,domain=0000;var=543;vervar=9400;turvar=0;th=120;turth=190
bps_webapi,sdg08_unemployment,total.august,2026-09-08,2021,national,9999,Indonesia,percent,6.49,Badan Pusat Statistik,webapi-var-543-updated-2026-05-06,domain=0000;var=543;vervar=9999;turvar=0;th=121;turth=190
bps_webapi,sdg08_unemployment,total.august,2026-09-08,2021,province,1100,Aceh,percent,6.3,Badan Pusat Statistik,webapi-var-543-updated-2026-05-06,domain=0000;var=543;vervar=1100;turvar=0;th=121;turth=190
bps_webapi,sdg08_unemployment,total.august,2026-09-08,2021,province,1200,Sumatera Utara,percent,6.33,Badan Pusat Statistik,webapi-var-543-updated-2026-05-06,domain=0000;var=543;vervar=1200;turvar=0;th=121;turth=190
bps_webapi,sdg08_unemployment,total.august,2026-09-08,2021,province,1300,Sumatera Barat,percent,6.52,Badan Pusat Statistik,webapi-var-543-updated-2026-05-06,domain=0000;var=543;vervar=1300;turvar=0;th=121;turth=190
bps_webapi,sdg08_unemployment,total.august,2026-09-08,2021,province,1400,Riau,percent,4.42,Badan Pusat Statistik,webapi-var-543-updated-2026-05-06,domain=0000;var=543;vervar=1400;turvar=0;th=121;turth=190
bps_webapi,sdg08_unemployment,total.august,2026-09-08,2021,province,1500,Jambi,percent,5.09,Badan Pusat Statistik,webapi-var-543-updated-2026-05-06,domain=0000;var=543;vervar=1500;turvar=0;th=121;turth=190
bps_webapi,sdg08_unemployment,total.august,2026-09-08,2021,province,1600,Sumatera Selatan,percent,4.98,Badan Pusat Statistik,webapi-var-543-updated-2026-05-06,domain=0000;var=543;vervar=1600;turvar=0;th=121;turth=190
bps_webapi,sdg08_unemployment,total.august,2026-09-08,2021,province,1700,Bengkulu,percent,3.65,Badan Pusat Statistik,webapi-var-543-updated-2026-05-06,domain=0000;var=543;vervar=1700;turvar=0;th=121;turth=190
bps_webapi,sdg08_unemployment,total.august,2026-09-08,2021,province,1800,Lampung,percent,4.69,Badan Pusat Statistik,webapi-var-543-updated-2026-05-06,domain=0000;var=543;vervar=1800;turvar=0;th=121;turth=190
bps_webapi,sdg08_unemployment,total.august,2026-09-08,2021,province,1900,Kep. Bangka Belitung,percent,5.03,Badan Pusat Statistik,webapi-var-543-updated-2026-05-06,domain=0000;var=543;vervar=1900;turvar=0;th=121;turth=190
bps_webapi,sdg08_unemployment,total.august,2026-09-08,2021,province,2100,Kep. Riau,percent,9.91,Badan Pusat Statistik,webapi-var-543-updated-2026-05-06,domain=0000;var=543;vervar=2100;turvar=0;th=121;turth=190
bps_webapi,sdg08_unemployment,total.august,2026-09-08,2021,province,3100,Dki Jakarta,percent,8.5,Badan Pusat Statistik,webapi-var-543-updated-2026-05-06,domain=0000;var=543;vervar=3100;turvar=0;th=121;turth=190
bps_webapi,sdg08_unemployment,total.august,2026-09-08,2021,province,3200,Jawa Barat,percent,9.82,Badan Pusat Statistik,webapi-var-543-updated-2026-05-06,domain=0000;var=543;vervar=3200;turvar=0;th=121;turth=190
bps_webapi,sdg08_unemployment,total.august,2026-09-08,2021,province,3300,Jawa Tengah,percent,5.95,Badan Pusat Statistik,webapi-var-543-updated-2026-05-06,domain=0000;var=543;vervar=3300;turvar=0;th=121;turth=190
bps_webapi,sdg08_unemployment,total.august,2026-09-08,2021,province,3400,Di Yogyakarta,percent,4.56,Badan Pusat Statistik,webapi-var-543-updated-2026-05-06,domain=0000;var=543;vervar=3400;turvar=0;th=121;turth=190
bps_webapi,sdg08_unemployment,total.august,2026-09-08,2021,province,3500,Jawa Timur,percent,5.74,Badan Pusat Statistik,webapi-var-543-updated-2026-05-06,domain=0000;var=543;vervar=3500;turvar=0;th=121;turth=190
bps_webapi,sdg08_unemployment,total.august,2026-09-08,2021,province,3600,Banten,percent,8.98,Badan Pusat Statistik,webapi-var-543-updated-2026-05-06,domain=0000;var=543;vervar=3600;turvar=0;th=121;turth=190
bps_webapi,sdg08_unemployment,total.august,2026-09-08,2021,province,5100,Bali,percent,5.37,Badan Pusat Statistik,webapi-var-543-updated-2026-05-06,domain=0000;var=543;vervar=5100;turvar=0;th=121;turth=190
bps_webapi,sdg08_unemployment,total.august,2026-09-08,2021,province,5200,Nusa Tenggara Barat,percent,3.01,Badan Pusat Statistik,webapi-var-543-updated-2026-05-06,domain=0000;var=543;vervar=5200;turvar=0;th=121;turth=190
bps_webapi,sdg08_unemployment,total.august,2026-09-08,2021,province,5300,Nusa Tenggara Timur,percent,3.77,Badan Pusat Statistik,webapi-var-543-updated-2026-05-06,domain=0000;var=543;vervar=5300;turvar=0;th=121;turth=190
bps_webapi,sdg08_unemployment,total.august,2026-09-08,2021,province,6100,Kalimantan Barat,percent,5.82,Badan Pusat Statistik,webapi-var-543-updated-2026-05-06,domain=0000;var=543;vervar=6100;turvar=0;th=121;turth=190
bps_webapi,sdg08_unemployment,total.august,2026-09-08,2021,province,6200,Kalimantan Tengah,percent,4.53,Badan Pusat Statistik,webapi-var-543-updated-2026-05-06,domain=0000;var=543;vervar=6200;turvar=0;th=121;turth=190
bps_webapi,sdg08_unemployment,total.august,2026-09-08,2021,province,6300,Kalimantan Selatan,percent,4.95,Badan Pusat Statistik,webapi-var-543-updated-2026-05-06,domain=0000;var=543;vervar=6300;turvar=0;th=121;turth=190
bps_webapi,sdg08_unemployment,total.august,2026-09-08,2021,province,6400,Kalimantan Timur,percent,6.83,Badan Pusat Statistik,webapi-var-543-updated-2026-05-06,domain=0000;var=543;vervar=6400;turvar=0;th=121;turth=190
bps_webapi,sdg08_unemployment,total.august,2026-09-08,2021,province,6500,Kalimantan Utara,percent,4.58,Badan Pusat Statistik,webapi-var-543-updated-2026-05-06,domain=0000;var=543;vervar=6500;turvar=0;th=121;turth=190
bps_webapi,sdg08_unemployment,total.august,2026-09-08,2021,province,7100,Sulawesi Utara,percent,7.06,Badan Pusat Statistik,webapi-var-543-updated-2026-05-06,domain=0000;var=543;vervar=7100;turvar=0;th=121;turth=190
bps_webapi,sdg08_unemployment,total.august,2026-09-08,2021,province,7200,Sulawesi Tengah,percent,3.75,Badan Pusat Statistik,webapi-var-543-updated-2026-05-06,domain=0000;var=543;vervar=7200;turvar=0;th=121;turth=190
bps_webapi,sdg08_unemployment,total.august,2026-09-08,2021,province,7300,Sulawesi Selatan,percent,5.72,Badan Pusat Statistik,webapi-var-543-updated-2026-05-06,domain=0000;var=543;vervar=7300;turvar=0;th=121;turth=190
bps_webapi,sdg08_unemployment,total.august,2026-09-08,2021,province,7400,Sulawesi Tenggara,percent,3.92,Badan Pusat Statistik,webapi-var-543-updated-2026-05-06,domain=0000;var=543;vervar=7400;turvar=0;th=121;turth=190
bps_webapi,sdg08_unemployment,total.august,2026-09-08,2021,province,7500,Gorontalo,percent,3.01,Badan Pusat Statistik,webapi-var-543-updated-2026-05-06,domain=0000;var=543;vervar=7500;turvar=0;th=121;turth=190
bps_webapi,sdg08_unemployment,total.august,2026-09-08,2021,province,7600,Sulawesi Barat,percent,3.13,Badan Pusat Statistik,webapi-var-543-updated-2026-05-06,domain=0000;var=543;vervar=7600;turvar=0;th=121;turth=190
bps_webapi,sdg08_unemployment,total.august,2026-09-08,2021,province,8100,Maluku,percent,6.93,Badan Pusat Statistik,webapi-var-543-updated-2026-05-06,domain=0000;var=543;vervar=8100;turvar=0;th=121;turth=190
bps_webapi,sdg08_unemployment,total.august,2026-09-08,2021,province,8200,Maluku Utara,percent,4.71,Badan Pusat Statistik,webapi-var-543-updated-2026-05-06,domain=0000;var=543;vervar=8200;turvar=0;th=121;turth=190
bps_webapi,sdg08_unemployment,total.august,2026-09-08,2021,province,9100,Papua Barat,percent,5.84,Badan Pusat Statistik,webapi-var-543-updated-2026-05-06,domain=0000;var=543;vervar=9100;turvar=0;th=121;turth=190
bps_webapi,sdg08_unemployment,total.august,2026-09-08,2021,province,9400,Papua,percent,3.33,Badan Pusat Statistik,webapi-var-543-updated-2026-05-06,domain=0000;var=543;vervar=9400;turvar=0;th=121;turth=190
bps_webapi,sdg08_unemployment,total.august,2026-09-08,2022,national,9999,Indonesia,percent,5.86,Badan Pusat Statistik,webapi-var-543-updated-2026-05-06,domain=0000;var=543;vervar=9999;turvar=0;th=122;turth=190
bps_webapi,sdg08_unemployment,total.august,2026-09-08,2022,province,1100,Aceh,percent,6.17,Badan Pusat Statistik,webapi-var-543-updated-2026-05-06,domain=0000;var=543;vervar=1100;turvar=0;th=122;turth=190
bps_webapi,sdg08_unemployment,total.august,2026-09-08,2022,province,1200,Sumatera Utara,percent,6.16,Badan Pusat Statistik,webapi-var-543-updated-2026-05-06,domain=0000;var=543;vervar=1200;turvar=0;th=122;turth=190
bps_webapi,sdg08_unemployment,total.august,2026-09-08,2022,province,1300,Sumatera Barat,percent,6.28,Badan Pusat Statistik,webapi-var-543-updated-2026-05-06,domain=0000;var=543;vervar=1300;turvar=0;th=122;turth=190
bps_webapi,sdg08_unemployment,total.august,2026-09-08,2022,province,1400,Riau,percent,4.37,Badan Pusat Statistik,webapi-var-543-updated-2026-05-06,domain=0000;var=543;vervar=1400;turvar=0;th=122;turth=190
bps_webapi,sdg08_unemployment,total.august,2026-09-08,2022,province,1500,Jambi,percent,4.59,Badan Pusat Statistik,webapi-var-543-updated-2026-05-06,domain=0000;var=543;vervar=1500;turvar=0;th=122;turth=190
bps_webapi,sdg08_unemployment,total.august,2026-09-08,2022,province,1600,Sumatera Selatan,percent,4.63,Badan Pusat Statistik,webapi-var-543-updated-2026-05-06,domain=0000;var=543;vervar=1600;turvar=0;th=122;turth=190
bps_webapi,sdg08_unemployment,total.august,2026-09-08,2022,province,1700,Bengkulu,percent,3.59,Badan Pusat Statistik,webapi-var-543-updated-2026-05-06,domain=0000;var=543;vervar=1700;turvar=0;th=122;turth=190
bps_webapi,sdg08_unemployment,total.august,2026-09-08,2022,province,1800,Lampung,percent,4.52,Badan Pusat Statistik,webapi-var-543-updated-2026-05-06,domain=0000;var=543;vervar=1800;turvar=0;th=122;turth=190
bps_webapi,sdg08_unemployment,total.august,2026-09-08,2022,province,1900,Kep. Bangka Belitung,percent,4.77,Badan Pusat Statistik,webapi-var-543-updated-2026-05-06,domain=0000;var=543;vervar=1900;turvar=0;th=122;turth=190
bps_webapi,sdg08_unemployment,total.august,2026-09-08,2022,province,2100,Kep. Riau,percent,8.23,Badan Pusat Statistik,webapi-var-543-updated-2026-05-06,domain=0000;var=543;vervar=2100;turvar=0;th=122;turth=190
bps_webapi,sdg08_unemployment,total.august,2026-09-08,2022,province,3100,Dki Jakarta,percent,7.18,Badan Pusat Statistik,webapi-var-543-updated-2026-05-06,domain=0000;var=543;vervar=3100;turvar=0;th=122;turth=190
bps_webapi,sdg08_unemployment,total.august,2026-09-08,2022,province,3200,Jawa Barat,percent,8.31,Badan Pusat Statistik,webapi-var-543-updated-2026-05-06,domain=0000;var=543;vervar=3200;turvar=0;th=122;turth=190
bps_webapi,sdg08_unemployment,total.august,2026-09-08,2022,province,3300,Jawa Tengah,percent,5.57,Badan Pusat Statistik,webapi-var-543-updated-2026-05-06,domain=0000;var=543;vervar=3300;turvar=0;th=122;turth=190
bps_webapi,sdg08_unemployment,total.august,2026-09-08,2022,province,3400,Di Yogyakarta,percent,4.06,Badan Pusat Statistik,webapi-var-543-updated-2026-05-06,domain=0000;var=543;vervar=3400;turvar=0;th=122;turth=190
bps_webapi,sdg08_unemployment,total.august,2026-09-08,2022,province,3500,Jawa Timur,percent,5.49,Badan Pusat Statistik,webapi-var-543-updated-2026-05-06,domain=0000;var=543;vervar=3500;turvar=0;th=122;turth=190
bps_webapi,sdg08_unemployment,total.august,2026-09-08,2022,province,3600,Banten,percent,8.09,Badan Pusat Statistik,webapi-var-543-updated-2026-05-06,domain=0000;var=543;vervar=3600;turvar=0;th=122;turth=190
bps_webapi,sdg08_unemployment,total.august,2026-09-08,2022,province,5100,Bali,percent,4.8,Badan Pusat Statistik,webapi-var-543-updated-2026-05-06,domain=0000;var=543;vervar=5100;turvar=0;th=122;turth=190
bps_webapi,sdg08_unemployment,total.august,2026-09-08,2022,province,5200,Nusa Tenggara Barat,percent,2.89,Badan Pusat Statistik,webapi-var-543-updated-2026-05-06,domain=0000;var=543;vervar=5200;turvar=0;th=122;turth=190
bps_webapi,sdg08_unemployment,total.august,2026-09-08,2022,province,5300,Nusa Tenggara Timur,percent,3.54,Badan Pusat Statistik,webapi-var-543-updated-2026-05-06,domain=0000;var=543;vervar=5300;turvar=0;th=122;turth=190
bps_webapi,sdg08_unemployment,total.august,2026-09-08,2022,province,6100,Kalimantan Barat,percent,5.11,Badan Pusat Statistik,webapi-var-543-updated-2026-05-06,domain=0000;var=543;vervar=6100;turvar=0;th=122;turth=190
bps_webapi,sdg08_unemployment,total.august,2026-09-08,2022,province,6200,Kalimantan Tengah,percent,4.26,Badan Pusat Statistik,webapi-var-543-updated-2026-05-06,domain=0000;var=543;vervar=6200;turvar=0;th=122;turth=190
bps_webapi,sdg08_unemployment,total.august,2026-09-08,2022,province,6300,Kalimantan Selatan,percent,4.74,Badan Pusat Statistik,webapi-var-543-updated-2026-05-06,domain=0000;var=543;vervar=6300;turvar=0;th=122;turth=190
bps_webapi,sdg08_unemployment,total.august,2026-09-08,2022,province,6400,Kalimantan Timur,percent,5.71,Badan Pusat Statistik,webapi-var-543-updated-2026-05-06,domain=0000;var=543;vervar=6400;turvar=0;th=122;turth=190
bps_webapi,sdg08_unemployment,total.august,2026-09-08,2022,province,6500,Kalimantan Utara,percent,4.33,Badan Pusat Statistik,webapi-var-543-updated-2026-05-06,domain=0000;var=543;vervar=6500;turvar=0;th=122;turth=190
bps_webapi,sdg08_unemployment,total.august,2026-09-08,2022,province,7100,Sulawesi Utara,percent,6.61,Badan Pusat Statistik,webapi-var-543-updated-2026-05-06,domain=0000;var=543;vervar=7100;turvar=0;th=122;turth=190
bps_webapi,sdg08_unemployment,total.august,2026-09-08,2022,province,7200,Sulawesi Tengah,percent,3,Badan Pusat Statistik,webapi-var-543-updated-2026-05-06,domain=0000;var=543;vervar=7200;turvar=0;th=122;turth=190
bps_webapi,sdg08_unemployment,total.august,2026-09-08,2022,province,7300,Sulawesi Selatan,percent,4.51,Badan Pusat Statistik,webapi-var-543-updated-2026-05-06,domain=0000;var=543;vervar=7300;turvar=0;th=122;turth=190
bps_webapi,sdg08_unemployment,total.august,2026-09-08,2022,province,7400,Sulawesi Tenggara,percent,3.36,Badan Pusat Statistik,webapi-var-543-updated-2026-05-06,domain=0000;var=543;vervar=7400;turvar=0;th=122;turth=190
bps_webapi,sdg08_unemployment,total.august,2026-09-08,2022,province,7500,Gorontalo,percent,2.58,Badan Pusat Statistik,webapi-var-543-updated-2026-05-06,domain=0000;var=543;vervar=7500;turvar=0;th=122;turth=190
bps_webapi,sdg08_unemployment,total.august,2026-09-08,2022,province,7600,Sulawesi Barat,percent,2.34,Badan Pusat Statistik,webapi-var-543-updated-2026-05-06,domain=0000;var=543;vervar=7600;turvar=0;th=122;turth=190
bps_webapi,sdg08_unemployment,total.august,2026-09-08,2022,province,8100,Maluku,percent,6.88,Badan Pusat Statistik,webapi-var-543-updated-2026-05-06,domain=0000;var=543;vervar=8100;turvar=0;th=122;turth=190
bps_webapi,sdg08_unemployment,total.august,2026-09-08,2022,province,8200,Maluku Utara,percent,3.98,Badan Pusat Statistik,webapi-var-543-updated-2026-05-06,domain=0000;var=543;vervar=8200;turvar=0;th=122;turth=190
bps_webapi,sdg08_unemployment,total.august,2026-09-08,2022,province,9100,Papua Barat,percent,5.37,Badan Pusat Statistik,webapi-var-543-updated-2026-05-06,domain=0000;var=543;vervar=9100;turvar=0;th=122;turth=190
bps_webapi,sdg08_unemployment,total.august,2026-09-08,2022,province,9400,Papua,percent,2.83,Badan Pusat Statistik,webapi-var-543-updated-2026-05-06,domain=0000;var=543;vervar=9400;turvar=0;th=122;turth=190
bps_webapi,sdg08_unemployment,total.august,2026-09-08,2023,national,9999,Indonesia,percent,5.32,Badan Pusat Statistik,webapi-var-543-updated-2026-05-06,domain=0000;var=543;vervar=9999;turvar=0;th=123;turth=190
bps_webapi,sdg08_unemployment,total.august,2026-09-08,2023,province,1100,Aceh,percent,6.03,Badan Pusat Statistik,webapi-var-543-updated-2026-05-06,domain=0000;var=543;vervar=1100;turvar=0;th=123;turth=190
bps_webapi,sdg08_unemployment,total.august,2026-09-08,2023,province,1200,Sumatera Utara,percent,5.89,Badan Pusat Statistik,webapi-var-543-updated-2026-05-06,domain=0000;var=543;vervar=1200;turvar=0;th=123;turth=190
bps_webapi,sdg08_unemployment,total.august,2026-09-08,2023,province,1300,Sumatera Barat,percent,5.94,Badan Pusat Statistik,webapi-var-543-updated-2026-05-06,domain=0000;var=543;vervar=1300;turvar=0;th=123;turth=190
bps_webapi,sdg08_unemployment,total.august,2026-09-08,2023,province,1400,Riau,percent,4.23,Badan Pusat Statistik,webapi-var-543-updated-2026-05-06,domain=0000;var=543;vervar=1400;turvar=0;th=123;turth=190
bps_webapi,sdg08_unemployment,total.august,2026-09-08,2023,province,1500,Jambi,percent,4.53,Badan Pusat Statistik,webapi-var-543-updated-2026-05-06,domain=0000;var=543;vervar=1500;turvar=0;th=123;turth=190
bps_webapi,sdg08_unemployment,total.august,2026-09-08,2023,province,1600,Sumatera Selatan,percent,4.11,Badan Pusat Statistik,webapi-var-543-updated-2026-05-06,domain=0000;var=543;vervar=1600;turvar=0;th=123;turth=190
bps_webapi,sdg08_unemployment,total.august,2026-09-08,2023,province,1700,Bengkulu,percent,3.42,Badan Pusat Statistik,webapi-var-543-updated-2026-05-06,domain=0000;var=543;vervar=1700;turvar=0;th=123;turth=190
bps_webapi,sdg08_unemployment,total.august,2026-09-08,2023,province,1800,Lampung,percent,4.23,Badan Pusat Statistik,webapi-var-543-updated-2026-05-06,domain=0000;var=543;vervar=1800;turvar=0;th=123;turth=190
bps_webapi,sdg08_unemployment,total.august,2026-09-08,2023,province,1900,Kep. Bangka Belitung,percent,4.56,Badan Pusat Statistik,webapi-var-543-updated-2026-05-06,domain=0000;var=543;vervar=1900;turvar=0;th=123;turth=190
bps_webapi,sdg08_unemployment,total.august,2026-09-08,2023,province,2100,Kep. Riau,percent,6.8,Badan Pusat Statistik,webapi-var-543-updated-2026-05-06,domain=0000;var=543;vervar=2100;turvar=0;th=123;turth=190
bps_webapi,sdg08_unemployment,total.august,2026-09-08,2023,province,3100,Dki Jakarta,percent,6.53,Badan Pusat Statistik,webapi-var-543-updated-2026-05-06,domain=0000;var=543;vervar=3100;turvar=0;th=123;turth=190
bps_webapi,sdg08_unemployment,total.august,2026-09-08,2023,province,3200,Jawa Barat,percent,7.44,Badan Pusat Statistik,webapi-var-543-updated-2026-05-06,domain=0000;var=543;vervar=3200;turvar=0;th=123;turth=190
bps_webapi,sdg08_unemployment,total.august,2026-09-08,2023,province,3300,Jawa Tengah,percent,5.13,Badan Pusat Statistik,webapi-var-543-updated-2026-05-06,domain=0000;var=543;vervar=3300;turvar=0;th=123;turth=190
bps_webapi,sdg08_unemployment,total.august,2026-09-08,2023,province,3400,Di Yogyakarta,percent,3.69,Badan Pusat Statistik,webapi-var-543-updated-2026-05-06,domain=0000;var=543;vervar=3400;turvar=0;th=123;turth=190
bps_webapi,sdg08_unemployment,total.august,2026-09-08,2023,province,3500,Jawa Timur,percent,4.88,Badan Pusat Statistik,webapi-var-543-updated-2026-05-06,domain=0000;var=543;vervar=3500;turvar=0;th=123;turth=190
bps_webapi,sdg08_unemployment,total.august,2026-09-08,2023,province,3600,Banten,percent,7.52,Badan Pusat Statistik,webapi-var-543-updated-2026-05-06,domain=0000;var=543;vervar=3600;turvar=0;th=123;turth=190
bps_webapi,sdg08_unemployment,total.august,2026-09-08,2023,province,5100,Bali,percent,2.69,Badan Pusat Statistik,webapi-var-543-updated-2026-05-06,domain=0000;var=543;vervar=5100;turvar=0;th=123;turth=190
bps_webapi,sdg08_unemployment,total.august,2026-09-08,2023,province,5200,Nusa Tenggara Barat,percent,2.8,Badan Pusat Statistik,webapi-var-543-updated-2026-05-06,domain=0000;var=543;vervar=5200;turvar=0;th=123;turth=190
bps_webapi,sdg08_unemployment,total.august,2026-09-08,2023,province,5300,Nusa Tenggara Timur,percent,3.14,Badan Pusat Statistik,webapi-var-543-updated-2026-05-06,domain=0000;var=543;vervar=5300;turvar=0;th=123;turth=190
bps_webapi,sdg08_unemployment,total.august,2026-09-08,2023,province,6100,Kalimantan Barat,percent,5.05,Badan Pusat Statistik,webapi-var-543-updated-2026-05-06,domain=0000;var=543;vervar=6100;turvar=0;th=123;turth=190
bps_webapi,sdg08_unemployment,total.august,2026-09-08,2023,province,6200,Kalimantan Tengah,percent,4.1,Badan Pusat Statistik,webapi-var-543-updated-2026-05-06,domain=0000;var=543;vervar=6200;turvar=0;th=123;turth=190
bps_webapi,sdg08_unemployment,total.august,2026-09-08,2023,province,6300,Kalimantan Selatan,percent,4.31,Badan Pusat Statistik,webapi-var-543-updated-2026-05-06,domain=0000;var=543;vervar=6300;turvar=0;th=123;turth=190
bps_webapi,sdg08_unemployment,total.august,2026-09-08,2023,province,6400,Kalimantan Timur,percent,5.31,Badan Pusat Statistik,webapi-var-543-updated-2026-05-06,domain=0000;var=543;vervar=6400;turvar=0;th=123;turth=190
bps_webapi,sdg08_unemployment,total.august,2026-09-08,2023,province,6500,Kalimantan Utara,percent,4.01,Badan Pusat Statistik,webapi-var-543-updated-2026-05-06,domain=0000;var=543;vervar=6500;turvar=0;th=123;turth=190
bps_webapi,sdg08_unemployment,total.august,2026-09-08,2023,province,7100,Sulawesi Utara,percent,6.1,Badan Pusat Statistik,webapi-var-543-updated-2026-05-06,domain=0000;var=543;vervar=7100;turvar=0;th=123;turth=190
bps_webapi,sdg08_unemployment,total.august,2026-09-08,2023,province,7200,Sulawesi Tengah,percent,2.95,Badan Pusat Statistik,webapi-var-543-updated-2026-05-06,domain=0000;var=543;vervar=7200;turvar=0;th=123;turth=190
bps_webapi,sdg08_unemployment,total.august,2026-09-08,2023,province,7300,Sulawesi Selatan,percent,4.33,Badan Pusat Statistik,webapi-var-543-updated-2026-05-06,domain=0000;var=543;vervar=7300;turvar=0;th=123;turth=190
bps_webapi,sdg08_unemployment,total.august,2026-09-08,2023,province,7400,Sulawesi Tenggara,percent,3.15,Badan Pusat Statistik,webapi-var-543-updated-2026-05-06,domain=0000;var=543;vervar=7400;turvar=0;th=123;turth=190
bps_webapi,sdg08_unemployment,total.august,2026-09-08,2023,province,7500,Gorontalo,percent,3.06,Badan Pusat Statistik,webapi-var-543-updated-2026-05-06,domain=0000;var=543;vervar=7500;turvar=0;th=123;turth=190
bps_webapi,sdg08_unemployment,total.august,2026-09-08,2023,province,7600,Sulawesi Barat,percent,2.27,Badan Pusat Statistik,webapi-var-543-updated-2026-05-06,domain=0000;var=543;vervar=7600;turvar=0;th=123;turth=190
bps_webapi,sdg08_unemployment,total.august,2026-09-08,2023,province,8100,Maluku,percent,6.31,Badan Pusat Statistik,webapi-var-543-updated-2026-05-06,domain=0000;var=543;vervar=8100;turvar=0;th=123;turth=190
bps_webapi,sdg08_unemployment,total.august,2026-09-08,2023,province,8200,Maluku Utara,percent,4.31,Badan Pusat Statistik,webapi-var-543-updated-2026-05-06,domain=0000;var=543;vervar=8200;turvar=0;th=123;turth=190
bps_webapi,sdg08_unemployment,total.august,2026-09-08,2023,province,9100,Papua Barat,percent,5.38,Badan Pusat Statistik,webapi-var-543-updated-2026-05-06,domain=0000;var=543;vervar=9100;turvar=0;th=123;turth=190
bps_webapi,sdg08_unemployment,total.august,2026-09-08,2023,province,9400,Papua,percent,2.67,Badan Pusat Statistik,webapi-var-543-updated-2026-05-06,domain=0000;var=543;vervar=9400;turvar=0;th=123;turth=190
bps_webapi,sdg08_unemployment,total.august,2026-09-08,2024,national,9999,Indonesia,percent,4.91,Badan Pusat Statistik,webapi-var-543-updated-2026-05-06,domain=0000;var=543;vervar=9999;turvar=0;th=124;turth=190
bps_webapi,sdg08_unemployment,total.august,2026-09-08,2024,province,1100,Aceh,percent,5.75,Badan Pusat Statistik,webapi-var-543-updated-2026-05-06,domain=0000;var=543;vervar=1100;turvar=0;th=124;turth=190
bps_webapi,sdg08_unemployment,total.august,2026-09-08,2024,province,1200,Sumatera Utara,percent,5.6,Badan Pusat Statistik,webapi-var-543-updated-2026-05-06,domain=0000;var=543;vervar=1200;turvar=0;th=124;turth=190
bps_webapi,sdg08_unemployment,total.august,2026-09-08,2024,province,1300,Sumatera Barat,percent,5.75,Badan Pusat Statistik,webapi-var-543-updated-2026-05-06,domain=0000;var=543;vervar=1300;turvar=0;th=124;turth=190
bps_webapi,sdg08_unemployment,total.august,2026-09-08,2024,province,1400,Riau,percent,3.7,Badan Pusat Statistik,webapi-var-543-updated-2026-05-06,domain=0000;var=543;vervar=1400;turvar=0;th=124;turth=190
bps_webapi,sdg08_unemployment,total.august,2026-09-08,2024,province,1500,Jambi,percent,4.48,Badan Pusat Statistik,webapi-var-543-updated-2026-05-06,domain=0000;var=543;vervar=1500;turvar=0;th=124;turth=190
bps_webapi,sdg08_unemployment,total.august,2026-09-08,2024,province,1600,Sumatera Selatan,percent,3.86,Badan Pusat Statistik,webapi-var-543-updated-2026-05-06,domain=0000;var=543;vervar=1600;turvar=0;th=124;turth=190
bps_webapi,sdg08_unemployment,total.august,2026-09-08,2024,province,1700,Bengkulu,percent,3.11,Badan Pusat Statistik,webapi-var-543-updated-2026-05-06,domain=0000;var=543;vervar=1700;turvar=0;th=124;turth=190
bps_webapi,sdg08_unemployment,total.august,2026-09-08,2024,province,1800,Lampung,percent,4.19,Badan Pusat Statistik,webapi-var-543-updated-2026-05-06,domain=0000;var=543;vervar=1800;turvar=0;th=124;turth=190
bps_webapi,sdg08_unemployment,total.august,2026-09-08,2024,province,1900,Kep. Bangka Belitung,percent,4.63,Badan Pusat Statistik,webapi-var-543-updated-2026-05-06,domain=0000;var=543;vervar=1900;turvar=0;th=124;turth=190
bps_webapi,sdg08_unemployment,total.august,2026-09-08,2024,province,2100,Kep. Riau,percent,6.39,Badan Pusat Statistik,webapi-var-543-updated-2026-05-06,domain=0000;var=543;vervar=2100;turvar=0;th=124;turth=190
bps_webapi,sdg08_unemployment,total.august,2026-09-08,2024,province,3100,Dki Jakarta,percent,6.21,Badan Pusat Statistik,webapi-var-543-updated-2026-05-06,domain=0000;var=543;vervar=3100;turvar=0;th=124;turth=190
bps_webapi,sdg08_unemployment,total.august,2026-09-08,2024,province,3200,Jawa Barat,percent,6.75,Badan Pusat Statistik,webapi-var-543-updated-2026-05-06,domain=0000;var=543;vervar=3200;turvar=0;th=124;turth=190
bps_webapi,sdg08_unemployment,total.august,2026-09-08,2024,province,3300,Jawa Tengah,percent,4.78,Badan Pusat Statistik,webapi-var-543-updated-2026-05-06,domain=0000;var=543;vervar=3300;turvar=0;th=124;turth=190
bps_webapi,sdg08_unemployment,total.august,2026-09-08,2024,province,3400,Di Yogyakarta,percent,3.48,Badan Pusat Statistik,webapi-var-543-updated-2026-05-06,domain=0000;var=543;vervar=3400;turvar=0;th=124;turth=190
bps_webapi,sdg08_unemployment,total.august,2026-09-08,2024,province,3500,Jawa Timur,percent,4.19,Badan Pusat Statistik,webapi-var-543-updated-2026-05-06,domain=0000;var=543;vervar=3500;turvar=0;th=124;turth=190
bps_webapi,sdg08_unemployment,total.august,2026-09-08,2024,province,3600,Banten,percent,6.68,Badan Pusat Statistik,webapi-var-543-updated-2026-05-06,domain=0000;var=543;vervar=3600;turvar=0;th=124;turth=190
bps_webapi,sdg08_unemployment,total.august,2026-09-08,2024,province,5100,Bali,percent,1.79,Badan Pusat Statistik,webapi-var-543-updated-2026-05-06,domain=0000;var=543;vervar=5100;turvar=0;th=124;turth=190
bps_webapi,sdg08_unemployment,total.august,2026-09-08,2024,province,5200,Nusa Tenggara Barat,percent,2.73,Badan Pusat Statistik,webapi-var-543-updated-2026-05-06,domain=0000;var=543;vervar=5200;turvar=0;th=124;turth=190
bps_webapi,sdg08_unemployment,total.august,2026-09-08,2024,province,5300,Nusa Tenggara Timur,percent,3.02,Badan Pusat Statistik,webapi-var-543-updated-2026-05-06,domain=0000;var=543;vervar=5300;turvar=0;th=124;turth=190
bps_webapi,sdg08_unemployment,total.august,2026-09-08,2024,province,6100,Kalimantan Barat,percent,4.86,Badan Pusat Statistik,webapi-var-543-updated-2026-05-06,domain=0000;var=543;vervar=6100;turvar=0;th=124;turth=190
bps_webapi,sdg08_unemployment,total.august,2026-09-08,2024,province,6200,Kalimantan Tengah,percent,4.01,Badan Pusat Statistik,webapi-var-543-updated-2026-05-06,domain=0000;var=543;vervar=6200;turvar=0;th=124;turth=190
bps_webapi,sdg08_unemployment,total.august,2026-09-08,2024,province,6300,Kalimantan Selatan,percent,4.2,Badan Pusat Statistik,webapi-var-543-updated-2026-05-06,domain=0000;var=543;vervar=6300;turvar=0;th=124;turth=190
bps_webapi,sdg08_unemployment,total.august,2026-09-08,2024,province,6400,Kalimantan Timur,percent,5.14,Badan Pusat Statistik,webapi-var-543-updated-2026-05-06,domain=0000;var=543;vervar=6400;turvar=0;th=124;turth=190
bps_webapi,sdg08_unemployment,total.august,2026-09-08,2024,province,6500,Kalimantan Utara,percent,3.9,Badan Pusat Statistik,webapi-var-543-updated-2026-05-06,domain=0000;var=543;vervar=6500;turvar=0;th=124;turth=190
bps_webapi,sdg08_unemployment,total.august,2026-09-08,2024,province,7100,Sulawesi Utara,percent,5.85,Badan Pusat Statistik,webapi-var-543-updated-2026-05-06,domain=0000;var=543;vervar=7100;turvar=0;th=124;turth=190
bps_webapi,sdg08_unemployment,total.august,2026-09-08,2024,province,7200,Sulawesi Tengah,percent,2.94,Badan Pusat Statistik,webapi-var-543-updated-2026-05-06,domain=0000;var=543;vervar=7200;turvar=0;th=124;turth=190
bps_webapi,sdg08_unemployment,total.august,2026-09-08,2024,province,7300,Sulawesi Selatan,percent,4.19,Badan Pusat Statistik,webapi-var-543-updated-2026-05-06,domain=0000;var=543;vervar=7300;turvar=0;th=124;turth=190
bps_webapi,sdg08_unemployment,total.august,2026-09-08,2024,province,7400,Sulawesi Tenggara,percent,3.09,Badan Pusat Statistik,webapi-var-543-updated-2026-05-06,domain=0000;var=543;vervar=7400;turvar=0;th=124;turth=190
bps_webapi,sdg08_unemployment,total.august,2026-09-08,2024,province,7500,Gorontalo,percent,3.13,Badan Pusat Statistik,webapi-var-543-updated-2026-05-06,domain=0000;var=543;vervar=7500;turvar=0;th=124;turth=190
bps_webapi,sdg08_unemployment,total.august,2026-09-08,2024,province,7600,Sulawesi Barat,percent,2.68,Badan Pusat Statistik,webapi-var-543-updated-2026-05-06,domain=0000;var=543;vervar=7600;turvar=0;th=124;turth=190
bps_webapi,sdg08_unemployment,total.august,2026-09-08,2024,province,8100,Maluku,percent,6.11,Badan Pusat Statistik,webapi-var-543-updated-2026-05-06,domain=0000;var=543;vervar=8100;turvar=0;th=124;turth=190
bps_webapi,sdg08_unemployment,total.august,2026-09-08,2024,province,8200,Maluku Utara,percent,4.03,Badan Pusat Statistik,webapi-var-543-updated-2026-05-06,domain=0000;var=543;vervar=8200;turvar=0;th=124;turth=190
bps_webapi,sdg08_unemployment,total.august,2026-09-08,2024,province,9100,Papua Barat,percent,4.13,Badan Pusat Statistik,webapi-var-543-updated-2026-05-06,domain=0000;var=543;vervar=9100;turvar=0;th=124;turth=190
bps_webapi,sdg08_unemployment,total.august,2026-09-08,2024,province,9200,Papua Barat Daya,percent,6.48,Badan Pusat Statistik,webapi-var-543-updated-2026-05-06,domain=0000;var=543;vervar=9200;turvar=0;th=124;turth=190
bps_webapi,sdg08_unemployment,total.august,2026-09-08,2024,province,9400,Papua,percent,6.48,Badan Pusat Statistik,webapi-var-543-updated-2026-05-06,domain=0000;var=543;vervar=9400;turvar=0;th=124;turth=190
bps_webapi,sdg08_unemployment,total.august,2026-09-08,2024,province,9500,Papua Selatan,percent,4.05,Badan Pusat Statistik,webapi-var-543-updated-2026-05-06,domain=0000;var=543;vervar=9500;turvar=0;th=124;turth=190
bps_webapi,sdg08_unemployment,total.august,2026-09-08,2024,province,9600,Papua Tengah,percent,2.75,Badan Pusat Statistik,webapi-var-543-updated-2026-05-06,domain=0000;var=543;vervar=9600;turvar=0;th=124;turth=190
bps_webapi,sdg08_unemployment,total.august,2026-09-08,2024,province,9700,Papua Pegunungan,percent,1.32,Badan Pusat Statistik,webapi-var-543-updated-2026-05-06,domain=0000;var=543;vervar=9700;turvar=0;th=124;turth=190
bps_webapi,sdg08_unemployment,total.august,2026-09-08,2025,national,9999,Indonesia,percent,4.85,Badan Pusat Statistik,webapi-var-543-updated-2026-05-06,domain=0000;var=543;vervar=9999;turvar=0;th=125;turth=190
bps_webapi,sdg08_unemployment,total.august,2026-09-08,2025,province,1100,Aceh,percent,5.64,Badan Pusat Statistik,webapi-var-543-updated-2026-05-06,domain=0000;var=543;vervar=1100;turvar=0;th=125;turth=190
bps_webapi,sdg08_unemployment,total.august,2026-09-08,2025,province,1200,Sumatera Utara,percent,5.32,Badan Pusat Statistik,webapi-var-543-updated-2026-05-06,domain=0000;var=543;vervar=1200;turvar=0;th=125;turth=190
bps_webapi,sdg08_unemployment,total.august,2026-09-08,2025,province,1300,Sumatera Barat,percent,5.62,Badan Pusat Statistik,webapi-var-543-updated-2026-05-06,domain=0000;var=543;vervar=1300;turvar=0;th=125;turth=190
bps_webapi,sdg08_unemployment,total.august,2026-09-08,2025,province,1400,Riau,percent,4.16,Badan Pusat Statistik,webapi-var-543-updated-2026-05-06,domain=0000;var=543;vervar=1400;turvar=0;th=125;turth=190
bps_webapi,sdg08_unemployment,total.august,2026-09-08,2025,province,1500,Jambi,percent,4.26,Badan Pusat Statistik,webapi-var-543-updated-2026-05-06,domain=0000;var=543;vervar=1500;turvar=0;th=125;turth=190
bps_webapi,sdg08_unemployment,total.august,2026-09-08,2025,province,1600,Sumatera Selatan,percent,3.69,Badan Pusat Statistik,webapi-var-543-updated-2026-05-06,domain=0000;var=543;vervar=1600;turvar=0;th=125;turth=190
bps_webapi,sdg08_unemployment,total.august,2026-09-08,2025,province,1700,Bengkulu,percent,3.41,Badan Pusat Statistik,webapi-var-543-updated-2026-05-06,domain=0000;var=543;vervar=1700;turvar=0;th=125;turth=190
bps_webapi,sdg08_unemployment,total.august,2026-09-08,2025,province,1800,Lampung,percent,4.21,Badan Pusat Statistik,webapi-var-543-updated-2026-05-06,domain=0000;var=543;vervar=1800;turvar=0;th=125;turth=190
bps_webapi,sdg08_unemployment,total.august,2026-09-08,2025,province,1900,Kep. Bangka Belitung,percent,4.45,Badan Pusat Statistik,webapi-var-543-updated-2026-05-06,domain=0000;var=543;vervar=1900;turvar=0;th=125;turth=190
bps_webapi,sdg08_unemployment,total.august,2026-09-08,2025,province,2100,Kep. Riau,percent,6.45,Badan Pusat Statistik,webapi-var-543-updated-2026-05-06,domain=0000;var=543;vervar=2100;turvar=0;th=125;turth=190
bps_webapi,sdg08_unemployment,total.august,2026-09-08,2025,province,3100,Dki Jakarta,percent,6.05,Badan Pusat Statistik,webapi-var-543-updated-2026-05-06,domain=0000;var=543;vervar=3100;turvar=0;th=125;turth=190
bps_webapi,sdg08_unemployment,total.august,2026-09-08,2025,province,3200,Jawa Barat,percent,6.77,Badan Pusat Statistik,webapi-var-543-updated-2026-05-06,domain=0000;var=543;vervar=3200;turvar=0;th=125;turth=190
bps_webapi,sdg08_unemployment,total.august,2026-09-08,2025,province,3300,Jawa Tengah,percent,4.66,Badan Pusat Statistik,webapi-var-543-updated-2026-05-06,domain=0000;var=543;vervar=3300;turvar=0;th=125;turth=190
bps_webapi,sdg08_unemployment,total.august,2026-09-08,2025,province,3400,Di Yogyakarta,percent,3.46,Badan Pusat Statistik,webapi-var-543-updated-2026-05-06,domain=0000;var=543;vervar=3400;turvar=0;th=125;turth=190
bps_webapi,sdg08_unemployment,total.august,2026-09-08,2025,province,3500,Jawa Timur,percent,3.88,Badan Pusat Statistik,webapi-var-543-updated-2026-05-06,domain=0000;var=543;vervar=3500;turvar=0;th=125;turth=190
bps_webapi,sdg08_unemployment,total.august,2026-09-08,2025,province,3600,Banten,percent,6.69,Badan Pusat Statistik,webapi-var-543-updated-2026-05-06,domain=0000;var=543;vervar=3600;turvar=0;th=125;turth=190
bps_webapi,sdg08_unemployment,total.august,2026-09-08,2025,province,5100,Bali,percent,1.49,Badan Pusat Statistik,webapi-var-543-updated-2026-05-06,domain=0000;var=543;vervar=5100;turvar=0;th=125;turth=190
bps_webapi,sdg08_unemployment,total.august,2026-09-08,2025,province,5200,Nusa Tenggara Barat,percent,3.06,Badan Pusat Statistik,webapi-var-543-updated-2026-05-06,domain=0000;var=543;vervar=5200;turvar=0;th=125;turth=190
bps_webapi,sdg08_unemployment,total.august,2026-09-08,2025,province,5300,Nusa Tenggara Timur,percent,3.31,Badan Pusat Statistik,webapi-var-543-updated-2026-05-06,domain=0000;var=543;vervar=5300;turvar=0;th=125;turth=190
bps_webapi,sdg08_unemployment,total.august,2026-09-08,2025,province,6100,Kalimantan Barat,percent,4.82,Badan Pusat Statistik,webapi-var-543-updated-2026-05-06,domain=0000;var=543;vervar=6100;turvar=0;th=125;turth=190
bps_webapi,sdg08_unemployment,total.august,2026-09-08,2025,province,6200,Kalimantan Tengah,percent,3.97,Badan Pusat Statistik,webapi-var-543-updated-2026-05-06,domain=0000;var=543;vervar=6200;turvar=0;th=125;turth=190
bps_webapi,sdg08_unemployment,total.august,2026-09-08,2025,province,6300,Kalimantan Selatan,percent,4.16,Badan Pusat Statistik,webapi-var-543-updated-2026-05-06,domain=0000;var=543;vervar=6300;turvar=0;th=125;turth=190
bps_webapi,sdg08_unemployment,total.august,2026-09-08,2025,province,6400,Kalimantan Timur,percent,5.18,Badan Pusat Statistik,webapi-var-543-updated-2026-05-06,domain=0000;var=543;vervar=6400;turvar=0;th=125;turth=190
bps_webapi,sdg08_unemployment,total.august,2026-09-08,2025,province,6500,Kalimantan Utara,percent,3.85,Badan Pusat Statistik,webapi-var-543-updated-2026-05-06,domain=0000;var=543;vervar=6500;turvar=0;th=125;turth=190
bps_webapi,sdg08_unemployment,total.august,2026-09-08,2025,province,7100,Sulawesi Utara,percent,5.99,Badan Pusat Statistik,webapi-var-543-updated-2026-05-06,domain=0000;var=543;vervar=7100;turvar=0;th=125;turth=190
bps_webapi,sdg08_unemployment,total.august,2026-09-08,2025,province,7200,Sulawesi Tengah,percent,2.92,Badan Pusat Statistik,webapi-var-543-updated-2026-05-06,domain=0000;var=543;vervar=7200;turvar=0;th=125;turth=190
bps_webapi,sdg08_unemployment,total.august,2026-09-08,2025,province,7300,Sulawesi Selatan,percent,4.21,Badan Pusat Statistik,webapi-var-543-updated-2026-05-06,domain=0000;var=543;vervar=7300;turvar=0;th=125;turth=190
bps_webapi,sdg08_unemployment,total.august,2026-09-08,2025,province,7400,Sulawesi Tenggara,percent,3.31,Badan Pusat Statistik,webapi-var-543-updated-2026-05-06,domain=0000;var=543;vervar=7400;turvar=0;th=125;turth=190
bps_webapi,sdg08_unemployment,total.august,2026-09-08,2025,province,7500,Gorontalo,percent,3.42,Badan Pusat Statistik,webapi-var-543-updated-2026-05-06,domain=0000;var=543;vervar=7500;turvar=0;th=125;turth=190
bps_webapi,sdg08_unemployment,total.august,2026-09-08,2025,province,7600,Sulawesi Barat,percent,2.86,Badan Pusat Statistik,webapi-var-543-updated-2026-05-06,domain=0000;var=543;vervar=7600;turvar=0;th=125;turth=190
bps_webapi,sdg08_unemployment,total.august,2026-09-08,2025,province,8100,Maluku,percent,6.27,Badan Pusat Statistik,webapi-var-543-updated-2026-05-06,domain=0000;var=543;vervar=8100;turvar=0;th=125;turth=190
bps_webapi,sdg08_unemployment,total.august,2026-09-08,2025,province,8200,Maluku Utara,percent,4.55,Badan Pusat Statistik,webapi-var-543-updated-2026-05-06,domain=0000;var=543;vervar=8200;turvar=0;th=125;turth=190
bps_webapi,sdg08_unemployment,total.august,2026-09-08,2025,province,9100,Papua Barat,percent,4.55,Badan Pusat Statistik,webapi-var-543-updated-2026-05-06,domain=0000;var=543;vervar=9100;turvar=0;th=125;turth=190
bps_webapi,sdg08_unemployment,total.august,2026-09-08,2025,province,9200,Papua Barat Daya,percent,6.85,Badan Pusat Statistik,webapi-var-543-updated-2026-05-06,domain=0000;var=543;vervar=9200;turvar=0;th=125;turth=190
bps_webapi,sdg08_unemployment,total.august,2026-09-08,2025,province,9400,Papua,percent,6.96,Badan Pusat Statistik,webapi-var-543-updated-2026-05-06,domain=0000;var=543;vervar=9400;turvar=0;th=125;turth=190
bps_webapi,sdg08_unemployment,total.august,2026-09-08,2025,province,9500,Papua Selatan,percent,4.04,Badan Pusat Statistik,webapi-var-543-updated-2026-05-06,domain=0000;var=543;vervar=9500;turvar=0;th=125;turth=190
bps_webapi,sdg08_unemployment,total.august,2026-09-08,2025,province,9600,Papua Tengah,percent,3.62,Badan Pusat Statistik,webapi-var-543-updated-2026-05-06,domain=0000;var=543;vervar=9600;turvar=0;th=125;turth=190
bps_webapi,sdg08_unemployment,total.august,2026-09-08,2025,province,9700,Papua Pegunungan,percent,1.68,Badan Pusat Statistik,webapi-var-543-updated-2026-05-06,domain=0000;var=543;vervar=9700;turvar=0;th=125;turth=190
