source_id,indicator_key,series_key,release_date,observed_period,geo_level,geo_code,geo_name,unit,value,producer,methodology_version,source_record_id
bps_webapi,sdg04_completion_rate,sd,2026-09-08,2020,national,9999,Indonesia,percent,96,Badan Pusat Statistik,webapi-var-1980-updated-2026-08-26,domain=0000;var=1980;vervar=9999;turvar=1672;th=120;turth=0
bps_webapi,sdg04_completion_rate,sd,2026-09-08,2020,province,1100,Aceh,percent,98.33,Badan Pusat Statistik,webapi-var-1980-updated-2026-08-26,domain=0000;var=1980;vervar=1100;turvar=1672;th=120;turth=0
bps_webapi,sdg04_completion_rate,sd,2026-09-08,2020,province,1200,Sumatera Utara,percent,96.48,Badan Pusat Statistik,webapi-var-1980-updated-2026-08-26,domain=0000;var=1980;vervar=1200;turvar=1672;th=120;turth=0
bps_webapi,sdg04_completion_rate,sd,2026-09-08,2020,province,1300,Sumatera Barat,percent,93.26,Badan Pusat Statistik,webapi-var-1980-updated-2026-08-26,domain=0000;var=1980;vervar=1300;turvar=1672;th=120;turth=0
bps_webapi,sdg04_completion_rate,sd,2026-09-08,2020,province,1400,Riau,percent,95.18,Badan Pusat Statistik,webapi-var-1980-updated-2026-08-26,domain=0000;var=1980;vervar=1400;turvar=1672;th=120;turth=0
bps_webapi,sdg04_completion_rate,sd,2026-09-08,2020,province,1500,Jambi,percent,95.34,Badan Pusat Statistik,webapi-var-1980-updated-2026-08-26,domain=0000;var=1980;vervar=1500;turvar=1672;th=120;turth=0
bps_webapi,sdg04_completion_rate,sd,2026-09-08,2020,province,1600,Sumatera Selatan,percent,95.93,Badan Pusat Statistik,webapi-var-1980-updated-2026-08-26,domain=0000;var=1980;vervar=1600;turvar=1672;th=120;turth=0
bps_webapi,sdg04_completion_rate,sd,2026-09-08,2020,province,1700,Bengkulu,percent,95.16,Badan Pusat Statistik,webapi-var-1980-updated-2026-08-26,domain=0000;var=1980;vervar=1700;turvar=1672;th=120;turth=0
bps_webapi,sdg04_completion_rate,sd,2026-09-08,2020,province,1800,Lampung,percent,97.69,Badan Pusat Statistik,webapi-var-1980-updated-2026-08-26,domain=0000;var=1980;vervar=1800;turvar=1672;th=120;turth=0
bps_webapi,sdg04_completion_rate,sd,2026-09-08,2020,province,1900,Kep. Bangka Belitung,percent,96.05,Badan Pusat Statistik,webapi-var-1980-updated-2026-08-26,domain=0000;var=1980;vervar=1900;turvar=1672;th=120;turth=0
bps_webapi,sdg04_completion_rate,sd,2026-09-08,2020,province,2100,Kep. Riau,percent,95.25,Badan Pusat Statistik,webapi-var-1980-updated-2026-08-26,domain=0000;var=1980;vervar=2100;turvar=1672;th=120;turth=0
bps_webapi,sdg04_completion_rate,sd,2026-09-08,2020,province,3100,Dki Jakarta,percent,97.8,Badan Pusat Statistik,webapi-var-1980-updated-2026-08-26,domain=0000;var=1980;vervar=3100;turvar=1672;th=120;turth=0
bps_webapi,sdg04_completion_rate,sd,2026-09-08,2020,province,3200,Jawa Barat,percent,97.76,Badan Pusat Statistik,webapi-var-1980-updated-2026-08-26,domain=0000;var=1980;vervar=3200;turvar=1672;th=120;turth=0
bps_webapi,sdg04_completion_rate,sd,2026-09-08,2020,province,3300,Jawa Tengah,percent,97.2,Badan Pusat Statistik,webapi-var-1980-updated-2026-08-26,domain=0000;var=1980;vervar=3300;turvar=1672;th=120;turth=0
bps_webapi,sdg04_completion_rate,sd,2026-09-08,2020,province,3400,Di Yogyakarta,percent,96.43,Badan Pusat Statistik,webapi-var-1980-updated-2026-08-26,domain=0000;var=1980;vervar=3400;turvar=1672;th=120;turth=0
bps_webapi,sdg04_completion_rate,sd,2026-09-08,2020,province,3500,Jawa Timur,percent,96.81,Badan Pusat Statistik,webapi-var-1980-updated-2026-08-26,domain=0000;var=1980;vervar=3500;turvar=1672;th=120;turth=0
bps_webapi,sdg04_completion_rate,sd,2026-09-08,2020,province,3600,Banten,percent,96.03,Badan Pusat Statistik,webapi-var-1980-updated-2026-08-26,domain=0000;var=1980;vervar=3600;turvar=1672;th=120;turth=0
bps_webapi,sdg04_completion_rate,sd,2026-09-08,2020,province,5100,Bali,percent,96.66,Badan Pusat Statistik,webapi-var-1980-updated-2026-08-26,domain=0000;var=1980;vervar=5100;turvar=1672;th=120;turth=0
bps_webapi,sdg04_completion_rate,sd,2026-09-08,2020,province,5200,Nusa Tenggara Barat,percent,97.29,Badan Pusat Statistik,webapi-var-1980-updated-2026-08-26,domain=0000;var=1980;vervar=5200;turvar=1672;th=120;turth=0
bps_webapi,sdg04_completion_rate,sd,2026-09-08,2020,province,5300,Nusa Tenggara Timur,percent,86.92,Badan Pusat Statistik,webapi-var-1980-updated-2026-08-26,domain=0000;var=1980;vervar=5300;turvar=1672;th=120;turth=0
bps_webapi,sdg04_completion_rate,sd,2026-09-08,2020,province,6100,Kalimantan Barat,percent,91.79,Badan Pusat Statistik,webapi-var-1980-updated-2026-08-26,domain=0000;var=1980;vervar=6100;turvar=1672;th=120;turth=0
bps_webapi,sdg04_completion_rate,sd,2026-09-08,2020,province,6200,Kalimantan Tengah,percent,95.45,Badan Pusat Statistik,webapi-var-1980-updated-2026-08-26,domain=0000;var=1980;vervar=6200;turvar=1672;th=120;turth=0
bps_webapi,sdg04_completion_rate,sd,2026-09-08,2020,province,6300,Kalimantan Selatan,percent,94.1,Badan Pusat Statistik,webapi-var-1980-updated-2026-08-26,domain=0000;var=1980;vervar=6300;turvar=1672;th=120;turth=0
bps_webapi,sdg04_completion_rate,sd,2026-09-08,2020,province,6400,Kalimantan Timur,percent,95.84,Badan Pusat Statistik,webapi-var-1980-updated-2026-08-26,domain=0000;var=1980;vervar=6400;turvar=1672;th=120;turth=0
bps_webapi,sdg04_completion_rate,sd,2026-09-08,2020,province,6500,Kalimantan Utara,percent,96.38,Badan Pusat Statistik,webapi-var-1980-updated-2026-08-26,domain=0000;var=1980;vervar=6500;turvar=1672;th=120;turth=0
bps_webapi,sdg04_completion_rate,sd,2026-09-08,2020,province,7100,Sulawesi Utara,percent,95.58,Badan Pusat Statistik,webapi-var-1980-updated-2026-08-26,domain=0000;var=1980;vervar=7100;turvar=1672;th=120;turth=0
bps_webapi,sdg04_completion_rate,sd,2026-09-08,2020,province,7200,Sulawesi Tengah,percent,95.05,Badan Pusat Statistik,webapi-var-1980-updated-2026-08-26,domain=0000;var=1980;vervar=7200;turvar=1672;th=120;turth=0
bps_webapi,sdg04_completion_rate,sd,2026-09-08,2020,province,7300,Sulawesi Selatan,percent,96.13,Badan Pusat Statistik,webapi-var-1980-updated-2026-08-26,domain=0000;var=1980;vervar=7300;turvar=1672;th=120;turth=0
bps_webapi,sdg04_completion_rate,sd,2026-09-08,2020,province,7400,Sulawesi Tenggara,percent,95.28,Badan Pusat Statistik,webapi-var-1980-updated-2026-08-26,domain=0000;var=1980;vervar=7400;turvar=1672;th=120;turth=0
bps_webapi,sdg04_completion_rate,sd,2026-09-08,2020,province,7500,Gorontalo,percent,91.9,Badan Pusat Statistik,webapi-var-1980-updated-2026-08-26,domain=0000;var=1980;vervar=7500;turvar=1672;th=120;turth=0
bps_webapi,sdg04_completion_rate,sd,2026-09-08,2020,province,7600,Sulawesi Barat,percent,94.7,Badan Pusat Statistik,webapi-var-1980-updated-2026-08-26,domain=0000;var=1980;vervar=7600;turvar=1672;th=120;turth=0
bps_webapi,sdg04_completion_rate,sd,2026-09-08,2020,province,8100,Maluku,percent,97.47,Badan Pusat Statistik,webapi-var-1980-updated-2026-08-26,domain=0000;var=1980;vervar=8100;turvar=1672;th=120;turth=0
bps_webapi,sdg04_completion_rate,sd,2026-09-08,2020,province,8200,Maluku Utara,percent,95.59,Badan Pusat Statistik,webapi-var-1980-updated-2026-08-26,domain=0000;var=1980;vervar=8200;turvar=1672;th=120;turth=0
bps_webapi,sdg04_completion_rate,sd,2026-09-08,2020,province,9100,Papua Barat,percent,89.25,Badan Pusat Statistik,webapi-var-1980-updated-2026-08-26,domain=0000;var=1980;vervar=9100;turvar=1672;th=120;turth=0
bps_webapi,sdg04_completion_rate,sd,2026-09-08,2020,province,9400,Papua,percent,78.4,Badan Pusat Statistik,webapi-var-1980-updated-2026-08-26,domain=0000;var=1980;vervar=9400;turvar=1672;th=120;turth=0
bps_webapi,sdg04_completion_rate,sd,2026-09-08,2021,national,9999,Indonesia,percent,97.37,Badan Pusat Statistik,webapi-var-1980-updated-2026-08-26,domain=0000;var=1980;vervar=9999;turvar=1672;th=121;turth=0
bps_webapi,sdg04_completion_rate,sd,2026-09-08,2021,province,1100,Aceh,percent,99.44,Badan Pusat Statistik,webapi-var-1980-updated-2026-08-26,domain=0000;var=1980;vervar=1100;turvar=1672;th=121;turth=0
bps_webapi,sdg04_completion_rate,sd,2026-09-08,2021,province,1200,Sumatera Utara,percent,98.57,Badan Pusat Statistik,webapi-var-1980-updated-2026-08-26,domain=0000;var=1980;vervar=1200;turvar=1672;th=121;turth=0
bps_webapi,sdg04_completion_rate,sd,2026-09-08,2021,province,1300,Sumatera Barat,percent,95.29,Badan Pusat Statistik,webapi-var-1980-updated-2026-08-26,domain=0000;var=1980;vervar=1300;turvar=1672;th=121;turth=0
bps_webapi,sdg04_completion_rate,sd,2026-09-08,2021,province,1400,Riau,percent,96.91,Badan Pusat Statistik,webapi-var-1980-updated-2026-08-26,domain=0000;var=1980;vervar=1400;turvar=1672;th=121;turth=0
bps_webapi,sdg04_completion_rate,sd,2026-09-08,2021,province,1500,Jambi,percent,98.54,Badan Pusat Statistik,webapi-var-1980-updated-2026-08-26,domain=0000;var=1980;vervar=1500;turvar=1672;th=121;turth=0
bps_webapi,sdg04_completion_rate,sd,2026-09-08,2021,province,1600,Sumatera Selatan,percent,97.82,Badan Pusat Statistik,webapi-var-1980-updated-2026-08-26,domain=0000;var=1980;vervar=1600;turvar=1672;th=121;turth=0
bps_webapi,sdg04_completion_rate,sd,2026-09-08,2021,province,1700,Bengkulu,percent,98.16,Badan Pusat Statistik,webapi-var-1980-updated-2026-08-26,domain=0000;var=1980;vervar=1700;turvar=1672;th=121;turth=0
bps_webapi,sdg04_completion_rate,sd,2026-09-08,2021,province,1800,Lampung,percent,98.33,Badan Pusat Statistik,webapi-var-1980-updated-2026-08-26,domain=0000;var=1980;vervar=1800;turvar=1672;th=121;turth=0
bps_webapi,sdg04_completion_rate,sd,2026-09-08,2021,province,1900,Kep. Bangka Belitung,percent,96.61,Badan Pusat Statistik,webapi-var-1980-updated-2026-08-26,domain=0000;var=1980;vervar=1900;turvar=1672;th=121;turth=0
bps_webapi,sdg04_completion_rate,sd,2026-09-08,2021,province,2100,Kep. Riau,percent,98.16,Badan Pusat Statistik,webapi-var-1980-updated-2026-08-26,domain=0000;var=1980;vervar=2100;turvar=1672;th=121;turth=0
bps_webapi,sdg04_completion_rate,sd,2026-09-08,2021,province,3100,Dki Jakarta,percent,99.26,Badan Pusat Statistik,webapi-var-1980-updated-2026-08-26,domain=0000;var=1980;vervar=3100;turvar=1672;th=121;turth=0
bps_webapi,sdg04_completion_rate,sd,2026-09-08,2021,province,3200,Jawa Barat,percent,98.45,Badan Pusat Statistik,webapi-var-1980-updated-2026-08-26,domain=0000;var=1980;vervar=3200;turvar=1672;th=121;turth=0
bps_webapi,sdg04_completion_rate,sd,2026-09-08,2021,province,3300,Jawa Tengah,percent,98.06,Badan Pusat Statistik,webapi-var-1980-updated-2026-08-26,domain=0000;var=1980;vervar=3300;turvar=1672;th=121;turth=0
bps_webapi,sdg04_completion_rate,sd,2026-09-08,2021,province,3400,Di Yogyakarta,percent,98.48,Badan Pusat Statistik,webapi-var-1980-updated-2026-08-26,domain=0000;var=1980;vervar=3400;turvar=1672;th=121;turth=0
bps_webapi,sdg04_completion_rate,sd,2026-09-08,2021,province,3500,Jawa Timur,percent,97.76,Badan Pusat Statistik,webapi-var-1980-updated-2026-08-26,domain=0000;var=1980;vervar=3500;turvar=1672;th=121;turth=0
bps_webapi,sdg04_completion_rate,sd,2026-09-08,2021,province,3600,Banten,percent,98.82,Badan Pusat Statistik,webapi-var-1980-updated-2026-08-26,domain=0000;var=1980;vervar=3600;turvar=1672;th=121;turth=0
bps_webapi,sdg04_completion_rate,sd,2026-09-08,2021,province,5100,Bali,percent,97.02,Badan Pusat Statistik,webapi-var-1980-updated-2026-08-26,domain=0000;var=1980;vervar=5100;turvar=1672;th=121;turth=0
bps_webapi,sdg04_completion_rate,sd,2026-09-08,2021,province,5200,Nusa Tenggara Barat,percent,98.71,Badan Pusat Statistik,webapi-var-1980-updated-2026-08-26,domain=0000;var=1980;vervar=5200;turvar=1672;th=121;turth=0
bps_webapi,sdg04_completion_rate,sd,2026-09-08,2021,province,5300,Nusa Tenggara Timur,percent,91.84,Badan Pusat Statistik,webapi-var-1980-updated-2026-08-26,domain=0000;var=1980;vervar=5300;turvar=1672;th=121;turth=0
bps_webapi,sdg04_completion_rate,sd,2026-09-08,2021,province,6100,Kalimantan Barat,percent,94.29,Badan Pusat Statistik,webapi-var-1980-updated-2026-08-26,domain=0000;var=1980;vervar=6100;turvar=1672;th=121;turth=0
bps_webapi,sdg04_completion_rate,sd,2026-09-08,2021,province,6200,Kalimantan Tengah,percent,97.45,Badan Pusat Statistik,webapi-var-1980-updated-2026-08-26,domain=0000;var=1980;vervar=6200;turvar=1672;th=121;turth=0
bps_webapi,sdg04_completion_rate,sd,2026-09-08,2021,province,6300,Kalimantan Selatan,percent,95.67,Badan Pusat Statistik,webapi-var-1980-updated-2026-08-26,domain=0000;var=1980;vervar=6300;turvar=1672;th=121;turth=0
bps_webapi,sdg04_completion_rate,sd,2026-09-08,2021,province,6400,Kalimantan Timur,percent,96.82,Badan Pusat Statistik,webapi-var-1980-updated-2026-08-26,domain=0000;var=1980;vervar=6400;turvar=1672;th=121;turth=0
bps_webapi,sdg04_completion_rate,sd,2026-09-08,2021,province,6500,Kalimantan Utara,percent,95.77,Badan Pusat Statistik,webapi-var-1980-updated-2026-08-26,domain=0000;var=1980;vervar=6500;turvar=1672;th=121;turth=0
bps_webapi,sdg04_completion_rate,sd,2026-09-08,2021,province,7100,Sulawesi Utara,percent,96.1,Badan Pusat Statistik,webapi-var-1980-updated-2026-08-26,domain=0000;var=1980;vervar=7100;turvar=1672;th=121;turth=0
bps_webapi,sdg04_completion_rate,sd,2026-09-08,2021,province,7200,Sulawesi Tengah,percent,96.19,Badan Pusat Statistik,webapi-var-1980-updated-2026-08-26,domain=0000;var=1980;vervar=7200;turvar=1672;th=121;turth=0
bps_webapi,sdg04_completion_rate,sd,2026-09-08,2021,province,7300,Sulawesi Selatan,percent,97.3,Badan Pusat Statistik,webapi-var-1980-updated-2026-08-26,domain=0000;var=1980;vervar=7300;turvar=1672;th=121;turth=0
bps_webapi,sdg04_completion_rate,sd,2026-09-08,2021,province,7400,Sulawesi Tenggara,percent,95.58,Badan Pusat Statistik,webapi-var-1980-updated-2026-08-26,domain=0000;var=1980;vervar=7400;turvar=1672;th=121;turth=0
bps_webapi,sdg04_completion_rate,sd,2026-09-08,2021,province,7500,Gorontalo,percent,93.44,Badan Pusat Statistik,webapi-var-1980-updated-2026-08-26,domain=0000;var=1980;vervar=7500;turvar=1672;th=121;turth=0
bps_webapi,sdg04_completion_rate,sd,2026-09-08,2021,province,7600,Sulawesi Barat,percent,95.93,Badan Pusat Statistik,webapi-var-1980-updated-2026-08-26,domain=0000;var=1980;vervar=7600;turvar=1672;th=121;turth=0
bps_webapi,sdg04_completion_rate,sd,2026-09-08,2021,province,8100,Maluku,percent,98.5,Badan Pusat Statistik,webapi-var-1980-updated-2026-08-26,domain=0000;var=1980;vervar=8100;turvar=1672;th=121;turth=0
bps_webapi,sdg04_completion_rate,sd,2026-09-08,2021,province,8200,Maluku Utara,percent,96.97,Badan Pusat Statistik,webapi-var-1980-updated-2026-08-26,domain=0000;var=1980;vervar=8200;turvar=1672;th=121;turth=0
bps_webapi,sdg04_completion_rate,sd,2026-09-08,2021,province,9100,Papua Barat,percent,91.81,Badan Pusat Statistik,webapi-var-1980-updated-2026-08-26,domain=0000;var=1980;vervar=9100;turvar=1672;th=121;turth=0
bps_webapi,sdg04_completion_rate,sd,2026-09-08,2021,province,9400,Papua,percent,78.43,Badan Pusat Statistik,webapi-var-1980-updated-2026-08-26,domain=0000;var=1980;vervar=9400;turvar=1672;th=121;turth=0
bps_webapi,sdg04_completion_rate,sd,2026-09-08,2022,national,9999,Indonesia,percent,97.82,Badan Pusat Statistik,webapi-var-1980-updated-2026-08-26,domain=0000;var=1980;vervar=9999;turvar=1672;th=122;turth=0
bps_webapi,sdg04_completion_rate,sd,2026-09-08,2022,province,1100,Aceh,percent,99.45,Badan Pusat Statistik,webapi-var-1980-updated-2026-08-26,domain=0000;var=1980;vervar=1100;turvar=1672;th=122;turth=0
bps_webapi,sdg04_completion_rate,sd,2026-09-08,2022,province,1200,Sumatera Utara,percent,98.74,Badan Pusat Statistik,webapi-var-1980-updated-2026-08-26,domain=0000;var=1980;vervar=1200;turvar=1672;th=122;turth=0
bps_webapi,sdg04_completion_rate,sd,2026-09-08,2022,province,1300,Sumatera Barat,percent,97.87,Badan Pusat Statistik,webapi-var-1980-updated-2026-08-26,domain=0000;var=1980;vervar=1300;turvar=1672;th=122;turth=0
bps_webapi,sdg04_completion_rate,sd,2026-09-08,2022,province,1400,Riau,percent,98.2,Badan Pusat Statistik,webapi-var-1980-updated-2026-08-26,domain=0000;var=1980;vervar=1400;turvar=1672;th=122;turth=0
bps_webapi,sdg04_completion_rate,sd,2026-09-08,2022,province,1500,Jambi,percent,97.62,Badan Pusat Statistik,webapi-var-1980-updated-2026-08-26,domain=0000;var=1980;vervar=1500;turvar=1672;th=122;turth=0
bps_webapi,sdg04_completion_rate,sd,2026-09-08,2022,province,1600,Sumatera Selatan,percent,97.53,Badan Pusat Statistik,webapi-var-1980-updated-2026-08-26,domain=0000;var=1980;vervar=1600;turvar=1672;th=122;turth=0
bps_webapi,sdg04_completion_rate,sd,2026-09-08,2022,province,1700,Bengkulu,percent,97.65,Badan Pusat Statistik,webapi-var-1980-updated-2026-08-26,domain=0000;var=1980;vervar=1700;turvar=1672;th=122;turth=0
bps_webapi,sdg04_completion_rate,sd,2026-09-08,2022,province,1800,Lampung,percent,98.41,Badan Pusat Statistik,webapi-var-1980-updated-2026-08-26,domain=0000;var=1980;vervar=1800;turvar=1672;th=122;turth=0
bps_webapi,sdg04_completion_rate,sd,2026-09-08,2022,province,1900,Kep. Bangka Belitung,percent,96.45,Badan Pusat Statistik,webapi-var-1980-updated-2026-08-26,domain=0000;var=1980;vervar=1900;turvar=1672;th=122;turth=0
bps_webapi,sdg04_completion_rate,sd,2026-09-08,2022,province,2100,Kep. Riau,percent,98.38,Badan Pusat Statistik,webapi-var-1980-updated-2026-08-26,domain=0000;var=1980;vervar=2100;turvar=1672;th=122;turth=0
bps_webapi,sdg04_completion_rate,sd,2026-09-08,2022,province,3100,Dki Jakarta,percent,98.58,Badan Pusat Statistik,webapi-var-1980-updated-2026-08-26,domain=0000;var=1980;vervar=3100;turvar=1672;th=122;turth=0
bps_webapi,sdg04_completion_rate,sd,2026-09-08,2022,province,3200,Jawa Barat,percent,99.08,Badan Pusat Statistik,webapi-var-1980-updated-2026-08-26,domain=0000;var=1980;vervar=3200;turvar=1672;th=122;turth=0
bps_webapi,sdg04_completion_rate,sd,2026-09-08,2022,province,3300,Jawa Tengah,percent,98.01,Badan Pusat Statistik,webapi-var-1980-updated-2026-08-26,domain=0000;var=1980;vervar=3300;turvar=1672;th=122;turth=0
bps_webapi,sdg04_completion_rate,sd,2026-09-08,2022,province,3400,Di Yogyakarta,percent,98.91,Badan Pusat Statistik,webapi-var-1980-updated-2026-08-26,domain=0000;var=1980;vervar=3400;turvar=1672;th=122;turth=0
bps_webapi,sdg04_completion_rate,sd,2026-09-08,2022,province,3500,Jawa Timur,percent,98.71,Badan Pusat Statistik,webapi-var-1980-updated-2026-08-26,domain=0000;var=1980;vervar=3500;turvar=1672;th=122;turth=0
bps_webapi,sdg04_completion_rate,sd,2026-09-08,2022,province,3600,Banten,percent,97.24,Badan Pusat Statistik,webapi-var-1980-updated-2026-08-26,domain=0000;var=1980;vervar=3600;turvar=1672;th=122;turth=0
bps_webapi,sdg04_completion_rate,sd,2026-09-08,2022,province,5100,Bali,percent,97.55,Badan Pusat Statistik,webapi-var-1980-updated-2026-08-26,domain=0000;var=1980;vervar=5100;turvar=1672;th=122;turth=0
bps_webapi,sdg04_completion_rate,sd,2026-09-08,2022,province,5200,Nusa Tenggara Barat,percent,98.47,Badan Pusat Statistik,webapi-var-1980-updated-2026-08-26,domain=0000;var=1980;vervar=5200;turvar=1672;th=122;turth=0
bps_webapi,sdg04_completion_rate,sd,2026-09-08,2022,province,5300,Nusa Tenggara Timur,percent,92.35,Badan Pusat Statistik,webapi-var-1980-updated-2026-08-26,domain=0000;var=1980;vervar=5300;turvar=1672;th=122;turth=0
bps_webapi,sdg04_completion_rate,sd,2026-09-08,2022,province,6100,Kalimantan Barat,percent,95.13,Badan Pusat Statistik,webapi-var-1980-updated-2026-08-26,domain=0000;var=1980;vervar=6100;turvar=1672;th=122;turth=0
bps_webapi,sdg04_completion_rate,sd,2026-09-08,2022,province,6200,Kalimantan Tengah,percent,98.51,Badan Pusat Statistik,webapi-var-1980-updated-2026-08-26,domain=0000;var=1980;vervar=6200;turvar=1672;th=122;turth=0
bps_webapi,sdg04_completion_rate,sd,2026-09-08,2022,province,6300,Kalimantan Selatan,percent,94.68,Badan Pusat Statistik,webapi-var-1980-updated-2026-08-26,domain=0000;var=1980;vervar=6300;turvar=1672;th=122;turth=0
bps_webapi,sdg04_completion_rate,sd,2026-09-08,2022,province,6400,Kalimantan Timur,percent,99.18,Badan Pusat Statistik,webapi-var-1980-updated-2026-08-26,domain=0000;var=1980;vervar=6400;turvar=1672;th=122;turth=0
bps_webapi,sdg04_completion_rate,sd,2026-09-08,2022,province,6500,Kalimantan Utara,percent,96.94,Badan Pusat Statistik,webapi-var-1980-updated-2026-08-26,domain=0000;var=1980;vervar=6500;turvar=1672;th=122;turth=0
bps_webapi,sdg04_completion_rate,sd,2026-09-08,2022,province,7100,Sulawesi Utara,percent,96.74,Badan Pusat Statistik,webapi-var-1980-updated-2026-08-26,domain=0000;var=1980;vervar=7100;turvar=1672;th=122;turth=0
bps_webapi,sdg04_completion_rate,sd,2026-09-08,2022,province,7200,Sulawesi Tengah,percent,97.19,Badan Pusat Statistik,webapi-var-1980-updated-2026-08-26,domain=0000;var=1980;vervar=7200;turvar=1672;th=122;turth=0
bps_webapi,sdg04_completion_rate,sd,2026-09-08,2022,province,7300,Sulawesi Selatan,percent,98.05,Badan Pusat Statistik,webapi-var-1980-updated-2026-08-26,domain=0000;var=1980;vervar=7300;turvar=1672;th=122;turth=0
bps_webapi,sdg04_completion_rate,sd,2026-09-08,2022,province,7400,Sulawesi Tenggara,percent,97.24,Badan Pusat Statistik,webapi-var-1980-updated-2026-08-26,domain=0000;var=1980;vervar=7400;turvar=1672;th=122;turth=0
bps_webapi,sdg04_completion_rate,sd,2026-09-08,2022,province,7500,Gorontalo,percent,95.12,Badan Pusat Statistik,webapi-var-1980-updated-2026-08-26,domain=0000;var=1980;vervar=7500;turvar=1672;th=122;turth=0
bps_webapi,sdg04_completion_rate,sd,2026-09-08,2022,province,7600,Sulawesi Barat,percent,97.15,Badan Pusat Statistik,webapi-var-1980-updated-2026-08-26,domain=0000;var=1980;vervar=7600;turvar=1672;th=122;turth=0
bps_webapi,sdg04_completion_rate,sd,2026-09-08,2022,province,8100,Maluku,percent,98.98,Badan Pusat Statistik,webapi-var-1980-updated-2026-08-26,domain=0000;var=1980;vervar=8100;turvar=1672;th=122;turth=0
bps_webapi,sdg04_completion_rate,sd,2026-09-08,2022,province,8200,Maluku Utara,percent,97.72,Badan Pusat Statistik,webapi-var-1980-updated-2026-08-26,domain=0000;var=1980;vervar=8200;turvar=1672;th=122;turth=0
bps_webapi,sdg04_completion_rate,sd,2026-09-08,2022,province,9100,Papua Barat,percent,93.94,Badan Pusat Statistik,webapi-var-1980-updated-2026-08-26,domain=0000;var=1980;vervar=9100;turvar=1672;th=122;turth=0
bps_webapi,sdg04_completion_rate,sd,2026-09-08,2022,province,9400,Papua,percent,81.99,Badan Pusat Statistik,webapi-var-1980-updated-2026-08-26,domain=0000;var=1980;vervar=9400;turvar=1672;th=122;turth=0
bps_webapi,sdg04_completion_rate,sd,2026-09-08,2023,national,9999,Indonesia,percent,97.83,Badan Pusat Statistik,webapi-var-1980-updated-2026-08-26,domain=0000;var=1980;vervar=9999;turvar=1672;th=123;turth=0
bps_webapi,sdg04_completion_rate,sd,2026-09-08,2023,province,1100,Aceh,percent,99.08,Badan Pusat Statistik,webapi-var-1980-updated-2026-08-26,domain=0000;var=1980;vervar=1100;turvar=1672;th=123;turth=0
bps_webapi,sdg04_completion_rate,sd,2026-09-08,2023,province,1200,Sumatera Utara,percent,98.75,Badan Pusat Statistik,webapi-var-1980-updated-2026-08-26,domain=0000;var=1980;vervar=1200;turvar=1672;th=123;turth=0
bps_webapi,sdg04_completion_rate,sd,2026-09-08,2023,province,1300,Sumatera Barat,percent,95.81,Badan Pusat Statistik,webapi-var-1980-updated-2026-08-26,domain=0000;var=1980;vervar=1300;turvar=1672;th=123;turth=0
bps_webapi,sdg04_completion_rate,sd,2026-09-08,2023,province,1400,Riau,percent,98.09,Badan Pusat Statistik,webapi-var-1980-updated-2026-08-26,domain=0000;var=1980;vervar=1400;turvar=1672;th=123;turth=0
bps_webapi,sdg04_completion_rate,sd,2026-09-08,2023,province,1500,Jambi,percent,97.76,Badan Pusat Statistik,webapi-var-1980-updated-2026-08-26,domain=0000;var=1980;vervar=1500;turvar=1672;th=123;turth=0
bps_webapi,sdg04_completion_rate,sd,2026-09-08,2023,province,1600,Sumatera Selatan,percent,97.58,Badan Pusat Statistik,webapi-var-1980-updated-2026-08-26,domain=0000;var=1980;vervar=1600;turvar=1672;th=123;turth=0
bps_webapi,sdg04_completion_rate,sd,2026-09-08,2023,province,1700,Bengkulu,percent,97.1,Badan Pusat Statistik,webapi-var-1980-updated-2026-08-26,domain=0000;var=1980;vervar=1700;turvar=1672;th=123;turth=0
bps_webapi,sdg04_completion_rate,sd,2026-09-08,2023,province,1800,Lampung,percent,98.67,Badan Pusat Statistik,webapi-var-1980-updated-2026-08-26,domain=0000;var=1980;vervar=1800;turvar=1672;th=123;turth=0
bps_webapi,sdg04_completion_rate,sd,2026-09-08,2023,province,1900,Kep. Bangka Belitung,percent,96.01,Badan Pusat Statistik,webapi-var-1980-updated-2026-08-26,domain=0000;var=1980;vervar=1900;turvar=1672;th=123;turth=0
bps_webapi,sdg04_completion_rate,sd,2026-09-08,2023,province,2100,Kep. Riau,percent,97.92,Badan Pusat Statistik,webapi-var-1980-updated-2026-08-26,domain=0000;var=1980;vervar=2100;turvar=1672;th=123;turth=0
bps_webapi,sdg04_completion_rate,sd,2026-09-08,2023,province,3100,Dki Jakarta,percent,98.66,Badan Pusat Statistik,webapi-var-1980-updated-2026-08-26,domain=0000;var=1980;vervar=3100;turvar=1672;th=123;turth=0
bps_webapi,sdg04_completion_rate,sd,2026-09-08,2023,province,3200,Jawa Barat,percent,99.09,Badan Pusat Statistik,webapi-var-1980-updated-2026-08-26,domain=0000;var=1980;vervar=3200;turvar=1672;th=123;turth=0
bps_webapi,sdg04_completion_rate,sd,2026-09-08,2023,province,3300,Jawa Tengah,percent,98.42,Badan Pusat Statistik,webapi-var-1980-updated-2026-08-26,domain=0000;var=1980;vervar=3300;turvar=1672;th=123;turth=0
bps_webapi,sdg04_completion_rate,sd,2026-09-08,2023,province,3400,Di Yogyakarta,percent,98.95,Badan Pusat Statistik,webapi-var-1980-updated-2026-08-26,domain=0000;var=1980;vervar=3400;turvar=1672;th=123;turth=0
bps_webapi,sdg04_completion_rate,sd,2026-09-08,2023,province,3500,Jawa Timur,percent,98.78,Badan Pusat Statistik,webapi-var-1980-updated-2026-08-26,domain=0000;var=1980;vervar=3500;turvar=1672;th=123;turth=0
bps_webapi,sdg04_completion_rate,sd,2026-09-08,2023,province,3600,Banten,percent,97.15,Badan Pusat Statistik,webapi-var-1980-updated-2026-08-26,domain=0000;var=1980;vervar=3600;turvar=1672;th=123;turth=0
bps_webapi,sdg04_completion_rate,sd,2026-09-08,2023,province,5100,Bali,percent,98.43,Badan Pusat Statistik,webapi-var-1980-updated-2026-08-26,domain=0000;var=1980;vervar=5100;turvar=1672;th=123;turth=0
bps_webapi,sdg04_completion_rate,sd,2026-09-08,2023,province,5200,Nusa Tenggara Barat,percent,98.11,Badan Pusat Statistik,webapi-var-1980-updated-2026-08-26,domain=0000;var=1980;vervar=5200;turvar=1672;th=123;turth=0
bps_webapi,sdg04_completion_rate,sd,2026-09-08,2023,province,5300,Nusa Tenggara Timur,percent,93.41,Badan Pusat Statistik,webapi-var-1980-updated-2026-08-26,domain=0000;var=1980;vervar=5300;turvar=1672;th=123;turth=0
bps_webapi,sdg04_completion_rate,sd,2026-09-08,2023,province,6100,Kalimantan Barat,percent,95.33,Badan Pusat Statistik,webapi-var-1980-updated-2026-08-26,domain=0000;var=1980;vervar=6100;turvar=1672;th=123;turth=0
bps_webapi,sdg04_completion_rate,sd,2026-09-08,2023,province,6200,Kalimantan Tengah,percent,97.47,Badan Pusat Statistik,webapi-var-1980-updated-2026-08-26,domain=0000;var=1980;vervar=6200;turvar=1672;th=123;turth=0
bps_webapi,sdg04_completion_rate,sd,2026-09-08,2023,province,6300,Kalimantan Selatan,percent,95.99,Badan Pusat Statistik,webapi-var-1980-updated-2026-08-26,domain=0000;var=1980;vervar=6300;turvar=1672;th=123;turth=0
bps_webapi,sdg04_completion_rate,sd,2026-09-08,2023,province,6400,Kalimantan Timur,percent,97.88,Badan Pusat Statistik,webapi-var-1980-updated-2026-08-26,domain=0000;var=1980;vervar=6400;turvar=1672;th=123;turth=0
bps_webapi,sdg04_completion_rate,sd,2026-09-08,2023,province,6500,Kalimantan Utara,percent,96.41,Badan Pusat Statistik,webapi-var-1980-updated-2026-08-26,domain=0000;var=1980;vervar=6500;turvar=1672;th=123;turth=0
bps_webapi,sdg04_completion_rate,sd,2026-09-08,2023,province,7100,Sulawesi Utara,percent,96.18,Badan Pusat Statistik,webapi-var-1980-updated-2026-08-26,domain=0000;var=1980;vervar=7100;turvar=1672;th=123;turth=0
bps_webapi,sdg04_completion_rate,sd,2026-09-08,2023,province,7200,Sulawesi Tengah,percent,97.56,Badan Pusat Statistik,webapi-var-1980-updated-2026-08-26,domain=0000;var=1980;vervar=7200;turvar=1672;th=123;turth=0
bps_webapi,sdg04_completion_rate,sd,2026-09-08,2023,province,7300,Sulawesi Selatan,percent,98.37,Badan Pusat Statistik,webapi-var-1980-updated-2026-08-26,domain=0000;var=1980;vervar=7300;turvar=1672;th=123;turth=0
bps_webapi,sdg04_completion_rate,sd,2026-09-08,2023,province,7400,Sulawesi Tenggara,percent,97.83,Badan Pusat Statistik,webapi-var-1980-updated-2026-08-26,domain=0000;var=1980;vervar=7400;turvar=1672;th=123;turth=0
bps_webapi,sdg04_completion_rate,sd,2026-09-08,2023,province,7500,Gorontalo,percent,93.69,Badan Pusat Statistik,webapi-var-1980-updated-2026-08-26,domain=0000;var=1980;vervar=7500;turvar=1672;th=123;turth=0
bps_webapi,sdg04_completion_rate,sd,2026-09-08,2023,province,7600,Sulawesi Barat,percent,95.13,Badan Pusat Statistik,webapi-var-1980-updated-2026-08-26,domain=0000;var=1980;vervar=7600;turvar=1672;th=123;turth=0
bps_webapi,sdg04_completion_rate,sd,2026-09-08,2023,province,8100,Maluku,percent,98.69,Badan Pusat Statistik,webapi-var-1980-updated-2026-08-26,domain=0000;var=1980;vervar=8100;turvar=1672;th=123;turth=0
bps_webapi,sdg04_completion_rate,sd,2026-09-08,2023,province,8200,Maluku Utara,percent,98.3,Badan Pusat Statistik,webapi-var-1980-updated-2026-08-26,domain=0000;var=1980;vervar=8200;turvar=1672;th=123;turth=0
bps_webapi,sdg04_completion_rate,sd,2026-09-08,2023,province,9100,Papua Barat,percent,92.69,Badan Pusat Statistik,webapi-var-1980-updated-2026-08-26,domain=0000;var=1980;vervar=9100;turvar=1672;th=123;turth=0
bps_webapi,sdg04_completion_rate,sd,2026-09-08,2023,province,9400,Papua,percent,80.09,Badan Pusat Statistik,webapi-var-1980-updated-2026-08-26,domain=0000;var=1980;vervar=9400;turvar=1672;th=123;turth=0
bps_webapi,sdg04_completion_rate,sma,2026-09-08,2020,national,9999,Indonesia,percent,63.95,Badan Pusat Statistik,webapi-var-1980-updated-2026-08-26,domain=0000;var=1980;vervar=9999;turvar=1674;th=120;turth=0
bps_webapi,sdg04_completion_rate,sma,2026-09-08,2020,province,1100,Aceh,percent,70.07,Badan Pusat Statistik,webapi-var-1980-updated-2026-08-26,domain=0000;var=1980;vervar=1100;turvar=1674;th=120;turth=0
bps_webapi,sdg04_completion_rate,sma,2026-09-08,2020,province,1200,Sumatera Utara,percent,70.39,Badan Pusat Statistik,webapi-var-1980-updated-2026-08-26,domain=0000;var=1980;vervar=1200;turvar=1674;th=120;turth=0
bps_webapi,sdg04_completion_rate,sma,2026-09-08,2020,province,1300,Sumatera Barat,percent,67.11,Badan Pusat Statistik,webapi-var-1980-updated-2026-08-26,domain=0000;var=1980;vervar=1300;turvar=1674;th=120;turth=0
bps_webapi,sdg04_completion_rate,sma,2026-09-08,2020,province,1400,Riau,percent,66.62,Badan Pusat Statistik,webapi-var-1980-updated-2026-08-26,domain=0000;var=1980;vervar=1400;turvar=1674;th=120;turth=0
bps_webapi,sdg04_completion_rate,sma,2026-09-08,2020,province,1500,Jambi,percent,63.66,Badan Pusat Statistik,webapi-var-1980-updated-2026-08-26,domain=0000;var=1980;vervar=1500;turvar=1674;th=120;turth=0
bps_webapi,sdg04_completion_rate,sma,2026-09-08,2020,province,1600,Sumatera Selatan,percent,65.42,Badan Pusat Statistik,webapi-var-1980-updated-2026-08-26,domain=0000;var=1980;vervar=1600;turvar=1674;th=120;turth=0
bps_webapi,sdg04_completion_rate,sma,2026-09-08,2020,province,1700,Bengkulu,percent,62.73,Badan Pusat Statistik,webapi-var-1980-updated-2026-08-26,domain=0000;var=1980;vervar=1700;turvar=1674;th=120;turth=0
bps_webapi,sdg04_completion_rate,sma,2026-09-08,2020,province,1800,Lampung,percent,57.59,Badan Pusat Statistik,webapi-var-1980-updated-2026-08-26,domain=0000;var=1980;vervar=1800;turvar=1674;th=120;turth=0
bps_webapi,sdg04_completion_rate,sma,2026-09-08,2020,province,1900,Kep. Bangka Belitung,percent,56.74,Badan Pusat Statistik,webapi-var-1980-updated-2026-08-26,domain=0000;var=1980;vervar=1900;turvar=1674;th=120;turth=0
bps_webapi,sdg04_completion_rate,sma,2026-09-08,2020,province,2100,Kep. Riau,percent,78.65,Badan Pusat Statistik,webapi-var-1980-updated-2026-08-26,domain=0000;var=1980;vervar=2100;turvar=1674;th=120;turth=0
bps_webapi,sdg04_completion_rate,sma,2026-09-08,2020,province,3100,Dki Jakarta,percent,85.67,Badan Pusat Statistik,webapi-var-1980-updated-2026-08-26,domain=0000;var=1980;vervar=3100;turvar=1674;th=120;turth=0
bps_webapi,sdg04_completion_rate,sma,2026-09-08,2020,province,3200,Jawa Barat,percent,63.56,Badan Pusat Statistik,webapi-var-1980-updated-2026-08-26,domain=0000;var=1980;vervar=3200;turvar=1674;th=120;turth=0
bps_webapi,sdg04_completion_rate,sma,2026-09-08,2020,province,3300,Jawa Tengah,percent,55.82,Badan Pusat Statistik,webapi-var-1980-updated-2026-08-26,domain=0000;var=1980;vervar=3300;turvar=1674;th=120;turth=0
bps_webapi,sdg04_completion_rate,sma,2026-09-08,2020,province,3400,Di Yogyakarta,percent,87.99,Badan Pusat Statistik,webapi-var-1980-updated-2026-08-26,domain=0000;var=1980;vervar=3400;turvar=1674;th=120;turth=0
bps_webapi,sdg04_completion_rate,sma,2026-09-08,2020,province,3500,Jawa Timur,percent,63.53,Badan Pusat Statistik,webapi-var-1980-updated-2026-08-26,domain=0000;var=1980;vervar=3500;turvar=1674;th=120;turth=0
bps_webapi,sdg04_completion_rate,sma,2026-09-08,2020,province,3600,Banten,percent,64.24,Badan Pusat Statistik,webapi-var-1980-updated-2026-08-26,domain=0000;var=1980;vervar=3600;turvar=1674;th=120;turth=0
bps_webapi,sdg04_completion_rate,sma,2026-09-08,2020,province,5100,Bali,percent,74.88,Badan Pusat Statistik,webapi-var-1980-updated-2026-08-26,domain=0000;var=1980;vervar=5100;turvar=1674;th=120;turth=0
bps_webapi,sdg04_completion_rate,sma,2026-09-08,2020,province,5200,Nusa Tenggara Barat,percent,64.66,Badan Pusat Statistik,webapi-var-1980-updated-2026-08-26,domain=0000;var=1980;vervar=5200;turvar=1674;th=120;turth=0
bps_webapi,sdg04_completion_rate,sma,2026-09-08,2020,province,5300,Nusa Tenggara Timur,percent,50.65,Badan Pusat Statistik,webapi-var-1980-updated-2026-08-26,domain=0000;var=1980;vervar=5300;turvar=1674;th=120;turth=0
bps_webapi,sdg04_completion_rate,sma,2026-09-08,2020,province,6100,Kalimantan Barat,percent,55.23,Badan Pusat Statistik,webapi-var-1980-updated-2026-08-26,domain=0000;var=1980;vervar=6100;turvar=1674;th=120;turth=0
bps_webapi,sdg04_completion_rate,sma,2026-09-08,2020,province,6200,Kalimantan Tengah,percent,60.77,Badan Pusat Statistik,webapi-var-1980-updated-2026-08-26,domain=0000;var=1980;vervar=6200;turvar=1674;th=120;turth=0
bps_webapi,sdg04_completion_rate,sma,2026-09-08,2020,province,6300,Kalimantan Selatan,percent,63.05,Badan Pusat Statistik,webapi-var-1980-updated-2026-08-26,domain=0000;var=1980;vervar=6300;turvar=1674;th=120;turth=0
bps_webapi,sdg04_completion_rate,sma,2026-09-08,2020,province,6400,Kalimantan Timur,percent,71.63,Badan Pusat Statistik,webapi-var-1980-updated-2026-08-26,domain=0000;var=1980;vervar=6400;turvar=1674;th=120;turth=0
bps_webapi,sdg04_completion_rate,sma,2026-09-08,2020,province,6500,Kalimantan Utara,percent,67.77,Badan Pusat Statistik,webapi-var-1980-updated-2026-08-26,domain=0000;var=1980;vervar=6500;turvar=1674;th=120;turth=0
bps_webapi,sdg04_completion_rate,sma,2026-09-08,2020,province,7100,Sulawesi Utara,percent,73.79,Badan Pusat Statistik,webapi-var-1980-updated-2026-08-26,domain=0000;var=1980;vervar=7100;turvar=1674;th=120;turth=0
bps_webapi,sdg04_completion_rate,sma,2026-09-08,2020,province,7200,Sulawesi Tengah,percent,57.68,Badan Pusat Statistik,webapi-var-1980-updated-2026-08-26,domain=0000;var=1980;vervar=7200;turvar=1674;th=120;turth=0
bps_webapi,sdg04_completion_rate,sma,2026-09-08,2020,province,7300,Sulawesi Selatan,percent,66.22,Badan Pusat Statistik,webapi-var-1980-updated-2026-08-26,domain=0000;var=1980;vervar=7300;turvar=1674;th=120;turth=0
bps_webapi,sdg04_completion_rate,sma,2026-09-08,2020,province,7400,Sulawesi Tenggara,percent,68.28,Badan Pusat Statistik,webapi-var-1980-updated-2026-08-26,domain=0000;var=1980;vervar=7400;turvar=1674;th=120;turth=0
bps_webapi,sdg04_completion_rate,sma,2026-09-08,2020,province,7500,Gorontalo,percent,55.35,Badan Pusat Statistik,webapi-var-1980-updated-2026-08-26,domain=0000;var=1980;vervar=7500;turvar=1674;th=120;turth=0
bps_webapi,sdg04_completion_rate,sma,2026-09-08,2020,province,7600,Sulawesi Barat,percent,56.6,Badan Pusat Statistik,webapi-var-1980-updated-2026-08-26,domain=0000;var=1980;vervar=7600;turvar=1674;th=120;turth=0
bps_webapi,sdg04_completion_rate,sma,2026-09-08,2020,province,8100,Maluku,percent,70.55,Badan Pusat Statistik,webapi-var-1980-updated-2026-08-26,domain=0000;var=1980;vervar=8100;turvar=1674;th=120;turth=0
bps_webapi,sdg04_completion_rate,sma,2026-09-08,2020,province,8200,Maluku Utara,percent,66.52,Badan Pusat Statistik,webapi-var-1980-updated-2026-08-26,domain=0000;var=1980;vervar=8200;turvar=1674;th=120;turth=0
bps_webapi,sdg04_completion_rate,sma,2026-09-08,2020,province,9100,Papua Barat,percent,61.49,Badan Pusat Statistik,webapi-var-1980-updated-2026-08-26,domain=0000;var=1980;vervar=9100;turvar=1674;th=120;turth=0
bps_webapi,sdg04_completion_rate,sma,2026-09-08,2020,province,9400,Papua,percent,30.92,Badan Pusat Statistik,webapi-var-1980-updated-2026-08-26,domain=0000;var=1980;vervar=9400;turvar=1674;th=120;turth=0
bps_webapi,sdg04_completion_rate,sma,2026-09-08,2021,national,9999,Indonesia,percent,65.94,Badan Pusat Statistik,webapi-var-1980-updated-2026-08-26,domain=0000;var=1980;vervar=9999;turvar=1674;th=121;turth=0
bps_webapi,sdg04_completion_rate,sma,2026-09-08,2021,province,1100,Aceh,percent,74.36,Badan Pusat Statistik,webapi-var-1980-updated-2026-08-26,domain=0000;var=1980;vervar=1100;turvar=1674;th=121;turth=0
bps_webapi,sdg04_completion_rate,sma,2026-09-08,2021,province,1200,Sumatera Utara,percent,72.81,Badan Pusat Statistik,webapi-var-1980-updated-2026-08-26,domain=0000;var=1980;vervar=1200;turvar=1674;th=121;turth=0
bps_webapi,sdg04_completion_rate,sma,2026-09-08,2021,province,1300,Sumatera Barat,percent,70.06,Badan Pusat Statistik,webapi-var-1980-updated-2026-08-26,domain=0000;var=1980;vervar=1300;turvar=1674;th=121;turth=0
bps_webapi,sdg04_completion_rate,sma,2026-09-08,2021,province,1400,Riau,percent,68.94,Badan Pusat Statistik,webapi-var-1980-updated-2026-08-26,domain=0000;var=1980;vervar=1400;turvar=1674;th=121;turth=0
bps_webapi,sdg04_completion_rate,sma,2026-09-08,2021,province,1500,Jambi,percent,64.51,Badan Pusat Statistik,webapi-var-1980-updated-2026-08-26,domain=0000;var=1980;vervar=1500;turvar=1674;th=121;turth=0
bps_webapi,sdg04_completion_rate,sma,2026-09-08,2021,province,1600,Sumatera Selatan,percent,67.2,Badan Pusat Statistik,webapi-var-1980-updated-2026-08-26,domain=0000;var=1980;vervar=1600;turvar=1674;th=121;turth=0
bps_webapi,sdg04_completion_rate,sma,2026-09-08,2021,province,1700,Bengkulu,percent,62.46,Badan Pusat Statistik,webapi-var-1980-updated-2026-08-26,domain=0000;var=1980;vervar=1700;turvar=1674;th=121;turth=0
bps_webapi,sdg04_completion_rate,sma,2026-09-08,2021,province,1800,Lampung,percent,60.09,Badan Pusat Statistik,webapi-var-1980-updated-2026-08-26,domain=0000;var=1980;vervar=1800;turvar=1674;th=121;turth=0
bps_webapi,sdg04_completion_rate,sma,2026-09-08,2021,province,1900,Kep. Bangka Belitung,percent,63.98,Badan Pusat Statistik,webapi-var-1980-updated-2026-08-26,domain=0000;var=1980;vervar=1900;turvar=1674;th=121;turth=0
bps_webapi,sdg04_completion_rate,sma,2026-09-08,2021,province,2100,Kep. Riau,percent,81.07,Badan Pusat Statistik,webapi-var-1980-updated-2026-08-26,domain=0000;var=1980;vervar=2100;turvar=1674;th=121;turth=0
bps_webapi,sdg04_completion_rate,sma,2026-09-08,2021,province,3100,Dki Jakarta,percent,84.98,Badan Pusat Statistik,webapi-var-1980-updated-2026-08-26,domain=0000;var=1980;vervar=3100;turvar=1674;th=121;turth=0
bps_webapi,sdg04_completion_rate,sma,2026-09-08,2021,province,3200,Jawa Barat,percent,64.89,Badan Pusat Statistik,webapi-var-1980-updated-2026-08-26,domain=0000;var=1980;vervar=3200;turvar=1674;th=121;turth=0
bps_webapi,sdg04_completion_rate,sma,2026-09-08,2021,province,3300,Jawa Tengah,percent,59.9,Badan Pusat Statistik,webapi-var-1980-updated-2026-08-26,domain=0000;var=1980;vervar=3300;turvar=1674;th=121;turth=0
bps_webapi,sdg04_completion_rate,sma,2026-09-08,2021,province,3400,Di Yogyakarta,percent,90.12,Badan Pusat Statistik,webapi-var-1980-updated-2026-08-26,domain=0000;var=1980;vervar=3400;turvar=1674;th=121;turth=0
bps_webapi,sdg04_completion_rate,sma,2026-09-08,2021,province,3500,Jawa Timur,percent,66.33,Badan Pusat Statistik,webapi-var-1980-updated-2026-08-26,domain=0000;var=1980;vervar=3500;turvar=1674;th=121;turth=0
bps_webapi,sdg04_completion_rate,sma,2026-09-08,2021,province,3600,Banten,percent,66.9,Badan Pusat Statistik,webapi-var-1980-updated-2026-08-26,domain=0000;var=1980;vervar=3600;turvar=1674;th=121;turth=0
bps_webapi,sdg04_completion_rate,sma,2026-09-08,2021,province,5100,Bali,percent,75.86,Badan Pusat Statistik,webapi-var-1980-updated-2026-08-26,domain=0000;var=1980;vervar=5100;turvar=1674;th=121;turth=0
bps_webapi,sdg04_completion_rate,sma,2026-09-08,2021,province,5200,Nusa Tenggara Barat,percent,65.71,Badan Pusat Statistik,webapi-var-1980-updated-2026-08-26,domain=0000;var=1980;vervar=5200;turvar=1674;th=121;turth=0
bps_webapi,sdg04_completion_rate,sma,2026-09-08,2021,province,5300,Nusa Tenggara Timur,percent,44.88,Badan Pusat Statistik,webapi-var-1980-updated-2026-08-26,domain=0000;var=1980;vervar=5300;turvar=1674;th=121;turth=0
bps_webapi,sdg04_completion_rate,sma,2026-09-08,2021,province,6100,Kalimantan Barat,percent,54.27,Badan Pusat Statistik,webapi-var-1980-updated-2026-08-26,domain=0000;var=1980;vervar=6100;turvar=1674;th=121;turth=0
bps_webapi,sdg04_completion_rate,sma,2026-09-08,2021,province,6200,Kalimantan Tengah,percent,61.04,Badan Pusat Statistik,webapi-var-1980-updated-2026-08-26,domain=0000;var=1980;vervar=6200;turvar=1674;th=121;turth=0
bps_webapi,sdg04_completion_rate,sma,2026-09-08,2021,province,6300,Kalimantan Selatan,percent,63.59,Badan Pusat Statistik,webapi-var-1980-updated-2026-08-26,domain=0000;var=1980;vervar=6300;turvar=1674;th=121;turth=0
bps_webapi,sdg04_completion_rate,sma,2026-09-08,2021,province,6400,Kalimantan Timur,percent,74.26,Badan Pusat Statistik,webapi-var-1980-updated-2026-08-26,domain=0000;var=1980;vervar=6400;turvar=1674;th=121;turth=0
bps_webapi,sdg04_completion_rate,sma,2026-09-08,2021,province,6500,Kalimantan Utara,percent,62.3,Badan Pusat Statistik,webapi-var-1980-updated-2026-08-26,domain=0000;var=1980;vervar=6500;turvar=1674;th=121;turth=0
bps_webapi,sdg04_completion_rate,sma,2026-09-08,2021,province,7100,Sulawesi Utara,percent,68.56,Badan Pusat Statistik,webapi-var-1980-updated-2026-08-26,domain=0000;var=1980;vervar=7100;turvar=1674;th=121;turth=0
bps_webapi,sdg04_completion_rate,sma,2026-09-08,2021,province,7200,Sulawesi Tengah,percent,61.16,Badan Pusat Statistik,webapi-var-1980-updated-2026-08-26,domain=0000;var=1980;vervar=7200;turvar=1674;th=121;turth=0
bps_webapi,sdg04_completion_rate,sma,2026-09-08,2021,province,7300,Sulawesi Selatan,percent,69.43,Badan Pusat Statistik,webapi-var-1980-updated-2026-08-26,domain=0000;var=1980;vervar=7300;turvar=1674;th=121;turth=0
bps_webapi,sdg04_completion_rate,sma,2026-09-08,2021,province,7400,Sulawesi Tenggara,percent,70.65,Badan Pusat Statistik,webapi-var-1980-updated-2026-08-26,domain=0000;var=1980;vervar=7400;turvar=1674;th=121;turth=0
bps_webapi,sdg04_completion_rate,sma,2026-09-08,2021,province,7500,Gorontalo,percent,53.73,Badan Pusat Statistik,webapi-var-1980-updated-2026-08-26,domain=0000;var=1980;vervar=7500;turvar=1674;th=121;turth=0
bps_webapi,sdg04_completion_rate,sma,2026-09-08,2021,province,7600,Sulawesi Barat,percent,56.22,Badan Pusat Statistik,webapi-var-1980-updated-2026-08-26,domain=0000;var=1980;vervar=7600;turvar=1674;th=121;turth=0
bps_webapi,sdg04_completion_rate,sma,2026-09-08,2021,province,8100,Maluku,percent,68.12,Badan Pusat Statistik,webapi-var-1980-updated-2026-08-26,domain=0000;var=1980;vervar=8100;turvar=1674;th=121;turth=0
bps_webapi,sdg04_completion_rate,sma,2026-09-08,2021,province,8200,Maluku Utara,percent,66.95,Badan Pusat Statistik,webapi-var-1980-updated-2026-08-26,domain=0000;var=1980;vervar=8200;turvar=1674;th=121;turth=0
bps_webapi,sdg04_completion_rate,sma,2026-09-08,2021,province,9100,Papua Barat,percent,59.08,Badan Pusat Statistik,webapi-var-1980-updated-2026-08-26,domain=0000;var=1980;vervar=9100;turvar=1674;th=121;turth=0
bps_webapi,sdg04_completion_rate,sma,2026-09-08,2021,province,9400,Papua,percent,32.95,Badan Pusat Statistik,webapi-var-1980-updated-2026-08-26,domain=0000;var=1980;vervar=9400;turvar=1674;th=121;turth=0
bps_webapi,sdg04_completion_rate,sma,2026-09-08,2022,national,9999,Indonesia,percent,66.13,Badan Pusat Statistik,webapi-var-1980-updated-2026-08-26,domain=0000;var=1980;vervar=9999;turvar=1674;th=122;turth=0
bps_webapi,sdg04_completion_rate,sma,2026-09-08,2022,province,1100,Aceh,percent,70.67,Badan Pusat Statistik,webapi-var-1980-updated-2026-08-26,domain=0000;var=1980;vervar=1100;turvar=1674;th=122;turth=0
bps_webapi,sdg04_completion_rate,sma,2026-09-08,2022,province,1200,Sumatera Utara,percent,77.16,Badan Pusat Statistik,webapi-var-1980-updated-2026-08-26,domain=0000;var=1980;vervar=1200;turvar=1674;th=122;turth=0
bps_webapi,sdg04_completion_rate,sma,2026-09-08,2022,province,1300,Sumatera Barat,percent,65.96,Badan Pusat Statistik,webapi-var-1980-updated-2026-08-26,domain=0000;var=1980;vervar=1300;turvar=1674;th=122;turth=0
bps_webapi,sdg04_completion_rate,sma,2026-09-08,2022,province,1400,Riau,percent,66.91,Badan Pusat Statistik,webapi-var-1980-updated-2026-08-26,domain=0000;var=1980;vervar=1400;turvar=1674;th=122;turth=0
bps_webapi,sdg04_completion_rate,sma,2026-09-08,2022,province,1500,Jambi,percent,65.85,Badan Pusat Statistik,webapi-var-1980-updated-2026-08-26,domain=0000;var=1980;vervar=1500;turvar=1674;th=122;turth=0
bps_webapi,sdg04_completion_rate,sma,2026-09-08,2022,province,1600,Sumatera Selatan,percent,67.07,Badan Pusat Statistik,webapi-var-1980-updated-2026-08-26,domain=0000;var=1980;vervar=1600;turvar=1674;th=122;turth=0
bps_webapi,sdg04_completion_rate,sma,2026-09-08,2022,province,1700,Bengkulu,percent,64.88,Badan Pusat Statistik,webapi-var-1980-updated-2026-08-26,domain=0000;var=1980;vervar=1700;turvar=1674;th=122;turth=0
bps_webapi,sdg04_completion_rate,sma,2026-09-08,2022,province,1800,Lampung,percent,62.42,Badan Pusat Statistik,webapi-var-1980-updated-2026-08-26,domain=0000;var=1980;vervar=1800;turvar=1674;th=122;turth=0
bps_webapi,sdg04_completion_rate,sma,2026-09-08,2022,province,1900,Kep. Bangka Belitung,percent,66.87,Badan Pusat Statistik,webapi-var-1980-updated-2026-08-26,domain=0000;var=1980;vervar=1900;turvar=1674;th=122;turth=0
bps_webapi,sdg04_completion_rate,sma,2026-09-08,2022,province,2100,Kep. Riau,percent,73.93,Badan Pusat Statistik,webapi-var-1980-updated-2026-08-26,domain=0000;var=1980;vervar=2100;turvar=1674;th=122;turth=0
bps_webapi,sdg04_completion_rate,sma,2026-09-08,2022,province,3100,Dki Jakarta,percent,87.71,Badan Pusat Statistik,webapi-var-1980-updated-2026-08-26,domain=0000;var=1980;vervar=3100;turvar=1674;th=122;turth=0
bps_webapi,sdg04_completion_rate,sma,2026-09-08,2022,province,3200,Jawa Barat,percent,67.05,Badan Pusat Statistik,webapi-var-1980-updated-2026-08-26,domain=0000;var=1980;vervar=3200;turvar=1674;th=122;turth=0
bps_webapi,sdg04_completion_rate,sma,2026-09-08,2022,province,3300,Jawa Tengah,percent,58.75,Badan Pusat Statistik,webapi-var-1980-updated-2026-08-26,domain=0000;var=1980;vervar=3300;turvar=1674;th=122;turth=0
bps_webapi,sdg04_completion_rate,sma,2026-09-08,2022,province,3400,Di Yogyakarta,percent,87.92,Badan Pusat Statistik,webapi-var-1980-updated-2026-08-26,domain=0000;var=1980;vervar=3400;turvar=1674;th=122;turth=0
bps_webapi,sdg04_completion_rate,sma,2026-09-08,2022,province,3500,Jawa Timur,percent,66.87,Badan Pusat Statistik,webapi-var-1980-updated-2026-08-26,domain=0000;var=1980;vervar=3500;turvar=1674;th=122;turth=0
bps_webapi,sdg04_completion_rate,sma,2026-09-08,2022,province,3600,Banten,percent,66.02,Badan Pusat Statistik,webapi-var-1980-updated-2026-08-26,domain=0000;var=1980;vervar=3600;turvar=1674;th=122;turth=0
bps_webapi,sdg04_completion_rate,sma,2026-09-08,2022,province,5100,Bali,percent,76.59,Badan Pusat Statistik,webapi-var-1980-updated-2026-08-26,domain=0000;var=1980;vervar=5100;turvar=1674;th=122;turth=0
bps_webapi,sdg04_completion_rate,sma,2026-09-08,2022,province,5200,Nusa Tenggara Barat,percent,61,Badan Pusat Statistik,webapi-var-1980-updated-2026-08-26,domain=0000;var=1980;vervar=5200;turvar=1674;th=122;turth=0
bps_webapi,sdg04_completion_rate,sma,2026-09-08,2022,province,5300,Nusa Tenggara Timur,percent,38.47,Badan Pusat Statistik,webapi-var-1980-updated-2026-08-26,domain=0000;var=1980;vervar=5300;turvar=1674;th=122;turth=0
bps_webapi,sdg04_completion_rate,sma,2026-09-08,2022,province,6100,Kalimantan Barat,percent,58.4,Badan Pusat Statistik,webapi-var-1980-updated-2026-08-26,domain=0000;var=1980;vervar=6100;turvar=1674;th=122;turth=0
bps_webapi,sdg04_completion_rate,sma,2026-09-08,2022,province,6200,Kalimantan Tengah,percent,61.88,Badan Pusat Statistik,webapi-var-1980-updated-2026-08-26,domain=0000;var=1980;vervar=6200;turvar=1674;th=122;turth=0
bps_webapi,sdg04_completion_rate,sma,2026-09-08,2022,province,6300,Kalimantan Selatan,percent,67.81,Badan Pusat Statistik,webapi-var-1980-updated-2026-08-26,domain=0000;var=1980;vervar=6300;turvar=1674;th=122;turth=0
bps_webapi,sdg04_completion_rate,sma,2026-09-08,2022,province,6400,Kalimantan Timur,percent,74,Badan Pusat Statistik,webapi-var-1980-updated-2026-08-26,domain=0000;var=1980;vervar=6400;turvar=1674;th=122;turth=0
bps_webapi,sdg04_completion_rate,sma,2026-09-08,2022,province,6500,Kalimantan Utara,percent,54.8,Badan Pusat Statistik,webapi-var-1980-updated-2026-08-26,domain=0000;var=1980;vervar=6500;turvar=1674;th=122;turth=0
bps_webapi,sdg04_completion_rate,sma,2026-09-08,2022,province,7100,Sulawesi Utara,percent,66.66,Badan Pusat Statistik,webapi-var-1980-updated-2026-08-26,domain=0000;var=1980;vervar=7100;turvar=1674;th=122;turth=0
bps_webapi,sdg04_completion_rate,sma,2026-09-08,2022,province,7200,Sulawesi Tengah,percent,53.73,Badan Pusat Statistik,webapi-var-1980-updated-2026-08-26,domain=0000;var=1980;vervar=7200;turvar=1674;th=122;turth=0
bps_webapi,sdg04_completion_rate,sma,2026-09-08,2022,province,7300,Sulawesi Selatan,percent,68.32,Badan Pusat Statistik,webapi-var-1980-updated-2026-08-26,domain=0000;var=1980;vervar=7300;turvar=1674;th=122;turth=0
bps_webapi,sdg04_completion_rate,sma,2026-09-08,2022,province,7400,Sulawesi Tenggara,percent,65.97,Badan Pusat Statistik,webapi-var-1980-updated-2026-08-26,domain=0000;var=1980;vervar=7400;turvar=1674;th=122;turth=0
bps_webapi,sdg04_completion_rate,sma,2026-09-08,2022,province,7500,Gorontalo,percent,45.12,Badan Pusat Statistik,webapi-var-1980-updated-2026-08-26,domain=0000;var=1980;vervar=7500;turvar=1674;th=122;turth=0
bps_webapi,sdg04_completion_rate,sma,2026-09-08,2022,province,7600,Sulawesi Barat,percent,55.18,Badan Pusat Statistik,webapi-var-1980-updated-2026-08-26,domain=0000;var=1980;vervar=7600;turvar=1674;th=122;turth=0
bps_webapi,sdg04_completion_rate,sma,2026-09-08,2022,province,8100,Maluku,percent,72.08,Badan Pusat Statistik,webapi-var-1980-updated-2026-08-26,domain=0000;var=1980;vervar=8100;turvar=1674;th=122;turth=0
bps_webapi,sdg04_completion_rate,sma,2026-09-08,2022,province,8200,Maluku Utara,percent,67.1,Badan Pusat Statistik,webapi-var-1980-updated-2026-08-26,domain=0000;var=1980;vervar=8200;turvar=1674;th=122;turth=0
bps_webapi,sdg04_completion_rate,sma,2026-09-08,2022,province,9100,Papua Barat,percent,57.07,Badan Pusat Statistik,webapi-var-1980-updated-2026-08-26,domain=0000;var=1980;vervar=9100;turvar=1674;th=122;turth=0
bps_webapi,sdg04_completion_rate,sma,2026-09-08,2022,province,9400,Papua,percent,39.01,Badan Pusat Statistik,webapi-var-1980-updated-2026-08-26,domain=0000;var=1980;vervar=9400;turvar=1674;th=122;turth=0
bps_webapi,sdg04_completion_rate,sma,2026-09-08,2023,national,9999,Indonesia,percent,66.79,Badan Pusat Statistik,webapi-var-1980-updated-2026-08-26,domain=0000;var=1980;vervar=9999;turvar=1674;th=123;turth=0
bps_webapi,sdg04_completion_rate,sma,2026-09-08,2023,province,1100,Aceh,percent,74.46,Badan Pusat Statistik,webapi-var-1980-updated-2026-08-26,domain=0000;var=1980;vervar=1100;turvar=1674;th=123;turth=0
bps_webapi,sdg04_completion_rate,sma,2026-09-08,2023,province,1200,Sumatera Utara,percent,74.43,Badan Pusat Statistik,webapi-var-1980-updated-2026-08-26,domain=0000;var=1980;vervar=1200;turvar=1674;th=123;turth=0
bps_webapi,sdg04_completion_rate,sma,2026-09-08,2023,province,1300,Sumatera Barat,percent,68.64,Badan Pusat Statistik,webapi-var-1980-updated-2026-08-26,domain=0000;var=1980;vervar=1300;turvar=1674;th=123;turth=0
bps_webapi,sdg04_completion_rate,sma,2026-09-08,2023,province,1400,Riau,percent,67.79,Badan Pusat Statistik,webapi-var-1980-updated-2026-08-26,domain=0000;var=1980;vervar=1400;turvar=1674;th=123;turth=0
bps_webapi,sdg04_completion_rate,sma,2026-09-08,2023,province,1500,Jambi,percent,66.62,Badan Pusat Statistik,webapi-var-1980-updated-2026-08-26,domain=0000;var=1980;vervar=1500;turvar=1674;th=123;turth=0
bps_webapi,sdg04_completion_rate,sma,2026-09-08,2023,province,1600,Sumatera Selatan,percent,64.81,Badan Pusat Statistik,webapi-var-1980-updated-2026-08-26,domain=0000;var=1980;vervar=1600;turvar=1674;th=123;turth=0
bps_webapi,sdg04_completion_rate,sma,2026-09-08,2023,province,1700,Bengkulu,percent,63.41,Badan Pusat Statistik,webapi-var-1980-updated-2026-08-26,domain=0000;var=1980;vervar=1700;turvar=1674;th=123;turth=0
bps_webapi,sdg04_completion_rate,sma,2026-09-08,2023,province,1800,Lampung,percent,64.54,Badan Pusat Statistik,webapi-var-1980-updated-2026-08-26,domain=0000;var=1980;vervar=1800;turvar=1674;th=123;turth=0
bps_webapi,sdg04_completion_rate,sma,2026-09-08,2023,province,1900,Kep. Bangka Belitung,percent,68.96,Badan Pusat Statistik,webapi-var-1980-updated-2026-08-26,domain=0000;var=1980;vervar=1900;turvar=1674;th=123;turth=0
bps_webapi,sdg04_completion_rate,sma,2026-09-08,2023,province,2100,Kep. Riau,percent,78.97,Badan Pusat Statistik,webapi-var-1980-updated-2026-08-26,domain=0000;var=1980;vervar=2100;turvar=1674;th=123;turth=0
bps_webapi,sdg04_completion_rate,sma,2026-09-08,2023,province,3100,Dki Jakarta,percent,88.1,Badan Pusat Statistik,webapi-var-1980-updated-2026-08-26,domain=0000;var=1980;vervar=3100;turvar=1674;th=123;turth=0
bps_webapi,sdg04_completion_rate,sma,2026-09-08,2023,province,3200,Jawa Barat,percent,66.47,Badan Pusat Statistik,webapi-var-1980-updated-2026-08-26,domain=0000;var=1980;vervar=3200;turvar=1674;th=123;turth=0
bps_webapi,sdg04_completion_rate,sma,2026-09-08,2023,province,3300,Jawa Tengah,percent,58.35,Badan Pusat Statistik,webapi-var-1980-updated-2026-08-26,domain=0000;var=1980;vervar=3300;turvar=1674;th=123;turth=0
bps_webapi,sdg04_completion_rate,sma,2026-09-08,2023,province,3400,Di Yogyakarta,percent,89.69,Badan Pusat Statistik,webapi-var-1980-updated-2026-08-26,domain=0000;var=1980;vervar=3400;turvar=1674;th=123;turth=0
bps_webapi,sdg04_completion_rate,sma,2026-09-08,2023,province,3500,Jawa Timur,percent,68.65,Badan Pusat Statistik,webapi-var-1980-updated-2026-08-26,domain=0000;var=1980;vervar=3500;turvar=1674;th=123;turth=0
bps_webapi,sdg04_completion_rate,sma,2026-09-08,2023,province,3600,Banten,percent,70.07,Badan Pusat Statistik,webapi-var-1980-updated-2026-08-26,domain=0000;var=1980;vervar=3600;turvar=1674;th=123;turth=0
bps_webapi,sdg04_completion_rate,sma,2026-09-08,2023,province,5100,Bali,percent,76.51,Badan Pusat Statistik,webapi-var-1980-updated-2026-08-26,domain=0000;var=1980;vervar=5100;turvar=1674;th=123;turth=0
bps_webapi,sdg04_completion_rate,sma,2026-09-08,2023,province,5200,Nusa Tenggara Barat,percent,63.66,Badan Pusat Statistik,webapi-var-1980-updated-2026-08-26,domain=0000;var=1980;vervar=5200;turvar=1674;th=123;turth=0
bps_webapi,sdg04_completion_rate,sma,2026-09-08,2023,province,5300,Nusa Tenggara Timur,percent,43.46,Badan Pusat Statistik,webapi-var-1980-updated-2026-08-26,domain=0000;var=1980;vervar=5300;turvar=1674;th=123;turth=0
bps_webapi,sdg04_completion_rate,sma,2026-09-08,2023,province,6100,Kalimantan Barat,percent,55.58,Badan Pusat Statistik,webapi-var-1980-updated-2026-08-26,domain=0000;var=1980;vervar=6100;turvar=1674;th=123;turth=0
bps_webapi,sdg04_completion_rate,sma,2026-09-08,2023,province,6200,Kalimantan Tengah,percent,63.93,Badan Pusat Statistik,webapi-var-1980-updated-2026-08-26,domain=0000;var=1980;vervar=6200;turvar=1674;th=123;turth=0
bps_webapi,sdg04_completion_rate,sma,2026-09-08,2023,province,6300,Kalimantan Selatan,percent,68.35,Badan Pusat Statistik,webapi-var-1980-updated-2026-08-26,domain=0000;var=1980;vervar=6300;turvar=1674;th=123;turth=0
bps_webapi,sdg04_completion_rate,sma,2026-09-08,2023,province,6400,Kalimantan Timur,percent,73.63,Badan Pusat Statistik,webapi-var-1980-updated-2026-08-26,domain=0000;var=1980;vervar=6400;turvar=1674;th=123;turth=0
bps_webapi,sdg04_completion_rate,sma,2026-09-08,2023,province,6500,Kalimantan Utara,percent,59.5,Badan Pusat Statistik,webapi-var-1980-updated-2026-08-26,domain=0000;var=1980;vervar=6500;turvar=1674;th=123;turth=0
bps_webapi,sdg04_completion_rate,sma,2026-09-08,2023,province,7100,Sulawesi Utara,percent,67.57,Badan Pusat Statistik,webapi-var-1980-updated-2026-08-26,domain=0000;var=1980;vervar=7100;turvar=1674;th=123;turth=0
bps_webapi,sdg04_completion_rate,sma,2026-09-08,2023,province,7200,Sulawesi Tengah,percent,55.69,Badan Pusat Statistik,webapi-var-1980-updated-2026-08-26,domain=0000;var=1980;vervar=7200;turvar=1674;th=123;turth=0
bps_webapi,sdg04_completion_rate,sma,2026-09-08,2023,province,7300,Sulawesi Selatan,percent,67.41,Badan Pusat Statistik,webapi-var-1980-updated-2026-08-26,domain=0000;var=1980;vervar=7300;turvar=1674;th=123;turth=0
bps_webapi,sdg04_completion_rate,sma,2026-09-08,2023,province,7400,Sulawesi Tenggara,percent,68.28,Badan Pusat Statistik,webapi-var-1980-updated-2026-08-26,domain=0000;var=1980;vervar=7400;turvar=1674;th=123;turth=0
bps_webapi,sdg04_completion_rate,sma,2026-09-08,2023,province,7500,Gorontalo,percent,46.19,Badan Pusat Statistik,webapi-var-1980-updated-2026-08-26,domain=0000;var=1980;vervar=7500;turvar=1674;th=123;turth=0
bps_webapi,sdg04_completion_rate,sma,2026-09-08,2023,province,7600,Sulawesi Barat,percent,54.79,Badan Pusat Statistik,webapi-var-1980-updated-2026-08-26,domain=0000;var=1980;vervar=7600;turvar=1674;th=123;turth=0
bps_webapi,sdg04_completion_rate,sma,2026-09-08,2023,province,8100,Maluku,percent,75.01,Badan Pusat Statistik,webapi-var-1980-updated-2026-08-26,domain=0000;var=1980;vervar=8100;turvar=1674;th=123;turth=0
bps_webapi,sdg04_completion_rate,sma,2026-09-08,2023,province,8200,Maluku Utara,percent,64.61,Badan Pusat Statistik,webapi-var-1980-updated-2026-08-26,domain=0000;var=1980;vervar=8200;turvar=1674;th=123;turth=0
bps_webapi,sdg04_completion_rate,sma,2026-09-08,2023,province,9100,Papua Barat,percent,59.99,Badan Pusat Statistik,webapi-var-1980-updated-2026-08-26,domain=0000;var=1980;vervar=9100;turvar=1674;th=123;turth=0
bps_webapi,sdg04_completion_rate,sma,2026-09-08,2023,province,9400,Papua,percent,39.5,Badan Pusat Statistik,webapi-var-1980-updated-2026-08-26,domain=0000;var=1980;vervar=9400;turvar=1674;th=123;turth=0
bps_webapi,sdg04_completion_rate,smp,2026-09-08,2020,national,9999,Indonesia,percent,87.89,Badan Pusat Statistik,webapi-var-1980-updated-2026-08-26,domain=0000;var=1980;vervar=9999;turvar=1673;th=120;turth=0
bps_webapi,sdg04_completion_rate,smp,2026-09-08,2020,province,1100,Aceh,percent,90.92,Badan Pusat Statistik,webapi-var-1980-updated-2026-08-26,domain=0000;var=1980;vervar=1100;turvar=1673;th=120;turth=0
bps_webapi,sdg04_completion_rate,smp,2026-09-08,2020,province,1200,Sumatera Utara,percent,91.63,Badan Pusat Statistik,webapi-var-1980-updated-2026-08-26,domain=0000;var=1980;vervar=1200;turvar=1673;th=120;turth=0
bps_webapi,sdg04_completion_rate,smp,2026-09-08,2020,province,1300,Sumatera Barat,percent,87.12,Badan Pusat Statistik,webapi-var-1980-updated-2026-08-26,domain=0000;var=1980;vervar=1300;turvar=1673;th=120;turth=0
bps_webapi,sdg04_completion_rate,smp,2026-09-08,2020,province,1400,Riau,percent,86.84,Badan Pusat Statistik,webapi-var-1980-updated-2026-08-26,domain=0000;var=1980;vervar=1400;turvar=1673;th=120;turth=0
bps_webapi,sdg04_completion_rate,smp,2026-09-08,2020,province,1500,Jambi,percent,86.31,Badan Pusat Statistik,webapi-var-1980-updated-2026-08-26,domain=0000;var=1980;vervar=1500;turvar=1673;th=120;turth=0
bps_webapi,sdg04_completion_rate,smp,2026-09-08,2020,province,1600,Sumatera Selatan,percent,85.02,Badan Pusat Statistik,webapi-var-1980-updated-2026-08-26,domain=0000;var=1980;vervar=1600;turvar=1673;th=120;turth=0
bps_webapi,sdg04_completion_rate,smp,2026-09-08,2020,province,1700,Bengkulu,percent,87.68,Badan Pusat Statistik,webapi-var-1980-updated-2026-08-26,domain=0000;var=1980;vervar=1700;turvar=1673;th=120;turth=0
bps_webapi,sdg04_completion_rate,smp,2026-09-08,2020,province,1800,Lampung,percent,86.66,Badan Pusat Statistik,webapi-var-1980-updated-2026-08-26,domain=0000;var=1980;vervar=1800;turvar=1673;th=120;turth=0
bps_webapi,sdg04_completion_rate,smp,2026-09-08,2020,province,1900,Kep. Bangka Belitung,percent,81.91,Badan Pusat Statistik,webapi-var-1980-updated-2026-08-26,domain=0000;var=1980;vervar=1900;turvar=1673;th=120;turth=0
bps_webapi,sdg04_completion_rate,smp,2026-09-08,2020,province,2100,Kep. Riau,percent,94.8,Badan Pusat Statistik,webapi-var-1980-updated-2026-08-26,domain=0000;var=1980;vervar=2100;turvar=1673;th=120;turth=0
bps_webapi,sdg04_completion_rate,smp,2026-09-08,2020,province,3100,Dki Jakarta,percent,94.57,Badan Pusat Statistik,webapi-var-1980-updated-2026-08-26,domain=0000;var=1980;vervar=3100;turvar=1673;th=120;turth=0
bps_webapi,sdg04_completion_rate,smp,2026-09-08,2020,province,3200,Jawa Barat,percent,88.17,Badan Pusat Statistik,webapi-var-1980-updated-2026-08-26,domain=0000;var=1980;vervar=3200;turvar=1673;th=120;turth=0
bps_webapi,sdg04_completion_rate,smp,2026-09-08,2020,province,3300,Jawa Tengah,percent,89,Badan Pusat Statistik,webapi-var-1980-updated-2026-08-26,domain=0000;var=1980;vervar=3300;turvar=1673;th=120;turth=0
bps_webapi,sdg04_completion_rate,smp,2026-09-08,2020,province,3400,Di Yogyakarta,percent,92.36,Badan Pusat Statistik,webapi-var-1980-updated-2026-08-26,domain=0000;var=1980;vervar=3400;turvar=1673;th=120;turth=0
bps_webapi,sdg04_completion_rate,smp,2026-09-08,2020,province,3500,Jawa Timur,percent,89.98,Badan Pusat Statistik,webapi-var-1980-updated-2026-08-26,domain=0000;var=1980;vervar=3500;turvar=1673;th=120;turth=0
bps_webapi,sdg04_completion_rate,smp,2026-09-08,2020,province,3600,Banten,percent,86.7,Badan Pusat Statistik,webapi-var-1980-updated-2026-08-26,domain=0000;var=1980;vervar=3600;turvar=1673;th=120;turth=0
bps_webapi,sdg04_completion_rate,smp,2026-09-08,2020,province,5100,Bali,percent,93.21,Badan Pusat Statistik,webapi-var-1980-updated-2026-08-26,domain=0000;var=1980;vervar=5100;turvar=1673;th=120;turth=0
bps_webapi,sdg04_completion_rate,smp,2026-09-08,2020,province,5200,Nusa Tenggara Barat,percent,89.91,Badan Pusat Statistik,webapi-var-1980-updated-2026-08-26,domain=0000;var=1980;vervar=5200;turvar=1673;th=120;turth=0
bps_webapi,sdg04_completion_rate,smp,2026-09-08,2020,province,5300,Nusa Tenggara Timur,percent,78.81,Badan Pusat Statistik,webapi-var-1980-updated-2026-08-26,domain=0000;var=1980;vervar=5300;turvar=1673;th=120;turth=0
bps_webapi,sdg04_completion_rate,smp,2026-09-08,2020,province,6100,Kalimantan Barat,percent,80.88,Badan Pusat Statistik,webapi-var-1980-updated-2026-08-26,domain=0000;var=1980;vervar=6100;turvar=1673;th=120;turth=0
bps_webapi,sdg04_completion_rate,smp,2026-09-08,2020,province,6200,Kalimantan Tengah,percent,84.83,Badan Pusat Statistik,webapi-var-1980-updated-2026-08-26,domain=0000;var=1980;vervar=6200;turvar=1673;th=120;turth=0
bps_webapi,sdg04_completion_rate,smp,2026-09-08,2020,province,6300,Kalimantan Selatan,percent,82.48,Badan Pusat Statistik,webapi-var-1980-updated-2026-08-26,domain=0000;var=1980;vervar=6300;turvar=1673;th=120;turth=0
bps_webapi,sdg04_completion_rate,smp,2026-09-08,2020,province,6400,Kalimantan Timur,percent,92.4,Badan Pusat Statistik,webapi-var-1980-updated-2026-08-26,domain=0000;var=1980;vervar=6400;turvar=1673;th=120;turth=0
bps_webapi,sdg04_completion_rate,smp,2026-09-08,2020,province,6500,Kalimantan Utara,percent,87.14,Badan Pusat Statistik,webapi-var-1980-updated-2026-08-26,domain=0000;var=1980;vervar=6500;turvar=1673;th=120;turth=0
bps_webapi,sdg04_completion_rate,smp,2026-09-08,2020,province,7100,Sulawesi Utara,percent,86.69,Badan Pusat Statistik,webapi-var-1980-updated-2026-08-26,domain=0000;var=1980;vervar=7100;turvar=1673;th=120;turth=0
bps_webapi,sdg04_completion_rate,smp,2026-09-08,2020,province,7200,Sulawesi Tengah,percent,82.79,Badan Pusat Statistik,webapi-var-1980-updated-2026-08-26,domain=0000;var=1980;vervar=7200;turvar=1673;th=120;turth=0
bps_webapi,sdg04_completion_rate,smp,2026-09-08,2020,province,7300,Sulawesi Selatan,percent,85.08,Badan Pusat Statistik,webapi-var-1980-updated-2026-08-26,domain=0000;var=1980;vervar=7300;turvar=1673;th=120;turth=0
bps_webapi,sdg04_completion_rate,smp,2026-09-08,2020,province,7400,Sulawesi Tenggara,percent,89.18,Badan Pusat Statistik,webapi-var-1980-updated-2026-08-26,domain=0000;var=1980;vervar=7400;turvar=1673;th=120;turth=0
bps_webapi,sdg04_completion_rate,smp,2026-09-08,2020,province,7500,Gorontalo,percent,80.1,Badan Pusat Statistik,webapi-var-1980-updated-2026-08-26,domain=0000;var=1980;vervar=7500;turvar=1673;th=120;turth=0
bps_webapi,sdg04_completion_rate,smp,2026-09-08,2020,province,7600,Sulawesi Barat,percent,83.08,Badan Pusat Statistik,webapi-var-1980-updated-2026-08-26,domain=0000;var=1980;vervar=7600;turvar=1673;th=120;turth=0
bps_webapi,sdg04_completion_rate,smp,2026-09-08,2020,province,8100,Maluku,percent,88.04,Badan Pusat Statistik,webapi-var-1980-updated-2026-08-26,domain=0000;var=1980;vervar=8100;turvar=1673;th=120;turth=0
bps_webapi,sdg04_completion_rate,smp,2026-09-08,2020,province,8200,Maluku Utara,percent,87.41,Badan Pusat Statistik,webapi-var-1980-updated-2026-08-26,domain=0000;var=1980;vervar=8200;turvar=1673;th=120;turth=0
bps_webapi,sdg04_completion_rate,smp,2026-09-08,2020,province,9100,Papua Barat,percent,83.47,Badan Pusat Statistik,webapi-var-1980-updated-2026-08-26,domain=0000;var=1980;vervar=9100;turvar=1673;th=120;turth=0
bps_webapi,sdg04_completion_rate,smp,2026-09-08,2020,province,9400,Papua,percent,65.75,Badan Pusat Statistik,webapi-var-1980-updated-2026-08-26,domain=0000;var=1980;vervar=9400;turvar=1673;th=120;turth=0
bps_webapi,sdg04_completion_rate,smp,2026-09-08,2021,national,9999,Indonesia,percent,88.88,Badan Pusat Statistik,webapi-var-1980-updated-2026-08-26,domain=0000;var=1980;vervar=9999;turvar=1673;th=121;turth=0
bps_webapi,sdg04_completion_rate,smp,2026-09-08,2021,province,1100,Aceh,percent,93.43,Badan Pusat Statistik,webapi-var-1980-updated-2026-08-26,domain=0000;var=1980;vervar=1100;turvar=1673;th=121;turth=0
bps_webapi,sdg04_completion_rate,smp,2026-09-08,2021,province,1200,Sumatera Utara,percent,91.35,Badan Pusat Statistik,webapi-var-1980-updated-2026-08-26,domain=0000;var=1980;vervar=1200;turvar=1673;th=121;turth=0
bps_webapi,sdg04_completion_rate,smp,2026-09-08,2021,province,1300,Sumatera Barat,percent,89.49,Badan Pusat Statistik,webapi-var-1980-updated-2026-08-26,domain=0000;var=1980;vervar=1300;turvar=1673;th=121;turth=0
bps_webapi,sdg04_completion_rate,smp,2026-09-08,2021,province,1400,Riau,percent,87.11,Badan Pusat Statistik,webapi-var-1980-updated-2026-08-26,domain=0000;var=1980;vervar=1400;turvar=1673;th=121;turth=0
bps_webapi,sdg04_completion_rate,smp,2026-09-08,2021,province,1500,Jambi,percent,89,Badan Pusat Statistik,webapi-var-1980-updated-2026-08-26,domain=0000;var=1980;vervar=1500;turvar=1673;th=121;turth=0
bps_webapi,sdg04_completion_rate,smp,2026-09-08,2021,province,1600,Sumatera Selatan,percent,87.68,Badan Pusat Statistik,webapi-var-1980-updated-2026-08-26,domain=0000;var=1980;vervar=1600;turvar=1673;th=121;turth=0
bps_webapi,sdg04_completion_rate,smp,2026-09-08,2021,province,1700,Bengkulu,percent,89.94,Badan Pusat Statistik,webapi-var-1980-updated-2026-08-26,domain=0000;var=1980;vervar=1700;turvar=1673;th=121;turth=0
bps_webapi,sdg04_completion_rate,smp,2026-09-08,2021,province,1800,Lampung,percent,89.46,Badan Pusat Statistik,webapi-var-1980-updated-2026-08-26,domain=0000;var=1980;vervar=1800;turvar=1673;th=121;turth=0
bps_webapi,sdg04_completion_rate,smp,2026-09-08,2021,province,1900,Kep. Bangka Belitung,percent,80.99,Badan Pusat Statistik,webapi-var-1980-updated-2026-08-26,domain=0000;var=1980;vervar=1900;turvar=1673;th=121;turth=0
bps_webapi,sdg04_completion_rate,smp,2026-09-08,2021,province,2100,Kep. Riau,percent,92.71,Badan Pusat Statistik,webapi-var-1980-updated-2026-08-26,domain=0000;var=1980;vervar=2100;turvar=1673;th=121;turth=0
bps_webapi,sdg04_completion_rate,smp,2026-09-08,2021,province,3100,Dki Jakarta,percent,95,Badan Pusat Statistik,webapi-var-1980-updated-2026-08-26,domain=0000;var=1980;vervar=3100;turvar=1673;th=121;turth=0
bps_webapi,sdg04_completion_rate,smp,2026-09-08,2021,province,3200,Jawa Barat,percent,88.18,Badan Pusat Statistik,webapi-var-1980-updated-2026-08-26,domain=0000;var=1980;vervar=3200;turvar=1673;th=121;turth=0
bps_webapi,sdg04_completion_rate,smp,2026-09-08,2021,province,3300,Jawa Tengah,percent,88.44,Badan Pusat Statistik,webapi-var-1980-updated-2026-08-26,domain=0000;var=1980;vervar=3300;turvar=1673;th=121;turth=0
bps_webapi,sdg04_completion_rate,smp,2026-09-08,2021,province,3400,Di Yogyakarta,percent,94.94,Badan Pusat Statistik,webapi-var-1980-updated-2026-08-26,domain=0000;var=1980;vervar=3400;turvar=1673;th=121;turth=0
bps_webapi,sdg04_completion_rate,smp,2026-09-08,2021,province,3500,Jawa Timur,percent,90.3,Badan Pusat Statistik,webapi-var-1980-updated-2026-08-26,domain=0000;var=1980;vervar=3500;turvar=1673;th=121;turth=0
bps_webapi,sdg04_completion_rate,smp,2026-09-08,2021,province,3600,Banten,percent,90.63,Badan Pusat Statistik,webapi-var-1980-updated-2026-08-26,domain=0000;var=1980;vervar=3600;turvar=1673;th=121;turth=0
bps_webapi,sdg04_completion_rate,smp,2026-09-08,2021,province,5100,Bali,percent,94.26,Badan Pusat Statistik,webapi-var-1980-updated-2026-08-26,domain=0000;var=1980;vervar=5100;turvar=1673;th=121;turth=0
bps_webapi,sdg04_completion_rate,smp,2026-09-08,2021,province,5200,Nusa Tenggara Barat,percent,92.19,Badan Pusat Statistik,webapi-var-1980-updated-2026-08-26,domain=0000;var=1980;vervar=5200;turvar=1673;th=121;turth=0
bps_webapi,sdg04_completion_rate,smp,2026-09-08,2021,province,5300,Nusa Tenggara Timur,percent,78.83,Badan Pusat Statistik,webapi-var-1980-updated-2026-08-26,domain=0000;var=1980;vervar=5300;turvar=1673;th=121;turth=0
bps_webapi,sdg04_completion_rate,smp,2026-09-08,2021,province,6100,Kalimantan Barat,percent,79.65,Badan Pusat Statistik,webapi-var-1980-updated-2026-08-26,domain=0000;var=1980;vervar=6100;turvar=1673;th=121;turth=0
bps_webapi,sdg04_completion_rate,smp,2026-09-08,2021,province,6200,Kalimantan Tengah,percent,89.76,Badan Pusat Statistik,webapi-var-1980-updated-2026-08-26,domain=0000;var=1980;vervar=6200;turvar=1673;th=121;turth=0
bps_webapi,sdg04_completion_rate,smp,2026-09-08,2021,province,6300,Kalimantan Selatan,percent,84.06,Badan Pusat Statistik,webapi-var-1980-updated-2026-08-26,domain=0000;var=1980;vervar=6300;turvar=1673;th=121;turth=0
bps_webapi,sdg04_completion_rate,smp,2026-09-08,2021,province,6400,Kalimantan Timur,percent,95.34,Badan Pusat Statistik,webapi-var-1980-updated-2026-08-26,domain=0000;var=1980;vervar=6400;turvar=1673;th=121;turth=0
bps_webapi,sdg04_completion_rate,smp,2026-09-08,2021,province,6500,Kalimantan Utara,percent,90.14,Badan Pusat Statistik,webapi-var-1980-updated-2026-08-26,domain=0000;var=1980;vervar=6500;turvar=1673;th=121;turth=0
bps_webapi,sdg04_completion_rate,smp,2026-09-08,2021,province,7100,Sulawesi Utara,percent,91.05,Badan Pusat Statistik,webapi-var-1980-updated-2026-08-26,domain=0000;var=1980;vervar=7100;turvar=1673;th=121;turth=0
bps_webapi,sdg04_completion_rate,smp,2026-09-08,2021,province,7200,Sulawesi Tengah,percent,85.42,Badan Pusat Statistik,webapi-var-1980-updated-2026-08-26,domain=0000;var=1980;vervar=7200;turvar=1673;th=121;turth=0
bps_webapi,sdg04_completion_rate,smp,2026-09-08,2021,province,7300,Sulawesi Selatan,percent,88.18,Badan Pusat Statistik,webapi-var-1980-updated-2026-08-26,domain=0000;var=1980;vervar=7300;turvar=1673;th=121;turth=0
bps_webapi,sdg04_completion_rate,smp,2026-09-08,2021,province,7400,Sulawesi Tenggara,percent,90.88,Badan Pusat Statistik,webapi-var-1980-updated-2026-08-26,domain=0000;var=1980;vervar=7400;turvar=1673;th=121;turth=0
bps_webapi,sdg04_completion_rate,smp,2026-09-08,2021,province,7500,Gorontalo,percent,81.22,Badan Pusat Statistik,webapi-var-1980-updated-2026-08-26,domain=0000;var=1980;vervar=7500;turvar=1673;th=121;turth=0
bps_webapi,sdg04_completion_rate,smp,2026-09-08,2021,province,7600,Sulawesi Barat,percent,86.09,Badan Pusat Statistik,webapi-var-1980-updated-2026-08-26,domain=0000;var=1980;vervar=7600;turvar=1673;th=121;turth=0
bps_webapi,sdg04_completion_rate,smp,2026-09-08,2021,province,8100,Maluku,percent,93.08,Badan Pusat Statistik,webapi-var-1980-updated-2026-08-26,domain=0000;var=1980;vervar=8100;turvar=1673;th=121;turth=0
bps_webapi,sdg04_completion_rate,smp,2026-09-08,2021,province,8200,Maluku Utara,percent,92.93,Badan Pusat Statistik,webapi-var-1980-updated-2026-08-26,domain=0000;var=1980;vervar=8200;turvar=1673;th=121;turth=0
bps_webapi,sdg04_completion_rate,smp,2026-09-08,2021,province,9100,Papua Barat,percent,85.18,Badan Pusat Statistik,webapi-var-1980-updated-2026-08-26,domain=0000;var=1980;vervar=9100;turvar=1673;th=121;turth=0
bps_webapi,sdg04_completion_rate,smp,2026-09-08,2021,province,9400,Papua,percent,66.06,Badan Pusat Statistik,webapi-var-1980-updated-2026-08-26,domain=0000;var=1980;vervar=9400;turvar=1673;th=121;turth=0
bps_webapi,sdg04_completion_rate,smp,2026-09-08,2022,national,9999,Indonesia,percent,90.13,Badan Pusat Statistik,webapi-var-1980-updated-2026-08-26,domain=0000;var=1980;vervar=9999;turvar=1673;th=122;turth=0
bps_webapi,sdg04_completion_rate,smp,2026-09-08,2022,province,1100,Aceh,percent,97.63,Badan Pusat Statistik,webapi-var-1980-updated-2026-08-26,domain=0000;var=1980;vervar=1100;turvar=1673;th=122;turth=0
bps_webapi,sdg04_completion_rate,smp,2026-09-08,2022,province,1200,Sumatera Utara,percent,92.84,Badan Pusat Statistik,webapi-var-1980-updated-2026-08-26,domain=0000;var=1980;vervar=1200;turvar=1673;th=122;turth=0
bps_webapi,sdg04_completion_rate,smp,2026-09-08,2022,province,1300,Sumatera Barat,percent,88.83,Badan Pusat Statistik,webapi-var-1980-updated-2026-08-26,domain=0000;var=1980;vervar=1300;turvar=1673;th=122;turth=0
bps_webapi,sdg04_completion_rate,smp,2026-09-08,2022,province,1400,Riau,percent,88.53,Badan Pusat Statistik,webapi-var-1980-updated-2026-08-26,domain=0000;var=1980;vervar=1400;turvar=1673;th=122;turth=0
bps_webapi,sdg04_completion_rate,smp,2026-09-08,2022,province,1500,Jambi,percent,86.57,Badan Pusat Statistik,webapi-var-1980-updated-2026-08-26,domain=0000;var=1980;vervar=1500;turvar=1673;th=122;turth=0
bps_webapi,sdg04_completion_rate,smp,2026-09-08,2022,province,1600,Sumatera Selatan,percent,88.41,Badan Pusat Statistik,webapi-var-1980-updated-2026-08-26,domain=0000;var=1980;vervar=1600;turvar=1673;th=122;turth=0
bps_webapi,sdg04_completion_rate,smp,2026-09-08,2022,province,1700,Bengkulu,percent,90.81,Badan Pusat Statistik,webapi-var-1980-updated-2026-08-26,domain=0000;var=1980;vervar=1700;turvar=1673;th=122;turth=0
bps_webapi,sdg04_completion_rate,smp,2026-09-08,2022,province,1800,Lampung,percent,90.99,Badan Pusat Statistik,webapi-var-1980-updated-2026-08-26,domain=0000;var=1980;vervar=1800;turvar=1673;th=122;turth=0
bps_webapi,sdg04_completion_rate,smp,2026-09-08,2022,province,1900,Kep. Bangka Belitung,percent,84.72,Badan Pusat Statistik,webapi-var-1980-updated-2026-08-26,domain=0000;var=1980;vervar=1900;turvar=1673;th=122;turth=0
bps_webapi,sdg04_completion_rate,smp,2026-09-08,2022,province,2100,Kep. Riau,percent,95.72,Badan Pusat Statistik,webapi-var-1980-updated-2026-08-26,domain=0000;var=1980;vervar=2100;turvar=1673;th=122;turth=0
bps_webapi,sdg04_completion_rate,smp,2026-09-08,2022,province,3100,Dki Jakarta,percent,95.4,Badan Pusat Statistik,webapi-var-1980-updated-2026-08-26,domain=0000;var=1980;vervar=3100;turvar=1673;th=122;turth=0
bps_webapi,sdg04_completion_rate,smp,2026-09-08,2022,province,3200,Jawa Barat,percent,89.29,Badan Pusat Statistik,webapi-var-1980-updated-2026-08-26,domain=0000;var=1980;vervar=3200;turvar=1673;th=122;turth=0
bps_webapi,sdg04_completion_rate,smp,2026-09-08,2022,province,3300,Jawa Tengah,percent,90.02,Badan Pusat Statistik,webapi-var-1980-updated-2026-08-26,domain=0000;var=1980;vervar=3300;turvar=1673;th=122;turth=0
bps_webapi,sdg04_completion_rate,smp,2026-09-08,2022,province,3400,Di Yogyakarta,percent,97.06,Badan Pusat Statistik,webapi-var-1980-updated-2026-08-26,domain=0000;var=1980;vervar=3400;turvar=1673;th=122;turth=0
bps_webapi,sdg04_completion_rate,smp,2026-09-08,2022,province,3500,Jawa Timur,percent,90.47,Badan Pusat Statistik,webapi-var-1980-updated-2026-08-26,domain=0000;var=1980;vervar=3500;turvar=1673;th=122;turth=0
bps_webapi,sdg04_completion_rate,smp,2026-09-08,2022,province,3600,Banten,percent,92.65,Badan Pusat Statistik,webapi-var-1980-updated-2026-08-26,domain=0000;var=1980;vervar=3600;turvar=1673;th=122;turth=0
bps_webapi,sdg04_completion_rate,smp,2026-09-08,2022,province,5100,Bali,percent,94.15,Badan Pusat Statistik,webapi-var-1980-updated-2026-08-26,domain=0000;var=1980;vervar=5100;turvar=1673;th=122;turth=0
bps_webapi,sdg04_completion_rate,smp,2026-09-08,2022,province,5200,Nusa Tenggara Barat,percent,95.39,Badan Pusat Statistik,webapi-var-1980-updated-2026-08-26,domain=0000;var=1980;vervar=5200;turvar=1673;th=122;turth=0
bps_webapi,sdg04_completion_rate,smp,2026-09-08,2022,province,5300,Nusa Tenggara Timur,percent,83.25,Badan Pusat Statistik,webapi-var-1980-updated-2026-08-26,domain=0000;var=1980;vervar=5300;turvar=1673;th=122;turth=0
bps_webapi,sdg04_completion_rate,smp,2026-09-08,2022,province,6100,Kalimantan Barat,percent,81.82,Badan Pusat Statistik,webapi-var-1980-updated-2026-08-26,domain=0000;var=1980;vervar=6100;turvar=1673;th=122;turth=0
bps_webapi,sdg04_completion_rate,smp,2026-09-08,2022,province,6200,Kalimantan Tengah,percent,87.79,Badan Pusat Statistik,webapi-var-1980-updated-2026-08-26,domain=0000;var=1980;vervar=6200;turvar=1673;th=122;turth=0
bps_webapi,sdg04_completion_rate,smp,2026-09-08,2022,province,6300,Kalimantan Selatan,percent,87.95,Badan Pusat Statistik,webapi-var-1980-updated-2026-08-26,domain=0000;var=1980;vervar=6300;turvar=1673;th=122;turth=0
bps_webapi,sdg04_completion_rate,smp,2026-09-08,2022,province,6400,Kalimantan Timur,percent,95.32,Badan Pusat Statistik,webapi-var-1980-updated-2026-08-26,domain=0000;var=1980;vervar=6400;turvar=1673;th=122;turth=0
bps_webapi,sdg04_completion_rate,smp,2026-09-08,2022,province,6500,Kalimantan Utara,percent,90.55,Badan Pusat Statistik,webapi-var-1980-updated-2026-08-26,domain=0000;var=1980;vervar=6500;turvar=1673;th=122;turth=0
bps_webapi,sdg04_completion_rate,smp,2026-09-08,2022,province,7100,Sulawesi Utara,percent,91.98,Badan Pusat Statistik,webapi-var-1980-updated-2026-08-26,domain=0000;var=1980;vervar=7100;turvar=1673;th=122;turth=0
bps_webapi,sdg04_completion_rate,smp,2026-09-08,2022,province,7200,Sulawesi Tengah,percent,88.9,Badan Pusat Statistik,webapi-var-1980-updated-2026-08-26,domain=0000;var=1980;vervar=7200;turvar=1673;th=122;turth=0
bps_webapi,sdg04_completion_rate,smp,2026-09-08,2022,province,7300,Sulawesi Selatan,percent,90.55,Badan Pusat Statistik,webapi-var-1980-updated-2026-08-26,domain=0000;var=1980;vervar=7300;turvar=1673;th=122;turth=0
bps_webapi,sdg04_completion_rate,smp,2026-09-08,2022,province,7400,Sulawesi Tenggara,percent,91.19,Badan Pusat Statistik,webapi-var-1980-updated-2026-08-26,domain=0000;var=1980;vervar=7400;turvar=1673;th=122;turth=0
bps_webapi,sdg04_completion_rate,smp,2026-09-08,2022,province,7500,Gorontalo,percent,80.56,Badan Pusat Statistik,webapi-var-1980-updated-2026-08-26,domain=0000;var=1980;vervar=7500;turvar=1673;th=122;turth=0
bps_webapi,sdg04_completion_rate,smp,2026-09-08,2022,province,7600,Sulawesi Barat,percent,84.14,Badan Pusat Statistik,webapi-var-1980-updated-2026-08-26,domain=0000;var=1980;vervar=7600;turvar=1673;th=122;turth=0
bps_webapi,sdg04_completion_rate,smp,2026-09-08,2022,province,8100,Maluku,percent,93.65,Badan Pusat Statistik,webapi-var-1980-updated-2026-08-26,domain=0000;var=1980;vervar=8100;turvar=1673;th=122;turth=0
bps_webapi,sdg04_completion_rate,smp,2026-09-08,2022,province,8200,Maluku Utara,percent,94.92,Badan Pusat Statistik,webapi-var-1980-updated-2026-08-26,domain=0000;var=1980;vervar=8200;turvar=1673;th=122;turth=0
bps_webapi,sdg04_completion_rate,smp,2026-09-08,2022,province,9100,Papua Barat,percent,87.03,Badan Pusat Statistik,webapi-var-1980-updated-2026-08-26,domain=0000;var=1980;vervar=9100;turvar=1673;th=122;turth=0
bps_webapi,sdg04_completion_rate,smp,2026-09-08,2022,province,9400,Papua,percent,66.16,Badan Pusat Statistik,webapi-var-1980-updated-2026-08-26,domain=0000;var=1980;vervar=9400;turvar=1673;th=122;turth=0
bps_webapi,sdg04_completion_rate,smp,2026-09-08,2023,national,9999,Indonesia,percent,90.44,Badan Pusat Statistik,webapi-var-1980-updated-2026-08-26,domain=0000;var=1980;vervar=9999;turvar=1673;th=123;turth=0
bps_webapi,sdg04_completion_rate,smp,2026-09-08,2023,province,1100,Aceh,percent,94.55,Badan Pusat Statistik,webapi-var-1980-updated-2026-08-26,domain=0000;var=1980;vervar=1100;turvar=1673;th=123;turth=0
bps_webapi,sdg04_completion_rate,smp,2026-09-08,2023,province,1200,Sumatera Utara,percent,94.35,Badan Pusat Statistik,webapi-var-1980-updated-2026-08-26,domain=0000;var=1980;vervar=1200;turvar=1673;th=123;turth=0
bps_webapi,sdg04_completion_rate,smp,2026-09-08,2023,province,1300,Sumatera Barat,percent,90.65,Badan Pusat Statistik,webapi-var-1980-updated-2026-08-26,domain=0000;var=1980;vervar=1300;turvar=1673;th=123;turth=0
bps_webapi,sdg04_completion_rate,smp,2026-09-08,2023,province,1400,Riau,percent,90.52,Badan Pusat Statistik,webapi-var-1980-updated-2026-08-26,domain=0000;var=1980;vervar=1400;turvar=1673;th=123;turth=0
bps_webapi,sdg04_completion_rate,smp,2026-09-08,2023,province,1500,Jambi,percent,89.35,Badan Pusat Statistik,webapi-var-1980-updated-2026-08-26,domain=0000;var=1980;vervar=1500;turvar=1673;th=123;turth=0
bps_webapi,sdg04_completion_rate,smp,2026-09-08,2023,province,1600,Sumatera Selatan,percent,87.95,Badan Pusat Statistik,webapi-var-1980-updated-2026-08-26,domain=0000;var=1980;vervar=1600;turvar=1673;th=123;turth=0
bps_webapi,sdg04_completion_rate,smp,2026-09-08,2023,province,1700,Bengkulu,percent,89.25,Badan Pusat Statistik,webapi-var-1980-updated-2026-08-26,domain=0000;var=1980;vervar=1700;turvar=1673;th=123;turth=0
bps_webapi,sdg04_completion_rate,smp,2026-09-08,2023,province,1800,Lampung,percent,87.67,Badan Pusat Statistik,webapi-var-1980-updated-2026-08-26,domain=0000;var=1980;vervar=1800;turvar=1673;th=123;turth=0
bps_webapi,sdg04_completion_rate,smp,2026-09-08,2023,province,1900,Kep. Bangka Belitung,percent,87.11,Badan Pusat Statistik,webapi-var-1980-updated-2026-08-26,domain=0000;var=1980;vervar=1900;turvar=1673;th=123;turth=0
bps_webapi,sdg04_completion_rate,smp,2026-09-08,2023,province,2100,Kep. Riau,percent,95.51,Badan Pusat Statistik,webapi-var-1980-updated-2026-08-26,domain=0000;var=1980;vervar=2100;turvar=1673;th=123;turth=0
bps_webapi,sdg04_completion_rate,smp,2026-09-08,2023,province,3100,Dki Jakarta,percent,95.85,Badan Pusat Statistik,webapi-var-1980-updated-2026-08-26,domain=0000;var=1980;vervar=3100;turvar=1673;th=123;turth=0
bps_webapi,sdg04_completion_rate,smp,2026-09-08,2023,province,3200,Jawa Barat,percent,91.42,Badan Pusat Statistik,webapi-var-1980-updated-2026-08-26,domain=0000;var=1980;vervar=3200;turvar=1673;th=123;turth=0
bps_webapi,sdg04_completion_rate,smp,2026-09-08,2023,province,3300,Jawa Tengah,percent,90.64,Badan Pusat Statistik,webapi-var-1980-updated-2026-08-26,domain=0000;var=1980;vervar=3300;turvar=1673;th=123;turth=0
bps_webapi,sdg04_completion_rate,smp,2026-09-08,2023,province,3400,Di Yogyakarta,percent,97.02,Badan Pusat Statistik,webapi-var-1980-updated-2026-08-26,domain=0000;var=1980;vervar=3400;turvar=1673;th=123;turth=0
bps_webapi,sdg04_completion_rate,smp,2026-09-08,2023,province,3500,Jawa Timur,percent,90.74,Badan Pusat Statistik,webapi-var-1980-updated-2026-08-26,domain=0000;var=1980;vervar=3500;turvar=1673;th=123;turth=0
bps_webapi,sdg04_completion_rate,smp,2026-09-08,2023,province,3600,Banten,percent,90.86,Badan Pusat Statistik,webapi-var-1980-updated-2026-08-26,domain=0000;var=1980;vervar=3600;turvar=1673;th=123;turth=0
bps_webapi,sdg04_completion_rate,smp,2026-09-08,2023,province,5100,Bali,percent,93.03,Badan Pusat Statistik,webapi-var-1980-updated-2026-08-26,domain=0000;var=1980;vervar=5100;turvar=1673;th=123;turth=0
bps_webapi,sdg04_completion_rate,smp,2026-09-08,2023,province,5200,Nusa Tenggara Barat,percent,92.95,Badan Pusat Statistik,webapi-var-1980-updated-2026-08-26,domain=0000;var=1980;vervar=5200;turvar=1673;th=123;turth=0
bps_webapi,sdg04_completion_rate,smp,2026-09-08,2023,province,5300,Nusa Tenggara Timur,percent,82.48,Badan Pusat Statistik,webapi-var-1980-updated-2026-08-26,domain=0000;var=1980;vervar=5300;turvar=1673;th=123;turth=0
bps_webapi,sdg04_completion_rate,smp,2026-09-08,2023,province,6100,Kalimantan Barat,percent,81.56,Badan Pusat Statistik,webapi-var-1980-updated-2026-08-26,domain=0000;var=1980;vervar=6100;turvar=1673;th=123;turth=0
bps_webapi,sdg04_completion_rate,smp,2026-09-08,2023,province,6200,Kalimantan Tengah,percent,88.92,Badan Pusat Statistik,webapi-var-1980-updated-2026-08-26,domain=0000;var=1980;vervar=6200;turvar=1673;th=123;turth=0
bps_webapi,sdg04_completion_rate,smp,2026-09-08,2023,province,6300,Kalimantan Selatan,percent,88.19,Badan Pusat Statistik,webapi-var-1980-updated-2026-08-26,domain=0000;var=1980;vervar=6300;turvar=1673;th=123;turth=0
bps_webapi,sdg04_completion_rate,smp,2026-09-08,2023,province,6400,Kalimantan Timur,percent,94.85,Badan Pusat Statistik,webapi-var-1980-updated-2026-08-26,domain=0000;var=1980;vervar=6400;turvar=1673;th=123;turth=0
bps_webapi,sdg04_completion_rate,smp,2026-09-08,2023,province,6500,Kalimantan Utara,percent,88.08,Badan Pusat Statistik,webapi-var-1980-updated-2026-08-26,domain=0000;var=1980;vervar=6500;turvar=1673;th=123;turth=0
bps_webapi,sdg04_completion_rate,smp,2026-09-08,2023,province,7100,Sulawesi Utara,percent,92.07,Badan Pusat Statistik,webapi-var-1980-updated-2026-08-26,domain=0000;var=1980;vervar=7100;turvar=1673;th=123;turth=0
bps_webapi,sdg04_completion_rate,smp,2026-09-08,2023,province,7200,Sulawesi Tengah,percent,90.05,Badan Pusat Statistik,webapi-var-1980-updated-2026-08-26,domain=0000;var=1980;vervar=7200;turvar=1673;th=123;turth=0
bps_webapi,sdg04_completion_rate,smp,2026-09-08,2023,province,7300,Sulawesi Selatan,percent,88.74,Badan Pusat Statistik,webapi-var-1980-updated-2026-08-26,domain=0000;var=1980;vervar=7300;turvar=1673;th=123;turth=0
bps_webapi,sdg04_completion_rate,smp,2026-09-08,2023,province,7400,Sulawesi Tenggara,percent,89.55,Badan Pusat Statistik,webapi-var-1980-updated-2026-08-26,domain=0000;var=1980;vervar=7400;turvar=1673;th=123;turth=0
bps_webapi,sdg04_completion_rate,smp,2026-09-08,2023,province,7500,Gorontalo,percent,83.71,Badan Pusat Statistik,webapi-var-1980-updated-2026-08-26,domain=0000;var=1980;vervar=7500;turvar=1673;th=123;turth=0
bps_webapi,sdg04_completion_rate,smp,2026-09-08,2023,province,7600,Sulawesi Barat,percent,84.04,Badan Pusat Statistik,webapi-var-1980-updated-2026-08-26,domain=0000;var=1980;vervar=7600;turvar=1673;th=123;turth=0
bps_webapi,sdg04_completion_rate,smp,2026-09-08,2023,province,8100,Maluku,percent,93.9,Badan Pusat Statistik,webapi-var-1980-updated-2026-08-26,domain=0000;var=1980;vervar=8100;turvar=1673;th=123;turth=0
bps_webapi,sdg04_completion_rate,smp,2026-09-08,2023,province,8200,Maluku Utara,percent,93.46,Badan Pusat Statistik,webapi-var-1980-updated-2026-08-26,domain=0000;var=1980;vervar=8200;turvar=1673;th=123;turth=0
bps_webapi,sdg04_completion_rate,smp,2026-09-08,2023,province,9100,Papua Barat,percent,88.63,Badan Pusat Statistik,webapi-var-1980-updated-2026-08-26,domain=0000;var=1980;vervar=9100;turvar=1673;th=123;turth=0
bps_webapi,sdg04_completion_rate,smp,2026-09-08,2023,province,9400,Papua,percent,67.12,Badan Pusat Statistik,webapi-var-1980-updated-2026-08-26,domain=0000;var=1980;vervar=9400;turvar=1673;th=123;turth=0
bps_webapi,sdg06_handwashing,total,2026-09-08,2021,national,9999,Indonesia,percent,79.59,Badan Pusat Statistik,webapi-var-1273-updated-2026-07-06,domain=0000;var=1273;vervar=9999;turvar=0;th=121;turth=0
bps_webapi,sdg06_handwashing,total,2026-09-08,2021,province,1100,Aceh,percent,69.31,Badan Pusat Statistik,webapi-var-1273-updated-2026-07-06,domain=0000;var=1273;vervar=1100;turvar=0;th=121;turth=0
bps_webapi,sdg06_handwashing,total,2026-09-08,2021,province,1200,Sumatera Utara,percent,68.22,Badan Pusat Statistik,webapi-var-1273-updated-2026-07-06,domain=0000;var=1273;vervar=1200;turvar=0;th=121;turth=0
bps_webapi,sdg06_handwashing,total,2026-09-08,2021,province,1300,Sumatera Barat,percent,82.09,Badan Pusat Statistik,webapi-var-1273-updated-2026-07-06,domain=0000;var=1273;vervar=1300;turvar=0;th=121;turth=0
bps_webapi,sdg06_handwashing,total,2026-09-08,2021,province,1400,Riau,percent,74.93,Badan Pusat Statistik,webapi-var-1273-updated-2026-07-06,domain=0000;var=1273;vervar=1400;turvar=0;th=121;turth=0
bps_webapi,sdg06_handwashing,total,2026-09-08,2021,province,1500,Jambi,percent,73.41,Badan Pusat Statistik,webapi-var-1273-updated-2026-07-06,domain=0000;var=1273;vervar=1500;turvar=0;th=121;turth=0
bps_webapi,sdg06_handwashing,total,2026-09-08,2021,province,1600,Sumatera Selatan,percent,75.28,Badan Pusat Statistik,webapi-var-1273-updated-2026-07-06,domain=0000;var=1273;vervar=1600;turvar=0;th=121;turth=0
bps_webapi,sdg06_handwashing,total,2026-09-08,2021,province,1700,Bengkulu,percent,78.83,Badan Pusat Statistik,webapi-var-1273-updated-2026-07-06,domain=0000;var=1273;vervar=1700;turvar=0;th=121;turth=0
bps_webapi,sdg06_handwashing,total,2026-09-08,2021,province,1800,Lampung,percent,80.69,Badan Pusat Statistik,webapi-var-1273-updated-2026-07-06,domain=0000;var=1273;vervar=1800;turvar=0;th=121;turth=0
bps_webapi,sdg06_handwashing,total,2026-09-08,2021,province,1900,Kep. Bangka Belitung,percent,89.44,Badan Pusat Statistik,webapi-var-1273-updated-2026-07-06,domain=0000;var=1273;vervar=1900;turvar=0;th=121;turth=0
bps_webapi,sdg06_handwashing,total,2026-09-08,2021,province,2100,Kep. Riau,percent,83.77,Badan Pusat Statistik,webapi-var-1273-updated-2026-07-06,domain=0000;var=1273;vervar=2100;turvar=0;th=121;turth=0
bps_webapi,sdg06_handwashing,total,2026-09-08,2021,province,3100,Dki Jakarta,percent,79.52,Badan Pusat Statistik,webapi-var-1273-updated-2026-07-06,domain=0000;var=1273;vervar=3100;turvar=0;th=121;turth=0
bps_webapi,sdg06_handwashing,total,2026-09-08,2021,province,3200,Jawa Barat,percent,79.49,Badan Pusat Statistik,webapi-var-1273-updated-2026-07-06,domain=0000;var=1273;vervar=3200;turvar=0;th=121;turth=0
bps_webapi,sdg06_handwashing,total,2026-09-08,2021,province,3300,Jawa Tengah,percent,85.81,Badan Pusat Statistik,webapi-var-1273-updated-2026-07-06,domain=0000;var=1273;vervar=3300;turvar=0;th=121;turth=0
bps_webapi,sdg06_handwashing,total,2026-09-08,2021,province,3400,Di Yogyakarta,percent,87.54,Badan Pusat Statistik,webapi-var-1273-updated-2026-07-06,domain=0000;var=1273;vervar=3400;turvar=0;th=121;turth=0
bps_webapi,sdg06_handwashing,total,2026-09-08,2021,province,3500,Jawa Timur,percent,81.88,Badan Pusat Statistik,webapi-var-1273-updated-2026-07-06,domain=0000;var=1273;vervar=3500;turvar=0;th=121;turth=0
bps_webapi,sdg06_handwashing,total,2026-09-08,2021,province,3600,Banten,percent,80.27,Badan Pusat Statistik,webapi-var-1273-updated-2026-07-06,domain=0000;var=1273;vervar=3600;turvar=0;th=121;turth=0
bps_webapi,sdg06_handwashing,total,2026-09-08,2021,province,5100,Bali,percent,91.3,Badan Pusat Statistik,webapi-var-1273-updated-2026-07-06,domain=0000;var=1273;vervar=5100;turvar=0;th=121;turth=0
bps_webapi,sdg06_handwashing,total,2026-09-08,2021,province,5200,Nusa Tenggara Barat,percent,75.1,Badan Pusat Statistik,webapi-var-1273-updated-2026-07-06,domain=0000;var=1273;vervar=5200;turvar=0;th=121;turth=0
bps_webapi,sdg06_handwashing,total,2026-09-08,2021,province,5300,Nusa Tenggara Timur,percent,56.33,Badan Pusat Statistik,webapi-var-1273-updated-2026-07-06,domain=0000;var=1273;vervar=5300;turvar=0;th=121;turth=0
bps_webapi,sdg06_handwashing,total,2026-09-08,2021,province,6100,Kalimantan Barat,percent,74.94,Badan Pusat Statistik,webapi-var-1273-updated-2026-07-06,domain=0000;var=1273;vervar=6100;turvar=0;th=121;turth=0
bps_webapi,sdg06_handwashing,total,2026-09-08,2021,province,6200,Kalimantan Tengah,percent,79.63,Badan Pusat Statistik,webapi-var-1273-updated-2026-07-06,domain=0000;var=1273;vervar=6200;turvar=0;th=121;turth=0
bps_webapi,sdg06_handwashing,total,2026-09-08,2021,province,6300,Kalimantan Selatan,percent,87.16,Badan Pusat Statistik,webapi-var-1273-updated-2026-07-06,domain=0000;var=1273;vervar=6300;turvar=0;th=121;turth=0
bps_webapi,sdg06_handwashing,total,2026-09-08,2021,province,6400,Kalimantan Timur,percent,78.03,Badan Pusat Statistik,webapi-var-1273-updated-2026-07-06,domain=0000;var=1273;vervar=6400;turvar=0;th=121;turth=0
bps_webapi,sdg06_handwashing,total,2026-09-08,2021,province,6500,Kalimantan Utara,percent,87.73,Badan Pusat Statistik,webapi-var-1273-updated-2026-07-06,domain=0000;var=1273;vervar=6500;turvar=0;th=121;turth=0
bps_webapi,sdg06_handwashing,total,2026-09-08,2021,province,7100,Sulawesi Utara,percent,84.58,Badan Pusat Statistik,webapi-var-1273-updated-2026-07-06,domain=0000;var=1273;vervar=7100;turvar=0;th=121;turth=0
bps_webapi,sdg06_handwashing,total,2026-09-08,2021,province,7200,Sulawesi Tengah,percent,82.23,Badan Pusat Statistik,webapi-var-1273-updated-2026-07-06,domain=0000;var=1273;vervar=7200;turvar=0;th=121;turth=0
bps_webapi,sdg06_handwashing,total,2026-09-08,2021,province,7300,Sulawesi Selatan,percent,89.08,Badan Pusat Statistik,webapi-var-1273-updated-2026-07-06,domain=0000;var=1273;vervar=7300;turvar=0;th=121;turth=0
bps_webapi,sdg06_handwashing,total,2026-09-08,2021,province,7400,Sulawesi Tenggara,percent,85.69,Badan Pusat Statistik,webapi-var-1273-updated-2026-07-06,domain=0000;var=1273;vervar=7400;turvar=0;th=121;turth=0
bps_webapi,sdg06_handwashing,total,2026-09-08,2021,province,7500,Gorontalo,percent,86.87,Badan Pusat Statistik,webapi-var-1273-updated-2026-07-06,domain=0000;var=1273;vervar=7500;turvar=0;th=121;turth=0
bps_webapi,sdg06_handwashing,total,2026-09-08,2021,province,7600,Sulawesi Barat,percent,76.25,Badan Pusat Statistik,webapi-var-1273-updated-2026-07-06,domain=0000;var=1273;vervar=7600;turvar=0;th=121;turth=0
bps_webapi,sdg06_handwashing,total,2026-09-08,2021,province,8100,Maluku,percent,79.84,Badan Pusat Statistik,webapi-var-1273-updated-2026-07-06,domain=0000;var=1273;vervar=8100;turvar=0;th=121;turth=0
bps_webapi,sdg06_handwashing,total,2026-09-08,2021,province,8200,Maluku Utara,percent,81.21,Badan Pusat Statistik,webapi-var-1273-updated-2026-07-06,domain=0000;var=1273;vervar=8200;turvar=0;th=121;turth=0
bps_webapi,sdg06_handwashing,total,2026-09-08,2021,province,9100,Papua Barat,percent,73.71,Badan Pusat Statistik,webapi-var-1273-updated-2026-07-06,domain=0000;var=1273;vervar=9100;turvar=0;th=121;turth=0
bps_webapi,sdg06_handwashing,total,2026-09-08,2021,province,9400,Papua,percent,36.97,Badan Pusat Statistik,webapi-var-1273-updated-2026-07-06,domain=0000;var=1273;vervar=9400;turvar=0;th=121;turth=0
bps_webapi,sdg06_handwashing,total,2026-09-08,2022,national,9999,Indonesia,percent,79.33,Badan Pusat Statistik,webapi-var-1273-updated-2026-07-06,domain=0000;var=1273;vervar=9999;turvar=0;th=122;turth=0
bps_webapi,sdg06_handwashing,total,2026-09-08,2022,province,1100,Aceh,percent,68.04,Badan Pusat Statistik,webapi-var-1273-updated-2026-07-06,domain=0000;var=1273;vervar=1100;turvar=0;th=122;turth=0
bps_webapi,sdg06_handwashing,total,2026-09-08,2022,province,1200,Sumatera Utara,percent,69.5,Badan Pusat Statistik,webapi-var-1273-updated-2026-07-06,domain=0000;var=1273;vervar=1200;turvar=0;th=122;turth=0
bps_webapi,sdg06_handwashing,total,2026-09-08,2022,province,1300,Sumatera Barat,percent,81.33,Badan Pusat Statistik,webapi-var-1273-updated-2026-07-06,domain=0000;var=1273;vervar=1300;turvar=0;th=122;turth=0
bps_webapi,sdg06_handwashing,total,2026-09-08,2022,province,1400,Riau,percent,73.03,Badan Pusat Statistik,webapi-var-1273-updated-2026-07-06,domain=0000;var=1273;vervar=1400;turvar=0;th=122;turth=0
bps_webapi,sdg06_handwashing,total,2026-09-08,2022,province,1500,Jambi,percent,74.73,Badan Pusat Statistik,webapi-var-1273-updated-2026-07-06,domain=0000;var=1273;vervar=1500;turvar=0;th=122;turth=0
bps_webapi,sdg06_handwashing,total,2026-09-08,2022,province,1600,Sumatera Selatan,percent,73.99,Badan Pusat Statistik,webapi-var-1273-updated-2026-07-06,domain=0000;var=1273;vervar=1600;turvar=0;th=122;turth=0
bps_webapi,sdg06_handwashing,total,2026-09-08,2022,province,1700,Bengkulu,percent,79.18,Badan Pusat Statistik,webapi-var-1273-updated-2026-07-06,domain=0000;var=1273;vervar=1700;turvar=0;th=122;turth=0
bps_webapi,sdg06_handwashing,total,2026-09-08,2022,province,1800,Lampung,percent,79.3,Badan Pusat Statistik,webapi-var-1273-updated-2026-07-06,domain=0000;var=1273;vervar=1800;turvar=0;th=122;turth=0
bps_webapi,sdg06_handwashing,total,2026-09-08,2022,province,1900,Kep. Bangka Belitung,percent,90.82,Badan Pusat Statistik,webapi-var-1273-updated-2026-07-06,domain=0000;var=1273;vervar=1900;turvar=0;th=122;turth=0
bps_webapi,sdg06_handwashing,total,2026-09-08,2022,province,2100,Kep. Riau,percent,82.38,Badan Pusat Statistik,webapi-var-1273-updated-2026-07-06,domain=0000;var=1273;vervar=2100;turvar=0;th=122;turth=0
bps_webapi,sdg06_handwashing,total,2026-09-08,2022,province,3100,Dki Jakarta,percent,79.13,Badan Pusat Statistik,webapi-var-1273-updated-2026-07-06,domain=0000;var=1273;vervar=3100;turvar=0;th=122;turth=0
bps_webapi,sdg06_handwashing,total,2026-09-08,2022,province,3200,Jawa Barat,percent,78.86,Badan Pusat Statistik,webapi-var-1273-updated-2026-07-06,domain=0000;var=1273;vervar=3200;turvar=0;th=122;turth=0
bps_webapi,sdg06_handwashing,total,2026-09-08,2022,province,3300,Jawa Tengah,percent,86.65,Badan Pusat Statistik,webapi-var-1273-updated-2026-07-06,domain=0000;var=1273;vervar=3300;turvar=0;th=122;turth=0
bps_webapi,sdg06_handwashing,total,2026-09-08,2022,province,3400,Di Yogyakarta,percent,86.08,Badan Pusat Statistik,webapi-var-1273-updated-2026-07-06,domain=0000;var=1273;vervar=3400;turvar=0;th=122;turth=0
bps_webapi,sdg06_handwashing,total,2026-09-08,2022,province,3500,Jawa Timur,percent,81.17,Badan Pusat Statistik,webapi-var-1273-updated-2026-07-06,domain=0000;var=1273;vervar=3500;turvar=0;th=122;turth=0
bps_webapi,sdg06_handwashing,total,2026-09-08,2022,province,3600,Banten,percent,80.54,Badan Pusat Statistik,webapi-var-1273-updated-2026-07-06,domain=0000;var=1273;vervar=3600;turvar=0;th=122;turth=0
bps_webapi,sdg06_handwashing,total,2026-09-08,2022,province,5100,Bali,percent,90.43,Badan Pusat Statistik,webapi-var-1273-updated-2026-07-06,domain=0000;var=1273;vervar=5100;turvar=0;th=122;turth=0
bps_webapi,sdg06_handwashing,total,2026-09-08,2022,province,5200,Nusa Tenggara Barat,percent,74.25,Badan Pusat Statistik,webapi-var-1273-updated-2026-07-06,domain=0000;var=1273;vervar=5200;turvar=0;th=122;turth=0
bps_webapi,sdg06_handwashing,total,2026-09-08,2022,province,5300,Nusa Tenggara Timur,percent,56.67,Badan Pusat Statistik,webapi-var-1273-updated-2026-07-06,domain=0000;var=1273;vervar=5300;turvar=0;th=122;turth=0
bps_webapi,sdg06_handwashing,total,2026-09-08,2022,province,6100,Kalimantan Barat,percent,74.77,Badan Pusat Statistik,webapi-var-1273-updated-2026-07-06,domain=0000;var=1273;vervar=6100;turvar=0;th=122;turth=0
bps_webapi,sdg06_handwashing,total,2026-09-08,2022,province,6200,Kalimantan Tengah,percent,79.93,Badan Pusat Statistik,webapi-var-1273-updated-2026-07-06,domain=0000;var=1273;vervar=6200;turvar=0;th=122;turth=0
bps_webapi,sdg06_handwashing,total,2026-09-08,2022,province,6300,Kalimantan Selatan,percent,86.37,Badan Pusat Statistik,webapi-var-1273-updated-2026-07-06,domain=0000;var=1273;vervar=6300;turvar=0;th=122;turth=0
bps_webapi,sdg06_handwashing,total,2026-09-08,2022,province,6400,Kalimantan Timur,percent,80.07,Badan Pusat Statistik,webapi-var-1273-updated-2026-07-06,domain=0000;var=1273;vervar=6400;turvar=0;th=122;turth=0
bps_webapi,sdg06_handwashing,total,2026-09-08,2022,province,6500,Kalimantan Utara,percent,88.33,Badan Pusat Statistik,webapi-var-1273-updated-2026-07-06,domain=0000;var=1273;vervar=6500;turvar=0;th=122;turth=0
bps_webapi,sdg06_handwashing,total,2026-09-08,2022,province,7100,Sulawesi Utara,percent,85.95,Badan Pusat Statistik,webapi-var-1273-updated-2026-07-06,domain=0000;var=1273;vervar=7100;turvar=0;th=122;turth=0
bps_webapi,sdg06_handwashing,total,2026-09-08,2022,province,7200,Sulawesi Tengah,percent,81.67,Badan Pusat Statistik,webapi-var-1273-updated-2026-07-06,domain=0000;var=1273;vervar=7200;turvar=0;th=122;turth=0
bps_webapi,sdg06_handwashing,total,2026-09-08,2022,province,7300,Sulawesi Selatan,percent,87.22,Badan Pusat Statistik,webapi-var-1273-updated-2026-07-06,domain=0000;var=1273;vervar=7300;turvar=0;th=122;turth=0
bps_webapi,sdg06_handwashing,total,2026-09-08,2022,province,7400,Sulawesi Tenggara,percent,86.07,Badan Pusat Statistik,webapi-var-1273-updated-2026-07-06,domain=0000;var=1273;vervar=7400;turvar=0;th=122;turth=0
bps_webapi,sdg06_handwashing,total,2026-09-08,2022,province,7500,Gorontalo,percent,85.34,Badan Pusat Statistik,webapi-var-1273-updated-2026-07-06,domain=0000;var=1273;vervar=7500;turvar=0;th=122;turth=0
bps_webapi,sdg06_handwashing,total,2026-09-08,2022,province,7600,Sulawesi Barat,percent,77.32,Badan Pusat Statistik,webapi-var-1273-updated-2026-07-06,domain=0000;var=1273;vervar=7600;turvar=0;th=122;turth=0
bps_webapi,sdg06_handwashing,total,2026-09-08,2022,province,8100,Maluku,percent,82.58,Badan Pusat Statistik,webapi-var-1273-updated-2026-07-06,domain=0000;var=1273;vervar=8100;turvar=0;th=122;turth=0
bps_webapi,sdg06_handwashing,total,2026-09-08,2022,province,8200,Maluku Utara,percent,81.55,Badan Pusat Statistik,webapi-var-1273-updated-2026-07-06,domain=0000;var=1273;vervar=8200;turvar=0;th=122;turth=0
bps_webapi,sdg06_handwashing,total,2026-09-08,2022,province,9100,Papua Barat,percent,76.03,Badan Pusat Statistik,webapi-var-1273-updated-2026-07-06,domain=0000;var=1273;vervar=9100;turvar=0;th=122;turth=0
bps_webapi,sdg06_handwashing,total,2026-09-08,2022,province,9400,Papua,percent,40.91,Badan Pusat Statistik,webapi-var-1273-updated-2026-07-06,domain=0000;var=1273;vervar=9400;turvar=0;th=122;turth=0
bps_webapi,sdg06_handwashing,total,2026-09-08,2023,national,9999,Indonesia,percent,80.15,Badan Pusat Statistik,webapi-var-1273-updated-2026-07-06,domain=0000;var=1273;vervar=9999;turvar=0;th=123;turth=0
bps_webapi,sdg06_handwashing,total,2026-09-08,2023,province,1100,Aceh,percent,72.59,Badan Pusat Statistik,webapi-var-1273-updated-2026-07-06,domain=0000;var=1273;vervar=1100;turvar=0;th=123;turth=0
bps_webapi,sdg06_handwashing,total,2026-09-08,2023,province,1200,Sumatera Utara,percent,73.92,Badan Pusat Statistik,webapi-var-1273-updated-2026-07-06,domain=0000;var=1273;vervar=1200;turvar=0;th=123;turth=0
bps_webapi,sdg06_handwashing,total,2026-09-08,2023,province,1300,Sumatera Barat,percent,88.77,Badan Pusat Statistik,webapi-var-1273-updated-2026-07-06,domain=0000;var=1273;vervar=1300;turvar=0;th=123;turth=0
bps_webapi,sdg06_handwashing,total,2026-09-08,2023,province,1400,Riau,percent,72.29,Badan Pusat Statistik,webapi-var-1273-updated-2026-07-06,domain=0000;var=1273;vervar=1400;turvar=0;th=123;turth=0
bps_webapi,sdg06_handwashing,total,2026-09-08,2023,province,1500,Jambi,percent,73.41,Badan Pusat Statistik,webapi-var-1273-updated-2026-07-06,domain=0000;var=1273;vervar=1500;turvar=0;th=123;turth=0
bps_webapi,sdg06_handwashing,total,2026-09-08,2023,province,1600,Sumatera Selatan,percent,75.24,Badan Pusat Statistik,webapi-var-1273-updated-2026-07-06,domain=0000;var=1273;vervar=1600;turvar=0;th=123;turth=0
bps_webapi,sdg06_handwashing,total,2026-09-08,2023,province,1700,Bengkulu,percent,81.41,Badan Pusat Statistik,webapi-var-1273-updated-2026-07-06,domain=0000;var=1273;vervar=1700;turvar=0;th=123;turth=0
bps_webapi,sdg06_handwashing,total,2026-09-08,2023,province,1800,Lampung,percent,79.39,Badan Pusat Statistik,webapi-var-1273-updated-2026-07-06,domain=0000;var=1273;vervar=1800;turvar=0;th=123;turth=0
bps_webapi,sdg06_handwashing,total,2026-09-08,2023,province,1900,Kep. Bangka Belitung,percent,88.17,Badan Pusat Statistik,webapi-var-1273-updated-2026-07-06,domain=0000;var=1273;vervar=1900;turvar=0;th=123;turth=0
bps_webapi,sdg06_handwashing,total,2026-09-08,2023,province,2100,Kep. Riau,percent,85.97,Badan Pusat Statistik,webapi-var-1273-updated-2026-07-06,domain=0000;var=1273;vervar=2100;turvar=0;th=123;turth=0
bps_webapi,sdg06_handwashing,total,2026-09-08,2023,province,3100,Dki Jakarta,percent,76.83,Badan Pusat Statistik,webapi-var-1273-updated-2026-07-06,domain=0000;var=1273;vervar=3100;turvar=0;th=123;turth=0
bps_webapi,sdg06_handwashing,total,2026-09-08,2023,province,3200,Jawa Barat,percent,82.03,Badan Pusat Statistik,webapi-var-1273-updated-2026-07-06,domain=0000;var=1273;vervar=3200;turvar=0;th=123;turth=0
bps_webapi,sdg06_handwashing,total,2026-09-08,2023,province,3300,Jawa Tengah,percent,86.15,Badan Pusat Statistik,webapi-var-1273-updated-2026-07-06,domain=0000;var=1273;vervar=3300;turvar=0;th=123;turth=0
bps_webapi,sdg06_handwashing,total,2026-09-08,2023,province,3400,Di Yogyakarta,percent,84.29,Badan Pusat Statistik,webapi-var-1273-updated-2026-07-06,domain=0000;var=1273;vervar=3400;turvar=0;th=123;turth=0
bps_webapi,sdg06_handwashing,total,2026-09-08,2023,province,3500,Jawa Timur,percent,83.37,Badan Pusat Statistik,webapi-var-1273-updated-2026-07-06,domain=0000;var=1273;vervar=3500;turvar=0;th=123;turth=0
bps_webapi,sdg06_handwashing,total,2026-09-08,2023,province,3600,Banten,percent,82.79,Badan Pusat Statistik,webapi-var-1273-updated-2026-07-06,domain=0000;var=1273;vervar=3600;turvar=0;th=123;turth=0
bps_webapi,sdg06_handwashing,total,2026-09-08,2023,province,5100,Bali,percent,90.54,Badan Pusat Statistik,webapi-var-1273-updated-2026-07-06,domain=0000;var=1273;vervar=5100;turvar=0;th=123;turth=0
bps_webapi,sdg06_handwashing,total,2026-09-08,2023,province,5200,Nusa Tenggara Barat,percent,75.48,Badan Pusat Statistik,webapi-var-1273-updated-2026-07-06,domain=0000;var=1273;vervar=5200;turvar=0;th=123;turth=0
bps_webapi,sdg06_handwashing,total,2026-09-08,2023,province,5300,Nusa Tenggara Timur,percent,43.5,Badan Pusat Statistik,webapi-var-1273-updated-2026-07-06,domain=0000;var=1273;vervar=5300;turvar=0;th=123;turth=0
bps_webapi,sdg06_handwashing,total,2026-09-08,2023,province,6100,Kalimantan Barat,percent,77.59,Badan Pusat Statistik,webapi-var-1273-updated-2026-07-06,domain=0000;var=1273;vervar=6100;turvar=0;th=123;turth=0
bps_webapi,sdg06_handwashing,total,2026-09-08,2023,province,6200,Kalimantan Tengah,percent,75.67,Badan Pusat Statistik,webapi-var-1273-updated-2026-07-06,domain=0000;var=1273;vervar=6200;turvar=0;th=123;turth=0
bps_webapi,sdg06_handwashing,total,2026-09-08,2023,province,6300,Kalimantan Selatan,percent,83.31,Badan Pusat Statistik,webapi-var-1273-updated-2026-07-06,domain=0000;var=1273;vervar=6300;turvar=0;th=123;turth=0
bps_webapi,sdg06_handwashing,total,2026-09-08,2023,province,6400,Kalimantan Timur,percent,78.87,Badan Pusat Statistik,webapi-var-1273-updated-2026-07-06,domain=0000;var=1273;vervar=6400;turvar=0;th=123;turth=0
bps_webapi,sdg06_handwashing,total,2026-09-08,2023,province,6500,Kalimantan Utara,percent,76.24,Badan Pusat Statistik,webapi-var-1273-updated-2026-07-06,domain=0000;var=1273;vervar=6500;turvar=0;th=123;turth=0
bps_webapi,sdg06_handwashing,total,2026-09-08,2023,province,7100,Sulawesi Utara,percent,86.48,Badan Pusat Statistik,webapi-var-1273-updated-2026-07-06,domain=0000;var=1273;vervar=7100;turvar=0;th=123;turth=0
bps_webapi,sdg06_handwashing,total,2026-09-08,2023,province,7200,Sulawesi Tengah,percent,78.81,Badan Pusat Statistik,webapi-var-1273-updated-2026-07-06,domain=0000;var=1273;vervar=7200;turvar=0;th=123;turth=0
bps_webapi,sdg06_handwashing,total,2026-09-08,2023,province,7300,Sulawesi Selatan,percent,85.52,Badan Pusat Statistik,webapi-var-1273-updated-2026-07-06,domain=0000;var=1273;vervar=7300;turvar=0;th=123;turth=0
bps_webapi,sdg06_handwashing,total,2026-09-08,2023,province,7400,Sulawesi Tenggara,percent,84.74,Badan Pusat Statistik,webapi-var-1273-updated-2026-07-06,domain=0000;var=1273;vervar=7400;turvar=0;th=123;turth=0
bps_webapi,sdg06_handwashing,total,2026-09-08,2023,province,7500,Gorontalo,percent,82.44,Badan Pusat Statistik,webapi-var-1273-updated-2026-07-06,domain=0000;var=1273;vervar=7500;turvar=0;th=123;turth=0
bps_webapi,sdg06_handwashing,total,2026-09-08,2023,province,7600,Sulawesi Barat,percent,77.18,Badan Pusat Statistik,webapi-var-1273-updated-2026-07-06,domain=0000;var=1273;vervar=7600;turvar=0;th=123;turth=0
bps_webapi,sdg06_handwashing,total,2026-09-08,2023,province,8100,Maluku,percent,74.11,Badan Pusat Statistik,webapi-var-1273-updated-2026-07-06,domain=0000;var=1273;vervar=8100;turvar=0;th=123;turth=0
bps_webapi,sdg06_handwashing,total,2026-09-08,2023,province,8200,Maluku Utara,percent,83.62,Badan Pusat Statistik,webapi-var-1273-updated-2026-07-06,domain=0000;var=1273;vervar=8200;turvar=0;th=123;turth=0
bps_webapi,sdg06_handwashing,total,2026-09-08,2023,province,9100,Papua Barat,percent,65.38,Badan Pusat Statistik,webapi-var-1273-updated-2026-07-06,domain=0000;var=1273;vervar=9100;turvar=0;th=123;turth=0
bps_webapi,sdg06_handwashing,total,2026-09-08,2023,province,9400,Papua,percent,31.78,Badan Pusat Statistik,webapi-var-1273-updated-2026-07-06,domain=0000;var=1273;vervar=9400;turvar=0;th=123;turth=0
bps_webapi,sdg06_sanitation,total,2026-09-08,2021,national,9999,Indonesia,percent,80.29,Badan Pusat Statistik,webapi-var-847-updated-2025-12-16,domain=0000;var=847;vervar=9999;turvar=0;th=121;turth=0
bps_webapi,sdg06_sanitation,total,2026-09-08,2021,province,1100,Aceh,percent,77.55,Badan Pusat Statistik,webapi-var-847-updated-2025-12-16,domain=0000;var=847;vervar=1100;turvar=0;th=121;turth=0
bps_webapi,sdg06_sanitation,total,2026-09-08,2021,province,1200,Sumatera Utara,percent,82.02,Badan Pusat Statistik,webapi-var-847-updated-2025-12-16,domain=0000;var=847;vervar=1200;turvar=0;th=121;turth=0
bps_webapi,sdg06_sanitation,total,2026-09-08,2021,province,1300,Sumatera Barat,percent,68.68,Badan Pusat Statistik,webapi-var-847-updated-2025-12-16,domain=0000;var=847;vervar=1300;turvar=0;th=121;turth=0
bps_webapi,sdg06_sanitation,total,2026-09-08,2021,province,1400,Riau,percent,83.64,Badan Pusat Statistik,webapi-var-847-updated-2025-12-16,domain=0000;var=847;vervar=1400;turvar=0;th=121;turth=0
bps_webapi,sdg06_sanitation,total,2026-09-08,2021,province,1500,Jambi,percent,80.36,Badan Pusat Statistik,webapi-var-847-updated-2025-12-16,domain=0000;var=847;vervar=1500;turvar=0;th=121;turth=0
bps_webapi,sdg06_sanitation,total,2026-09-08,2021,province,1600,Sumatera Selatan,percent,77.29,Badan Pusat Statistik,webapi-var-847-updated-2025-12-16,domain=0000;var=847;vervar=1600;turvar=0;th=121;turth=0
bps_webapi,sdg06_sanitation,total,2026-09-08,2021,province,1700,Bengkulu,percent,79.81,Badan Pusat Statistik,webapi-var-847-updated-2025-12-16,domain=0000;var=847;vervar=1700;turvar=0;th=121;turth=0
bps_webapi,sdg06_sanitation,total,2026-09-08,2021,province,1800,Lampung,percent,83.89,Badan Pusat Statistik,webapi-var-847-updated-2025-12-16,domain=0000;var=847;vervar=1800;turvar=0;th=121;turth=0
bps_webapi,sdg06_sanitation,total,2026-09-08,2021,province,1900,Kep. Bangka Belitung,percent,92.24,Badan Pusat Statistik,webapi-var-847-updated-2025-12-16,domain=0000;var=847;vervar=1900;turvar=0;th=121;turth=0
bps_webapi,sdg06_sanitation,total,2026-09-08,2021,province,2100,Kep. Riau,percent,91.62,Badan Pusat Statistik,webapi-var-847-updated-2025-12-16,domain=0000;var=847;vervar=2100;turvar=0;th=121;turth=0
bps_webapi,sdg06_sanitation,total,2026-09-08,2021,province,3100,Dki Jakarta,percent,95.17,Badan Pusat Statistik,webapi-var-847-updated-2025-12-16,domain=0000;var=847;vervar=3100;turvar=0;th=121;turth=0
bps_webapi,sdg06_sanitation,total,2026-09-08,2021,province,3200,Jawa Barat,percent,71.66,Badan Pusat Statistik,webapi-var-847-updated-2025-12-16,domain=0000;var=847;vervar=3200;turvar=0;th=121;turth=0
bps_webapi,sdg06_sanitation,total,2026-09-08,2021,province,3300,Jawa Tengah,percent,83.28,Badan Pusat Statistik,webapi-var-847-updated-2025-12-16,domain=0000;var=847;vervar=3300;turvar=0;th=121;turth=0
bps_webapi,sdg06_sanitation,total,2026-09-08,2021,province,3400,Di Yogyakarta,percent,97.12,Badan Pusat Statistik,webapi-var-847-updated-2025-12-16,domain=0000;var=847;vervar=3400;turvar=0;th=121;turth=0
bps_webapi,sdg06_sanitation,total,2026-09-08,2021,province,3500,Jawa Timur,percent,80.97,Badan Pusat Statistik,webapi-var-847-updated-2025-12-16,domain=0000;var=847;vervar=3500;turvar=0;th=121;turth=0
bps_webapi,sdg06_sanitation,total,2026-09-08,2021,province,3600,Banten,percent,82.89,Badan Pusat Statistik,webapi-var-847-updated-2025-12-16,domain=0000;var=847;vervar=3600;turvar=0;th=121;turth=0
bps_webapi,sdg06_sanitation,total,2026-09-08,2021,province,5100,Bali,percent,95.95,Badan Pusat Statistik,webapi-var-847-updated-2025-12-16,domain=0000;var=847;vervar=5100;turvar=0;th=121;turth=0
bps_webapi,sdg06_sanitation,total,2026-09-08,2021,province,5200,Nusa Tenggara Barat,percent,82.85,Badan Pusat Statistik,webapi-var-847-updated-2025-12-16,domain=0000;var=847;vervar=5200;turvar=0;th=121;turth=0
bps_webapi,sdg06_sanitation,total,2026-09-08,2021,province,5300,Nusa Tenggara Timur,percent,73.36,Badan Pusat Statistik,webapi-var-847-updated-2025-12-16,domain=0000;var=847;vervar=5300;turvar=0;th=121;turth=0
bps_webapi,sdg06_sanitation,total,2026-09-08,2021,province,6100,Kalimantan Barat,percent,78.39,Badan Pusat Statistik,webapi-var-847-updated-2025-12-16,domain=0000;var=847;vervar=6100;turvar=0;th=121;turth=0
bps_webapi,sdg06_sanitation,total,2026-09-08,2021,province,6200,Kalimantan Tengah,percent,73.77,Badan Pusat Statistik,webapi-var-847-updated-2025-12-16,domain=0000;var=847;vervar=6200;turvar=0;th=121;turth=0
bps_webapi,sdg06_sanitation,total,2026-09-08,2021,province,6300,Kalimantan Selatan,percent,81.43,Badan Pusat Statistik,webapi-var-847-updated-2025-12-16,domain=0000;var=847;vervar=6300;turvar=0;th=121;turth=0
bps_webapi,sdg06_sanitation,total,2026-09-08,2021,province,6400,Kalimantan Timur,percent,89.77,Badan Pusat Statistik,webapi-var-847-updated-2025-12-16,domain=0000;var=847;vervar=6400;turvar=0;th=121;turth=0
bps_webapi,sdg06_sanitation,total,2026-09-08,2021,province,6500,Kalimantan Utara,percent,79.8,Badan Pusat Statistik,webapi-var-847-updated-2025-12-16,domain=0000;var=847;vervar=6500;turvar=0;th=121;turth=0
bps_webapi,sdg06_sanitation,total,2026-09-08,2021,province,7100,Sulawesi Utara,percent,84.85,Badan Pusat Statistik,webapi-var-847-updated-2025-12-16,domain=0000;var=847;vervar=7100;turvar=0;th=121;turth=0
bps_webapi,sdg06_sanitation,total,2026-09-08,2021,province,7200,Sulawesi Tengah,percent,76.06,Badan Pusat Statistik,webapi-var-847-updated-2025-12-16,domain=0000;var=847;vervar=7200;turvar=0;th=121;turth=0
bps_webapi,sdg06_sanitation,total,2026-09-08,2021,province,7300,Sulawesi Selatan,percent,91.57,Badan Pusat Statistik,webapi-var-847-updated-2025-12-16,domain=0000;var=847;vervar=7300;turvar=0;th=121;turth=0
bps_webapi,sdg06_sanitation,total,2026-09-08,2021,province,7400,Sulawesi Tenggara,percent,85.62,Badan Pusat Statistik,webapi-var-847-updated-2025-12-16,domain=0000;var=847;vervar=7400;turvar=0;th=121;turth=0
bps_webapi,sdg06_sanitation,total,2026-09-08,2021,province,7500,Gorontalo,percent,78.58,Badan Pusat Statistik,webapi-var-847-updated-2025-12-16,domain=0000;var=847;vervar=7500;turvar=0;th=121;turth=0
bps_webapi,sdg06_sanitation,total,2026-09-08,2021,province,7600,Sulawesi Barat,percent,80.12,Badan Pusat Statistik,webapi-var-847-updated-2025-12-16,domain=0000;var=847;vervar=7600;turvar=0;th=121;turth=0
bps_webapi,sdg06_sanitation,total,2026-09-08,2021,province,8100,Maluku,percent,76.77,Badan Pusat Statistik,webapi-var-847-updated-2025-12-16,domain=0000;var=847;vervar=8100;turvar=0;th=121;turth=0
bps_webapi,sdg06_sanitation,total,2026-09-08,2021,province,8200,Maluku Utara,percent,77.11,Badan Pusat Statistik,webapi-var-847-updated-2025-12-16,domain=0000;var=847;vervar=8200;turvar=0;th=121;turth=0
bps_webapi,sdg06_sanitation,total,2026-09-08,2021,province,9100,Papua Barat,percent,77.89,Badan Pusat Statistik,webapi-var-847-updated-2025-12-16,domain=0000;var=847;vervar=9100;turvar=0;th=121;turth=0
bps_webapi,sdg06_sanitation,total,2026-09-08,2021,province,9400,Papua,percent,40.81,Badan Pusat Statistik,webapi-var-847-updated-2025-12-16,domain=0000;var=847;vervar=9400;turvar=0;th=121;turth=0
bps_webapi,sdg06_sanitation,total,2026-09-08,2022,national,9999,Indonesia,percent,80.92,Badan Pusat Statistik,webapi-var-847-updated-2025-12-16,domain=0000;var=847;vervar=9999;turvar=0;th=122;turth=0
bps_webapi,sdg06_sanitation,total,2026-09-08,2022,province,1100,Aceh,percent,77.48,Badan Pusat Statistik,webapi-var-847-updated-2025-12-16,domain=0000;var=847;vervar=1100;turvar=0;th=122;turth=0
bps_webapi,sdg06_sanitation,total,2026-09-08,2022,province,1200,Sumatera Utara,percent,82.3,Badan Pusat Statistik,webapi-var-847-updated-2025-12-16,domain=0000;var=847;vervar=1200;turvar=0;th=122;turth=0
bps_webapi,sdg06_sanitation,total,2026-09-08,2022,province,1300,Sumatera Barat,percent,69.27,Badan Pusat Statistik,webapi-var-847-updated-2025-12-16,domain=0000;var=847;vervar=1300;turvar=0;th=122;turth=0
bps_webapi,sdg06_sanitation,total,2026-09-08,2022,province,1400,Riau,percent,84.06,Badan Pusat Statistik,webapi-var-847-updated-2025-12-16,domain=0000;var=847;vervar=1400;turvar=0;th=122;turth=0
bps_webapi,sdg06_sanitation,total,2026-09-08,2022,province,1500,Jambi,percent,79.54,Badan Pusat Statistik,webapi-var-847-updated-2025-12-16,domain=0000;var=847;vervar=1500;turvar=0;th=122;turth=0
bps_webapi,sdg06_sanitation,total,2026-09-08,2022,province,1600,Sumatera Selatan,percent,78.62,Badan Pusat Statistik,webapi-var-847-updated-2025-12-16,domain=0000;var=847;vervar=1600;turvar=0;th=122;turth=0
bps_webapi,sdg06_sanitation,total,2026-09-08,2022,province,1700,Bengkulu,percent,79.58,Badan Pusat Statistik,webapi-var-847-updated-2025-12-16,domain=0000;var=847;vervar=1700;turvar=0;th=122;turth=0
bps_webapi,sdg06_sanitation,total,2026-09-08,2022,province,1800,Lampung,percent,83.65,Badan Pusat Statistik,webapi-var-847-updated-2025-12-16,domain=0000;var=847;vervar=1800;turvar=0;th=122;turth=0
bps_webapi,sdg06_sanitation,total,2026-09-08,2022,province,1900,Kep. Bangka Belitung,percent,91.63,Badan Pusat Statistik,webapi-var-847-updated-2025-12-16,domain=0000;var=847;vervar=1900;turvar=0;th=122;turth=0
bps_webapi,sdg06_sanitation,total,2026-09-08,2022,province,2100,Kep. Riau,percent,87.74,Badan Pusat Statistik,webapi-var-847-updated-2025-12-16,domain=0000;var=847;vervar=2100;turvar=0;th=122;turth=0
bps_webapi,sdg06_sanitation,total,2026-09-08,2022,province,3100,Dki Jakarta,percent,92.79,Badan Pusat Statistik,webapi-var-847-updated-2025-12-16,domain=0000;var=847;vervar=3100;turvar=0;th=122;turth=0
bps_webapi,sdg06_sanitation,total,2026-09-08,2022,province,3200,Jawa Barat,percent,74.02,Badan Pusat Statistik,webapi-var-847-updated-2025-12-16,domain=0000;var=847;vervar=3200;turvar=0;th=122;turth=0
bps_webapi,sdg06_sanitation,total,2026-09-08,2022,province,3300,Jawa Tengah,percent,84.37,Badan Pusat Statistik,webapi-var-847-updated-2025-12-16,domain=0000;var=847;vervar=3300;turvar=0;th=122;turth=0
bps_webapi,sdg06_sanitation,total,2026-09-08,2022,province,3400,Di Yogyakarta,percent,96.21,Badan Pusat Statistik,webapi-var-847-updated-2025-12-16,domain=0000;var=847;vervar=3400;turvar=0;th=122;turth=0
bps_webapi,sdg06_sanitation,total,2026-09-08,2022,province,3500,Jawa Timur,percent,81.13,Badan Pusat Statistik,webapi-var-847-updated-2025-12-16,domain=0000;var=847;vervar=3500;turvar=0;th=122;turth=0
bps_webapi,sdg06_sanitation,total,2026-09-08,2022,province,3600,Banten,percent,85.12,Badan Pusat Statistik,webapi-var-847-updated-2025-12-16,domain=0000;var=847;vervar=3600;turvar=0;th=122;turth=0
bps_webapi,sdg06_sanitation,total,2026-09-08,2022,province,5100,Bali,percent,95.94,Badan Pusat Statistik,webapi-var-847-updated-2025-12-16,domain=0000;var=847;vervar=5100;turvar=0;th=122;turth=0
bps_webapi,sdg06_sanitation,total,2026-09-08,2022,province,5200,Nusa Tenggara Barat,percent,83.12,Badan Pusat Statistik,webapi-var-847-updated-2025-12-16,domain=0000;var=847;vervar=5200;turvar=0;th=122;turth=0
bps_webapi,sdg06_sanitation,total,2026-09-08,2022,province,5300,Nusa Tenggara Timur,percent,73.7,Badan Pusat Statistik,webapi-var-847-updated-2025-12-16,domain=0000;var=847;vervar=5300;turvar=0;th=122;turth=0
bps_webapi,sdg06_sanitation,total,2026-09-08,2022,province,6100,Kalimantan Barat,percent,77.41,Badan Pusat Statistik,webapi-var-847-updated-2025-12-16,domain=0000;var=847;vervar=6100;turvar=0;th=122;turth=0
bps_webapi,sdg06_sanitation,total,2026-09-08,2022,province,6200,Kalimantan Tengah,percent,74.33,Badan Pusat Statistik,webapi-var-847-updated-2025-12-16,domain=0000;var=847;vervar=6200;turvar=0;th=122;turth=0
bps_webapi,sdg06_sanitation,total,2026-09-08,2022,province,6300,Kalimantan Selatan,percent,82.55,Badan Pusat Statistik,webapi-var-847-updated-2025-12-16,domain=0000;var=847;vervar=6300;turvar=0;th=122;turth=0
bps_webapi,sdg06_sanitation,total,2026-09-08,2022,province,6400,Kalimantan Timur,percent,90.33,Badan Pusat Statistik,webapi-var-847-updated-2025-12-16,domain=0000;var=847;vervar=6400;turvar=0;th=122;turth=0
bps_webapi,sdg06_sanitation,total,2026-09-08,2022,province,6500,Kalimantan Utara,percent,82.22,Badan Pusat Statistik,webapi-var-847-updated-2025-12-16,domain=0000;var=847;vervar=6500;turvar=0;th=122;turth=0
bps_webapi,sdg06_sanitation,total,2026-09-08,2022,province,7100,Sulawesi Utara,percent,84.05,Badan Pusat Statistik,webapi-var-847-updated-2025-12-16,domain=0000;var=847;vervar=7100;turvar=0;th=122;turth=0
bps_webapi,sdg06_sanitation,total,2026-09-08,2022,province,7200,Sulawesi Tengah,percent,75.01,Badan Pusat Statistik,webapi-var-847-updated-2025-12-16,domain=0000;var=847;vervar=7200;turvar=0;th=122;turth=0
bps_webapi,sdg06_sanitation,total,2026-09-08,2022,province,7300,Sulawesi Selatan,percent,92.24,Badan Pusat Statistik,webapi-var-847-updated-2025-12-16,domain=0000;var=847;vervar=7300;turvar=0;th=122;turth=0
bps_webapi,sdg06_sanitation,total,2026-09-08,2022,province,7400,Sulawesi Tenggara,percent,87.07,Badan Pusat Statistik,webapi-var-847-updated-2025-12-16,domain=0000;var=847;vervar=7400;turvar=0;th=122;turth=0
bps_webapi,sdg06_sanitation,total,2026-09-08,2022,province,7500,Gorontalo,percent,79.82,Badan Pusat Statistik,webapi-var-847-updated-2025-12-16,domain=0000;var=847;vervar=7500;turvar=0;th=122;turth=0
bps_webapi,sdg06_sanitation,total,2026-09-08,2022,province,7600,Sulawesi Barat,percent,78.88,Badan Pusat Statistik,webapi-var-847-updated-2025-12-16,domain=0000;var=847;vervar=7600;turvar=0;th=122;turth=0
bps_webapi,sdg06_sanitation,total,2026-09-08,2022,province,8100,Maluku,percent,76.47,Badan Pusat Statistik,webapi-var-847-updated-2025-12-16,domain=0000;var=847;vervar=8100;turvar=0;th=122;turth=0
bps_webapi,sdg06_sanitation,total,2026-09-08,2022,province,8200,Maluku Utara,percent,79.39,Badan Pusat Statistik,webapi-var-847-updated-2025-12-16,domain=0000;var=847;vervar=8200;turvar=0;th=122;turth=0
bps_webapi,sdg06_sanitation,total,2026-09-08,2022,province,9100,Papua Barat,percent,73.52,Badan Pusat Statistik,webapi-var-847-updated-2025-12-16,domain=0000;var=847;vervar=9100;turvar=0;th=122;turth=0
bps_webapi,sdg06_sanitation,total,2026-09-08,2022,province,9400,Papua,percent,40.34,Badan Pusat Statistik,webapi-var-847-updated-2025-12-16,domain=0000;var=847;vervar=9400;turvar=0;th=122;turth=0
bps_webapi,sdg06_sanitation,total,2026-09-08,2023,national,9999,Indonesia,percent,82.36,Badan Pusat Statistik,webapi-var-847-updated-2025-12-16,domain=0000;var=847;vervar=9999;turvar=0;th=123;turth=0
bps_webapi,sdg06_sanitation,total,2026-09-08,2023,province,1100,Aceh,percent,78.85,Badan Pusat Statistik,webapi-var-847-updated-2025-12-16,domain=0000;var=847;vervar=1100;turvar=0;th=123;turth=0
bps_webapi,sdg06_sanitation,total,2026-09-08,2023,province,1200,Sumatera Utara,percent,84.18,Badan Pusat Statistik,webapi-var-847-updated-2025-12-16,domain=0000;var=847;vervar=1200;turvar=0;th=123;turth=0
bps_webapi,sdg06_sanitation,total,2026-09-08,2023,province,1300,Sumatera Barat,percent,70.97,Badan Pusat Statistik,webapi-var-847-updated-2025-12-16,domain=0000;var=847;vervar=1300;turvar=0;th=123;turth=0
bps_webapi,sdg06_sanitation,total,2026-09-08,2023,province,1400,Riau,percent,84.58,Badan Pusat Statistik,webapi-var-847-updated-2025-12-16,domain=0000;var=847;vervar=1400;turvar=0;th=123;turth=0
bps_webapi,sdg06_sanitation,total,2026-09-08,2023,province,1500,Jambi,percent,83.04,Badan Pusat Statistik,webapi-var-847-updated-2025-12-16,domain=0000;var=847;vervar=1500;turvar=0;th=123;turth=0
bps_webapi,sdg06_sanitation,total,2026-09-08,2023,province,1600,Sumatera Selatan,percent,80.54,Badan Pusat Statistik,webapi-var-847-updated-2025-12-16,domain=0000;var=847;vervar=1600;turvar=0;th=123;turth=0
bps_webapi,sdg06_sanitation,total,2026-09-08,2023,province,1700,Bengkulu,percent,80.28,Badan Pusat Statistik,webapi-var-847-updated-2025-12-16,domain=0000;var=847;vervar=1700;turvar=0;th=123;turth=0
bps_webapi,sdg06_sanitation,total,2026-09-08,2023,province,1800,Lampung,percent,84.58,Badan Pusat Statistik,webapi-var-847-updated-2025-12-16,domain=0000;var=847;vervar=1800;turvar=0;th=123;turth=0
bps_webapi,sdg06_sanitation,total,2026-09-08,2023,province,1900,Kep. Bangka Belitung,percent,93.21,Badan Pusat Statistik,webapi-var-847-updated-2025-12-16,domain=0000;var=847;vervar=1900;turvar=0;th=123;turth=0
bps_webapi,sdg06_sanitation,total,2026-09-08,2023,province,2100,Kep. Riau,percent,91.1,Badan Pusat Statistik,webapi-var-847-updated-2025-12-16,domain=0000;var=847;vervar=2100;turvar=0;th=123;turth=0
bps_webapi,sdg06_sanitation,total,2026-09-08,2023,province,3100,Dki Jakarta,percent,93.5,Badan Pusat Statistik,webapi-var-847-updated-2025-12-16,domain=0000;var=847;vervar=3100;turvar=0;th=123;turth=0
bps_webapi,sdg06_sanitation,total,2026-09-08,2023,province,3200,Jawa Barat,percent,74.88,Badan Pusat Statistik,webapi-var-847-updated-2025-12-16,domain=0000;var=847;vervar=3200;turvar=0;th=123;turth=0
bps_webapi,sdg06_sanitation,total,2026-09-08,2023,province,3300,Jawa Tengah,percent,85.2,Badan Pusat Statistik,webapi-var-847-updated-2025-12-16,domain=0000;var=847;vervar=3300;turvar=0;th=123;turth=0
bps_webapi,sdg06_sanitation,total,2026-09-08,2023,province,3400,Di Yogyakarta,percent,96.42,Badan Pusat Statistik,webapi-var-847-updated-2025-12-16,domain=0000;var=847;vervar=3400;turvar=0;th=123;turth=0
bps_webapi,sdg06_sanitation,total,2026-09-08,2023,province,3500,Jawa Timur,percent,83.72,Badan Pusat Statistik,webapi-var-847-updated-2025-12-16,domain=0000;var=847;vervar=3500;turvar=0;th=123;turth=0
bps_webapi,sdg06_sanitation,total,2026-09-08,2023,province,3600,Banten,percent,86.41,Badan Pusat Statistik,webapi-var-847-updated-2025-12-16,domain=0000;var=847;vervar=3600;turvar=0;th=123;turth=0
bps_webapi,sdg06_sanitation,total,2026-09-08,2023,province,5100,Bali,percent,95.7,Badan Pusat Statistik,webapi-var-847-updated-2025-12-16,domain=0000;var=847;vervar=5100;turvar=0;th=123;turth=0
bps_webapi,sdg06_sanitation,total,2026-09-08,2023,province,5200,Nusa Tenggara Barat,percent,85.11,Badan Pusat Statistik,webapi-var-847-updated-2025-12-16,domain=0000;var=847;vervar=5200;turvar=0;th=123;turth=0
bps_webapi,sdg06_sanitation,total,2026-09-08,2023,province,5300,Nusa Tenggara Timur,percent,75.67,Badan Pusat Statistik,webapi-var-847-updated-2025-12-16,domain=0000;var=847;vervar=5300;turvar=0;th=123;turth=0
bps_webapi,sdg06_sanitation,total,2026-09-08,2023,province,6100,Kalimantan Barat,percent,79.89,Badan Pusat Statistik,webapi-var-847-updated-2025-12-16,domain=0000;var=847;vervar=6100;turvar=0;th=123;turth=0
bps_webapi,sdg06_sanitation,total,2026-09-08,2023,province,6200,Kalimantan Tengah,percent,76.31,Badan Pusat Statistik,webapi-var-847-updated-2025-12-16,domain=0000;var=847;vervar=6200;turvar=0;th=123;turth=0
bps_webapi,sdg06_sanitation,total,2026-09-08,2023,province,6300,Kalimantan Selatan,percent,82.89,Badan Pusat Statistik,webapi-var-847-updated-2025-12-16,domain=0000;var=847;vervar=6300;turvar=0;th=123;turth=0
bps_webapi,sdg06_sanitation,total,2026-09-08,2023,province,6400,Kalimantan Timur,percent,91.21,Badan Pusat Statistik,webapi-var-847-updated-2025-12-16,domain=0000;var=847;vervar=6400;turvar=0;th=123;turth=0
bps_webapi,sdg06_sanitation,total,2026-09-08,2023,province,6500,Kalimantan Utara,percent,84.22,Badan Pusat Statistik,webapi-var-847-updated-2025-12-16,domain=0000;var=847;vervar=6500;turvar=0;th=123;turth=0
bps_webapi,sdg06_sanitation,total,2026-09-08,2023,province,7100,Sulawesi Utara,percent,85.91,Badan Pusat Statistik,webapi-var-847-updated-2025-12-16,domain=0000;var=847;vervar=7100;turvar=0;th=123;turth=0
bps_webapi,sdg06_sanitation,total,2026-09-08,2023,province,7200,Sulawesi Tengah,percent,75.8,Badan Pusat Statistik,webapi-var-847-updated-2025-12-16,domain=0000;var=847;vervar=7200;turvar=0;th=123;turth=0
bps_webapi,sdg06_sanitation,total,2026-09-08,2023,province,7300,Sulawesi Selatan,percent,93.69,Badan Pusat Statistik,webapi-var-847-updated-2025-12-16,domain=0000;var=847;vervar=7300;turvar=0;th=123;turth=0
bps_webapi,sdg06_sanitation,total,2026-09-08,2023,province,7400,Sulawesi Tenggara,percent,88.99,Badan Pusat Statistik,webapi-var-847-updated-2025-12-16,domain=0000;var=847;vervar=7400;turvar=0;th=123;turth=0
bps_webapi,sdg06_sanitation,total,2026-09-08,2023,province,7500,Gorontalo,percent,81.72,Badan Pusat Statistik,webapi-var-847-updated-2025-12-16,domain=0000;var=847;vervar=7500;turvar=0;th=123;turth=0
bps_webapi,sdg06_sanitation,total,2026-09-08,2023,province,7600,Sulawesi Barat,percent,80.73,Badan Pusat Statistik,webapi-var-847-updated-2025-12-16,domain=0000;var=847;vervar=7600;turvar=0;th=123;turth=0
bps_webapi,sdg06_sanitation,total,2026-09-08,2023,province,8100,Maluku,percent,78.17,Badan Pusat Statistik,webapi-var-847-updated-2025-12-16,domain=0000;var=847;vervar=8100;turvar=0;th=123;turth=0
bps_webapi,sdg06_sanitation,total,2026-09-08,2023,province,8200,Maluku Utara,percent,80.64,Badan Pusat Statistik,webapi-var-847-updated-2025-12-16,domain=0000;var=847;vervar=8200;turvar=0;th=123;turth=0
bps_webapi,sdg06_sanitation,total,2026-09-08,2023,province,9100,Papua Barat,percent,76.3,Badan Pusat Statistik,webapi-var-847-updated-2025-12-16,domain=0000;var=847;vervar=9100;turvar=0;th=123;turth=0
bps_webapi,sdg06_sanitation,total,2026-09-08,2023,province,9400,Papua,percent,43,Badan Pusat Statistik,webapi-var-847-updated-2025-12-16,domain=0000;var=847;vervar=9400;turvar=0;th=123;turth=0
bps_webapi,sdg07_clean_cooking,gas,2026-09-08,2021,national,9999,Indonesia,percent,83.36,Badan Pusat Statistik,webapi-var-150-updated-2025-12-17,domain=0000;var=150;vervar=9999;turvar=301;th=121;turth=0
bps_webapi,sdg07_clean_cooking,gas,2026-09-08,2021,province,1100,Aceh,percent,91.89,Badan Pusat Statistik,webapi-var-150-updated-2025-12-17,domain=0000;var=150;vervar=1100;turvar=301;th=121;turth=0
bps_webapi,sdg07_clean_cooking,gas,2026-09-08,2021,province,1200,Sumatera Utara,percent,88.11,Badan Pusat Statistik,webapi-var-150-updated-2025-12-17,domain=0000;var=150;vervar=1200;turvar=301;th=121;turth=0
bps_webapi,sdg07_clean_cooking,gas,2026-09-08,2021,province,1300,Sumatera Barat,percent,79.71,Badan Pusat Statistik,webapi-var-150-updated-2025-12-17,domain=0000;var=150;vervar=1300;turvar=301;th=121;turth=0
bps_webapi,sdg07_clean_cooking,gas,2026-09-08,2021,province,1400,Riau,percent,91.48,Badan Pusat Statistik,webapi-var-150-updated-2025-12-17,domain=0000;var=150;vervar=1400;turvar=301;th=121;turth=0
bps_webapi,sdg07_clean_cooking,gas,2026-09-08,2021,province,1500,Jambi,percent,87.12,Badan Pusat Statistik,webapi-var-150-updated-2025-12-17,domain=0000;var=150;vervar=1500;turvar=301;th=121;turth=0
bps_webapi,sdg07_clean_cooking,gas,2026-09-08,2021,province,1600,Sumatera Selatan,percent,94.16,Badan Pusat Statistik,webapi-var-150-updated-2025-12-17,domain=0000;var=150;vervar=1600;turvar=301;th=121;turth=0
bps_webapi,sdg07_clean_cooking,gas,2026-09-08,2021,province,1700,Bengkulu,percent,92.05,Badan Pusat Statistik,webapi-var-150-updated-2025-12-17,domain=0000;var=150;vervar=1700;turvar=301;th=121;turth=0
bps_webapi,sdg07_clean_cooking,gas,2026-09-08,2021,province,1800,Lampung,percent,88.14,Badan Pusat Statistik,webapi-var-150-updated-2025-12-17,domain=0000;var=150;vervar=1800;turvar=301;th=121;turth=0
bps_webapi,sdg07_clean_cooking,gas,2026-09-08,2021,province,1900,Kep. Bangka Belitung,percent,92.23,Badan Pusat Statistik,webapi-var-150-updated-2025-12-17,domain=0000;var=150;vervar=1900;turvar=301;th=121;turth=0
bps_webapi,sdg07_clean_cooking,gas,2026-09-08,2021,province,2100,Kep. Riau,percent,87.89,Badan Pusat Statistik,webapi-var-150-updated-2025-12-17,domain=0000;var=150;vervar=2100;turvar=301;th=121;turth=0
bps_webapi,sdg07_clean_cooking,gas,2026-09-08,2021,province,3100,Dki Jakarta,percent,92.15,Badan Pusat Statistik,webapi-var-150-updated-2025-12-17,domain=0000;var=150;vervar=3100;turvar=301;th=121;turth=0
bps_webapi,sdg07_clean_cooking,gas,2026-09-08,2021,province,3200,Jawa Barat,percent,89.39,Badan Pusat Statistik,webapi-var-150-updated-2025-12-17,domain=0000;var=150;vervar=3200;turvar=301;th=121;turth=0
bps_webapi,sdg07_clean_cooking,gas,2026-09-08,2021,province,3300,Jawa Tengah,percent,85.82,Badan Pusat Statistik,webapi-var-150-updated-2025-12-17,domain=0000;var=150;vervar=3300;turvar=301;th=121;turth=0
bps_webapi,sdg07_clean_cooking,gas,2026-09-08,2021,province,3400,Di Yogyakarta,percent,76.65,Badan Pusat Statistik,webapi-var-150-updated-2025-12-17,domain=0000;var=150;vervar=3400;turvar=301;th=121;turth=0
bps_webapi,sdg07_clean_cooking,gas,2026-09-08,2021,province,3500,Jawa Timur,percent,83.98,Badan Pusat Statistik,webapi-var-150-updated-2025-12-17,domain=0000;var=150;vervar=3500;turvar=301;th=121;turth=0
bps_webapi,sdg07_clean_cooking,gas,2026-09-08,2021,province,3600,Banten,percent,88.12,Badan Pusat Statistik,webapi-var-150-updated-2025-12-17,domain=0000;var=150;vervar=3600;turvar=301;th=121;turth=0
bps_webapi,sdg07_clean_cooking,gas,2026-09-08,2021,province,5100,Bali,percent,82.1,Badan Pusat Statistik,webapi-var-150-updated-2025-12-17,domain=0000;var=150;vervar=5100;turvar=301;th=121;turth=0
bps_webapi,sdg07_clean_cooking,gas,2026-09-08,2021,province,5200,Nusa Tenggara Barat,percent,79.53,Badan Pusat Statistik,webapi-var-150-updated-2025-12-17,domain=0000;var=150;vervar=5200;turvar=301;th=121;turth=0
bps_webapi,sdg07_clean_cooking,gas,2026-09-08,2021,province,5300,Nusa Tenggara Timur,percent,1.41,Badan Pusat Statistik,webapi-var-150-updated-2025-12-17,domain=0000;var=150;vervar=5300;turvar=301;th=121;turth=0
bps_webapi,sdg07_clean_cooking,gas,2026-09-08,2021,province,6100,Kalimantan Barat,percent,91.91,Badan Pusat Statistik,webapi-var-150-updated-2025-12-17,domain=0000;var=150;vervar=6100;turvar=301;th=121;turth=0
bps_webapi,sdg07_clean_cooking,gas,2026-09-08,2021,province,6200,Kalimantan Tengah,percent,87.12,Badan Pusat Statistik,webapi-var-150-updated-2025-12-17,domain=0000;var=150;vervar=6200;turvar=301;th=121;turth=0
bps_webapi,sdg07_clean_cooking,gas,2026-09-08,2021,province,6300,Kalimantan Selatan,percent,85.63,Badan Pusat Statistik,webapi-var-150-updated-2025-12-17,domain=0000;var=150;vervar=6300;turvar=301;th=121;turth=0
bps_webapi,sdg07_clean_cooking,gas,2026-09-08,2021,province,6400,Kalimantan Timur,percent,96.28,Badan Pusat Statistik,webapi-var-150-updated-2025-12-17,domain=0000;var=150;vervar=6400;turvar=301;th=121;turth=0
bps_webapi,sdg07_clean_cooking,gas,2026-09-08,2021,province,6500,Kalimantan Utara,percent,82.12,Badan Pusat Statistik,webapi-var-150-updated-2025-12-17,domain=0000;var=150;vervar=6500;turvar=301;th=121;turth=0
bps_webapi,sdg07_clean_cooking,gas,2026-09-08,2021,province,7100,Sulawesi Utara,percent,80.94,Badan Pusat Statistik,webapi-var-150-updated-2025-12-17,domain=0000;var=150;vervar=7100;turvar=301;th=121;turth=0
bps_webapi,sdg07_clean_cooking,gas,2026-09-08,2021,province,7200,Sulawesi Tengah,percent,68.97,Badan Pusat Statistik,webapi-var-150-updated-2025-12-17,domain=0000;var=150;vervar=7200;turvar=301;th=121;turth=0
bps_webapi,sdg07_clean_cooking,gas,2026-09-08,2021,province,7300,Sulawesi Selatan,percent,91.52,Badan Pusat Statistik,webapi-var-150-updated-2025-12-17,domain=0000;var=150;vervar=7300;turvar=301;th=121;turth=0
bps_webapi,sdg07_clean_cooking,gas,2026-09-08,2021,province,7400,Sulawesi Tenggara,percent,64.49,Badan Pusat Statistik,webapi-var-150-updated-2025-12-17,domain=0000;var=150;vervar=7400;turvar=301;th=121;turth=0
bps_webapi,sdg07_clean_cooking,gas,2026-09-08,2021,province,7500,Gorontalo,percent,90.8,Badan Pusat Statistik,webapi-var-150-updated-2025-12-17,domain=0000;var=150;vervar=7500;turvar=301;th=121;turth=0
bps_webapi,sdg07_clean_cooking,gas,2026-09-08,2021,province,7600,Sulawesi Barat,percent,81.86,Badan Pusat Statistik,webapi-var-150-updated-2025-12-17,domain=0000;var=150;vervar=7600;turvar=301;th=121;turth=0
bps_webapi,sdg07_clean_cooking,gas,2026-09-08,2021,province,8100,Maluku,percent,1.76,Badan Pusat Statistik,webapi-var-150-updated-2025-12-17,domain=0000;var=150;vervar=8100;turvar=301;th=121;turth=0
bps_webapi,sdg07_clean_cooking,gas,2026-09-08,2021,province,8200,Maluku Utara,percent,1.48,Badan Pusat Statistik,webapi-var-150-updated-2025-12-17,domain=0000;var=150;vervar=8200;turvar=301;th=121;turth=0
bps_webapi,sdg07_clean_cooking,gas,2026-09-08,2021,province,9100,Papua Barat,percent,5.21,Badan Pusat Statistik,webapi-var-150-updated-2025-12-17,domain=0000;var=150;vervar=9100;turvar=301;th=121;turth=0
bps_webapi,sdg07_clean_cooking,gas,2026-09-08,2021,province,9400,Papua,percent,1.92,Badan Pusat Statistik,webapi-var-150-updated-2025-12-17,domain=0000;var=150;vervar=9400;turvar=301;th=121;turth=0
bps_webapi,sdg07_clean_cooking,gas,2026-09-08,2022,national,9999,Indonesia,percent,87.12,Badan Pusat Statistik,webapi-var-150-updated-2025-12-17,domain=0000;var=150;vervar=9999;turvar=301;th=122;turth=0
bps_webapi,sdg07_clean_cooking,gas,2026-09-08,2022,province,1100,Aceh,percent,94.25,Badan Pusat Statistik,webapi-var-150-updated-2025-12-17,domain=0000;var=150;vervar=1100;turvar=301;th=122;turth=0
bps_webapi,sdg07_clean_cooking,gas,2026-09-08,2022,province,1200,Sumatera Utara,percent,91.2,Badan Pusat Statistik,webapi-var-150-updated-2025-12-17,domain=0000;var=150;vervar=1200;turvar=301;th=122;turth=0
bps_webapi,sdg07_clean_cooking,gas,2026-09-08,2022,province,1300,Sumatera Barat,percent,85.55,Badan Pusat Statistik,webapi-var-150-updated-2025-12-17,domain=0000;var=150;vervar=1300;turvar=301;th=122;turth=0
bps_webapi,sdg07_clean_cooking,gas,2026-09-08,2022,province,1400,Riau,percent,94.58,Badan Pusat Statistik,webapi-var-150-updated-2025-12-17,domain=0000;var=150;vervar=1400;turvar=301;th=122;turth=0
bps_webapi,sdg07_clean_cooking,gas,2026-09-08,2022,province,1500,Jambi,percent,91.05,Badan Pusat Statistik,webapi-var-150-updated-2025-12-17,domain=0000;var=150;vervar=1500;turvar=301;th=122;turth=0
bps_webapi,sdg07_clean_cooking,gas,2026-09-08,2022,province,1600,Sumatera Selatan,percent,96.44,Badan Pusat Statistik,webapi-var-150-updated-2025-12-17,domain=0000;var=150;vervar=1600;turvar=301;th=122;turth=0
bps_webapi,sdg07_clean_cooking,gas,2026-09-08,2022,province,1700,Bengkulu,percent,94.64,Badan Pusat Statistik,webapi-var-150-updated-2025-12-17,domain=0000;var=150;vervar=1700;turvar=301;th=122;turth=0
bps_webapi,sdg07_clean_cooking,gas,2026-09-08,2022,province,1800,Lampung,percent,90.99,Badan Pusat Statistik,webapi-var-150-updated-2025-12-17,domain=0000;var=150;vervar=1800;turvar=301;th=122;turth=0
bps_webapi,sdg07_clean_cooking,gas,2026-09-08,2022,province,1900,Kep. Bangka Belitung,percent,96.61,Badan Pusat Statistik,webapi-var-150-updated-2025-12-17,domain=0000;var=150;vervar=1900;turvar=301;th=122;turth=0
bps_webapi,sdg07_clean_cooking,gas,2026-09-08,2022,province,2100,Kep. Riau,percent,88.42,Badan Pusat Statistik,webapi-var-150-updated-2025-12-17,domain=0000;var=150;vervar=2100;turvar=301;th=122;turth=0
bps_webapi,sdg07_clean_cooking,gas,2026-09-08,2022,province,3100,Dki Jakarta,percent,95.59,Badan Pusat Statistik,webapi-var-150-updated-2025-12-17,domain=0000;var=150;vervar=3100;turvar=301;th=122;turth=0
bps_webapi,sdg07_clean_cooking,gas,2026-09-08,2022,province,3200,Jawa Barat,percent,92.89,Badan Pusat Statistik,webapi-var-150-updated-2025-12-17,domain=0000;var=150;vervar=3200;turvar=301;th=122;turth=0
bps_webapi,sdg07_clean_cooking,gas,2026-09-08,2022,province,3300,Jawa Tengah,percent,90.01,Badan Pusat Statistik,webapi-var-150-updated-2025-12-17,domain=0000;var=150;vervar=3300;turvar=301;th=122;turth=0
bps_webapi,sdg07_clean_cooking,gas,2026-09-08,2022,province,3400,Di Yogyakarta,percent,83.85,Badan Pusat Statistik,webapi-var-150-updated-2025-12-17,domain=0000;var=150;vervar=3400;turvar=301;th=122;turth=0
bps_webapi,sdg07_clean_cooking,gas,2026-09-08,2022,province,3500,Jawa Timur,percent,88.37,Badan Pusat Statistik,webapi-var-150-updated-2025-12-17,domain=0000;var=150;vervar=3500;turvar=301;th=122;turth=0
bps_webapi,sdg07_clean_cooking,gas,2026-09-08,2022,province,3600,Banten,percent,91.93,Badan Pusat Statistik,webapi-var-150-updated-2025-12-17,domain=0000;var=150;vervar=3600;turvar=301;th=122;turth=0
bps_webapi,sdg07_clean_cooking,gas,2026-09-08,2022,province,5100,Bali,percent,87.55,Badan Pusat Statistik,webapi-var-150-updated-2025-12-17,domain=0000;var=150;vervar=5100;turvar=301;th=122;turth=0
bps_webapi,sdg07_clean_cooking,gas,2026-09-08,2022,province,5200,Nusa Tenggara Barat,percent,87.17,Badan Pusat Statistik,webapi-var-150-updated-2025-12-17,domain=0000;var=150;vervar=5200;turvar=301;th=122;turth=0
bps_webapi,sdg07_clean_cooking,gas,2026-09-08,2022,province,5300,Nusa Tenggara Timur,percent,1.26,Badan Pusat Statistik,webapi-var-150-updated-2025-12-17,domain=0000;var=150;vervar=5300;turvar=301;th=122;turth=0
bps_webapi,sdg07_clean_cooking,gas,2026-09-08,2022,province,6100,Kalimantan Barat,percent,95.85,Badan Pusat Statistik,webapi-var-150-updated-2025-12-17,domain=0000;var=150;vervar=6100;turvar=301;th=122;turth=0
bps_webapi,sdg07_clean_cooking,gas,2026-09-08,2022,province,6200,Kalimantan Tengah,percent,92.24,Badan Pusat Statistik,webapi-var-150-updated-2025-12-17,domain=0000;var=150;vervar=6200;turvar=301;th=122;turth=0
bps_webapi,sdg07_clean_cooking,gas,2026-09-08,2022,province,6300,Kalimantan Selatan,percent,90.16,Badan Pusat Statistik,webapi-var-150-updated-2025-12-17,domain=0000;var=150;vervar=6300;turvar=301;th=122;turth=0
bps_webapi,sdg07_clean_cooking,gas,2026-09-08,2022,province,6400,Kalimantan Timur,percent,98.23,Badan Pusat Statistik,webapi-var-150-updated-2025-12-17,domain=0000;var=150;vervar=6400;turvar=301;th=122;turth=0
bps_webapi,sdg07_clean_cooking,gas,2026-09-08,2022,province,6500,Kalimantan Utara,percent,86.59,Badan Pusat Statistik,webapi-var-150-updated-2025-12-17,domain=0000;var=150;vervar=6500;turvar=301;th=122;turth=0
bps_webapi,sdg07_clean_cooking,gas,2026-09-08,2022,province,7100,Sulawesi Utara,percent,84.65,Badan Pusat Statistik,webapi-var-150-updated-2025-12-17,domain=0000;var=150;vervar=7100;turvar=301;th=122;turth=0
bps_webapi,sdg07_clean_cooking,gas,2026-09-08,2022,province,7200,Sulawesi Tengah,percent,74.55,Badan Pusat Statistik,webapi-var-150-updated-2025-12-17,domain=0000;var=150;vervar=7200;turvar=301;th=122;turth=0
bps_webapi,sdg07_clean_cooking,gas,2026-09-08,2022,province,7300,Sulawesi Selatan,percent,93.38,Badan Pusat Statistik,webapi-var-150-updated-2025-12-17,domain=0000;var=150;vervar=7300;turvar=301;th=122;turth=0
bps_webapi,sdg07_clean_cooking,gas,2026-09-08,2022,province,7400,Sulawesi Tenggara,percent,69.41,Badan Pusat Statistik,webapi-var-150-updated-2025-12-17,domain=0000;var=150;vervar=7400;turvar=301;th=122;turth=0
bps_webapi,sdg07_clean_cooking,gas,2026-09-08,2022,province,7500,Gorontalo,percent,95.22,Badan Pusat Statistik,webapi-var-150-updated-2025-12-17,domain=0000;var=150;vervar=7500;turvar=301;th=122;turth=0
bps_webapi,sdg07_clean_cooking,gas,2026-09-08,2022,province,7600,Sulawesi Barat,percent,83.13,Badan Pusat Statistik,webapi-var-150-updated-2025-12-17,domain=0000;var=150;vervar=7600;turvar=301;th=122;turth=0
bps_webapi,sdg07_clean_cooking,gas,2026-09-08,2022,province,8100,Maluku,percent,1.45,Badan Pusat Statistik,webapi-var-150-updated-2025-12-17,domain=0000;var=150;vervar=8100;turvar=301;th=122;turth=0
bps_webapi,sdg07_clean_cooking,gas,2026-09-08,2022,province,8200,Maluku Utara,percent,1.52,Badan Pusat Statistik,webapi-var-150-updated-2025-12-17,domain=0000;var=150;vervar=8200;turvar=301;th=122;turth=0
bps_webapi,sdg07_clean_cooking,gas,2026-09-08,2022,province,9100,Papua Barat,percent,6.01,Badan Pusat Statistik,webapi-var-150-updated-2025-12-17,domain=0000;var=150;vervar=9100;turvar=301;th=122;turth=0
bps_webapi,sdg07_clean_cooking,gas,2026-09-08,2022,province,9400,Papua,percent,2.23,Badan Pusat Statistik,webapi-var-150-updated-2025-12-17,domain=0000;var=150;vervar=9400;turvar=301;th=122;turth=0
bps_webapi,sdg07_clean_cooking,gas,2026-09-08,2023,national,9999,Indonesia,percent,86.91,Badan Pusat Statistik,webapi-var-150-updated-2025-12-17,domain=0000;var=150;vervar=9999;turvar=301;th=123;turth=0
bps_webapi,sdg07_clean_cooking,gas,2026-09-08,2023,province,1100,Aceh,percent,94.53,Badan Pusat Statistik,webapi-var-150-updated-2025-12-17,domain=0000;var=150;vervar=1100;turvar=301;th=123;turth=0
bps_webapi,sdg07_clean_cooking,gas,2026-09-08,2023,province,1200,Sumatera Utara,percent,92.62,Badan Pusat Statistik,webapi-var-150-updated-2025-12-17,domain=0000;var=150;vervar=1200;turvar=301;th=123;turth=0
bps_webapi,sdg07_clean_cooking,gas,2026-09-08,2023,province,1300,Sumatera Barat,percent,87.11,Badan Pusat Statistik,webapi-var-150-updated-2025-12-17,domain=0000;var=150;vervar=1300;turvar=301;th=123;turth=0
bps_webapi,sdg07_clean_cooking,gas,2026-09-08,2023,province,1400,Riau,percent,95.55,Badan Pusat Statistik,webapi-var-150-updated-2025-12-17,domain=0000;var=150;vervar=1400;turvar=301;th=123;turth=0
bps_webapi,sdg07_clean_cooking,gas,2026-09-08,2023,province,1500,Jambi,percent,92.53,Badan Pusat Statistik,webapi-var-150-updated-2025-12-17,domain=0000;var=150;vervar=1500;turvar=301;th=123;turth=0
bps_webapi,sdg07_clean_cooking,gas,2026-09-08,2023,province,1600,Sumatera Selatan,percent,96.37,Badan Pusat Statistik,webapi-var-150-updated-2025-12-17,domain=0000;var=150;vervar=1600;turvar=301;th=123;turth=0
bps_webapi,sdg07_clean_cooking,gas,2026-09-08,2023,province,1700,Bengkulu,percent,95.63,Badan Pusat Statistik,webapi-var-150-updated-2025-12-17,domain=0000;var=150;vervar=1700;turvar=301;th=123;turth=0
bps_webapi,sdg07_clean_cooking,gas,2026-09-08,2023,province,1800,Lampung,percent,92.41,Badan Pusat Statistik,webapi-var-150-updated-2025-12-17,domain=0000;var=150;vervar=1800;turvar=301;th=123;turth=0
bps_webapi,sdg07_clean_cooking,gas,2026-09-08,2023,province,1900,Kep. Bangka Belitung,percent,96.74,Badan Pusat Statistik,webapi-var-150-updated-2025-12-17,domain=0000;var=150;vervar=1900;turvar=301;th=123;turth=0
bps_webapi,sdg07_clean_cooking,gas,2026-09-08,2023,province,2100,Kep. Riau,percent,90.87,Badan Pusat Statistik,webapi-var-150-updated-2025-12-17,domain=0000;var=150;vervar=2100;turvar=301;th=123;turth=0
bps_webapi,sdg07_clean_cooking,gas,2026-09-08,2023,province,3100,Dki Jakarta,percent,96.81,Badan Pusat Statistik,webapi-var-150-updated-2025-12-17,domain=0000;var=150;vervar=3100;turvar=301;th=123;turth=0
bps_webapi,sdg07_clean_cooking,gas,2026-09-08,2023,province,3200,Jawa Barat,percent,92.74,Badan Pusat Statistik,webapi-var-150-updated-2025-12-17,domain=0000;var=150;vervar=3200;turvar=301;th=123;turth=0
bps_webapi,sdg07_clean_cooking,gas,2026-09-08,2023,province,3300,Jawa Tengah,percent,88.89,Badan Pusat Statistik,webapi-var-150-updated-2025-12-17,domain=0000;var=150;vervar=3300;turvar=301;th=123;turth=0
bps_webapi,sdg07_clean_cooking,gas,2026-09-08,2023,province,3400,Di Yogyakarta,percent,83.55,Badan Pusat Statistik,webapi-var-150-updated-2025-12-17,domain=0000;var=150;vervar=3400;turvar=301;th=123;turth=0
bps_webapi,sdg07_clean_cooking,gas,2026-09-08,2023,province,3500,Jawa Timur,percent,87.66,Badan Pusat Statistik,webapi-var-150-updated-2025-12-17,domain=0000;var=150;vervar=3500;turvar=301;th=123;turth=0
bps_webapi,sdg07_clean_cooking,gas,2026-09-08,2023,province,3600,Banten,percent,91.47,Badan Pusat Statistik,webapi-var-150-updated-2025-12-17,domain=0000;var=150;vervar=3600;turvar=301;th=123;turth=0
bps_webapi,sdg07_clean_cooking,gas,2026-09-08,2023,province,5100,Bali,percent,85.61,Badan Pusat Statistik,webapi-var-150-updated-2025-12-17,domain=0000;var=150;vervar=5100;turvar=301;th=123;turth=0
bps_webapi,sdg07_clean_cooking,gas,2026-09-08,2023,province,5200,Nusa Tenggara Barat,percent,89.85,Badan Pusat Statistik,webapi-var-150-updated-2025-12-17,domain=0000;var=150;vervar=5200;turvar=301;th=123;turth=0
bps_webapi,sdg07_clean_cooking,gas,2026-09-08,2023,province,5300,Nusa Tenggara Timur,percent,1.43,Badan Pusat Statistik,webapi-var-150-updated-2025-12-17,domain=0000;var=150;vervar=5300;turvar=301;th=123;turth=0
bps_webapi,sdg07_clean_cooking,gas,2026-09-08,2023,province,6100,Kalimantan Barat,percent,95.84,Badan Pusat Statistik,webapi-var-150-updated-2025-12-17,domain=0000;var=150;vervar=6100;turvar=301;th=123;turth=0
bps_webapi,sdg07_clean_cooking,gas,2026-09-08,2023,province,6200,Kalimantan Tengah,percent,92.7,Badan Pusat Statistik,webapi-var-150-updated-2025-12-17,domain=0000;var=150;vervar=6200;turvar=301;th=123;turth=0
bps_webapi,sdg07_clean_cooking,gas,2026-09-08,2023,province,6300,Kalimantan Selatan,percent,91.47,Badan Pusat Statistik,webapi-var-150-updated-2025-12-17,domain=0000;var=150;vervar=6300;turvar=301;th=123;turth=0
bps_webapi,sdg07_clean_cooking,gas,2026-09-08,2023,province,6400,Kalimantan Timur,percent,97.74,Badan Pusat Statistik,webapi-var-150-updated-2025-12-17,domain=0000;var=150;vervar=6400;turvar=301;th=123;turth=0
bps_webapi,sdg07_clean_cooking,gas,2026-09-08,2023,province,6500,Kalimantan Utara,percent,87.13,Badan Pusat Statistik,webapi-var-150-updated-2025-12-17,domain=0000;var=150;vervar=6500;turvar=301;th=123;turth=0
bps_webapi,sdg07_clean_cooking,gas,2026-09-08,2023,province,7100,Sulawesi Utara,percent,84.22,Badan Pusat Statistik,webapi-var-150-updated-2025-12-17,domain=0000;var=150;vervar=7100;turvar=301;th=123;turth=0
bps_webapi,sdg07_clean_cooking,gas,2026-09-08,2023,province,7200,Sulawesi Tengah,percent,72.57,Badan Pusat Statistik,webapi-var-150-updated-2025-12-17,domain=0000;var=150;vervar=7200;turvar=301;th=123;turth=0
bps_webapi,sdg07_clean_cooking,gas,2026-09-08,2023,province,7300,Sulawesi Selatan,percent,93.52,Badan Pusat Statistik,webapi-var-150-updated-2025-12-17,domain=0000;var=150;vervar=7300;turvar=301;th=123;turth=0
bps_webapi,sdg07_clean_cooking,gas,2026-09-08,2023,province,7400,Sulawesi Tenggara,percent,67.87,Badan Pusat Statistik,webapi-var-150-updated-2025-12-17,domain=0000;var=150;vervar=7400;turvar=301;th=123;turth=0
bps_webapi,sdg07_clean_cooking,gas,2026-09-08,2023,province,7500,Gorontalo,percent,96.14,Badan Pusat Statistik,webapi-var-150-updated-2025-12-17,domain=0000;var=150;vervar=7500;turvar=301;th=123;turth=0
bps_webapi,sdg07_clean_cooking,gas,2026-09-08,2023,province,7600,Sulawesi Barat,percent,83.57,Badan Pusat Statistik,webapi-var-150-updated-2025-12-17,domain=0000;var=150;vervar=7600;turvar=301;th=123;turth=0
bps_webapi,sdg07_clean_cooking,gas,2026-09-08,2023,province,8100,Maluku,percent,1.13,Badan Pusat Statistik,webapi-var-150-updated-2025-12-17,domain=0000;var=150;vervar=8100;turvar=301;th=123;turth=0
bps_webapi,sdg07_clean_cooking,gas,2026-09-08,2023,province,8200,Maluku Utara,percent,1.67,Badan Pusat Statistik,webapi-var-150-updated-2025-12-17,domain=0000;var=150;vervar=8200;turvar=301;th=123;turth=0
bps_webapi,sdg07_clean_cooking,gas,2026-09-08,2023,province,9100,Papua Barat,percent,4.24,Badan Pusat Statistik,webapi-var-150-updated-2025-12-17,domain=0000;var=150;vervar=9100;turvar=301;th=123;turth=0
bps_webapi,sdg07_clean_cooking,gas,2026-09-08,2023,province,9400,Papua,percent,3.03,Badan Pusat Statistik,webapi-var-150-updated-2025-12-17,domain=0000;var=150;vervar=9400;turvar=301;th=123;turth=0
bps_webapi,sdg08_hourly_wage,total,2026-09-08,2020,national,9999,Indonesia,rupiah_per_hour,17696,Badan Pusat Statistik,webapi-var-1172-updated-2025-12-02,domain=0000;var=1172;vervar=9999;turvar=0;th=120;turth=0
bps_webapi,sdg08_hourly_wage,total,2026-09-08,2020,province,1100,Aceh,rupiah_per_hour,18099,Badan Pusat Statistik,webapi-var-1172-updated-2025-12-02,domain=0000;var=1172;vervar=1100;turvar=0;th=120;turth=0
bps_webapi,sdg08_hourly_wage,total,2026-09-08,2020,province,1200,Sumatera Utara,rupiah_per_hour,15949,Badan Pusat Statistik,webapi-var-1172-updated-2025-12-02,domain=0000;var=1172;vervar=1200;turvar=0;th=120;turth=0
bps_webapi,sdg08_hourly_wage,total,2026-09-08,2020,province,1300,Sumatera Barat,rupiah_per_hour,17571,Badan Pusat Statistik,webapi-var-1172-updated-2025-12-02,domain=0000;var=1172;vervar=1300;turvar=0;th=120;turth=0
bps_webapi,sdg08_hourly_wage,total,2026-09-08,2020,province,1400,Riau,rupiah_per_hour,18411,Badan Pusat Statistik,webapi-var-1172-updated-2025-12-02,domain=0000;var=1172;vervar=1400;turvar=0;th=120;turth=0
bps_webapi,sdg08_hourly_wage,total,2026-09-08,2020,province,1500,Jambi,rupiah_per_hour,15840,Badan Pusat Statistik,webapi-var-1172-updated-2025-12-02,domain=0000;var=1172;vervar=1500;turvar=0;th=120;turth=0
bps_webapi,sdg08_hourly_wage,total,2026-09-08,2020,province,1600,Sumatera Selatan,rupiah_per_hour,15072,Badan Pusat Statistik,webapi-var-1172-updated-2025-12-02,domain=0000;var=1172;vervar=1600;turvar=0;th=120;turth=0
bps_webapi,sdg08_hourly_wage,total,2026-09-08,2020,province,1700,Bengkulu,rupiah_per_hour,17407,Badan Pusat Statistik,webapi-var-1172-updated-2025-12-02,domain=0000;var=1172;vervar=1700;turvar=0;th=120;turth=0
bps_webapi,sdg08_hourly_wage,total,2026-09-08,2020,province,1800,Lampung,rupiah_per_hour,14912,Badan Pusat Statistik,webapi-var-1172-updated-2025-12-02,domain=0000;var=1172;vervar=1800;turvar=0;th=120;turth=0
bps_webapi,sdg08_hourly_wage,total,2026-09-08,2020,province,1900,Kep. Bangka Belitung,rupiah_per_hour,15763,Badan Pusat Statistik,webapi-var-1172-updated-2025-12-02,domain=0000;var=1172;vervar=1900;turvar=0;th=120;turth=0
bps_webapi,sdg08_hourly_wage,total,2026-09-08,2020,province,2100,Kep. Riau,rupiah_per_hour,25032,Badan Pusat Statistik,webapi-var-1172-updated-2025-12-02,domain=0000;var=1172;vervar=2100;turvar=0;th=120;turth=0
bps_webapi,sdg08_hourly_wage,total,2026-09-08,2020,province,3100,Dki Jakarta,rupiah_per_hour,28420,Badan Pusat Statistik,webapi-var-1172-updated-2025-12-02,domain=0000;var=1172;vervar=3100;turvar=0;th=120;turth=0
bps_webapi,sdg08_hourly_wage,total,2026-09-08,2020,province,3200,Jawa Barat,rupiah_per_hour,19078,Badan Pusat Statistik,webapi-var-1172-updated-2025-12-02,domain=0000;var=1172;vervar=3200;turvar=0;th=120;turth=0
bps_webapi,sdg08_hourly_wage,total,2026-09-08,2020,province,3300,Jawa Tengah,rupiah_per_hour,12707,Badan Pusat Statistik,webapi-var-1172-updated-2025-12-02,domain=0000;var=1172;vervar=3300;turvar=0;th=120;turth=0
bps_webapi,sdg08_hourly_wage,total,2026-09-08,2020,province,3400,Di Yogyakarta,rupiah_per_hour,15771,Badan Pusat Statistik,webapi-var-1172-updated-2025-12-02,domain=0000;var=1172;vervar=3400;turvar=0;th=120;turth=0
bps_webapi,sdg08_hourly_wage,total,2026-09-08,2020,province,3500,Jawa Timur,rupiah_per_hour,14389,Badan Pusat Statistik,webapi-var-1172-updated-2025-12-02,domain=0000;var=1172;vervar=3500;turvar=0;th=120;turth=0
bps_webapi,sdg08_hourly_wage,total,2026-09-08,2020,province,3600,Banten,rupiah_per_hour,23035,Badan Pusat Statistik,webapi-var-1172-updated-2025-12-02,domain=0000;var=1172;vervar=3600;turvar=0;th=120;turth=0
bps_webapi,sdg08_hourly_wage,total,2026-09-08,2020,province,5100,Bali,rupiah_per_hour,17775,Badan Pusat Statistik,webapi-var-1172-updated-2025-12-02,domain=0000;var=1172;vervar=5100;turvar=0;th=120;turth=0
bps_webapi,sdg08_hourly_wage,total,2026-09-08,2020,province,5200,Nusa Tenggara Barat,rupiah_per_hour,13627,Badan Pusat Statistik,webapi-var-1172-updated-2025-12-02,domain=0000;var=1172;vervar=5200;turvar=0;th=120;turth=0
bps_webapi,sdg08_hourly_wage,total,2026-09-08,2020,province,5300,Nusa Tenggara Timur,rupiah_per_hour,17696,Badan Pusat Statistik,webapi-var-1172-updated-2025-12-02,domain=0000;var=1172;vervar=5300;turvar=0;th=120;turth=0
bps_webapi,sdg08_hourly_wage,total,2026-09-08,2020,province,6100,Kalimantan Barat,rupiah_per_hour,16098,Badan Pusat Statistik,webapi-var-1172-updated-2025-12-02,domain=0000;var=1172;vervar=6100;turvar=0;th=120;turth=0
bps_webapi,sdg08_hourly_wage,total,2026-09-08,2020,province,6200,Kalimantan Tengah,rupiah_per_hour,20677,Badan Pusat Statistik,webapi-var-1172-updated-2025-12-02,domain=0000;var=1172;vervar=6200;turvar=0;th=120;turth=0
bps_webapi,sdg08_hourly_wage,total,2026-09-08,2020,province,6300,Kalimantan Selatan,rupiah_per_hour,18863,Badan Pusat Statistik,webapi-var-1172-updated-2025-12-02,domain=0000;var=1172;vervar=6300;turvar=0;th=120;turth=0
bps_webapi,sdg08_hourly_wage,total,2026-09-08,2020,province,6400,Kalimantan Timur,rupiah_per_hour,24097,Badan Pusat Statistik,webapi-var-1172-updated-2025-12-02,domain=0000;var=1172;vervar=6400;turvar=0;th=120;turth=0
bps_webapi,sdg08_hourly_wage,total,2026-09-08,2020,province,6500,Kalimantan Utara,rupiah_per_hour,26002,Badan Pusat Statistik,webapi-var-1172-updated-2025-12-02,domain=0000;var=1172;vervar=6500;turvar=0;th=120;turth=0
bps_webapi,sdg08_hourly_wage,total,2026-09-08,2020,province,7100,Sulawesi Utara,rupiah_per_hour,21390,Badan Pusat Statistik,webapi-var-1172-updated-2025-12-02,domain=0000;var=1172;vervar=7100;turvar=0;th=120;turth=0
bps_webapi,sdg08_hourly_wage,total,2026-09-08,2020,province,7200,Sulawesi Tengah,rupiah_per_hour,18140,Badan Pusat Statistik,webapi-var-1172-updated-2025-12-02,domain=0000;var=1172;vervar=7200;turvar=0;th=120;turth=0
bps_webapi,sdg08_hourly_wage,total,2026-09-08,2020,province,7300,Sulawesi Selatan,rupiah_per_hour,19172,Badan Pusat Statistik,webapi-var-1172-updated-2025-12-02,domain=0000;var=1172;vervar=7300;turvar=0;th=120;turth=0
bps_webapi,sdg08_hourly_wage,total,2026-09-08,2020,province,7400,Sulawesi Tenggara,rupiah_per_hour,20449,Badan Pusat Statistik,webapi-var-1172-updated-2025-12-02,domain=0000;var=1172;vervar=7400;turvar=0;th=120;turth=0
bps_webapi,sdg08_hourly_wage,total,2026-09-08,2020,province,7500,Gorontalo,rupiah_per_hour,15128,Badan Pusat Statistik,webapi-var-1172-updated-2025-12-02,domain=0000;var=1172;vervar=7500;turvar=0;th=120;turth=0
bps_webapi,sdg08_hourly_wage,total,2026-09-08,2020,province,7600,Sulawesi Barat,rupiah_per_hour,18136,Badan Pusat Statistik,webapi-var-1172-updated-2025-12-02,domain=0000;var=1172;vervar=7600;turvar=0;th=120;turth=0
bps_webapi,sdg08_hourly_wage,total,2026-09-08,2020,province,8100,Maluku,rupiah_per_hour,26198,Badan Pusat Statistik,webapi-var-1172-updated-2025-12-02,domain=0000;var=1172;vervar=8100;turvar=0;th=120;turth=0
bps_webapi,sdg08_hourly_wage,total,2026-09-08,2020,province,8200,Maluku Utara,rupiah_per_hour,23338,Badan Pusat Statistik,webapi-var-1172-updated-2025-12-02,domain=0000;var=1172;vervar=8200;turvar=0;th=120;turth=0
bps_webapi,sdg08_hourly_wage,total,2026-09-08,2020,province,9100,Papua Barat,rupiah_per_hour,27904,Badan Pusat Statistik,webapi-var-1172-updated-2025-12-02,domain=0000;var=1172;vervar=9100;turvar=0;th=120;turth=0
bps_webapi,sdg08_hourly_wage,total,2026-09-08,2020,province,9400,Papua,rupiah_per_hour,32138,Badan Pusat Statistik,webapi-var-1172-updated-2025-12-02,domain=0000;var=1172;vervar=9400;turvar=0;th=120;turth=0
bps_webapi,sdg08_hourly_wage,total,2026-09-08,2021,national,9999,Indonesia,rupiah_per_hour,18089,Badan Pusat Statistik,webapi-var-1172-updated-2025-12-02,domain=0000;var=1172;vervar=9999;turvar=0;th=121;turth=0
bps_webapi,sdg08_hourly_wage,total,2026-09-08,2021,province,1100,Aceh,rupiah_per_hour,17037,Badan Pusat Statistik,webapi-var-1172-updated-2025-12-02,domain=0000;var=1172;vervar=1100;turvar=0;th=121;turth=0
bps_webapi,sdg08_hourly_wage,total,2026-09-08,2021,province,1200,Sumatera Utara,rupiah_per_hour,15486,Badan Pusat Statistik,webapi-var-1172-updated-2025-12-02,domain=0000;var=1172;vervar=1200;turvar=0;th=121;turth=0
bps_webapi,sdg08_hourly_wage,total,2026-09-08,2021,province,1300,Sumatera Barat,rupiah_per_hour,16630,Badan Pusat Statistik,webapi-var-1172-updated-2025-12-02,domain=0000;var=1172;vervar=1300;turvar=0;th=121;turth=0
bps_webapi,sdg08_hourly_wage,total,2026-09-08,2021,province,1400,Riau,rupiah_per_hour,19144,Badan Pusat Statistik,webapi-var-1172-updated-2025-12-02,domain=0000;var=1172;vervar=1400;turvar=0;th=121;turth=0
bps_webapi,sdg08_hourly_wage,total,2026-09-08,2021,province,1500,Jambi,rupiah_per_hour,16043,Badan Pusat Statistik,webapi-var-1172-updated-2025-12-02,domain=0000;var=1172;vervar=1500;turvar=0;th=121;turth=0
bps_webapi,sdg08_hourly_wage,total,2026-09-08,2021,province,1600,Sumatera Selatan,rupiah_per_hour,15873,Badan Pusat Statistik,webapi-var-1172-updated-2025-12-02,domain=0000;var=1172;vervar=1600;turvar=0;th=121;turth=0
bps_webapi,sdg08_hourly_wage,total,2026-09-08,2021,province,1700,Bengkulu,rupiah_per_hour,18271,Badan Pusat Statistik,webapi-var-1172-updated-2025-12-02,domain=0000;var=1172;vervar=1700;turvar=0;th=121;turth=0
bps_webapi,sdg08_hourly_wage,total,2026-09-08,2021,province,1800,Lampung,rupiah_per_hour,15224,Badan Pusat Statistik,webapi-var-1172-updated-2025-12-02,domain=0000;var=1172;vervar=1800;turvar=0;th=121;turth=0
bps_webapi,sdg08_hourly_wage,total,2026-09-08,2021,province,1900,Kep. Bangka Belitung,rupiah_per_hour,17692,Badan Pusat Statistik,webapi-var-1172-updated-2025-12-02,domain=0000;var=1172;vervar=1900;turvar=0;th=121;turth=0
bps_webapi,sdg08_hourly_wage,total,2026-09-08,2021,province,2100,Kep. Riau,rupiah_per_hour,25736,Badan Pusat Statistik,webapi-var-1172-updated-2025-12-02,domain=0000;var=1172;vervar=2100;turvar=0;th=121;turth=0
bps_webapi,sdg08_hourly_wage,total,2026-09-08,2021,province,3100,Dki Jakarta,rupiah_per_hour,30662,Badan Pusat Statistik,webapi-var-1172-updated-2025-12-02,domain=0000;var=1172;vervar=3100;turvar=0;th=121;turth=0
bps_webapi,sdg08_hourly_wage,total,2026-09-08,2021,province,3200,Jawa Barat,rupiah_per_hour,19716,Badan Pusat Statistik,webapi-var-1172-updated-2025-12-02,domain=0000;var=1172;vervar=3200;turvar=0;th=121;turth=0
bps_webapi,sdg08_hourly_wage,total,2026-09-08,2021,province,3300,Jawa Tengah,rupiah_per_hour,13072,Badan Pusat Statistik,webapi-var-1172-updated-2025-12-02,domain=0000;var=1172;vervar=3300;turvar=0;th=121;turth=0
bps_webapi,sdg08_hourly_wage,total,2026-09-08,2021,province,3400,Di Yogyakarta,rupiah_per_hour,15098,Badan Pusat Statistik,webapi-var-1172-updated-2025-12-02,domain=0000;var=1172;vervar=3400;turvar=0;th=121;turth=0
bps_webapi,sdg08_hourly_wage,total,2026-09-08,2021,province,3500,Jawa Timur,rupiah_per_hour,14789,Badan Pusat Statistik,webapi-var-1172-updated-2025-12-02,domain=0000;var=1172;vervar=3500;turvar=0;th=121;turth=0
bps_webapi,sdg08_hourly_wage,total,2026-09-08,2021,province,3600,Banten,rupiah_per_hour,24839,Badan Pusat Statistik,webapi-var-1172-updated-2025-12-02,domain=0000;var=1172;vervar=3600;turvar=0;th=121;turth=0
bps_webapi,sdg08_hourly_wage,total,2026-09-08,2021,province,5100,Bali,rupiah_per_hour,17662,Badan Pusat Statistik,webapi-var-1172-updated-2025-12-02,domain=0000;var=1172;vervar=5100;turvar=0;th=121;turth=0
bps_webapi,sdg08_hourly_wage,total,2026-09-08,2021,province,5200,Nusa Tenggara Barat,rupiah_per_hour,12992,Badan Pusat Statistik,webapi-var-1172-updated-2025-12-02,domain=0000;var=1172;vervar=5200;turvar=0;th=121;turth=0
bps_webapi,sdg08_hourly_wage,total,2026-09-08,2021,province,5300,Nusa Tenggara Timur,rupiah_per_hour,16386,Badan Pusat Statistik,webapi-var-1172-updated-2025-12-02,domain=0000;var=1172;vervar=5300;turvar=0;th=121;turth=0
bps_webapi,sdg08_hourly_wage,total,2026-09-08,2021,province,6100,Kalimantan Barat,rupiah_per_hour,16127,Badan Pusat Statistik,webapi-var-1172-updated-2025-12-02,domain=0000;var=1172;vervar=6100;turvar=0;th=121;turth=0
bps_webapi,sdg08_hourly_wage,total,2026-09-08,2021,province,6200,Kalimantan Tengah,rupiah_per_hour,21040,Badan Pusat Statistik,webapi-var-1172-updated-2025-12-02,domain=0000;var=1172;vervar=6200;turvar=0;th=121;turth=0
bps_webapi,sdg08_hourly_wage,total,2026-09-08,2021,province,6300,Kalimantan Selatan,rupiah_per_hour,18874,Badan Pusat Statistik,webapi-var-1172-updated-2025-12-02,domain=0000;var=1172;vervar=6300;turvar=0;th=121;turth=0
bps_webapi,sdg08_hourly_wage,total,2026-09-08,2021,province,6400,Kalimantan Timur,rupiah_per_hour,23943,Badan Pusat Statistik,webapi-var-1172-updated-2025-12-02,domain=0000;var=1172;vervar=6400;turvar=0;th=121;turth=0
bps_webapi,sdg08_hourly_wage,total,2026-09-08,2021,province,6500,Kalimantan Utara,rupiah_per_hour,22972,Badan Pusat Statistik,webapi-var-1172-updated-2025-12-02,domain=0000;var=1172;vervar=6500;turvar=0;th=121;turth=0
bps_webapi,sdg08_hourly_wage,total,2026-09-08,2021,province,7100,Sulawesi Utara,rupiah_per_hour,20963,Badan Pusat Statistik,webapi-var-1172-updated-2025-12-02,domain=0000;var=1172;vervar=7100;turvar=0;th=121;turth=0
bps_webapi,sdg08_hourly_wage,total,2026-09-08,2021,province,7200,Sulawesi Tengah,rupiah_per_hour,20637,Badan Pusat Statistik,webapi-var-1172-updated-2025-12-02,domain=0000;var=1172;vervar=7200;turvar=0;th=121;turth=0
bps_webapi,sdg08_hourly_wage,total,2026-09-08,2021,province,7300,Sulawesi Selatan,rupiah_per_hour,19217,Badan Pusat Statistik,webapi-var-1172-updated-2025-12-02,domain=0000;var=1172;vervar=7300;turvar=0;th=121;turth=0
bps_webapi,sdg08_hourly_wage,total,2026-09-08,2021,province,7400,Sulawesi Tenggara,rupiah_per_hour,19302,Badan Pusat Statistik,webapi-var-1172-updated-2025-12-02,domain=0000;var=1172;vervar=7400;turvar=0;th=121;turth=0
bps_webapi,sdg08_hourly_wage,total,2026-09-08,2021,province,7500,Gorontalo,rupiah_per_hour,14613,Badan Pusat Statistik,webapi-var-1172-updated-2025-12-02,domain=0000;var=1172;vervar=7500;turvar=0;th=121;turth=0
bps_webapi,sdg08_hourly_wage,total,2026-09-08,2021,province,7600,Sulawesi Barat,rupiah_per_hour,18072,Badan Pusat Statistik,webapi-var-1172-updated-2025-12-02,domain=0000;var=1172;vervar=7600;turvar=0;th=121;turth=0
bps_webapi,sdg08_hourly_wage,total,2026-09-08,2021,province,8100,Maluku,rupiah_per_hour,21156,Badan Pusat Statistik,webapi-var-1172-updated-2025-12-02,domain=0000;var=1172;vervar=8100;turvar=0;th=121;turth=0
bps_webapi,sdg08_hourly_wage,total,2026-09-08,2021,province,8200,Maluku Utara,rupiah_per_hour,21131,Badan Pusat Statistik,webapi-var-1172-updated-2025-12-02,domain=0000;var=1172;vervar=8200;turvar=0;th=121;turth=0
bps_webapi,sdg08_hourly_wage,total,2026-09-08,2021,province,9100,Papua Barat,rupiah_per_hour,29600,Badan Pusat Statistik,webapi-var-1172-updated-2025-12-02,domain=0000;var=1172;vervar=9100;turvar=0;th=121;turth=0
bps_webapi,sdg08_hourly_wage,total,2026-09-08,2021,province,9400,Papua,rupiah_per_hour,30382,Badan Pusat Statistik,webapi-var-1172-updated-2025-12-02,domain=0000;var=1172;vervar=9400;turvar=0;th=121;turth=0
bps_webapi,sdg08_hourly_wage,total,2026-09-08,2022,national,9999,Indonesia,rupiah_per_hour,17542,Badan Pusat Statistik,webapi-var-1172-updated-2025-12-02,domain=0000;var=1172;vervar=9999;turvar=0;th=122;turth=0
bps_webapi,sdg08_hourly_wage,total,2026-09-08,2022,province,1100,Aceh,rupiah_per_hour,16772,Badan Pusat Statistik,webapi-var-1172-updated-2025-12-02,domain=0000;var=1172;vervar=1100;turvar=0;th=122;turth=0
bps_webapi,sdg08_hourly_wage,total,2026-09-08,2022,province,1200,Sumatera Utara,rupiah_per_hour,15131,Badan Pusat Statistik,webapi-var-1172-updated-2025-12-02,domain=0000;var=1172;vervar=1200;turvar=0;th=122;turth=0
bps_webapi,sdg08_hourly_wage,total,2026-09-08,2022,province,1300,Sumatera Barat,rupiah_per_hour,15887,Badan Pusat Statistik,webapi-var-1172-updated-2025-12-02,domain=0000;var=1172;vervar=1300;turvar=0;th=122;turth=0
bps_webapi,sdg08_hourly_wage,total,2026-09-08,2022,province,1400,Riau,rupiah_per_hour,18626,Badan Pusat Statistik,webapi-var-1172-updated-2025-12-02,domain=0000;var=1172;vervar=1400;turvar=0;th=122;turth=0
bps_webapi,sdg08_hourly_wage,total,2026-09-08,2022,province,1500,Jambi,rupiah_per_hour,16042,Badan Pusat Statistik,webapi-var-1172-updated-2025-12-02,domain=0000;var=1172;vervar=1500;turvar=0;th=122;turth=0
bps_webapi,sdg08_hourly_wage,total,2026-09-08,2022,province,1600,Sumatera Selatan,rupiah_per_hour,15978,Badan Pusat Statistik,webapi-var-1172-updated-2025-12-02,domain=0000;var=1172;vervar=1600;turvar=0;th=122;turth=0
bps_webapi,sdg08_hourly_wage,total,2026-09-08,2022,province,1700,Bengkulu,rupiah_per_hour,16501,Badan Pusat Statistik,webapi-var-1172-updated-2025-12-02,domain=0000;var=1172;vervar=1700;turvar=0;th=122;turth=0
bps_webapi,sdg08_hourly_wage,total,2026-09-08,2022,province,1800,Lampung,rupiah_per_hour,13218,Badan Pusat Statistik,webapi-var-1172-updated-2025-12-02,domain=0000;var=1172;vervar=1800;turvar=0;th=122;turth=0
bps_webapi,sdg08_hourly_wage,total,2026-09-08,2022,province,1900,Kep. Bangka Belitung,rupiah_per_hour,18132,Badan Pusat Statistik,webapi-var-1172-updated-2025-12-02,domain=0000;var=1172;vervar=1900;turvar=0;th=122;turth=0
bps_webapi,sdg08_hourly_wage,total,2026-09-08,2022,province,2100,Kep. Riau,rupiah_per_hour,23528,Badan Pusat Statistik,webapi-var-1172-updated-2025-12-02,domain=0000;var=1172;vervar=2100;turvar=0;th=122;turth=0
bps_webapi,sdg08_hourly_wage,total,2026-09-08,2022,province,3100,Dki Jakarta,rupiah_per_hour,32685,Badan Pusat Statistik,webapi-var-1172-updated-2025-12-02,domain=0000;var=1172;vervar=3100;turvar=0;th=122;turth=0
bps_webapi,sdg08_hourly_wage,total,2026-09-08,2022,province,3200,Jawa Barat,rupiah_per_hour,19038,Badan Pusat Statistik,webapi-var-1172-updated-2025-12-02,domain=0000;var=1172;vervar=3200;turvar=0;th=122;turth=0
bps_webapi,sdg08_hourly_wage,total,2026-09-08,2022,province,3300,Jawa Tengah,rupiah_per_hour,12604,Badan Pusat Statistik,webapi-var-1172-updated-2025-12-02,domain=0000;var=1172;vervar=3300;turvar=0;th=122;turth=0
bps_webapi,sdg08_hourly_wage,total,2026-09-08,2022,province,3400,Di Yogyakarta,rupiah_per_hour,14916,Badan Pusat Statistik,webapi-var-1172-updated-2025-12-02,domain=0000;var=1172;vervar=3400;turvar=0;th=122;turth=0
bps_webapi,sdg08_hourly_wage,total,2026-09-08,2022,province,3500,Jawa Timur,rupiah_per_hour,15119,Badan Pusat Statistik,webapi-var-1172-updated-2025-12-02,domain=0000;var=1172;vervar=3500;turvar=0;th=122;turth=0
bps_webapi,sdg08_hourly_wage,total,2026-09-08,2022,province,3600,Banten,rupiah_per_hour,23880,Badan Pusat Statistik,webapi-var-1172-updated-2025-12-02,domain=0000;var=1172;vervar=3600;turvar=0;th=122;turth=0
bps_webapi,sdg08_hourly_wage,total,2026-09-08,2022,province,5100,Bali,rupiah_per_hour,16857,Badan Pusat Statistik,webapi-var-1172-updated-2025-12-02,domain=0000;var=1172;vervar=5100;turvar=0;th=122;turth=0
bps_webapi,sdg08_hourly_wage,total,2026-09-08,2022,province,5200,Nusa Tenggara Barat,rupiah_per_hour,11734,Badan Pusat Statistik,webapi-var-1172-updated-2025-12-02,domain=0000;var=1172;vervar=5200;turvar=0;th=122;turth=0
bps_webapi,sdg08_hourly_wage,total,2026-09-08,2022,province,5300,Nusa Tenggara Timur,rupiah_per_hour,13012,Badan Pusat Statistik,webapi-var-1172-updated-2025-12-02,domain=0000;var=1172;vervar=5300;turvar=0;th=122;turth=0
bps_webapi,sdg08_hourly_wage,total,2026-09-08,2022,province,6100,Kalimantan Barat,rupiah_per_hour,16337,Badan Pusat Statistik,webapi-var-1172-updated-2025-12-02,domain=0000;var=1172;vervar=6100;turvar=0;th=122;turth=0
bps_webapi,sdg08_hourly_wage,total,2026-09-08,2022,province,6200,Kalimantan Tengah,rupiah_per_hour,19795,Badan Pusat Statistik,webapi-var-1172-updated-2025-12-02,domain=0000;var=1172;vervar=6200;turvar=0;th=122;turth=0
bps_webapi,sdg08_hourly_wage,total,2026-09-08,2022,province,6300,Kalimantan Selatan,rupiah_per_hour,18661,Badan Pusat Statistik,webapi-var-1172-updated-2025-12-02,domain=0000;var=1172;vervar=6300;turvar=0;th=122;turth=0
bps_webapi,sdg08_hourly_wage,total,2026-09-08,2022,province,6400,Kalimantan Timur,rupiah_per_hour,22281,Badan Pusat Statistik,webapi-var-1172-updated-2025-12-02,domain=0000;var=1172;vervar=6400;turvar=0;th=122;turth=0
bps_webapi,sdg08_hourly_wage,total,2026-09-08,2022,province,6500,Kalimantan Utara,rupiah_per_hour,20320,Badan Pusat Statistik,webapi-var-1172-updated-2025-12-02,domain=0000;var=1172;vervar=6500;turvar=0;th=122;turth=0
bps_webapi,sdg08_hourly_wage,total,2026-09-08,2022,province,7100,Sulawesi Utara,rupiah_per_hour,18335,Badan Pusat Statistik,webapi-var-1172-updated-2025-12-02,domain=0000;var=1172;vervar=7100;turvar=0;th=122;turth=0
bps_webapi,sdg08_hourly_wage,total,2026-09-08,2022,province,7200,Sulawesi Tengah,rupiah_per_hour,15890,Badan Pusat Statistik,webapi-var-1172-updated-2025-12-02,domain=0000;var=1172;vervar=7200;turvar=0;th=122;turth=0
bps_webapi,sdg08_hourly_wage,total,2026-09-08,2022,province,7300,Sulawesi Selatan,rupiah_per_hour,17257,Badan Pusat Statistik,webapi-var-1172-updated-2025-12-02,domain=0000;var=1172;vervar=7300;turvar=0;th=122;turth=0
bps_webapi,sdg08_hourly_wage,total,2026-09-08,2022,province,7400,Sulawesi Tenggara,rupiah_per_hour,17542,Badan Pusat Statistik,webapi-var-1172-updated-2025-12-02,domain=0000;var=1172;vervar=7400;turvar=0;th=122;turth=0
bps_webapi,sdg08_hourly_wage,total,2026-09-08,2022,province,7500,Gorontalo,rupiah_per_hour,14289,Badan Pusat Statistik,webapi-var-1172-updated-2025-12-02,domain=0000;var=1172;vervar=7500;turvar=0;th=122;turth=0
bps_webapi,sdg08_hourly_wage,total,2026-09-08,2022,province,7600,Sulawesi Barat,rupiah_per_hour,14774,Badan Pusat Statistik,webapi-var-1172-updated-2025-12-02,domain=0000;var=1172;vervar=7600;turvar=0;th=122;turth=0
bps_webapi,sdg08_hourly_wage,total,2026-09-08,2022,province,8100,Maluku,rupiah_per_hour,17006,Badan Pusat Statistik,webapi-var-1172-updated-2025-12-02,domain=0000;var=1172;vervar=8100;turvar=0;th=122;turth=0
bps_webapi,sdg08_hourly_wage,total,2026-09-08,2022,province,8200,Maluku Utara,rupiah_per_hour,18278,Badan Pusat Statistik,webapi-var-1172-updated-2025-12-02,domain=0000;var=1172;vervar=8200;turvar=0;th=122;turth=0
bps_webapi,sdg08_hourly_wage,total,2026-09-08,2022,province,9100,Papua Barat,rupiah_per_hour,24128,Badan Pusat Statistik,webapi-var-1172-updated-2025-12-02,domain=0000;var=1172;vervar=9100;turvar=0;th=122;turth=0
bps_webapi,sdg08_hourly_wage,total,2026-09-08,2022,province,9400,Papua,rupiah_per_hour,24097,Badan Pusat Statistik,webapi-var-1172-updated-2025-12-02,domain=0000;var=1172;vervar=9400;turvar=0;th=122;turth=0
bps_webapi,sdg08_hourly_wage,total,2026-09-08,2023,national,9999,Indonesia,rupiah_per_hour,19027,Badan Pusat Statistik,webapi-var-1172-updated-2025-12-02,domain=0000;var=1172;vervar=9999;turvar=0;th=123;turth=0
bps_webapi,sdg08_hourly_wage,total,2026-09-08,2023,province,1100,Aceh,rupiah_per_hour,17585,Badan Pusat Statistik,webapi-var-1172-updated-2025-12-02,domain=0000;var=1172;vervar=1100;turvar=0;th=123;turth=0
bps_webapi,sdg08_hourly_wage,total,2026-09-08,2023,province,1200,Sumatera Utara,rupiah_per_hour,17609,Badan Pusat Statistik,webapi-var-1172-updated-2025-12-02,domain=0000;var=1172;vervar=1200;turvar=0;th=123;turth=0
bps_webapi,sdg08_hourly_wage,total,2026-09-08,2023,province,1300,Sumatera Barat,rupiah_per_hour,16694,Badan Pusat Statistik,webapi-var-1172-updated-2025-12-02,domain=0000;var=1172;vervar=1300;turvar=0;th=123;turth=0
bps_webapi,sdg08_hourly_wage,total,2026-09-08,2023,province,1400,Riau,rupiah_per_hour,18413,Badan Pusat Statistik,webapi-var-1172-updated-2025-12-02,domain=0000;var=1172;vervar=1400;turvar=0;th=123;turth=0
bps_webapi,sdg08_hourly_wage,total,2026-09-08,2023,province,1500,Jambi,rupiah_per_hour,17596,Badan Pusat Statistik,webapi-var-1172-updated-2025-12-02,domain=0000;var=1172;vervar=1500;turvar=0;th=123;turth=0
bps_webapi,sdg08_hourly_wage,total,2026-09-08,2023,province,1600,Sumatera Selatan,rupiah_per_hour,16273,Badan Pusat Statistik,webapi-var-1172-updated-2025-12-02,domain=0000;var=1172;vervar=1600;turvar=0;th=123;turth=0
bps_webapi,sdg08_hourly_wage,total,2026-09-08,2023,province,1700,Bengkulu,rupiah_per_hour,17410,Badan Pusat Statistik,webapi-var-1172-updated-2025-12-02,domain=0000;var=1172;vervar=1700;turvar=0;th=123;turth=0
bps_webapi,sdg08_hourly_wage,total,2026-09-08,2023,province,1800,Lampung,rupiah_per_hour,13958,Badan Pusat Statistik,webapi-var-1172-updated-2025-12-02,domain=0000;var=1172;vervar=1800;turvar=0;th=123;turth=0
bps_webapi,sdg08_hourly_wage,total,2026-09-08,2023,province,1900,Kep. Bangka Belitung,rupiah_per_hour,20141,Badan Pusat Statistik,webapi-var-1172-updated-2025-12-02,domain=0000;var=1172;vervar=1900;turvar=0;th=123;turth=0
bps_webapi,sdg08_hourly_wage,total,2026-09-08,2023,province,2100,Kep. Riau,rupiah_per_hour,27640,Badan Pusat Statistik,webapi-var-1172-updated-2025-12-02,domain=0000;var=1172;vervar=2100;turvar=0;th=123;turth=0
bps_webapi,sdg08_hourly_wage,total,2026-09-08,2023,province,3100,Dki Jakarta,rupiah_per_hour,42354,Badan Pusat Statistik,webapi-var-1172-updated-2025-12-02,domain=0000;var=1172;vervar=3100;turvar=0;th=123;turth=0
bps_webapi,sdg08_hourly_wage,total,2026-09-08,2023,province,3200,Jawa Barat,rupiah_per_hour,21194,Badan Pusat Statistik,webapi-var-1172-updated-2025-12-02,domain=0000;var=1172;vervar=3200;turvar=0;th=123;turth=0
bps_webapi,sdg08_hourly_wage,total,2026-09-08,2023,province,3300,Jawa Tengah,rupiah_per_hour,13381,Badan Pusat Statistik,webapi-var-1172-updated-2025-12-02,domain=0000;var=1172;vervar=3300;turvar=0;th=123;turth=0
bps_webapi,sdg08_hourly_wage,total,2026-09-08,2023,province,3400,Di Yogyakarta,rupiah_per_hour,16478,Badan Pusat Statistik,webapi-var-1172-updated-2025-12-02,domain=0000;var=1172;vervar=3400;turvar=0;th=123;turth=0
bps_webapi,sdg08_hourly_wage,total,2026-09-08,2023,province,3500,Jawa Timur,rupiah_per_hour,15155,Badan Pusat Statistik,webapi-var-1172-updated-2025-12-02,domain=0000;var=1172;vervar=3500;turvar=0;th=123;turth=0
bps_webapi,sdg08_hourly_wage,total,2026-09-08,2023,province,3600,Banten,rupiah_per_hour,24685,Badan Pusat Statistik,webapi-var-1172-updated-2025-12-02,domain=0000;var=1172;vervar=3600;turvar=0;th=123;turth=0
bps_webapi,sdg08_hourly_wage,total,2026-09-08,2023,province,5100,Bali,rupiah_per_hour,18521,Badan Pusat Statistik,webapi-var-1172-updated-2025-12-02,domain=0000;var=1172;vervar=5100;turvar=0;th=123;turth=0
bps_webapi,sdg08_hourly_wage,total,2026-09-08,2023,province,5200,Nusa Tenggara Barat,rupiah_per_hour,12933,Badan Pusat Statistik,webapi-var-1172-updated-2025-12-02,domain=0000;var=1172;vervar=5200;turvar=0;th=123;turth=0
bps_webapi,sdg08_hourly_wage,total,2026-09-08,2023,province,5300,Nusa Tenggara Timur,rupiah_per_hour,14770,Badan Pusat Statistik,webapi-var-1172-updated-2025-12-02,domain=0000;var=1172;vervar=5300;turvar=0;th=123;turth=0
bps_webapi,sdg08_hourly_wage,total,2026-09-08,2023,province,6100,Kalimantan Barat,rupiah_per_hour,19303,Badan Pusat Statistik,webapi-var-1172-updated-2025-12-02,domain=0000;var=1172;vervar=6100;turvar=0;th=123;turth=0
bps_webapi,sdg08_hourly_wage,total,2026-09-08,2023,province,6200,Kalimantan Tengah,rupiah_per_hour,20257,Badan Pusat Statistik,webapi-var-1172-updated-2025-12-02,domain=0000;var=1172;vervar=6200;turvar=0;th=123;turth=0
bps_webapi,sdg08_hourly_wage,total,2026-09-08,2023,province,6300,Kalimantan Selatan,rupiah_per_hour,18938,Badan Pusat Statistik,webapi-var-1172-updated-2025-12-02,domain=0000;var=1172;vervar=6300;turvar=0;th=123;turth=0
bps_webapi,sdg08_hourly_wage,total,2026-09-08,2023,province,6400,Kalimantan Timur,rupiah_per_hour,22509,Badan Pusat Statistik,webapi-var-1172-updated-2025-12-02,domain=0000;var=1172;vervar=6400;turvar=0;th=123;turth=0
bps_webapi,sdg08_hourly_wage,total,2026-09-08,2023,province,6500,Kalimantan Utara,rupiah_per_hour,22366,Badan Pusat Statistik,webapi-var-1172-updated-2025-12-02,domain=0000;var=1172;vervar=6500;turvar=0;th=123;turth=0
bps_webapi,sdg08_hourly_wage,total,2026-09-08,2023,province,7100,Sulawesi Utara,rupiah_per_hour,19270,Badan Pusat Statistik,webapi-var-1172-updated-2025-12-02,domain=0000;var=1172;vervar=7100;turvar=0;th=123;turth=0
bps_webapi,sdg08_hourly_wage,total,2026-09-08,2023,province,7200,Sulawesi Tengah,rupiah_per_hour,16392,Badan Pusat Statistik,webapi-var-1172-updated-2025-12-02,domain=0000;var=1172;vervar=7200;turvar=0;th=123;turth=0
bps_webapi,sdg08_hourly_wage,total,2026-09-08,2023,province,7300,Sulawesi Selatan,rupiah_per_hour,17776,Badan Pusat Statistik,webapi-var-1172-updated-2025-12-02,domain=0000;var=1172;vervar=7300;turvar=0;th=123;turth=0
bps_webapi,sdg08_hourly_wage,total,2026-09-08,2023,province,7400,Sulawesi Tenggara,rupiah_per_hour,18884,Badan Pusat Statistik,webapi-var-1172-updated-2025-12-02,domain=0000;var=1172;vervar=7400;turvar=0;th=123;turth=0
bps_webapi,sdg08_hourly_wage,total,2026-09-08,2023,province,7500,Gorontalo,rupiah_per_hour,15138,Badan Pusat Statistik,webapi-var-1172-updated-2025-12-02,domain=0000;var=1172;vervar=7500;turvar=0;th=123;turth=0
bps_webapi,sdg08_hourly_wage,total,2026-09-08,2023,province,7600,Sulawesi Barat,rupiah_per_hour,16387,Badan Pusat Statistik,webapi-var-1172-updated-2025-12-02,domain=0000;var=1172;vervar=7600;turvar=0;th=123;turth=0
bps_webapi,sdg08_hourly_wage,total,2026-09-08,2023,province,8100,Maluku,rupiah_per_hour,17156,Badan Pusat Statistik,webapi-var-1172-updated-2025-12-02,domain=0000;var=1172;vervar=8100;turvar=0;th=123;turth=0
bps_webapi,sdg08_hourly_wage,total,2026-09-08,2023,province,8200,Maluku Utara,rupiah_per_hour,27078,Badan Pusat Statistik,webapi-var-1172-updated-2025-12-02,domain=0000;var=1172;vervar=8200;turvar=0;th=123;turth=0
bps_webapi,sdg08_hourly_wage,total,2026-09-08,2023,province,9100,Papua Barat,rupiah_per_hour,25695,Badan Pusat Statistik,webapi-var-1172-updated-2025-12-02,domain=0000;var=1172;vervar=9100;turvar=0;th=123;turth=0
bps_webapi,sdg08_hourly_wage,total,2026-09-08,2023,province,9400,Papua,rupiah_per_hour,28570,Badan Pusat Statistik,webapi-var-1172-updated-2025-12-02,domain=0000;var=1172;vervar=9400;turvar=0;th=123;turth=0
bps_webapi,sdg08_informal_employment,total,2026-09-08,2020,national,9999,Indonesia,percent,60.47,Badan Pusat Statistik,webapi-var-2153-updated-2026-07-07,domain=0000;var=2153;vervar=9999;turvar=0;th=120;turth=0
bps_webapi,sdg08_informal_employment,total,2026-09-08,2020,province,1100,Aceh,percent,61.88,Badan Pusat Statistik,webapi-var-2153-updated-2026-07-07,domain=0000;var=2153;vervar=1100;turvar=0;th=120;turth=0
bps_webapi,sdg08_informal_employment,total,2026-09-08,2020,province,1200,Sumatera Utara,percent,59.62,Badan Pusat Statistik,webapi-var-2153-updated-2026-07-07,domain=0000;var=2153;vervar=1200;turvar=0;th=120;turth=0
bps_webapi,sdg08_informal_employment,total,2026-09-08,2020,province,1300,Sumatera Barat,percent,66.28,Badan Pusat Statistik,webapi-var-2153-updated-2026-07-07,domain=0000;var=2153;vervar=1300;turvar=0;th=120;turth=0
bps_webapi,sdg08_informal_employment,total,2026-09-08,2020,province,1400,Riau,percent,55.97,Badan Pusat Statistik,webapi-var-2153-updated-2026-07-07,domain=0000;var=2153;vervar=1400;turvar=0;th=120;turth=0
bps_webapi,sdg08_informal_employment,total,2026-09-08,2020,province,1500,Jambi,percent,62.74,Badan Pusat Statistik,webapi-var-2153-updated-2026-07-07,domain=0000;var=2153;vervar=1500;turvar=0;th=120;turth=0
bps_webapi,sdg08_informal_employment,total,2026-09-08,2020,province,1600,Sumatera Selatan,percent,65.26,Badan Pusat Statistik,webapi-var-2153-updated-2026-07-07,domain=0000;var=2153;vervar=1600;turvar=0;th=120;turth=0
bps_webapi,sdg08_informal_employment,total,2026-09-08,2020,province,1700,Bengkulu,percent,69.23,Badan Pusat Statistik,webapi-var-2153-updated-2026-07-07,domain=0000;var=2153;vervar=1700;turvar=0;th=120;turth=0
bps_webapi,sdg08_informal_employment,total,2026-09-08,2020,province,1800,Lampung,percent,72.26,Badan Pusat Statistik,webapi-var-2153-updated-2026-07-07,domain=0000;var=2153;vervar=1800;turvar=0;th=120;turth=0
bps_webapi,sdg08_informal_employment,total,2026-09-08,2020,province,1900,Kep. Bangka Belitung,percent,52.93,Badan Pusat Statistik,webapi-var-2153-updated-2026-07-07,domain=0000;var=2153;vervar=1900;turvar=0;th=120;turth=0
bps_webapi,sdg08_informal_employment,total,2026-09-08,2020,province,2100,Kep. Riau,percent,35.41,Badan Pusat Statistik,webapi-var-2153-updated-2026-07-07,domain=0000;var=2153;vervar=2100;turvar=0;th=120;turth=0
bps_webapi,sdg08_informal_employment,total,2026-09-08,2020,province,3100,Dki Jakarta,percent,38.22,Badan Pusat Statistik,webapi-var-2153-updated-2026-07-07,domain=0000;var=2153;vervar=3100;turvar=0;th=120;turth=0
bps_webapi,sdg08_informal_employment,total,2026-09-08,2020,province,3200,Jawa Barat,percent,55.59,Badan Pusat Statistik,webapi-var-2153-updated-2026-07-07,domain=0000;var=2153;vervar=3200;turvar=0;th=120;turth=0
bps_webapi,sdg08_informal_employment,total,2026-09-08,2020,province,3300,Jawa Tengah,percent,62.75,Badan Pusat Statistik,webapi-var-2153-updated-2026-07-07,domain=0000;var=2153;vervar=3300;turvar=0;th=120;turth=0
bps_webapi,sdg08_informal_employment,total,2026-09-08,2020,province,3400,Di Yogyakarta,percent,57.41,Badan Pusat Statistik,webapi-var-2153-updated-2026-07-07,domain=0000;var=2153;vervar=3400;turvar=0;th=120;turth=0
bps_webapi,sdg08_informal_employment,total,2026-09-08,2020,province,3500,Jawa Timur,percent,63.64,Badan Pusat Statistik,webapi-var-2153-updated-2026-07-07,domain=0000;var=2153;vervar=3500;turvar=0;th=120;turth=0
bps_webapi,sdg08_informal_employment,total,2026-09-08,2020,province,3600,Banten,percent,49.17,Badan Pusat Statistik,webapi-var-2153-updated-2026-07-07,domain=0000;var=2153;vervar=3600;turvar=0;th=120;turth=0
bps_webapi,sdg08_informal_employment,total,2026-09-08,2020,province,5100,Bali,percent,56.69,Badan Pusat Statistik,webapi-var-2153-updated-2026-07-07,domain=0000;var=2153;vervar=5100;turvar=0;th=120;turth=0
bps_webapi,sdg08_informal_employment,total,2026-09-08,2020,province,5200,Nusa Tenggara Barat,percent,73.47,Badan Pusat Statistik,webapi-var-2153-updated-2026-07-07,domain=0000;var=2153;vervar=5200;turvar=0;th=120;turth=0
bps_webapi,sdg08_informal_employment,total,2026-09-08,2020,province,5300,Nusa Tenggara Timur,percent,76.1,Badan Pusat Statistik,webapi-var-2153-updated-2026-07-07,domain=0000;var=2153;vervar=5300;turvar=0;th=120;turth=0
bps_webapi,sdg08_informal_employment,total,2026-09-08,2020,province,6100,Kalimantan Barat,percent,63.01,Badan Pusat Statistik,webapi-var-2153-updated-2026-07-07,domain=0000;var=2153;vervar=6100;turvar=0;th=120;turth=0
bps_webapi,sdg08_informal_employment,total,2026-09-08,2020,province,6200,Kalimantan Tengah,percent,55.8,Badan Pusat Statistik,webapi-var-2153-updated-2026-07-07,domain=0000;var=2153;vervar=6200;turvar=0;th=120;turth=0
bps_webapi,sdg08_informal_employment,total,2026-09-08,2020,province,6300,Kalimantan Selatan,percent,60.82,Badan Pusat Statistik,webapi-var-2153-updated-2026-07-07,domain=0000;var=2153;vervar=6300;turvar=0;th=120;turth=0
bps_webapi,sdg08_informal_employment,total,2026-09-08,2020,province,6400,Kalimantan Timur,percent,47.14,Badan Pusat Statistik,webapi-var-2153-updated-2026-07-07,domain=0000;var=2153;vervar=6400;turvar=0;th=120;turth=0
bps_webapi,sdg08_informal_employment,total,2026-09-08,2020,province,6500,Kalimantan Utara,percent,50.93,Badan Pusat Statistik,webapi-var-2153-updated-2026-07-07,domain=0000;var=2153;vervar=6500;turvar=0;th=120;turth=0
bps_webapi,sdg08_informal_employment,total,2026-09-08,2020,province,7100,Sulawesi Utara,percent,60.46,Badan Pusat Statistik,webapi-var-2153-updated-2026-07-07,domain=0000;var=2153;vervar=7100;turvar=0;th=120;turth=0
bps_webapi,sdg08_informal_employment,total,2026-09-08,2020,province,7200,Sulawesi Tengah,percent,67.37,Badan Pusat Statistik,webapi-var-2153-updated-2026-07-07,domain=0000;var=2153;vervar=7200;turvar=0;th=120;turth=0
bps_webapi,sdg08_informal_employment,total,2026-09-08,2020,province,7300,Sulawesi Selatan,percent,64.22,Badan Pusat Statistik,webapi-var-2153-updated-2026-07-07,domain=0000;var=2153;vervar=7300;turvar=0;th=120;turth=0
bps_webapi,sdg08_informal_employment,total,2026-09-08,2020,province,7400,Sulawesi Tenggara,percent,64.59,Badan Pusat Statistik,webapi-var-2153-updated-2026-07-07,domain=0000;var=2153;vervar=7400;turvar=0;th=120;turth=0
bps_webapi,sdg08_informal_employment,total,2026-09-08,2020,province,7500,Gorontalo,percent,62.12,Badan Pusat Statistik,webapi-var-2153-updated-2026-07-07,domain=0000;var=2153;vervar=7500;turvar=0;th=120;turth=0
bps_webapi,sdg08_informal_employment,total,2026-09-08,2020,province,7600,Sulawesi Barat,percent,72.63,Badan Pusat Statistik,webapi-var-2153-updated-2026-07-07,domain=0000;var=2153;vervar=7600;turvar=0;th=120;turth=0
bps_webapi,sdg08_informal_employment,total,2026-09-08,2020,province,8100,Maluku,percent,66.56,Badan Pusat Statistik,webapi-var-2153-updated-2026-07-07,domain=0000;var=2153;vervar=8100;turvar=0;th=120;turth=0
bps_webapi,sdg08_informal_employment,total,2026-09-08,2020,province,8200,Maluku Utara,percent,66.13,Badan Pusat Statistik,webapi-var-2153-updated-2026-07-07,domain=0000;var=2153;vervar=8200;turvar=0;th=120;turth=0
bps_webapi,sdg08_informal_employment,total,2026-09-08,2020,province,9100,Papua Barat,percent,57.98,Badan Pusat Statistik,webapi-var-2153-updated-2026-07-07,domain=0000;var=2153;vervar=9100;turvar=0;th=120;turth=0
bps_webapi,sdg08_informal_employment,total,2026-09-08,2020,province,9400,Papua,percent,79.92,Badan Pusat Statistik,webapi-var-2153-updated-2026-07-07,domain=0000;var=2153;vervar=9400;turvar=0;th=120;turth=0
bps_webapi,sdg08_informal_employment,total,2026-09-08,2021,national,9999,Indonesia,percent,59.45,Badan Pusat Statistik,webapi-var-2153-updated-2026-07-07,domain=0000;var=2153;vervar=9999;turvar=0;th=121;turth=0
bps_webapi,sdg08_informal_employment,total,2026-09-08,2021,province,1100,Aceh,percent,60.69,Badan Pusat Statistik,webapi-var-2153-updated-2026-07-07,domain=0000;var=2153;vervar=1100;turvar=0;th=121;turth=0
bps_webapi,sdg08_informal_employment,total,2026-09-08,2021,province,1200,Sumatera Utara,percent,59.33,Badan Pusat Statistik,webapi-var-2153-updated-2026-07-07,domain=0000;var=2153;vervar=1200;turvar=0;th=121;turth=0
bps_webapi,sdg08_informal_employment,total,2026-09-08,2021,province,1300,Sumatera Barat,percent,64.77,Badan Pusat Statistik,webapi-var-2153-updated-2026-07-07,domain=0000;var=2153;vervar=1300;turvar=0;th=121;turth=0
bps_webapi,sdg08_informal_employment,total,2026-09-08,2021,province,1400,Riau,percent,54.57,Badan Pusat Statistik,webapi-var-2153-updated-2026-07-07,domain=0000;var=2153;vervar=1400;turvar=0;th=121;turth=0
bps_webapi,sdg08_informal_employment,total,2026-09-08,2021,province,1500,Jambi,percent,62.01,Badan Pusat Statistik,webapi-var-2153-updated-2026-07-07,domain=0000;var=2153;vervar=1500;turvar=0;th=121;turth=0
bps_webapi,sdg08_informal_employment,total,2026-09-08,2021,province,1600,Sumatera Selatan,percent,64.16,Badan Pusat Statistik,webapi-var-2153-updated-2026-07-07,domain=0000;var=2153;vervar=1600;turvar=0;th=121;turth=0
bps_webapi,sdg08_informal_employment,total,2026-09-08,2021,province,1700,Bengkulu,percent,68.16,Badan Pusat Statistik,webapi-var-2153-updated-2026-07-07,domain=0000;var=2153;vervar=1700;turvar=0;th=121;turth=0
bps_webapi,sdg08_informal_employment,total,2026-09-08,2021,province,1800,Lampung,percent,71.31,Badan Pusat Statistik,webapi-var-2153-updated-2026-07-07,domain=0000;var=2153;vervar=1800;turvar=0;th=121;turth=0
bps_webapi,sdg08_informal_employment,total,2026-09-08,2021,province,1900,Kep. Bangka Belitung,percent,50.93,Badan Pusat Statistik,webapi-var-2153-updated-2026-07-07,domain=0000;var=2153;vervar=1900;turvar=0;th=121;turth=0
bps_webapi,sdg08_informal_employment,total,2026-09-08,2021,province,2100,Kep. Riau,percent,35.2,Badan Pusat Statistik,webapi-var-2153-updated-2026-07-07,domain=0000;var=2153;vervar=2100;turvar=0;th=121;turth=0
bps_webapi,sdg08_informal_employment,total,2026-09-08,2021,province,3100,Dki Jakarta,percent,38.26,Badan Pusat Statistik,webapi-var-2153-updated-2026-07-07,domain=0000;var=2153;vervar=3100;turvar=0;th=121;turth=0
bps_webapi,sdg08_informal_employment,total,2026-09-08,2021,province,3200,Jawa Barat,percent,54.61,Badan Pusat Statistik,webapi-var-2153-updated-2026-07-07,domain=0000;var=2153;vervar=3200;turvar=0;th=121;turth=0
bps_webapi,sdg08_informal_employment,total,2026-09-08,2021,province,3300,Jawa Tengah,percent,60.38,Badan Pusat Statistik,webapi-var-2153-updated-2026-07-07,domain=0000;var=2153;vervar=3300;turvar=0;th=121;turth=0
bps_webapi,sdg08_informal_employment,total,2026-09-08,2021,province,3400,Di Yogyakarta,percent,55.36,Badan Pusat Statistik,webapi-var-2153-updated-2026-07-07,domain=0000;var=2153;vervar=3400;turvar=0;th=121;turth=0
bps_webapi,sdg08_informal_employment,total,2026-09-08,2021,province,3500,Jawa Timur,percent,62.64,Badan Pusat Statistik,webapi-var-2153-updated-2026-07-07,domain=0000;var=2153;vervar=3500;turvar=0;th=121;turth=0
bps_webapi,sdg08_informal_employment,total,2026-09-08,2021,province,3600,Banten,percent,48.87,Badan Pusat Statistik,webapi-var-2153-updated-2026-07-07,domain=0000;var=2153;vervar=3600;turvar=0;th=121;turth=0
bps_webapi,sdg08_informal_employment,total,2026-09-08,2021,province,5100,Bali,percent,57.1,Badan Pusat Statistik,webapi-var-2153-updated-2026-07-07,domain=0000;var=2153;vervar=5100;turvar=0;th=121;turth=0
bps_webapi,sdg08_informal_employment,total,2026-09-08,2021,province,5200,Nusa Tenggara Barat,percent,73.89,Badan Pusat Statistik,webapi-var-2153-updated-2026-07-07,domain=0000;var=2153;vervar=5200;turvar=0;th=121;turth=0
bps_webapi,sdg08_informal_employment,total,2026-09-08,2021,province,5300,Nusa Tenggara Timur,percent,75.97,Badan Pusat Statistik,webapi-var-2153-updated-2026-07-07,domain=0000;var=2153;vervar=5300;turvar=0;th=121;turth=0
bps_webapi,sdg08_informal_employment,total,2026-09-08,2021,province,6100,Kalimantan Barat,percent,60.87,Badan Pusat Statistik,webapi-var-2153-updated-2026-07-07,domain=0000;var=2153;vervar=6100;turvar=0;th=121;turth=0
bps_webapi,sdg08_informal_employment,total,2026-09-08,2021,province,6200,Kalimantan Tengah,percent,55.5,Badan Pusat Statistik,webapi-var-2153-updated-2026-07-07,domain=0000;var=2153;vervar=6200;turvar=0;th=121;turth=0
bps_webapi,sdg08_informal_employment,total,2026-09-08,2021,province,6300,Kalimantan Selatan,percent,59.63,Badan Pusat Statistik,webapi-var-2153-updated-2026-07-07,domain=0000;var=2153;vervar=6300;turvar=0;th=121;turth=0
bps_webapi,sdg08_informal_employment,total,2026-09-08,2021,province,6400,Kalimantan Timur,percent,46.49,Badan Pusat Statistik,webapi-var-2153-updated-2026-07-07,domain=0000;var=2153;vervar=6400;turvar=0;th=121;turth=0
bps_webapi,sdg08_informal_employment,total,2026-09-08,2021,province,6500,Kalimantan Utara,percent,50.74,Badan Pusat Statistik,webapi-var-2153-updated-2026-07-07,domain=0000;var=2153;vervar=6500;turvar=0;th=121;turth=0
bps_webapi,sdg08_informal_employment,total,2026-09-08,2021,province,7100,Sulawesi Utara,percent,60.7,Badan Pusat Statistik,webapi-var-2153-updated-2026-07-07,domain=0000;var=2153;vervar=7100;turvar=0;th=121;turth=0
bps_webapi,sdg08_informal_employment,total,2026-09-08,2021,province,7200,Sulawesi Tengah,percent,67.32,Badan Pusat Statistik,webapi-var-2153-updated-2026-07-07,domain=0000;var=2153;vervar=7200;turvar=0;th=121;turth=0
bps_webapi,sdg08_informal_employment,total,2026-09-08,2021,province,7300,Sulawesi Selatan,percent,63.24,Badan Pusat Statistik,webapi-var-2153-updated-2026-07-07,domain=0000;var=2153;vervar=7300;turvar=0;th=121;turth=0
bps_webapi,sdg08_informal_employment,total,2026-09-08,2021,province,7400,Sulawesi Tenggara,percent,62.81,Badan Pusat Statistik,webapi-var-2153-updated-2026-07-07,domain=0000;var=2153;vervar=7400;turvar=0;th=121;turth=0
bps_webapi,sdg08_informal_employment,total,2026-09-08,2021,province,7500,Gorontalo,percent,62.39,Badan Pusat Statistik,webapi-var-2153-updated-2026-07-07,domain=0000;var=2153;vervar=7500;turvar=0;th=121;turth=0
bps_webapi,sdg08_informal_employment,total,2026-09-08,2021,province,7600,Sulawesi Barat,percent,72.8,Badan Pusat Statistik,webapi-var-2153-updated-2026-07-07,domain=0000;var=2153;vervar=7600;turvar=0;th=121;turth=0
bps_webapi,sdg08_informal_employment,total,2026-09-08,2021,province,8100,Maluku,percent,64.41,Badan Pusat Statistik,webapi-var-2153-updated-2026-07-07,domain=0000;var=2153;vervar=8100;turvar=0;th=121;turth=0
bps_webapi,sdg08_informal_employment,total,2026-09-08,2021,province,8200,Maluku Utara,percent,63.56,Badan Pusat Statistik,webapi-var-2153-updated-2026-07-07,domain=0000;var=2153;vervar=8200;turvar=0;th=121;turth=0
bps_webapi,sdg08_informal_employment,total,2026-09-08,2021,province,9100,Papua Barat,percent,57.92,Badan Pusat Statistik,webapi-var-2153-updated-2026-07-07,domain=0000;var=2153;vervar=9100;turvar=0;th=121;turth=0
bps_webapi,sdg08_informal_employment,total,2026-09-08,2021,province,9400,Papua,percent,80.47,Badan Pusat Statistik,webapi-var-2153-updated-2026-07-07,domain=0000;var=2153;vervar=9400;turvar=0;th=121;turth=0
bps_webapi,sdg08_informal_employment,total,2026-09-08,2022,national,9999,Indonesia,percent,59.31,Badan Pusat Statistik,webapi-var-2153-updated-2026-07-07,domain=0000;var=2153;vervar=9999;turvar=0;th=122;turth=0
bps_webapi,sdg08_informal_employment,total,2026-09-08,2022,province,1100,Aceh,percent,61.45,Badan Pusat Statistik,webapi-var-2153-updated-2026-07-07,domain=0000;var=2153;vervar=1100;turvar=0;th=122;turth=0
bps_webapi,sdg08_informal_employment,total,2026-09-08,2022,province,1200,Sumatera Utara,percent,59.07,Badan Pusat Statistik,webapi-var-2153-updated-2026-07-07,domain=0000;var=2153;vervar=1200;turvar=0;th=122;turth=0
bps_webapi,sdg08_informal_employment,total,2026-09-08,2022,province,1300,Sumatera Barat,percent,65.26,Badan Pusat Statistik,webapi-var-2153-updated-2026-07-07,domain=0000;var=2153;vervar=1300;turvar=0;th=122;turth=0
bps_webapi,sdg08_informal_employment,total,2026-09-08,2022,province,1400,Riau,percent,54.02,Badan Pusat Statistik,webapi-var-2153-updated-2026-07-07,domain=0000;var=2153;vervar=1400;turvar=0;th=122;turth=0
bps_webapi,sdg08_informal_employment,total,2026-09-08,2022,province,1500,Jambi,percent,59.98,Badan Pusat Statistik,webapi-var-2153-updated-2026-07-07,domain=0000;var=2153;vervar=1500;turvar=0;th=122;turth=0
bps_webapi,sdg08_informal_employment,total,2026-09-08,2022,province,1600,Sumatera Selatan,percent,63.28,Badan Pusat Statistik,webapi-var-2153-updated-2026-07-07,domain=0000;var=2153;vervar=1600;turvar=0;th=122;turth=0
bps_webapi,sdg08_informal_employment,total,2026-09-08,2022,province,1700,Bengkulu,percent,67.54,Badan Pusat Statistik,webapi-var-2153-updated-2026-07-07,domain=0000;var=2153;vervar=1700;turvar=0;th=122;turth=0
bps_webapi,sdg08_informal_employment,total,2026-09-08,2022,province,1800,Lampung,percent,71.51,Badan Pusat Statistik,webapi-var-2153-updated-2026-07-07,domain=0000;var=2153;vervar=1800;turvar=0;th=122;turth=0
bps_webapi,sdg08_informal_employment,total,2026-09-08,2022,province,1900,Kep. Bangka Belitung,percent,49.63,Badan Pusat Statistik,webapi-var-2153-updated-2026-07-07,domain=0000;var=2153;vervar=1900;turvar=0;th=122;turth=0
bps_webapi,sdg08_informal_employment,total,2026-09-08,2022,province,2100,Kep. Riau,percent,36.32,Badan Pusat Statistik,webapi-var-2153-updated-2026-07-07,domain=0000;var=2153;vervar=2100;turvar=0;th=122;turth=0
bps_webapi,sdg08_informal_employment,total,2026-09-08,2022,province,3100,Dki Jakarta,percent,36.88,Badan Pusat Statistik,webapi-var-2153-updated-2026-07-07,domain=0000;var=2153;vervar=3100;turvar=0;th=122;turth=0
bps_webapi,sdg08_informal_employment,total,2026-09-08,2022,province,3200,Jawa Barat,percent,54.61,Badan Pusat Statistik,webapi-var-2153-updated-2026-07-07,domain=0000;var=2153;vervar=3200;turvar=0;th=122;turth=0
bps_webapi,sdg08_informal_employment,total,2026-09-08,2022,province,3300,Jawa Tengah,percent,60.16,Badan Pusat Statistik,webapi-var-2153-updated-2026-07-07,domain=0000;var=2153;vervar=3300;turvar=0;th=122;turth=0
bps_webapi,sdg08_informal_employment,total,2026-09-08,2022,province,3400,Di Yogyakarta,percent,53.38,Badan Pusat Statistik,webapi-var-2153-updated-2026-07-07,domain=0000;var=2153;vervar=3400;turvar=0;th=122;turth=0
bps_webapi,sdg08_informal_employment,total,2026-09-08,2022,province,3500,Jawa Timur,percent,63.86,Badan Pusat Statistik,webapi-var-2153-updated-2026-07-07,domain=0000;var=2153;vervar=3500;turvar=0;th=122;turth=0
bps_webapi,sdg08_informal_employment,total,2026-09-08,2022,province,3600,Banten,percent,47.96,Badan Pusat Statistik,webapi-var-2153-updated-2026-07-07,domain=0000;var=2153;vervar=3600;turvar=0;th=122;turth=0
bps_webapi,sdg08_informal_employment,total,2026-09-08,2022,province,5100,Bali,percent,53.43,Badan Pusat Statistik,webapi-var-2153-updated-2026-07-07,domain=0000;var=2153;vervar=5100;turvar=0;th=122;turth=0
bps_webapi,sdg08_informal_employment,total,2026-09-08,2022,province,5200,Nusa Tenggara Barat,percent,75.36,Badan Pusat Statistik,webapi-var-2153-updated-2026-07-07,domain=0000;var=2153;vervar=5200;turvar=0;th=122;turth=0
bps_webapi,sdg08_informal_employment,total,2026-09-08,2022,province,5300,Nusa Tenggara Timur,percent,75.24,Badan Pusat Statistik,webapi-var-2153-updated-2026-07-07,domain=0000;var=2153;vervar=5300;turvar=0;th=122;turth=0
bps_webapi,sdg08_informal_employment,total,2026-09-08,2022,province,6100,Kalimantan Barat,percent,58.77,Badan Pusat Statistik,webapi-var-2153-updated-2026-07-07,domain=0000;var=2153;vervar=6100;turvar=0;th=122;turth=0
bps_webapi,sdg08_informal_employment,total,2026-09-08,2022,province,6200,Kalimantan Tengah,percent,51.5,Badan Pusat Statistik,webapi-var-2153-updated-2026-07-07,domain=0000;var=2153;vervar=6200;turvar=0;th=122;turth=0
bps_webapi,sdg08_informal_employment,total,2026-09-08,2022,province,6300,Kalimantan Selatan,percent,57.3,Badan Pusat Statistik,webapi-var-2153-updated-2026-07-07,domain=0000;var=2153;vervar=6300;turvar=0;th=122;turth=0
bps_webapi,sdg08_informal_employment,total,2026-09-08,2022,province,6400,Kalimantan Timur,percent,44.26,Badan Pusat Statistik,webapi-var-2153-updated-2026-07-07,domain=0000;var=2153;vervar=6400;turvar=0;th=122;turth=0
bps_webapi,sdg08_informal_employment,total,2026-09-08,2022,province,6500,Kalimantan Utara,percent,49,Badan Pusat Statistik,webapi-var-2153-updated-2026-07-07,domain=0000;var=2153;vervar=6500;turvar=0;th=122;turth=0
bps_webapi,sdg08_informal_employment,total,2026-09-08,2022,province,7100,Sulawesi Utara,percent,59.15,Badan Pusat Statistik,webapi-var-2153-updated-2026-07-07,domain=0000;var=2153;vervar=7100;turvar=0;th=122;turth=0
bps_webapi,sdg08_informal_employment,total,2026-09-08,2022,province,7200,Sulawesi Tengah,percent,67.87,Badan Pusat Statistik,webapi-var-2153-updated-2026-07-07,domain=0000;var=2153;vervar=7200;turvar=0;th=122;turth=0
bps_webapi,sdg08_informal_employment,total,2026-09-08,2022,province,7300,Sulawesi Selatan,percent,63.55,Badan Pusat Statistik,webapi-var-2153-updated-2026-07-07,domain=0000;var=2153;vervar=7300;turvar=0;th=122;turth=0
bps_webapi,sdg08_informal_employment,total,2026-09-08,2022,province,7400,Sulawesi Tenggara,percent,62.39,Badan Pusat Statistik,webapi-var-2153-updated-2026-07-07,domain=0000;var=2153;vervar=7400;turvar=0;th=122;turth=0
bps_webapi,sdg08_informal_employment,total,2026-09-08,2022,province,7500,Gorontalo,percent,64.97,Badan Pusat Statistik,webapi-var-2153-updated-2026-07-07,domain=0000;var=2153;vervar=7500;turvar=0;th=122;turth=0
bps_webapi,sdg08_informal_employment,total,2026-09-08,2022,province,7600,Sulawesi Barat,percent,77.25,Badan Pusat Statistik,webapi-var-2153-updated-2026-07-07,domain=0000;var=2153;vervar=7600;turvar=0;th=122;turth=0
bps_webapi,sdg08_informal_employment,total,2026-09-08,2022,province,8100,Maluku,percent,63.3,Badan Pusat Statistik,webapi-var-2153-updated-2026-07-07,domain=0000;var=2153;vervar=8100;turvar=0;th=122;turth=0
bps_webapi,sdg08_informal_employment,total,2026-09-08,2022,province,8200,Maluku Utara,percent,65.63,Badan Pusat Statistik,webapi-var-2153-updated-2026-07-07,domain=0000;var=2153;vervar=8200;turvar=0;th=122;turth=0
bps_webapi,sdg08_informal_employment,total,2026-09-08,2022,province,9100,Papua Barat,percent,60.28,Badan Pusat Statistik,webapi-var-2153-updated-2026-07-07,domain=0000;var=2153;vervar=9100;turvar=0;th=122;turth=0
bps_webapi,sdg08_informal_employment,total,2026-09-08,2022,province,9400,Papua,percent,84.11,Badan Pusat Statistik,webapi-var-2153-updated-2026-07-07,domain=0000;var=2153;vervar=9400;turvar=0;th=122;turth=0
bps_webapi,sdg08_informal_employment,total,2026-09-08,2023,national,9999,Indonesia,percent,59.11,Badan Pusat Statistik,webapi-var-2153-updated-2026-07-07,domain=0000;var=2153;vervar=9999;turvar=0;th=123;turth=0
bps_webapi,sdg08_informal_employment,total,2026-09-08,2023,province,1100,Aceh,percent,59.86,Badan Pusat Statistik,webapi-var-2153-updated-2026-07-07,domain=0000;var=2153;vervar=1100;turvar=0;th=123;turth=0
bps_webapi,sdg08_informal_employment,total,2026-09-08,2023,province,1200,Sumatera Utara,percent,58.52,Badan Pusat Statistik,webapi-var-2153-updated-2026-07-07,domain=0000;var=2153;vervar=1200;turvar=0;th=123;turth=0
bps_webapi,sdg08_informal_employment,total,2026-09-08,2023,province,1300,Sumatera Barat,percent,64.19,Badan Pusat Statistik,webapi-var-2153-updated-2026-07-07,domain=0000;var=2153;vervar=1300;turvar=0;th=123;turth=0
bps_webapi,sdg08_informal_employment,total,2026-09-08,2023,province,1400,Riau,percent,52.13,Badan Pusat Statistik,webapi-var-2153-updated-2026-07-07,domain=0000;var=2153;vervar=1400;turvar=0;th=123;turth=0
bps_webapi,sdg08_informal_employment,total,2026-09-08,2023,province,1500,Jambi,percent,59.73,Badan Pusat Statistik,webapi-var-2153-updated-2026-07-07,domain=0000;var=2153;vervar=1500;turvar=0;th=123;turth=0
bps_webapi,sdg08_informal_employment,total,2026-09-08,2023,province,1600,Sumatera Selatan,percent,62.97,Badan Pusat Statistik,webapi-var-2153-updated-2026-07-07,domain=0000;var=2153;vervar=1600;turvar=0;th=123;turth=0
bps_webapi,sdg08_informal_employment,total,2026-09-08,2023,province,1700,Bengkulu,percent,67.77,Badan Pusat Statistik,webapi-var-2153-updated-2026-07-07,domain=0000;var=2153;vervar=1700;turvar=0;th=123;turth=0
bps_webapi,sdg08_informal_employment,total,2026-09-08,2023,province,1800,Lampung,percent,70.67,Badan Pusat Statistik,webapi-var-2153-updated-2026-07-07,domain=0000;var=2153;vervar=1800;turvar=0;th=123;turth=0
bps_webapi,sdg08_informal_employment,total,2026-09-08,2023,province,1900,Kep. Bangka Belitung,percent,51.07,Badan Pusat Statistik,webapi-var-2153-updated-2026-07-07,domain=0000;var=2153;vervar=1900;turvar=0;th=123;turth=0
bps_webapi,sdg08_informal_employment,total,2026-09-08,2023,province,2100,Kep. Riau,percent,33.67,Badan Pusat Statistik,webapi-var-2153-updated-2026-07-07,domain=0000;var=2153;vervar=2100;turvar=0;th=123;turth=0
bps_webapi,sdg08_informal_employment,total,2026-09-08,2023,province,3100,Dki Jakarta,percent,36.23,Badan Pusat Statistik,webapi-var-2153-updated-2026-07-07,domain=0000;var=2153;vervar=3100;turvar=0;th=123;turth=0
bps_webapi,sdg08_informal_employment,total,2026-09-08,2023,province,3200,Jawa Barat,percent,55.15,Badan Pusat Statistik,webapi-var-2153-updated-2026-07-07,domain=0000;var=2153;vervar=3200;turvar=0;th=123;turth=0
bps_webapi,sdg08_informal_employment,total,2026-09-08,2023,province,3300,Jawa Tengah,percent,60.39,Badan Pusat Statistik,webapi-var-2153-updated-2026-07-07,domain=0000;var=2153;vervar=3300;turvar=0;th=123;turth=0
bps_webapi,sdg08_informal_employment,total,2026-09-08,2023,province,3400,Di Yogyakarta,percent,53.78,Badan Pusat Statistik,webapi-var-2153-updated-2026-07-07,domain=0000;var=2153;vervar=3400;turvar=0;th=123;turth=0
bps_webapi,sdg08_informal_employment,total,2026-09-08,2023,province,3500,Jawa Timur,percent,63.11,Badan Pusat Statistik,webapi-var-2153-updated-2026-07-07,domain=0000;var=2153;vervar=3500;turvar=0;th=123;turth=0
bps_webapi,sdg08_informal_employment,total,2026-09-08,2023,province,3600,Banten,percent,46.31,Badan Pusat Statistik,webapi-var-2153-updated-2026-07-07,domain=0000;var=2153;vervar=3600;turvar=0;th=123;turth=0
bps_webapi,sdg08_informal_employment,total,2026-09-08,2023,province,5100,Bali,percent,52.35,Badan Pusat Statistik,webapi-var-2153-updated-2026-07-07,domain=0000;var=2153;vervar=5100;turvar=0;th=123;turth=0
bps_webapi,sdg08_informal_employment,total,2026-09-08,2023,province,5200,Nusa Tenggara Barat,percent,72.3,Badan Pusat Statistik,webapi-var-2153-updated-2026-07-07,domain=0000;var=2153;vervar=5200;turvar=0;th=123;turth=0
bps_webapi,sdg08_informal_employment,total,2026-09-08,2023,province,5300,Nusa Tenggara Timur,percent,74.51,Badan Pusat Statistik,webapi-var-2153-updated-2026-07-07,domain=0000;var=2153;vervar=5300;turvar=0;th=123;turth=0
bps_webapi,sdg08_informal_employment,total,2026-09-08,2023,province,6100,Kalimantan Barat,percent,59.69,Badan Pusat Statistik,webapi-var-2153-updated-2026-07-07,domain=0000;var=2153;vervar=6100;turvar=0;th=123;turth=0
bps_webapi,sdg08_informal_employment,total,2026-09-08,2023,province,6200,Kalimantan Tengah,percent,51.86,Badan Pusat Statistik,webapi-var-2153-updated-2026-07-07,domain=0000;var=2153;vervar=6200;turvar=0;th=123;turth=0
bps_webapi,sdg08_informal_employment,total,2026-09-08,2023,province,6300,Kalimantan Selatan,percent,55.25,Badan Pusat Statistik,webapi-var-2153-updated-2026-07-07,domain=0000;var=2153;vervar=6300;turvar=0;th=123;turth=0
bps_webapi,sdg08_informal_employment,total,2026-09-08,2023,province,6400,Kalimantan Timur,percent,44.67,Badan Pusat Statistik,webapi-var-2153-updated-2026-07-07,domain=0000;var=2153;vervar=6400;turvar=0;th=123;turth=0
bps_webapi,sdg08_informal_employment,total,2026-09-08,2023,province,6500,Kalimantan Utara,percent,51.38,Badan Pusat Statistik,webapi-var-2153-updated-2026-07-07,domain=0000;var=2153;vervar=6500;turvar=0;th=123;turth=0
bps_webapi,sdg08_informal_employment,total,2026-09-08,2023,province,7100,Sulawesi Utara,percent,58.14,Badan Pusat Statistik,webapi-var-2153-updated-2026-07-07,domain=0000;var=2153;vervar=7100;turvar=0;th=123;turth=0
bps_webapi,sdg08_informal_employment,total,2026-09-08,2023,province,7200,Sulawesi Tengah,percent,66.1,Badan Pusat Statistik,webapi-var-2153-updated-2026-07-07,domain=0000;var=2153;vervar=7200;turvar=0;th=123;turth=0
bps_webapi,sdg08_informal_employment,total,2026-09-08,2023,province,7300,Sulawesi Selatan,percent,62.77,Badan Pusat Statistik,webapi-var-2153-updated-2026-07-07,domain=0000;var=2153;vervar=7300;turvar=0;th=123;turth=0
bps_webapi,sdg08_informal_employment,total,2026-09-08,2023,province,7400,Sulawesi Tenggara,percent,61.84,Badan Pusat Statistik,webapi-var-2153-updated-2026-07-07,domain=0000;var=2153;vervar=7400;turvar=0;th=123;turth=0
bps_webapi,sdg08_informal_employment,total,2026-09-08,2023,province,7500,Gorontalo,percent,63.73,Badan Pusat Statistik,webapi-var-2153-updated-2026-07-07,domain=0000;var=2153;vervar=7500;turvar=0;th=123;turth=0
bps_webapi,sdg08_informal_employment,total,2026-09-08,2023,province,7600,Sulawesi Barat,percent,73.35,Badan Pusat Statistik,webapi-var-2153-updated-2026-07-07,domain=0000;var=2153;vervar=7600;turvar=0;th=123;turth=0
bps_webapi,sdg08_informal_employment,total,2026-09-08,2023,province,8100,Maluku,percent,65.42,Badan Pusat Statistik,webapi-var-2153-updated-2026-07-07,domain=0000;var=2153;vervar=8100;turvar=0;th=123;turth=0
bps_webapi,sdg08_informal_employment,total,2026-09-08,2023,province,8200,Maluku Utara,percent,66.08,Badan Pusat Statistik,webapi-var-2153-updated-2026-07-07,domain=0000;var=2153;vervar=8200;turvar=0;th=123;turth=0
bps_webapi,sdg08_informal_employment,total,2026-09-08,2023,province,9100,Papua Barat,percent,58.55,Badan Pusat Statistik,webapi-var-2153-updated-2026-07-07,domain=0000;var=2153;vervar=9100;turvar=0;th=123;turth=0
bps_webapi,sdg08_informal_employment,total,2026-09-08,2023,province,9400,Papua,percent,84.43,Badan Pusat Statistik,webapi-var-2153-updated-2026-07-07,domain=0000;var=2153;vervar=9400;turvar=0;th=123;turth=0
bps_webapi,sdg08_neet,total,2026-09-08,2020,national,9999,Indonesia,percent,24.28,Badan Pusat Statistik,webapi-var-1186-updated-2026-02-24,domain=0000;var=1186;vervar=9999;turvar=0;th=120;turth=0
bps_webapi,sdg08_neet,total,2026-09-08,2020,province,1100,Aceh,percent,23.6,Badan Pusat Statistik,webapi-var-1186-updated-2026-02-24,domain=0000;var=1186;vervar=1100;turvar=0;th=120;turth=0
bps_webapi,sdg08_neet,total,2026-09-08,2020,province,1200,Sumatera Utara,percent,22.87,Badan Pusat Statistik,webapi-var-1186-updated-2026-02-24,domain=0000;var=1186;vervar=1200;turvar=0;th=120;turth=0
bps_webapi,sdg08_neet,total,2026-09-08,2020,province,1300,Sumatera Barat,percent,20.46,Badan Pusat Statistik,webapi-var-1186-updated-2026-02-24,domain=0000;var=1186;vervar=1300;turvar=0;th=120;turth=0
bps_webapi,sdg08_neet,total,2026-09-08,2020,province,1400,Riau,percent,23.62,Badan Pusat Statistik,webapi-var-1186-updated-2026-02-24,domain=0000;var=1186;vervar=1400;turvar=0;th=120;turth=0
bps_webapi,sdg08_neet,total,2026-09-08,2020,province,1500,Jambi,percent,22.66,Badan Pusat Statistik,webapi-var-1186-updated-2026-02-24,domain=0000;var=1186;vervar=1500;turvar=0;th=120;turth=0
bps_webapi,sdg08_neet,total,2026-09-08,2020,province,1600,Sumatera Selatan,percent,25.55,Badan Pusat Statistik,webapi-var-1186-updated-2026-02-24,domain=0000;var=1186;vervar=1600;turvar=0;th=120;turth=0
bps_webapi,sdg08_neet,total,2026-09-08,2020,province,1700,Bengkulu,percent,20.63,Badan Pusat Statistik,webapi-var-1186-updated-2026-02-24,domain=0000;var=1186;vervar=1700;turvar=0;th=120;turth=0
bps_webapi,sdg08_neet,total,2026-09-08,2020,province,1800,Lampung,percent,23.35,Badan Pusat Statistik,webapi-var-1186-updated-2026-02-24,domain=0000;var=1186;vervar=1800;turvar=0;th=120;turth=0
bps_webapi,sdg08_neet,total,2026-09-08,2020,province,1900,Kep. Bangka Belitung,percent,27.34,Badan Pusat Statistik,webapi-var-1186-updated-2026-02-24,domain=0000;var=1186;vervar=1900;turvar=0;th=120;turth=0
bps_webapi,sdg08_neet,total,2026-09-08,2020,province,2100,Kep. Riau,percent,20.71,Badan Pusat Statistik,webapi-var-1186-updated-2026-02-24,domain=0000;var=1186;vervar=2100;turvar=0;th=120;turth=0
bps_webapi,sdg08_neet,total,2026-09-08,2020,province,3100,Dki Jakarta,percent,20.13,Badan Pusat Statistik,webapi-var-1186-updated-2026-02-24,domain=0000;var=1186;vervar=3100;turvar=0;th=120;turth=0
bps_webapi,sdg08_neet,total,2026-09-08,2020,province,3200,Jawa Barat,percent,29.33,Badan Pusat Statistik,webapi-var-1186-updated-2026-02-24,domain=0000;var=1186;vervar=3200;turvar=0;th=120;turth=0
bps_webapi,sdg08_neet,total,2026-09-08,2020,province,3300,Jawa Tengah,percent,24.01,Badan Pusat Statistik,webapi-var-1186-updated-2026-02-24,domain=0000;var=1186;vervar=3300;turvar=0;th=120;turth=0
bps_webapi,sdg08_neet,total,2026-09-08,2020,province,3400,Di Yogyakarta,percent,12.71,Badan Pusat Statistik,webapi-var-1186-updated-2026-02-24,domain=0000;var=1186;vervar=3400;turvar=0;th=120;turth=0
bps_webapi,sdg08_neet,total,2026-09-08,2020,province,3500,Jawa Timur,percent,22.41,Badan Pusat Statistik,webapi-var-1186-updated-2026-02-24,domain=0000;var=1186;vervar=3500;turvar=0;th=120;turth=0
bps_webapi,sdg08_neet,total,2026-09-08,2020,province,3600,Banten,percent,27.5,Badan Pusat Statistik,webapi-var-1186-updated-2026-02-24,domain=0000;var=1186;vervar=3600;turvar=0;th=120;turth=0
bps_webapi,sdg08_neet,total,2026-09-08,2020,province,5100,Bali,percent,14.9,Badan Pusat Statistik,webapi-var-1186-updated-2026-02-24,domain=0000;var=1186;vervar=5100;turvar=0;th=120;turth=0
bps_webapi,sdg08_neet,total,2026-09-08,2020,province,5200,Nusa Tenggara Barat,percent,22.24,Badan Pusat Statistik,webapi-var-1186-updated-2026-02-24,domain=0000;var=1186;vervar=5200;turvar=0;th=120;turth=0
bps_webapi,sdg08_neet,total,2026-09-08,2020,province,5300,Nusa Tenggara Timur,percent,19.17,Badan Pusat Statistik,webapi-var-1186-updated-2026-02-24,domain=0000;var=1186;vervar=5300;turvar=0;th=120;turth=0
bps_webapi,sdg08_neet,total,2026-09-08,2020,province,6100,Kalimantan Barat,percent,25.43,Badan Pusat Statistik,webapi-var-1186-updated-2026-02-24,domain=0000;var=1186;vervar=6100;turvar=0;th=120;turth=0
bps_webapi,sdg08_neet,total,2026-09-08,2020,province,6200,Kalimantan Tengah,percent,24.69,Badan Pusat Statistik,webapi-var-1186-updated-2026-02-24,domain=0000;var=1186;vervar=6200;turvar=0;th=120;turth=0
bps_webapi,sdg08_neet,total,2026-09-08,2020,province,6300,Kalimantan Selatan,percent,21.16,Badan Pusat Statistik,webapi-var-1186-updated-2026-02-24,domain=0000;var=1186;vervar=6300;turvar=0;th=120;turth=0
bps_webapi,sdg08_neet,total,2026-09-08,2020,province,6400,Kalimantan Timur,percent,24.25,Badan Pusat Statistik,webapi-var-1186-updated-2026-02-24,domain=0000;var=1186;vervar=6400;turvar=0;th=120;turth=0
bps_webapi,sdg08_neet,total,2026-09-08,2020,province,6500,Kalimantan Utara,percent,22.59,Badan Pusat Statistik,webapi-var-1186-updated-2026-02-24,domain=0000;var=1186;vervar=6500;turvar=0;th=120;turth=0
bps_webapi,sdg08_neet,total,2026-09-08,2020,province,7100,Sulawesi Utara,percent,29.94,Badan Pusat Statistik,webapi-var-1186-updated-2026-02-24,domain=0000;var=1186;vervar=7100;turvar=0;th=120;turth=0
bps_webapi,sdg08_neet,total,2026-09-08,2020,province,7200,Sulawesi Tengah,percent,22.23,Badan Pusat Statistik,webapi-var-1186-updated-2026-02-24,domain=0000;var=1186;vervar=7200;turvar=0;th=120;turth=0
bps_webapi,sdg08_neet,total,2026-09-08,2020,province,7300,Sulawesi Selatan,percent,25.48,Badan Pusat Statistik,webapi-var-1186-updated-2026-02-24,domain=0000;var=1186;vervar=7300;turvar=0;th=120;turth=0
bps_webapi,sdg08_neet,total,2026-09-08,2020,province,7400,Sulawesi Tenggara,percent,23,Badan Pusat Statistik,webapi-var-1186-updated-2026-02-24,domain=0000;var=1186;vervar=7400;turvar=0;th=120;turth=0
bps_webapi,sdg08_neet,total,2026-09-08,2020,province,7500,Gorontalo,percent,27.35,Badan Pusat Statistik,webapi-var-1186-updated-2026-02-24,domain=0000;var=1186;vervar=7500;turvar=0;th=120;turth=0
bps_webapi,sdg08_neet,total,2026-09-08,2020,province,7600,Sulawesi Barat,percent,24.15,Badan Pusat Statistik,webapi-var-1186-updated-2026-02-24,domain=0000;var=1186;vervar=7600;turvar=0;th=120;turth=0
bps_webapi,sdg08_neet,total,2026-09-08,2020,province,8100,Maluku,percent,27.46,Badan Pusat Statistik,webapi-var-1186-updated-2026-02-24,domain=0000;var=1186;vervar=8100;turvar=0;th=120;turth=0
bps_webapi,sdg08_neet,total,2026-09-08,2020,province,8200,Maluku Utara,percent,26.37,Badan Pusat Statistik,webapi-var-1186-updated-2026-02-24,domain=0000;var=1186;vervar=8200;turvar=0;th=120;turth=0
bps_webapi,sdg08_neet,total,2026-09-08,2020,province,9100,Papua Barat,percent,24.01,Badan Pusat Statistik,webapi-var-1186-updated-2026-02-24,domain=0000;var=1186;vervar=9100;turvar=0;th=120;turth=0
bps_webapi,sdg08_neet,total,2026-09-08,2020,province,9400,Papua,percent,20.92,Badan Pusat Statistik,webapi-var-1186-updated-2026-02-24,domain=0000;var=1186;vervar=9400;turvar=0;th=120;turth=0
bps_webapi,sdg08_neet,total,2026-09-08,2021,national,9999,Indonesia,percent,22.4,Badan Pusat Statistik,webapi-var-1186-updated-2026-02-24,domain=0000;var=1186;vervar=9999;turvar=0;th=121;turth=0
bps_webapi,sdg08_neet,total,2026-09-08,2021,province,1100,Aceh,percent,24.38,Badan Pusat Statistik,webapi-var-1186-updated-2026-02-24,domain=0000;var=1186;vervar=1100;turvar=0;th=121;turth=0
bps_webapi,sdg08_neet,total,2026-09-08,2021,province,1200,Sumatera Utara,percent,20.29,Badan Pusat Statistik,webapi-var-1186-updated-2026-02-24,domain=0000;var=1186;vervar=1200;turvar=0;th=121;turth=0
bps_webapi,sdg08_neet,total,2026-09-08,2021,province,1300,Sumatera Barat,percent,18.78,Badan Pusat Statistik,webapi-var-1186-updated-2026-02-24,domain=0000;var=1186;vervar=1300;turvar=0;th=121;turth=0
bps_webapi,sdg08_neet,total,2026-09-08,2021,province,1400,Riau,percent,21.11,Badan Pusat Statistik,webapi-var-1186-updated-2026-02-24,domain=0000;var=1186;vervar=1400;turvar=0;th=121;turth=0
bps_webapi,sdg08_neet,total,2026-09-08,2021,province,1500,Jambi,percent,21.76,Badan Pusat Statistik,webapi-var-1186-updated-2026-02-24,domain=0000;var=1186;vervar=1500;turvar=0;th=121;turth=0
bps_webapi,sdg08_neet,total,2026-09-08,2021,province,1600,Sumatera Selatan,percent,25.38,Badan Pusat Statistik,webapi-var-1186-updated-2026-02-24,domain=0000;var=1186;vervar=1600;turvar=0;th=121;turth=0
bps_webapi,sdg08_neet,total,2026-09-08,2021,province,1700,Bengkulu,percent,22.75,Badan Pusat Statistik,webapi-var-1186-updated-2026-02-24,domain=0000;var=1186;vervar=1700;turvar=0;th=121;turth=0
bps_webapi,sdg08_neet,total,2026-09-08,2021,province,1800,Lampung,percent,22.09,Badan Pusat Statistik,webapi-var-1186-updated-2026-02-24,domain=0000;var=1186;vervar=1800;turvar=0;th=121;turth=0
bps_webapi,sdg08_neet,total,2026-09-08,2021,province,1900,Kep. Bangka Belitung,percent,24.38,Badan Pusat Statistik,webapi-var-1186-updated-2026-02-24,domain=0000;var=1186;vervar=1900;turvar=0;th=121;turth=0
bps_webapi,sdg08_neet,total,2026-09-08,2021,province,2100,Kep. Riau,percent,16.42,Badan Pusat Statistik,webapi-var-1186-updated-2026-02-24,domain=0000;var=1186;vervar=2100;turvar=0;th=121;turth=0
bps_webapi,sdg08_neet,total,2026-09-08,2021,province,3100,Dki Jakarta,percent,20.47,Badan Pusat Statistik,webapi-var-1186-updated-2026-02-24,domain=0000;var=1186;vervar=3100;turvar=0;th=121;turth=0
bps_webapi,sdg08_neet,total,2026-09-08,2021,province,3200,Jawa Barat,percent,26.44,Badan Pusat Statistik,webapi-var-1186-updated-2026-02-24,domain=0000;var=1186;vervar=3200;turvar=0;th=121;turth=0
bps_webapi,sdg08_neet,total,2026-09-08,2021,province,3300,Jawa Tengah,percent,20.32,Badan Pusat Statistik,webapi-var-1186-updated-2026-02-24,domain=0000;var=1186;vervar=3300;turvar=0;th=121;turth=0
bps_webapi,sdg08_neet,total,2026-09-08,2021,province,3400,Di Yogyakarta,percent,9.89,Badan Pusat Statistik,webapi-var-1186-updated-2026-02-24,domain=0000;var=1186;vervar=3400;turvar=0;th=121;turth=0
bps_webapi,sdg08_neet,total,2026-09-08,2021,province,3500,Jawa Timur,percent,20.77,Badan Pusat Statistik,webapi-var-1186-updated-2026-02-24,domain=0000;var=1186;vervar=3500;turvar=0;th=121;turth=0
bps_webapi,sdg08_neet,total,2026-09-08,2021,province,3600,Banten,percent,26.52,Badan Pusat Statistik,webapi-var-1186-updated-2026-02-24,domain=0000;var=1186;vervar=3600;turvar=0;th=121;turth=0
bps_webapi,sdg08_neet,total,2026-09-08,2021,province,5100,Bali,percent,14.52,Badan Pusat Statistik,webapi-var-1186-updated-2026-02-24,domain=0000;var=1186;vervar=5100;turvar=0;th=121;turth=0
bps_webapi,sdg08_neet,total,2026-09-08,2021,province,5200,Nusa Tenggara Barat,percent,20.78,Badan Pusat Statistik,webapi-var-1186-updated-2026-02-24,domain=0000;var=1186;vervar=5200;turvar=0;th=121;turth=0
bps_webapi,sdg08_neet,total,2026-09-08,2021,province,5300,Nusa Tenggara Timur,percent,18.97,Badan Pusat Statistik,webapi-var-1186-updated-2026-02-24,domain=0000;var=1186;vervar=5300;turvar=0;th=121;turth=0
bps_webapi,sdg08_neet,total,2026-09-08,2021,province,6100,Kalimantan Barat,percent,24.74,Badan Pusat Statistik,webapi-var-1186-updated-2026-02-24,domain=0000;var=1186;vervar=6100;turvar=0;th=121;turth=0
bps_webapi,sdg08_neet,total,2026-09-08,2021,province,6200,Kalimantan Tengah,percent,23.92,Badan Pusat Statistik,webapi-var-1186-updated-2026-02-24,domain=0000;var=1186;vervar=6200;turvar=0;th=121;turth=0
bps_webapi,sdg08_neet,total,2026-09-08,2021,province,6300,Kalimantan Selatan,percent,20.54,Badan Pusat Statistik,webapi-var-1186-updated-2026-02-24,domain=0000;var=1186;vervar=6300;turvar=0;th=121;turth=0
bps_webapi,sdg08_neet,total,2026-09-08,2021,province,6400,Kalimantan Timur,percent,21.56,Badan Pusat Statistik,webapi-var-1186-updated-2026-02-24,domain=0000;var=1186;vervar=6400;turvar=0;th=121;turth=0
bps_webapi,sdg08_neet,total,2026-09-08,2021,province,6500,Kalimantan Utara,percent,19.8,Badan Pusat Statistik,webapi-var-1186-updated-2026-02-24,domain=0000;var=1186;vervar=6500;turvar=0;th=121;turth=0
bps_webapi,sdg08_neet,total,2026-09-08,2021,province,7100,Sulawesi Utara,percent,29.43,Badan Pusat Statistik,webapi-var-1186-updated-2026-02-24,domain=0000;var=1186;vervar=7100;turvar=0;th=121;turth=0
bps_webapi,sdg08_neet,total,2026-09-08,2021,province,7200,Sulawesi Tengah,percent,22.31,Badan Pusat Statistik,webapi-var-1186-updated-2026-02-24,domain=0000;var=1186;vervar=7200;turvar=0;th=121;turth=0
bps_webapi,sdg08_neet,total,2026-09-08,2021,province,7300,Sulawesi Selatan,percent,23.78,Badan Pusat Statistik,webapi-var-1186-updated-2026-02-24,domain=0000;var=1186;vervar=7300;turvar=0;th=121;turth=0
bps_webapi,sdg08_neet,total,2026-09-08,2021,province,7400,Sulawesi Tenggara,percent,19.87,Badan Pusat Statistik,webapi-var-1186-updated-2026-02-24,domain=0000;var=1186;vervar=7400;turvar=0;th=121;turth=0
bps_webapi,sdg08_neet,total,2026-09-08,2021,province,7500,Gorontalo,percent,25.79,Badan Pusat Statistik,webapi-var-1186-updated-2026-02-24,domain=0000;var=1186;vervar=7500;turvar=0;th=121;turth=0
bps_webapi,sdg08_neet,total,2026-09-08,2021,province,7600,Sulawesi Barat,percent,22.85,Badan Pusat Statistik,webapi-var-1186-updated-2026-02-24,domain=0000;var=1186;vervar=7600;turvar=0;th=121;turth=0
bps_webapi,sdg08_neet,total,2026-09-08,2021,province,8100,Maluku,percent,28.64,Badan Pusat Statistik,webapi-var-1186-updated-2026-02-24,domain=0000;var=1186;vervar=8100;turvar=0;th=121;turth=0
bps_webapi,sdg08_neet,total,2026-09-08,2021,province,8200,Maluku Utara,percent,27.59,Badan Pusat Statistik,webapi-var-1186-updated-2026-02-24,domain=0000;var=1186;vervar=8200;turvar=0;th=121;turth=0
bps_webapi,sdg08_neet,total,2026-09-08,2021,province,9100,Papua Barat,percent,21.97,Badan Pusat Statistik,webapi-var-1186-updated-2026-02-24,domain=0000;var=1186;vervar=9100;turvar=0;th=121;turth=0
bps_webapi,sdg08_neet,total,2026-09-08,2021,province,9400,Papua,percent,18.51,Badan Pusat Statistik,webapi-var-1186-updated-2026-02-24,domain=0000;var=1186;vervar=9400;turvar=0;th=121;turth=0
bps_webapi,sdg08_neet,total,2026-09-08,2022,national,9999,Indonesia,percent,23.22,Badan Pusat Statistik,webapi-var-1186-updated-2026-02-24,domain=0000;var=1186;vervar=9999;turvar=0;th=122;turth=0
bps_webapi,sdg08_neet,total,2026-09-08,2022,province,1100,Aceh,percent,28.99,Badan Pusat Statistik,webapi-var-1186-updated-2026-02-24,domain=0000;var=1186;vervar=1100;turvar=0;th=122;turth=0
bps_webapi,sdg08_neet,total,2026-09-08,2022,province,1200,Sumatera Utara,percent,20.71,Badan Pusat Statistik,webapi-var-1186-updated-2026-02-24,domain=0000;var=1186;vervar=1200;turvar=0;th=122;turth=0
bps_webapi,sdg08_neet,total,2026-09-08,2022,province,1300,Sumatera Barat,percent,20.23,Badan Pusat Statistik,webapi-var-1186-updated-2026-02-24,domain=0000;var=1186;vervar=1300;turvar=0;th=122;turth=0
bps_webapi,sdg08_neet,total,2026-09-08,2022,province,1400,Riau,percent,24.33,Badan Pusat Statistik,webapi-var-1186-updated-2026-02-24,domain=0000;var=1186;vervar=1400;turvar=0;th=122;turth=0
bps_webapi,sdg08_neet,total,2026-09-08,2022,province,1500,Jambi,percent,23.86,Badan Pusat Statistik,webapi-var-1186-updated-2026-02-24,domain=0000;var=1186;vervar=1500;turvar=0;th=122;turth=0
bps_webapi,sdg08_neet,total,2026-09-08,2022,province,1600,Sumatera Selatan,percent,25.32,Badan Pusat Statistik,webapi-var-1186-updated-2026-02-24,domain=0000;var=1186;vervar=1600;turvar=0;th=122;turth=0
bps_webapi,sdg08_neet,total,2026-09-08,2022,province,1700,Bengkulu,percent,22.49,Badan Pusat Statistik,webapi-var-1186-updated-2026-02-24,domain=0000;var=1186;vervar=1700;turvar=0;th=122;turth=0
bps_webapi,sdg08_neet,total,2026-09-08,2022,province,1800,Lampung,percent,22.63,Badan Pusat Statistik,webapi-var-1186-updated-2026-02-24,domain=0000;var=1186;vervar=1800;turvar=0;th=122;turth=0
bps_webapi,sdg08_neet,total,2026-09-08,2022,province,1900,Kep. Bangka Belitung,percent,21.87,Badan Pusat Statistik,webapi-var-1186-updated-2026-02-24,domain=0000;var=1186;vervar=1900;turvar=0;th=122;turth=0
bps_webapi,sdg08_neet,total,2026-09-08,2022,province,2100,Kep. Riau,percent,18.74,Badan Pusat Statistik,webapi-var-1186-updated-2026-02-24,domain=0000;var=1186;vervar=2100;turvar=0;th=122;turth=0
bps_webapi,sdg08_neet,total,2026-09-08,2022,province,3100,Dki Jakarta,percent,17.19,Badan Pusat Statistik,webapi-var-1186-updated-2026-02-24,domain=0000;var=1186;vervar=3100;turvar=0;th=122;turth=0
bps_webapi,sdg08_neet,total,2026-09-08,2022,province,3200,Jawa Barat,percent,27.85,Badan Pusat Statistik,webapi-var-1186-updated-2026-02-24,domain=0000;var=1186;vervar=3200;turvar=0;th=122;turth=0
bps_webapi,sdg08_neet,total,2026-09-08,2022,province,3300,Jawa Tengah,percent,20.44,Badan Pusat Statistik,webapi-var-1186-updated-2026-02-24,domain=0000;var=1186;vervar=3300;turvar=0;th=122;turth=0
bps_webapi,sdg08_neet,total,2026-09-08,2022,province,3400,Di Yogyakarta,percent,10.7,Badan Pusat Statistik,webapi-var-1186-updated-2026-02-24,domain=0000;var=1186;vervar=3400;turvar=0;th=122;turth=0
bps_webapi,sdg08_neet,total,2026-09-08,2022,province,3500,Jawa Timur,percent,22.07,Badan Pusat Statistik,webapi-var-1186-updated-2026-02-24,domain=0000;var=1186;vervar=3500;turvar=0;th=122;turth=0
bps_webapi,sdg08_neet,total,2026-09-08,2022,province,3600,Banten,percent,27.29,Badan Pusat Statistik,webapi-var-1186-updated-2026-02-24,domain=0000;var=1186;vervar=3600;turvar=0;th=122;turth=0
bps_webapi,sdg08_neet,total,2026-09-08,2022,province,5100,Bali,percent,11.32,Badan Pusat Statistik,webapi-var-1186-updated-2026-02-24,domain=0000;var=1186;vervar=5100;turvar=0;th=122;turth=0
bps_webapi,sdg08_neet,total,2026-09-08,2022,province,5200,Nusa Tenggara Barat,percent,23.3,Badan Pusat Statistik,webapi-var-1186-updated-2026-02-24,domain=0000;var=1186;vervar=5200;turvar=0;th=122;turth=0
bps_webapi,sdg08_neet,total,2026-09-08,2022,province,5300,Nusa Tenggara Timur,percent,18.84,Badan Pusat Statistik,webapi-var-1186-updated-2026-02-24,domain=0000;var=1186;vervar=5300;turvar=0;th=122;turth=0
bps_webapi,sdg08_neet,total,2026-09-08,2022,province,6100,Kalimantan Barat,percent,24.35,Badan Pusat Statistik,webapi-var-1186-updated-2026-02-24,domain=0000;var=1186;vervar=6100;turvar=0;th=122;turth=0
bps_webapi,sdg08_neet,total,2026-09-08,2022,province,6200,Kalimantan Tengah,percent,26.54,Badan Pusat Statistik,webapi-var-1186-updated-2026-02-24,domain=0000;var=1186;vervar=6200;turvar=0;th=122;turth=0
bps_webapi,sdg08_neet,total,2026-09-08,2022,province,6300,Kalimantan Selatan,percent,23.57,Badan Pusat Statistik,webapi-var-1186-updated-2026-02-24,domain=0000;var=1186;vervar=6300;turvar=0;th=122;turth=0
bps_webapi,sdg08_neet,total,2026-09-08,2022,province,6400,Kalimantan Timur,percent,20.08,Badan Pusat Statistik,webapi-var-1186-updated-2026-02-24,domain=0000;var=1186;vervar=6400;turvar=0;th=122;turth=0
bps_webapi,sdg08_neet,total,2026-09-08,2022,province,6500,Kalimantan Utara,percent,20.3,Badan Pusat Statistik,webapi-var-1186-updated-2026-02-24,domain=0000;var=1186;vervar=6500;turvar=0;th=122;turth=0
bps_webapi,sdg08_neet,total,2026-09-08,2022,province,7100,Sulawesi Utara,percent,33.54,Badan Pusat Statistik,webapi-var-1186-updated-2026-02-24,domain=0000;var=1186;vervar=7100;turvar=0;th=122;turth=0
bps_webapi,sdg08_neet,total,2026-09-08,2022,province,7200,Sulawesi Tengah,percent,23.99,Badan Pusat Statistik,webapi-var-1186-updated-2026-02-24,domain=0000;var=1186;vervar=7200;turvar=0;th=122;turth=0
bps_webapi,sdg08_neet,total,2026-09-08,2022,province,7300,Sulawesi Selatan,percent,22.61,Badan Pusat Statistik,webapi-var-1186-updated-2026-02-24,domain=0000;var=1186;vervar=7300;turvar=0;th=122;turth=0
bps_webapi,sdg08_neet,total,2026-09-08,2022,province,7400,Sulawesi Tenggara,percent,21.61,Badan Pusat Statistik,webapi-var-1186-updated-2026-02-24,domain=0000;var=1186;vervar=7400;turvar=0;th=122;turth=0
bps_webapi,sdg08_neet,total,2026-09-08,2022,province,7500,Gorontalo,percent,28.03,Badan Pusat Statistik,webapi-var-1186-updated-2026-02-24,domain=0000;var=1186;vervar=7500;turvar=0;th=122;turth=0
bps_webapi,sdg08_neet,total,2026-09-08,2022,province,7600,Sulawesi Barat,percent,22.51,Badan Pusat Statistik,webapi-var-1186-updated-2026-02-24,domain=0000;var=1186;vervar=7600;turvar=0;th=122;turth=0
bps_webapi,sdg08_neet,total,2026-09-08,2022,province,8100,Maluku,percent,30.89,Badan Pusat Statistik,webapi-var-1186-updated-2026-02-24,domain=0000;var=1186;vervar=8100;turvar=0;th=122;turth=0
bps_webapi,sdg08_neet,total,2026-09-08,2022,province,8200,Maluku Utara,percent,29.52,Badan Pusat Statistik,webapi-var-1186-updated-2026-02-24,domain=0000;var=1186;vervar=8200;turvar=0;th=122;turth=0
bps_webapi,sdg08_neet,total,2026-09-08,2022,province,9100,Papua Barat,percent,26.29,Badan Pusat Statistik,webapi-var-1186-updated-2026-02-24,domain=0000;var=1186;vervar=9100;turvar=0;th=122;turth=0
bps_webapi,sdg08_neet,total,2026-09-08,2022,province,9400,Papua,percent,20.07,Badan Pusat Statistik,webapi-var-1186-updated-2026-02-24,domain=0000;var=1186;vervar=9400;turvar=0;th=122;turth=0
bps_webapi,sdg08_neet,total,2026-09-08,2023,national,9999,Indonesia,percent,22.25,Badan Pusat Statistik,webapi-var-1186-updated-2026-02-24,domain=0000;var=1186;vervar=9999;turvar=0;th=123;turth=0
bps_webapi,sdg08_neet,total,2026-09-08,2023,province,1100,Aceh,percent,29.02,Badan Pusat Statistik,webapi-var-1186-updated-2026-02-24,domain=0000;var=1186;vervar=1100;turvar=0;th=123;turth=0
bps_webapi,sdg08_neet,total,2026-09-08,2023,province,1200,Sumatera Utara,percent,20.08,Badan Pusat Statistik,webapi-var-1186-updated-2026-02-24,domain=0000;var=1186;vervar=1200;turvar=0;th=123;turth=0
bps_webapi,sdg08_neet,total,2026-09-08,2023,province,1300,Sumatera Barat,percent,23,Badan Pusat Statistik,webapi-var-1186-updated-2026-02-24,domain=0000;var=1186;vervar=1300;turvar=0;th=123;turth=0
bps_webapi,sdg08_neet,total,2026-09-08,2023,province,1400,Riau,percent,23.26,Badan Pusat Statistik,webapi-var-1186-updated-2026-02-24,domain=0000;var=1186;vervar=1400;turvar=0;th=123;turth=0
bps_webapi,sdg08_neet,total,2026-09-08,2023,province,1500,Jambi,percent,22.26,Badan Pusat Statistik,webapi-var-1186-updated-2026-02-24,domain=0000;var=1186;vervar=1500;turvar=0;th=123;turth=0
bps_webapi,sdg08_neet,total,2026-09-08,2023,province,1600,Sumatera Selatan,percent,23.37,Badan Pusat Statistik,webapi-var-1186-updated-2026-02-24,domain=0000;var=1186;vervar=1600;turvar=0;th=123;turth=0
bps_webapi,sdg08_neet,total,2026-09-08,2023,province,1700,Bengkulu,percent,21.77,Badan Pusat Statistik,webapi-var-1186-updated-2026-02-24,domain=0000;var=1186;vervar=1700;turvar=0;th=123;turth=0
bps_webapi,sdg08_neet,total,2026-09-08,2023,province,1800,Lampung,percent,22.32,Badan Pusat Statistik,webapi-var-1186-updated-2026-02-24,domain=0000;var=1186;vervar=1800;turvar=0;th=123;turth=0
bps_webapi,sdg08_neet,total,2026-09-08,2023,province,1900,Kep. Bangka Belitung,percent,21.3,Badan Pusat Statistik,webapi-var-1186-updated-2026-02-24,domain=0000;var=1186;vervar=1900;turvar=0;th=123;turth=0
bps_webapi,sdg08_neet,total,2026-09-08,2023,province,2100,Kep. Riau,percent,15.04,Badan Pusat Statistik,webapi-var-1186-updated-2026-02-24,domain=0000;var=1186;vervar=2100;turvar=0;th=123;turth=0
bps_webapi,sdg08_neet,total,2026-09-08,2023,province,3100,Dki Jakarta,percent,15.49,Badan Pusat Statistik,webapi-var-1186-updated-2026-02-24,domain=0000;var=1186;vervar=3100;turvar=0;th=123;turth=0
bps_webapi,sdg08_neet,total,2026-09-08,2023,province,3200,Jawa Barat,percent,25.71,Badan Pusat Statistik,webapi-var-1186-updated-2026-02-24,domain=0000;var=1186;vervar=3200;turvar=0;th=123;turth=0
bps_webapi,sdg08_neet,total,2026-09-08,2023,province,3300,Jawa Tengah,percent,20.99,Badan Pusat Statistik,webapi-var-1186-updated-2026-02-24,domain=0000;var=1186;vervar=3300;turvar=0;th=123;turth=0
bps_webapi,sdg08_neet,total,2026-09-08,2023,province,3400,Di Yogyakarta,percent,10.89,Badan Pusat Statistik,webapi-var-1186-updated-2026-02-24,domain=0000;var=1186;vervar=3400;turvar=0;th=123;turth=0
bps_webapi,sdg08_neet,total,2026-09-08,2023,province,3500,Jawa Timur,percent,19.53,Badan Pusat Statistik,webapi-var-1186-updated-2026-02-24,domain=0000;var=1186;vervar=3500;turvar=0;th=123;turth=0
bps_webapi,sdg08_neet,total,2026-09-08,2023,province,3600,Banten,percent,28.8,Badan Pusat Statistik,webapi-var-1186-updated-2026-02-24,domain=0000;var=1186;vervar=3600;turvar=0;th=123;turth=0
bps_webapi,sdg08_neet,total,2026-09-08,2023,province,5100,Bali,percent,10.03,Badan Pusat Statistik,webapi-var-1186-updated-2026-02-24,domain=0000;var=1186;vervar=5100;turvar=0;th=123;turth=0
bps_webapi,sdg08_neet,total,2026-09-08,2023,province,5200,Nusa Tenggara Barat,percent,20.45,Badan Pusat Statistik,webapi-var-1186-updated-2026-02-24,domain=0000;var=1186;vervar=5200;turvar=0;th=123;turth=0
bps_webapi,sdg08_neet,total,2026-09-08,2023,province,5300,Nusa Tenggara Timur,percent,18.13,Badan Pusat Statistik,webapi-var-1186-updated-2026-02-24,domain=0000;var=1186;vervar=5300;turvar=0;th=123;turth=0
bps_webapi,sdg08_neet,total,2026-09-08,2023,province,6100,Kalimantan Barat,percent,23.55,Badan Pusat Statistik,webapi-var-1186-updated-2026-02-24,domain=0000;var=1186;vervar=6100;turvar=0;th=123;turth=0
bps_webapi,sdg08_neet,total,2026-09-08,2023,province,6200,Kalimantan Tengah,percent,23.68,Badan Pusat Statistik,webapi-var-1186-updated-2026-02-24,domain=0000;var=1186;vervar=6200;turvar=0;th=123;turth=0
bps_webapi,sdg08_neet,total,2026-09-08,2023,province,6300,Kalimantan Selatan,percent,21.17,Badan Pusat Statistik,webapi-var-1186-updated-2026-02-24,domain=0000;var=1186;vervar=6300;turvar=0;th=123;turth=0
bps_webapi,sdg08_neet,total,2026-09-08,2023,province,6400,Kalimantan Timur,percent,18.66,Badan Pusat Statistik,webapi-var-1186-updated-2026-02-24,domain=0000;var=1186;vervar=6400;turvar=0;th=123;turth=0
bps_webapi,sdg08_neet,total,2026-09-08,2023,province,6500,Kalimantan Utara,percent,18.16,Badan Pusat Statistik,webapi-var-1186-updated-2026-02-24,domain=0000;var=1186;vervar=6500;turvar=0;th=123;turth=0
bps_webapi,sdg08_neet,total,2026-09-08,2023,province,7100,Sulawesi Utara,percent,30.73,Badan Pusat Statistik,webapi-var-1186-updated-2026-02-24,domain=0000;var=1186;vervar=7100;turvar=0;th=123;turth=0
bps_webapi,sdg08_neet,total,2026-09-08,2023,province,7200,Sulawesi Tengah,percent,22.39,Badan Pusat Statistik,webapi-var-1186-updated-2026-02-24,domain=0000;var=1186;vervar=7200;turvar=0;th=123;turth=0
bps_webapi,sdg08_neet,total,2026-09-08,2023,province,7300,Sulawesi Selatan,percent,22.24,Badan Pusat Statistik,webapi-var-1186-updated-2026-02-24,domain=0000;var=1186;vervar=7300;turvar=0;th=123;turth=0
bps_webapi,sdg08_neet,total,2026-09-08,2023,province,7400,Sulawesi Tenggara,percent,21.97,Badan Pusat Statistik,webapi-var-1186-updated-2026-02-24,domain=0000;var=1186;vervar=7400;turvar=0;th=123;turth=0
bps_webapi,sdg08_neet,total,2026-09-08,2023,province,7500,Gorontalo,percent,24.87,Badan Pusat Statistik,webapi-var-1186-updated-2026-02-24,domain=0000;var=1186;vervar=7500;turvar=0;th=123;turth=0
bps_webapi,sdg08_neet,total,2026-09-08,2023,province,7600,Sulawesi Barat,percent,21.81,Badan Pusat Statistik,webapi-var-1186-updated-2026-02-24,domain=0000;var=1186;vervar=7600;turvar=0;th=123;turth=0
bps_webapi,sdg08_neet,total,2026-09-08,2023,province,8100,Maluku,percent,35.38,Badan Pusat Statistik,webapi-var-1186-updated-2026-02-24,domain=0000;var=1186;vervar=8100;turvar=0;th=123;turth=0
bps_webapi,sdg08_neet,total,2026-09-08,2023,province,8200,Maluku Utara,percent,29.71,Badan Pusat Statistik,webapi-var-1186-updated-2026-02-24,domain=0000;var=1186;vervar=8200;turvar=0;th=123;turth=0
bps_webapi,sdg08_neet,total,2026-09-08,2023,province,9100,Papua Barat,percent,27.98,Badan Pusat Statistik,webapi-var-1186-updated-2026-02-24,domain=0000;var=1186;vervar=9100;turvar=0;th=123;turth=0
bps_webapi,sdg08_neet,total,2026-09-08,2023,province,9400,Papua,percent,25.06,Badan Pusat Statistik,webapi-var-1186-updated-2026-02-24,domain=0000;var=1186;vervar=9400;turvar=0;th=123;turth=0
bps_webapi,sdg08_productivity_growth,total,2026-09-08,2020,national,9999,Indonesia,percent,-1.84,Badan Pusat Statistik,webapi-var-1161-updated-2026-07-06,domain=0000;var=1161;vervar=9999;turvar=0;th=120;turth=0
bps_webapi,sdg08_productivity_growth,total,2026-09-08,2020,province,1100,Aceh,percent,-4.73,Badan Pusat Statistik,webapi-var-1161-updated-2026-07-06,domain=0000;var=1161;vervar=1100;turvar=0;th=120;turth=0
bps_webapi,sdg08_productivity_growth,total,2026-09-08,2020,province,1200,Sumatera Utara,percent,1.39,Badan Pusat Statistik,webapi-var-1161-updated-2026-07-06,domain=0000;var=1161;vervar=1200;turvar=0;th=120;turth=0
bps_webapi,sdg08_productivity_growth,total,2026-09-08,2020,province,1300,Sumatera Barat,percent,-3.19,Badan Pusat Statistik,webapi-var-1161-updated-2026-07-06,domain=0000;var=1161;vervar=1300;turvar=0;th=120;turth=0
bps_webapi,sdg08_productivity_growth,total,2026-09-08,2020,province,1400,Riau,percent,-3.42,Badan Pusat Statistik,webapi-var-1161-updated-2026-07-06,domain=0000;var=1161;vervar=1400;turvar=0;th=120;turth=0
bps_webapi,sdg08_productivity_growth,total,2026-09-08,2020,province,1500,Jambi,percent,-3.68,Badan Pusat Statistik,webapi-var-1161-updated-2026-07-06,domain=0000;var=1161;vervar=1500;turvar=0;th=120;turth=0
bps_webapi,sdg08_productivity_growth,total,2026-09-08,2020,province,1600,Sumatera Selatan,percent,-2.03,Badan Pusat Statistik,webapi-var-1161-updated-2026-07-06,domain=0000;var=1161;vervar=1600;turvar=0;th=120;turth=0
bps_webapi,sdg08_productivity_growth,total,2026-09-08,2020,province,1700,Bengkulu,percent,-2.89,Badan Pusat Statistik,webapi-var-1161-updated-2026-07-06,domain=0000;var=1161;vervar=1700;turvar=0;th=120;turth=0
bps_webapi,sdg08_productivity_growth,total,2026-09-08,2020,province,1800,Lampung,percent,-3.82,Badan Pusat Statistik,webapi-var-1161-updated-2026-07-06,domain=0000;var=1161;vervar=1800;turvar=0;th=120;turth=0
bps_webapi,sdg08_productivity_growth,total,2026-09-08,2020,province,1900,Kep. Bangka Belitung,percent,-2,Badan Pusat Statistik,webapi-var-1161-updated-2026-07-06,domain=0000;var=1161;vervar=1900;turvar=0;th=120;turth=0
bps_webapi,sdg08_productivity_growth,total,2026-09-08,2020,province,2100,Kep. Riau,percent,-6.43,Badan Pusat Statistik,webapi-var-1161-updated-2026-07-06,domain=0000;var=1161;vervar=2100;turvar=0;th=120;turth=0
bps_webapi,sdg08_productivity_growth,total,2026-09-08,2020,province,3100,Dki Jakarta,percent,1.66,Badan Pusat Statistik,webapi-var-1161-updated-2026-07-06,domain=0000;var=1161;vervar=3100;turvar=0;th=120;turth=0
bps_webapi,sdg08_productivity_growth,total,2026-09-08,2020,province,3200,Jawa Barat,percent,-0.77,Badan Pusat Statistik,webapi-var-1161-updated-2026-07-06,domain=0000;var=1161;vervar=3200;turvar=0;th=120;turth=0
bps_webapi,sdg08_productivity_growth,total,2026-09-08,2020,province,3300,Jawa Tengah,percent,-2.29,Badan Pusat Statistik,webapi-var-1161-updated-2026-07-06,domain=0000;var=1161;vervar=3300;turvar=0;th=120;turth=0
bps_webapi,sdg08_productivity_growth,total,2026-09-08,2020,province,3400,Di Yogyakarta,percent,-0.45,Badan Pusat Statistik,webapi-var-1161-updated-2026-07-06,domain=0000;var=1161;vervar=3400;turvar=0;th=120;turth=0
bps_webapi,sdg08_productivity_growth,total,2026-09-08,2020,province,3500,Jawa Timur,percent,-2.01,Badan Pusat Statistik,webapi-var-1161-updated-2026-07-06,domain=0000;var=1161;vervar=3500;turvar=0;th=120;turth=0
bps_webapi,sdg08_productivity_growth,total,2026-09-08,2020,province,3600,Banten,percent,-3.38,Badan Pusat Statistik,webapi-var-1161-updated-2026-07-06,domain=0000;var=1161;vervar=3600;turvar=0;th=120;turth=0
bps_webapi,sdg08_productivity_growth,total,2026-09-08,2020,province,5100,Bali,percent,-7.63,Badan Pusat Statistik,webapi-var-1161-updated-2026-07-06,domain=0000;var=1161;vervar=5100;turvar=0;th=120;turth=0
bps_webapi,sdg08_productivity_growth,total,2026-09-08,2020,province,5200,Nusa Tenggara Barat,percent,-2.7,Badan Pusat Statistik,webapi-var-1161-updated-2026-07-06,domain=0000;var=1161;vervar=5200;turvar=0;th=120;turth=0
bps_webapi,sdg08_productivity_growth,total,2026-09-08,2020,province,5300,Nusa Tenggara Timur,percent,-4.87,Badan Pusat Statistik,webapi-var-1161-updated-2026-07-06,domain=0000;var=1161;vervar=5300;turvar=0;th=120;turth=0
bps_webapi,sdg08_productivity_growth,total,2026-09-08,2020,province,6100,Kalimantan Barat,percent,-2.35,Badan Pusat Statistik,webapi-var-1161-updated-2026-07-06,domain=0000;var=1161;vervar=6100;turvar=0;th=120;turth=0
bps_webapi,sdg08_productivity_growth,total,2026-09-08,2020,province,6200,Kalimantan Tengah,percent,-1.35,Badan Pusat Statistik,webapi-var-1161-updated-2026-07-06,domain=0000;var=1161;vervar=6200;turvar=0;th=120;turth=0
bps_webapi,sdg08_productivity_growth,total,2026-09-08,2020,province,6300,Kalimantan Selatan,percent,-3.58,Badan Pusat Statistik,webapi-var-1161-updated-2026-07-06,domain=0000;var=1161;vervar=6300;turvar=0;th=120;turth=0
bps_webapi,sdg08_productivity_growth,total,2026-09-08,2020,province,6400,Kalimantan Timur,percent,-2.86,Badan Pusat Statistik,webapi-var-1161-updated-2026-07-06,domain=0000;var=1161;vervar=6400;turvar=0;th=120;turth=0
bps_webapi,sdg08_productivity_growth,total,2026-09-08,2020,province,6500,Kalimantan Utara,percent,-4.2,Badan Pusat Statistik,webapi-var-1161-updated-2026-07-06,domain=0000;var=1161;vervar=6500;turvar=0;th=120;turth=0
bps_webapi,sdg08_productivity_growth,total,2026-09-08,2020,province,7100,Sulawesi Utara,percent,0.25,Badan Pusat Statistik,webapi-var-1161-updated-2026-07-06,domain=0000;var=1161;vervar=7100;turvar=0;th=120;turth=0
bps_webapi,sdg08_productivity_growth,total,2026-09-08,2020,province,7200,Sulawesi Tengah,percent,1.38,Badan Pusat Statistik,webapi-var-1161-updated-2026-07-06,domain=0000;var=1161;vervar=7200;turvar=0;th=120;turth=0
bps_webapi,sdg08_productivity_growth,total,2026-09-08,2020,province,7300,Sulawesi Selatan,percent,0.58,Badan Pusat Statistik,webapi-var-1161-updated-2026-07-06,domain=0000;var=1161;vervar=7300;turvar=0;th=120;turth=0
bps_webapi,sdg08_productivity_growth,total,2026-09-08,2020,province,7400,Sulawesi Tenggara,percent,-2.7,Badan Pusat Statistik,webapi-var-1161-updated-2026-07-06,domain=0000;var=1161;vervar=7400;turvar=0;th=120;turth=0
bps_webapi,sdg08_productivity_growth,total,2026-09-08,2020,province,7500,Gorontalo,percent,0.74,Badan Pusat Statistik,webapi-var-1161-updated-2026-07-06,domain=0000;var=1161;vervar=7500;turvar=0;th=120;turth=0
bps_webapi,sdg08_productivity_growth,total,2026-09-08,2020,province,7600,Sulawesi Barat,percent,-4.16,Badan Pusat Statistik,webapi-var-1161-updated-2026-07-06,domain=0000;var=1161;vervar=7600;turvar=0;th=120;turth=0
bps_webapi,sdg08_productivity_growth,total,2026-09-08,2020,province,8100,Maluku,percent,-3.14,Badan Pusat Statistik,webapi-var-1161-updated-2026-07-06,domain=0000;var=1161;vervar=8100;turvar=0;th=120;turth=0
bps_webapi,sdg08_productivity_growth,total,2026-09-08,2020,province,8200,Maluku Utara,percent,5.25,Badan Pusat Statistik,webapi-var-1161-updated-2026-07-06,domain=0000;var=1161;vervar=8200;turvar=0;th=120;turth=0
bps_webapi,sdg08_productivity_growth,total,2026-09-08,2020,province,9100,Papua Barat,percent,-5.65,Badan Pusat Statistik,webapi-var-1161-updated-2026-07-06,domain=0000;var=1161;vervar=9100;turvar=0;th=120;turth=0
bps_webapi,sdg08_productivity_growth,total,2026-09-08,2020,province,9400,Papua,percent,8.47,Badan Pusat Statistik,webapi-var-1161-updated-2026-07-06,domain=0000;var=1161;vervar=9400;turvar=0;th=120;turth=0
bps_webapi,sdg08_productivity_growth,total,2026-09-08,2021,national,9999,Indonesia,percent,1.65,Badan Pusat Statistik,webapi-var-1161-updated-2026-07-06,domain=0000;var=1161;vervar=9999;turvar=0;th=121;turth=0
bps_webapi,sdg08_productivity_growth,total,2026-09-08,2021,province,1100,Aceh,percent,2.73,Badan Pusat Statistik,webapi-var-1161-updated-2026-07-06,domain=0000;var=1161;vervar=1100;turvar=0;th=121;turth=0
bps_webapi,sdg08_productivity_growth,total,2026-09-08,2021,province,1200,Sumatera Utara,percent,-0.22,Badan Pusat Statistik,webapi-var-1161-updated-2026-07-06,domain=0000;var=1161;vervar=1200;turvar=0;th=121;turth=0
bps_webapi,sdg08_productivity_growth,total,2026-09-08,2021,province,1300,Sumatera Barat,percent,3.29,Badan Pusat Statistik,webapi-var-1161-updated-2026-07-06,domain=0000;var=1161;vervar=1300;turvar=0;th=121;turth=0
bps_webapi,sdg08_productivity_growth,total,2026-09-08,2021,province,1400,Riau,percent,-0.77,Badan Pusat Statistik,webapi-var-1161-updated-2026-07-06,domain=0000;var=1161;vervar=1400;turvar=0;th=121;turth=0
bps_webapi,sdg08_productivity_growth,total,2026-09-08,2021,province,1500,Jambi,percent,3.22,Badan Pusat Statistik,webapi-var-1161-updated-2026-07-06,domain=0000;var=1161;vervar=1500;turvar=0;th=121;turth=0
bps_webapi,sdg08_productivity_growth,total,2026-09-08,2021,province,1600,Sumatera Selatan,percent,1.39,Badan Pusat Statistik,webapi-var-1161-updated-2026-07-06,domain=0000;var=1161;vervar=1600;turvar=0;th=121;turth=0
bps_webapi,sdg08_productivity_growth,total,2026-09-08,2021,province,1700,Bengkulu,percent,4.29,Badan Pusat Statistik,webapi-var-1161-updated-2026-07-06,domain=0000;var=1161;vervar=1700;turvar=0;th=121;turth=0
bps_webapi,sdg08_productivity_growth,total,2026-09-08,2021,province,1800,Lampung,percent,2.66,Badan Pusat Statistik,webapi-var-1161-updated-2026-07-06,domain=0000;var=1161;vervar=1800;turvar=0;th=121;turth=0
bps_webapi,sdg08_productivity_growth,total,2026-09-08,2021,province,1900,Kep. Bangka Belitung,percent,4.82,Badan Pusat Statistik,webapi-var-1161-updated-2026-07-06,domain=0000;var=1161;vervar=1900;turvar=0;th=121;turth=0
bps_webapi,sdg08_productivity_growth,total,2026-09-08,2021,province,2100,Kep. Riau,percent,-3.31,Badan Pusat Statistik,webapi-var-1161-updated-2026-07-06,domain=0000;var=1161;vervar=2100;turvar=0;th=121;turth=0
bps_webapi,sdg08_productivity_growth,total,2026-09-08,2021,province,3100,Dki Jakarta,percent,1.85,Badan Pusat Statistik,webapi-var-1161-updated-2026-07-06,domain=0000;var=1161;vervar=3100;turvar=0;th=121;turth=0
bps_webapi,sdg08_productivity_growth,total,2026-09-08,2021,province,3200,Jawa Barat,percent,0.77,Badan Pusat Statistik,webapi-var-1161-updated-2026-07-06,domain=0000;var=1161;vervar=3200;turvar=0;th=121;turth=0
bps_webapi,sdg08_productivity_growth,total,2026-09-08,2021,province,3300,Jawa Tengah,percent,1.6,Badan Pusat Statistik,webapi-var-1161-updated-2026-07-06,domain=0000;var=1161;vervar=3300;turvar=0;th=121;turth=0
bps_webapi,sdg08_productivity_growth,total,2026-09-08,2021,province,3400,Di Yogyakarta,percent,0.74,Badan Pusat Statistik,webapi-var-1161-updated-2026-07-06,domain=0000;var=1161;vervar=3400;turvar=0;th=121;turth=0
bps_webapi,sdg08_productivity_growth,total,2026-09-08,2021,province,3500,Jawa Timur,percent,3.19,Badan Pusat Statistik,webapi-var-1161-updated-2026-07-06,domain=0000;var=1161;vervar=3500;turvar=0;th=121;turth=0
bps_webapi,sdg08_productivity_growth,total,2026-09-08,2021,province,3600,Banten,percent,1.81,Badan Pusat Statistik,webapi-var-1161-updated-2026-07-06,domain=0000;var=1161;vervar=3600;turvar=0;th=121;turth=0
bps_webapi,sdg08_productivity_growth,total,2026-09-08,2021,province,5100,Bali,percent,-3.2,Badan Pusat Statistik,webapi-var-1161-updated-2026-07-06,domain=0000;var=1161;vervar=5100;turvar=0;th=121;turth=0
bps_webapi,sdg08_productivity_growth,total,2026-09-08,2021,province,5200,Nusa Tenggara Barat,percent,-0.83,Badan Pusat Statistik,webapi-var-1161-updated-2026-07-06,domain=0000;var=1161;vervar=5200;turvar=0;th=121;turth=0
bps_webapi,sdg08_productivity_growth,total,2026-09-08,2021,province,5300,Nusa Tenggara Timur,percent,-0.5,Badan Pusat Statistik,webapi-var-1161-updated-2026-07-06,domain=0000;var=1161;vervar=5300;turvar=0;th=121;turth=0
bps_webapi,sdg08_productivity_growth,total,2026-09-08,2021,province,6100,Kalimantan Barat,percent,3.78,Badan Pusat Statistik,webapi-var-1161-updated-2026-07-06,domain=0000;var=1161;vervar=6100;turvar=0;th=121;turth=0
bps_webapi,sdg08_productivity_growth,total,2026-09-08,2021,province,6200,Kalimantan Tengah,percent,1.41,Badan Pusat Statistik,webapi-var-1161-updated-2026-07-06,domain=0000;var=1161;vervar=6200;turvar=0;th=121;turth=0
bps_webapi,sdg08_productivity_growth,total,2026-09-08,2021,province,6300,Kalimantan Selatan,percent,2.2,Badan Pusat Statistik,webapi-var-1161-updated-2026-07-06,domain=0000;var=1161;vervar=6300;turvar=0;th=121;turth=0
bps_webapi,sdg08_productivity_growth,total,2026-09-08,2021,province,6400,Kalimantan Timur,percent,0.91,Badan Pusat Statistik,webapi-var-1161-updated-2026-07-06,domain=0000;var=1161;vervar=6400;turvar=0;th=121;turth=0
bps_webapi,sdg08_productivity_growth,total,2026-09-08,2021,province,6500,Kalimantan Utara,percent,1.61,Badan Pusat Statistik,webapi-var-1161-updated-2026-07-06,domain=0000;var=1161;vervar=6500;turvar=0;th=121;turth=0
bps_webapi,sdg08_productivity_growth,total,2026-09-08,2021,province,7100,Sulawesi Utara,percent,4.9,Badan Pusat Statistik,webapi-var-1161-updated-2026-07-06,domain=0000;var=1161;vervar=7100;turvar=0;th=121;turth=0
bps_webapi,sdg08_productivity_growth,total,2026-09-08,2021,province,7200,Sulawesi Tengah,percent,11.09,Badan Pusat Statistik,webapi-var-1161-updated-2026-07-06,domain=0000;var=1161;vervar=7200;turvar=0;th=121;turth=0
bps_webapi,sdg08_productivity_growth,total,2026-09-08,2021,province,7300,Sulawesi Selatan,percent,0.78,Badan Pusat Statistik,webapi-var-1161-updated-2026-07-06,domain=0000;var=1161;vervar=7300;turvar=0;th=121;turth=0
bps_webapi,sdg08_productivity_growth,total,2026-09-08,2021,province,7400,Sulawesi Tenggara,percent,1.13,Badan Pusat Statistik,webapi-var-1161-updated-2026-07-06,domain=0000;var=1161;vervar=7400;turvar=0;th=121;turth=0
bps_webapi,sdg08_productivity_growth,total,2026-09-08,2021,province,7500,Gorontalo,percent,0.56,Badan Pusat Statistik,webapi-var-1161-updated-2026-07-06,domain=0000;var=1161;vervar=7500;turvar=0;th=121;turth=0
bps_webapi,sdg08_productivity_growth,total,2026-09-08,2021,province,7600,Sulawesi Barat,percent,0.54,Badan Pusat Statistik,webapi-var-1161-updated-2026-07-06,domain=0000;var=1161;vervar=7600;turvar=0;th=121;turth=0
bps_webapi,sdg08_productivity_growth,total,2026-09-08,2021,province,8100,Maluku,percent,-0.18,Badan Pusat Statistik,webapi-var-1161-updated-2026-07-06,domain=0000;var=1161;vervar=8100;turvar=0;th=121;turth=0
bps_webapi,sdg08_productivity_growth,total,2026-09-08,2021,province,8200,Maluku Utara,percent,13.47,Badan Pusat Statistik,webapi-var-1161-updated-2026-07-06,domain=0000;var=1161;vervar=8200;turvar=0;th=121;turth=0
bps_webapi,sdg08_productivity_growth,total,2026-09-08,2021,province,9100,Papua Barat,percent,-5.52,Badan Pusat Statistik,webapi-var-1161-updated-2026-07-06,domain=0000;var=1161;vervar=9100;turvar=0;th=121;turth=0
bps_webapi,sdg08_productivity_growth,total,2026-09-08,2021,province,9400,Papua,percent,3.2,Badan Pusat Statistik,webapi-var-1161-updated-2026-07-06,domain=0000;var=1161;vervar=9400;turvar=0;th=121;turth=0
bps_webapi,sdg08_productivity_growth,total,2026-09-08,2022,national,9999,Indonesia,percent,2,Badan Pusat Statistik,webapi-var-1161-updated-2026-07-06,domain=0000;var=1161;vervar=9999;turvar=0;th=122;turth=0
bps_webapi,sdg08_productivity_growth,total,2026-09-08,2022,province,1100,Aceh,percent,2.75,Badan Pusat Statistik,webapi-var-1161-updated-2026-07-06,domain=0000;var=1161;vervar=1100;turvar=0;th=122;turth=0
bps_webapi,sdg08_productivity_growth,total,2026-09-08,2022,province,1200,Sumatera Utara,percent,2.37,Badan Pusat Statistik,webapi-var-1161-updated-2026-07-06,domain=0000;var=1161;vervar=1200;turvar=0;th=122;turth=0
bps_webapi,sdg08_productivity_growth,total,2026-09-08,2022,province,1300,Sumatera Barat,percent,0.22,Badan Pusat Statistik,webapi-var-1161-updated-2026-07-06,domain=0000;var=1161;vervar=1300;turvar=0;th=122;turth=0
bps_webapi,sdg08_productivity_growth,total,2026-09-08,2022,province,1400,Riau,percent,3.89,Badan Pusat Statistik,webapi-var-1161-updated-2026-07-06,domain=0000;var=1161;vervar=1400;turvar=0;th=122;turth=0
bps_webapi,sdg08_productivity_growth,total,2026-09-08,2022,province,1500,Jambi,percent,2.14,Badan Pusat Statistik,webapi-var-1161-updated-2026-07-06,domain=0000;var=1161;vervar=1500;turvar=0;th=122;turth=0
bps_webapi,sdg08_productivity_growth,total,2026-09-08,2022,province,1600,Sumatera Selatan,percent,2.54,Badan Pusat Statistik,webapi-var-1161-updated-2026-07-06,domain=0000;var=1161;vervar=1600;turvar=0;th=122;turth=0
bps_webapi,sdg08_productivity_growth,total,2026-09-08,2022,province,1700,Bengkulu,percent,2.73,Badan Pusat Statistik,webapi-var-1161-updated-2026-07-06,domain=0000;var=1161;vervar=1700;turvar=0;th=122;turth=0
bps_webapi,sdg08_productivity_growth,total,2026-09-08,2022,province,1800,Lampung,percent,1.82,Badan Pusat Statistik,webapi-var-1161-updated-2026-07-06,domain=0000;var=1161;vervar=1800;turvar=0;th=122;turth=0
bps_webapi,sdg08_productivity_growth,total,2026-09-08,2022,province,1900,Kep. Bangka Belitung,percent,0.18,Badan Pusat Statistik,webapi-var-1161-updated-2026-07-06,domain=0000;var=1161;vervar=1900;turvar=0;th=122;turth=0
bps_webapi,sdg08_productivity_growth,total,2026-09-08,2022,province,2100,Kep. Riau,percent,-1.17,Badan Pusat Statistik,webapi-var-1161-updated-2026-07-06,domain=0000;var=1161;vervar=2100;turvar=0;th=122;turth=0
bps_webapi,sdg08_productivity_growth,total,2026-09-08,2022,province,3100,Dki Jakarta,percent,2.28,Badan Pusat Statistik,webapi-var-1161-updated-2026-07-06,domain=0000;var=1161;vervar=3100;turvar=0;th=122;turth=0
bps_webapi,sdg08_productivity_growth,total,2026-09-08,2022,province,3200,Jawa Barat,percent,0.33,Badan Pusat Statistik,webapi-var-1161-updated-2026-07-06,domain=0000;var=1161;vervar=3200;turvar=0;th=122;turth=0
bps_webapi,sdg08_productivity_growth,total,2026-09-08,2022,province,3300,Jawa Tengah,percent,2.13,Badan Pusat Statistik,webapi-var-1161-updated-2026-07-06,domain=0000;var=1161;vervar=3300;turvar=0;th=122;turth=0
bps_webapi,sdg08_productivity_growth,total,2026-09-08,2022,province,3400,Di Yogyakarta,percent,4.56,Badan Pusat Statistik,webapi-var-1161-updated-2026-07-06,domain=0000;var=1161;vervar=3400;turvar=0;th=122;turth=0
bps_webapi,sdg08_productivity_growth,total,2026-09-08,2022,province,3500,Jawa Timur,percent,2.54,Badan Pusat Statistik,webapi-var-1161-updated-2026-07-06,domain=0000;var=1161;vervar=3500;turvar=0;th=122;turth=0
bps_webapi,sdg08_productivity_growth,total,2026-09-08,2022,province,3600,Banten,percent,0.74,Badan Pusat Statistik,webapi-var-1161-updated-2026-07-06,domain=0000;var=1161;vervar=3600;turvar=0;th=122;turth=0
bps_webapi,sdg08_productivity_growth,total,2026-09-08,2022,province,5100,Bali,percent,-1.81,Badan Pusat Statistik,webapi-var-1161-updated-2026-07-06,domain=0000;var=1161;vervar=5100;turvar=0;th=122;turth=0
bps_webapi,sdg08_productivity_growth,total,2026-09-08,2022,province,5200,Nusa Tenggara Barat,percent,4.55,Badan Pusat Statistik,webapi-var-1161-updated-2026-07-06,domain=0000;var=1161;vervar=5200;turvar=0;th=122;turth=0
bps_webapi,sdg08_productivity_growth,total,2026-09-08,2022,province,5300,Nusa Tenggara Timur,percent,-0.69,Badan Pusat Statistik,webapi-var-1161-updated-2026-07-06,domain=0000;var=1161;vervar=5300;turvar=0;th=122;turth=0
bps_webapi,sdg08_productivity_growth,total,2026-09-08,2022,province,6100,Kalimantan Barat,percent,1.98,Badan Pusat Statistik,webapi-var-1161-updated-2026-07-06,domain=0000;var=1161;vervar=6100;turvar=0;th=122;turth=0
bps_webapi,sdg08_productivity_growth,total,2026-09-08,2022,province,6200,Kalimantan Tengah,percent,6.61,Badan Pusat Statistik,webapi-var-1161-updated-2026-07-06,domain=0000;var=1161;vervar=6200;turvar=0;th=122;turth=0
bps_webapi,sdg08_productivity_growth,total,2026-09-08,2022,province,6300,Kalimantan Selatan,percent,5.97,Badan Pusat Statistik,webapi-var-1161-updated-2026-07-06,domain=0000;var=1161;vervar=6300;turvar=0;th=122;turth=0
bps_webapi,sdg08_productivity_growth,total,2026-09-08,2022,province,6400,Kalimantan Timur,percent,2.89,Badan Pusat Statistik,webapi-var-1161-updated-2026-07-06,domain=0000;var=1161;vervar=6400;turvar=0;th=122;turth=0
bps_webapi,sdg08_productivity_growth,total,2026-09-08,2022,province,6500,Kalimantan Utara,percent,0.61,Badan Pusat Statistik,webapi-var-1161-updated-2026-07-06,domain=0000;var=1161;vervar=6500;turvar=0;th=122;turth=0
bps_webapi,sdg08_productivity_growth,total,2026-09-08,2022,province,7100,Sulawesi Utara,percent,2.41,Badan Pusat Statistik,webapi-var-1161-updated-2026-07-06,domain=0000;var=1161;vervar=7100;turvar=0;th=122;turth=0
bps_webapi,sdg08_productivity_growth,total,2026-09-08,2022,province,7200,Sulawesi Tengah,percent,10.75,Badan Pusat Statistik,webapi-var-1161-updated-2026-07-06,domain=0000;var=1161;vervar=7200;turvar=0;th=122;turth=0
bps_webapi,sdg08_productivity_growth,total,2026-09-08,2022,province,7300,Sulawesi Selatan,percent,0.44,Badan Pusat Statistik,webapi-var-1161-updated-2026-07-06,domain=0000;var=1161;vervar=7300;turvar=0;th=122;turth=0
bps_webapi,sdg08_productivity_growth,total,2026-09-08,2022,province,7400,Sulawesi Tenggara,percent,4.83,Badan Pusat Statistik,webapi-var-1161-updated-2026-07-06,domain=0000;var=1161;vervar=7400;turvar=0;th=122;turth=0
bps_webapi,sdg08_productivity_growth,total,2026-09-08,2022,province,7500,Gorontalo,percent,-1.93,Badan Pusat Statistik,webapi-var-1161-updated-2026-07-06,domain=0000;var=1161;vervar=7500;turvar=0;th=122;turth=0
bps_webapi,sdg08_productivity_growth,total,2026-09-08,2022,province,7600,Sulawesi Barat,percent,-4.07,Badan Pusat Statistik,webapi-var-1161-updated-2026-07-06,domain=0000;var=1161;vervar=7600;turvar=0;th=122;turth=0
bps_webapi,sdg08_productivity_growth,total,2026-09-08,2022,province,8100,Maluku,percent,4.26,Badan Pusat Statistik,webapi-var-1161-updated-2026-07-06,domain=0000;var=1161;vervar=8100;turvar=0;th=122;turth=0
bps_webapi,sdg08_productivity_growth,total,2026-09-08,2022,province,8200,Maluku Utara,percent,19.52,Badan Pusat Statistik,webapi-var-1161-updated-2026-07-06,domain=0000;var=1161;vervar=8200;turvar=0;th=122;turth=0
bps_webapi,sdg08_productivity_growth,total,2026-09-08,2022,province,9100,Papua Barat,percent,1.18,Badan Pusat Statistik,webapi-var-1161-updated-2026-07-06,domain=0000;var=1161;vervar=9100;turvar=0;th=122;turth=0
bps_webapi,sdg08_productivity_growth,total,2026-09-08,2022,province,9400,Papua,percent,6.32,Badan Pusat Statistik,webapi-var-1161-updated-2026-07-06,domain=0000;var=1161;vervar=9400;turvar=0;th=122;turth=0
bps_webapi,sdg08_productivity_growth,total,2026-09-08,2023,national,9999,Indonesia,percent,1.63,Badan Pusat Statistik,webapi-var-1161-updated-2026-07-06,domain=0000;var=1161;vervar=9999;turvar=0;th=123;turth=0
bps_webapi,sdg08_productivity_growth,total,2026-09-08,2023,province,1100,Aceh,percent,2,Badan Pusat Statistik,webapi-var-1161-updated-2026-07-06,domain=0000;var=1161;vervar=1100;turvar=0;th=123;turth=0
bps_webapi,sdg08_productivity_growth,total,2026-09-08,2023,province,1200,Sumatera Utara,percent,0.11,Badan Pusat Statistik,webapi-var-1161-updated-2026-07-06,domain=0000;var=1161;vervar=1200;turvar=0;th=123;turth=0
bps_webapi,sdg08_productivity_growth,total,2026-09-08,2023,province,1300,Sumatera Barat,percent,-1.14,Badan Pusat Statistik,webapi-var-1161-updated-2026-07-06,domain=0000;var=1161;vervar=1300;turvar=0;th=123;turth=0
bps_webapi,sdg08_productivity_growth,total,2026-09-08,2023,province,1400,Riau,percent,9.99,Badan Pusat Statistik,webapi-var-1161-updated-2026-07-06,domain=0000;var=1161;vervar=1400;turvar=0;th=123;turth=0
bps_webapi,sdg08_productivity_growth,total,2026-09-08,2023,province,1500,Jambi,percent,4.4,Badan Pusat Statistik,webapi-var-1161-updated-2026-07-06,domain=0000;var=1161;vervar=1500;turvar=0;th=123;turth=0
bps_webapi,sdg08_productivity_growth,total,2026-09-08,2023,province,1600,Sumatera Selatan,percent,2.46,Badan Pusat Statistik,webapi-var-1161-updated-2026-07-06,domain=0000;var=1161;vervar=1600;turvar=0;th=123;turth=0
bps_webapi,sdg08_productivity_growth,total,2026-09-08,2023,province,1700,Bengkulu,percent,1.15,Badan Pusat Statistik,webapi-var-1161-updated-2026-07-06,domain=0000;var=1161;vervar=1700;turvar=0;th=123;turth=0
bps_webapi,sdg08_productivity_growth,total,2026-09-08,2023,province,1800,Lampung,percent,-2.35,Badan Pusat Statistik,webapi-var-1161-updated-2026-07-06,domain=0000;var=1161;vervar=1800;turvar=0;th=123;turth=0
bps_webapi,sdg08_productivity_growth,total,2026-09-08,2023,province,1900,Kep. Bangka Belitung,percent,1.76,Badan Pusat Statistik,webapi-var-1161-updated-2026-07-06,domain=0000;var=1161;vervar=1900;turvar=0;th=123;turth=0
bps_webapi,sdg08_productivity_growth,total,2026-09-08,2023,province,2100,Kep. Riau,percent,19.25,Badan Pusat Statistik,webapi-var-1161-updated-2026-07-06,domain=0000;var=1161;vervar=2100;turvar=0;th=123;turth=0
bps_webapi,sdg08_productivity_growth,total,2026-09-08,2023,province,3100,Dki Jakarta,percent,0.88,Badan Pusat Statistik,webapi-var-1161-updated-2026-07-06,domain=0000;var=1161;vervar=3100;turvar=0;th=123;turth=0
bps_webapi,sdg08_productivity_growth,total,2026-09-08,2023,province,3200,Jawa Barat,percent,4.77,Badan Pusat Statistik,webapi-var-1161-updated-2026-07-06,domain=0000;var=1161;vervar=3200;turvar=0;th=123;turth=0
bps_webapi,sdg08_productivity_growth,total,2026-09-08,2023,province,3300,Jawa Tengah,percent,-3.43,Badan Pusat Statistik,webapi-var-1161-updated-2026-07-06,domain=0000;var=1161;vervar=3300;turvar=0;th=123;turth=0
bps_webapi,sdg08_productivity_growth,total,2026-09-08,2023,province,3400,Di Yogyakarta,percent,10.05,Badan Pusat Statistik,webapi-var-1161-updated-2026-07-06,domain=0000;var=1161;vervar=3400;turvar=0;th=123;turth=0
bps_webapi,sdg08_productivity_growth,total,2026-09-08,2023,province,3500,Jawa Timur,percent,-0.09,Badan Pusat Statistik,webapi-var-1161-updated-2026-07-06,domain=0000;var=1161;vervar=3500;turvar=0;th=123;turth=0
bps_webapi,sdg08_productivity_growth,total,2026-09-08,2023,province,3600,Banten,percent,12.87,Badan Pusat Statistik,webapi-var-1161-updated-2026-07-06,domain=0000;var=1161;vervar=3600;turvar=0;th=123;turth=0
bps_webapi,sdg08_productivity_growth,total,2026-09-08,2023,province,5100,Bali,percent,5.29,Badan Pusat Statistik,webapi-var-1161-updated-2026-07-06,domain=0000;var=1161;vervar=5100;turvar=0;th=123;turth=0
bps_webapi,sdg08_productivity_growth,total,2026-09-08,2023,province,5200,Nusa Tenggara Barat,percent,-4.35,Badan Pusat Statistik,webapi-var-1161-updated-2026-07-06,domain=0000;var=1161;vervar=5200;turvar=0;th=123;turth=0
bps_webapi,sdg08_productivity_growth,total,2026-09-08,2023,province,5300,Nusa Tenggara Timur,percent,4.14,Badan Pusat Statistik,webapi-var-1161-updated-2026-07-06,domain=0000;var=1161;vervar=5300;turvar=0;th=123;turth=0
bps_webapi,sdg08_productivity_growth,total,2026-09-08,2023,province,6100,Kalimantan Barat,percent,-3.74,Badan Pusat Statistik,webapi-var-1161-updated-2026-07-06,domain=0000;var=1161;vervar=6100;turvar=0;th=123;turth=0
bps_webapi,sdg08_productivity_growth,total,2026-09-08,2023,province,6200,Kalimantan Tengah,percent,3.72,Badan Pusat Statistik,webapi-var-1161-updated-2026-07-06,domain=0000;var=1161;vervar=6200;turvar=0;th=123;turth=0
bps_webapi,sdg08_productivity_growth,total,2026-09-08,2023,province,6300,Kalimantan Selatan,percent,5.47,Badan Pusat Statistik,webapi-var-1161-updated-2026-07-06,domain=0000;var=1161;vervar=6300;turvar=0;th=123;turth=0
bps_webapi,sdg08_productivity_growth,total,2026-09-08,2023,province,6400,Kalimantan Timur,percent,0.45,Badan Pusat Statistik,webapi-var-1161-updated-2026-07-06,domain=0000;var=1161;vervar=6400;turvar=0;th=123;turth=0
bps_webapi,sdg08_productivity_growth,total,2026-09-08,2023,province,6500,Kalimantan Utara,percent,-0.19,Badan Pusat Statistik,webapi-var-1161-updated-2026-07-06,domain=0000;var=1161;vervar=6500;turvar=0;th=123;turth=0
bps_webapi,sdg08_productivity_growth,total,2026-09-08,2023,province,7100,Sulawesi Utara,percent,-2.19,Badan Pusat Statistik,webapi-var-1161-updated-2026-07-06,domain=0000;var=1161;vervar=7100;turvar=0;th=123;turth=0
bps_webapi,sdg08_productivity_growth,total,2026-09-08,2023,province,7200,Sulawesi Tengah,percent,14.74,Badan Pusat Statistik,webapi-var-1161-updated-2026-07-06,domain=0000;var=1161;vervar=7200;turvar=0;th=123;turth=0
bps_webapi,sdg08_productivity_growth,total,2026-09-08,2023,province,7300,Sulawesi Selatan,percent,1.32,Badan Pusat Statistik,webapi-var-1161-updated-2026-07-06,domain=0000;var=1161;vervar=7300;turvar=0;th=123;turth=0
bps_webapi,sdg08_productivity_growth,total,2026-09-08,2023,province,7400,Sulawesi Tenggara,percent,4.13,Badan Pusat Statistik,webapi-var-1161-updated-2026-07-06,domain=0000;var=1161;vervar=7400;turvar=0;th=123;turth=0
bps_webapi,sdg08_productivity_growth,total,2026-09-08,2023,province,7500,Gorontalo,percent,1.64,Badan Pusat Statistik,webapi-var-1161-updated-2026-07-06,domain=0000;var=1161;vervar=7500;turvar=0;th=123;turth=0
bps_webapi,sdg08_productivity_growth,total,2026-09-08,2023,province,7600,Sulawesi Barat,percent,3.66,Badan Pusat Statistik,webapi-var-1161-updated-2026-07-06,domain=0000;var=1161;vervar=7600;turvar=0;th=123;turth=0
bps_webapi,sdg08_productivity_growth,total,2026-09-08,2023,province,8100,Maluku,percent,-0.27,Badan Pusat Statistik,webapi-var-1161-updated-2026-07-06,domain=0000;var=1161;vervar=8100;turvar=0;th=123;turth=0
bps_webapi,sdg08_productivity_growth,total,2026-09-08,2023,province,8200,Maluku Utara,percent,12.04,Badan Pusat Statistik,webapi-var-1161-updated-2026-07-06,domain=0000;var=1161;vervar=8200;turvar=0;th=123;turth=0
bps_webapi,sdg08_productivity_growth,total,2026-09-08,2023,province,9100,Papua Barat,percent,-9.66,Badan Pusat Statistik,webapi-var-1161-updated-2026-07-06,domain=0000;var=1161;vervar=9100;turvar=0;th=123;turth=0
bps_webapi,sdg08_productivity_growth,total,2026-09-08,2023,province,9400,Papua,percent,-16.88,Badan Pusat Statistik,webapi-var-1161-updated-2026-07-06,domain=0000;var=1161;vervar=9400;turvar=0;th=123;turth=0
bps_webapi,sdg08_unemployment,total,2026-09-08,2020,national,9999,Indonesia,percent,7.07,Badan Pusat Statistik,webapi-var-543-updated-2026-05-06,domain=0000;var=543;vervar=9999;turvar=0;th=120;turth=190
bps_webapi,sdg08_unemployment,total,2026-09-08,2020,province,1100,Aceh,percent,6.59,Badan Pusat Statistik,webapi-var-543-updated-2026-05-06,domain=0000;var=543;vervar=1100;turvar=0;th=120;turth=190
bps_webapi,sdg08_unemployment,total,2026-09-08,2020,province,1200,Sumatera Utara,percent,6.91,Badan Pusat Statistik,webapi-var-543-updated-2026-05-06,domain=0000;var=543;vervar=1200;turvar=0;th=120;turth=190
bps_webapi,sdg08_unemployment,total,2026-09-08,2020,province,1300,Sumatera Barat,percent,6.88,Badan Pusat Statistik,webapi-var-543-updated-2026-05-06,domain=0000;var=543;vervar=1300;turvar=0;th=120;turth=190
bps_webapi,sdg08_unemployment,total,2026-09-08,2020,province,1400,Riau,percent,6.32,Badan Pusat Statistik,webapi-var-543-updated-2026-05-06,domain=0000;var=543;vervar=1400;turvar=0;th=120;turth=190
bps_webapi,sdg08_unemployment,total,2026-09-08,2020,province,1500,Jambi,percent,5.13,Badan Pusat Statistik,webapi-var-543-updated-2026-05-06,domain=0000;var=543;vervar=1500;turvar=0;th=120;turth=190
bps_webapi,sdg08_unemployment,total,2026-09-08,2020,province,1600,Sumatera Selatan,percent,5.51,Badan Pusat Statistik,webapi-var-543-updated-2026-05-06,domain=0000;var=543;vervar=1600;turvar=0;th=120;turth=190
bps_webapi,sdg08_unemployment,total,2026-09-08,2020,province,1700,Bengkulu,percent,4.07,Badan Pusat Statistik,webapi-var-543-updated-2026-05-06,domain=0000;var=543;vervar=1700;turvar=0;th=120;turth=190
bps_webapi,sdg08_unemployment,total,2026-09-08,2020,province,1800,Lampung,percent,4.67,Badan Pusat Statistik,webapi-var-543-updated-2026-05-06,domain=0000;var=543;vervar=1800;turvar=0;th=120;turth=190
bps_webapi,sdg08_unemployment,total,2026-09-08,2020,province,1900,Kep. Bangka Belitung,percent,5.25,Badan Pusat Statistik,webapi-var-543-updated-2026-05-06,domain=0000;var=543;vervar=1900;turvar=0;th=120;turth=190
bps_webapi,sdg08_unemployment,total,2026-09-08,2020,province,2100,Kep. Riau,percent,10.34,Badan Pusat Statistik,webapi-var-543-updated-2026-05-06,domain=0000;var=543;vervar=2100;turvar=0;th=120;turth=190
bps_webapi,sdg08_unemployment,total,2026-09-08,2020,province,3100,Dki Jakarta,percent,10.95,Badan Pusat Statistik,webapi-var-543-updated-2026-05-06,domain=0000;var=543;vervar=3100;turvar=0;th=120;turth=190
bps_webapi,sdg08_unemployment,total,2026-09-08,2020,province,3200,Jawa Barat,percent,10.46,Badan Pusat Statistik,webapi-var-543-updated-2026-05-06,domain=0000;var=543;vervar=3200;turvar=0;th=120;turth=190
bps_webapi,sdg08_unemployment,total,2026-09-08,2020,province,3300,Jawa Tengah,percent,6.48,Badan Pusat Statistik,webapi-var-543-updated-2026-05-06,domain=0000;var=543;vervar=3300;turvar=0;th=120;turth=190
bps_webapi,sdg08_unemployment,total,2026-09-08,2020,province,3400,Di Yogyakarta,percent,4.57,Badan Pusat Statistik,webapi-var-543-updated-2026-05-06,domain=0000;var=543;vervar=3400;turvar=0;th=120;turth=190
bps_webapi,sdg08_unemployment,total,2026-09-08,2020,province,3500,Jawa Timur,percent,5.84,Badan Pusat Statistik,webapi-var-543-updated-2026-05-06,domain=0000;var=543;vervar=3500;turvar=0;th=120;turth=190
bps_webapi,sdg08_unemployment,total,2026-09-08,2020,province,3600,Banten,percent,10.64,Badan Pusat Statistik,webapi-var-543-updated-2026-05-06,domain=0000;var=543;vervar=3600;turvar=0;th=120;turth=190
bps_webapi,sdg08_unemployment,total,2026-09-08,2020,province,5100,Bali,percent,5.63,Badan Pusat Statistik,webapi-var-543-updated-2026-05-06,domain=0000;var=543;vervar=5100;turvar=0;th=120;turth=190
bps_webapi,sdg08_unemployment,total,2026-09-08,2020,province,5200,Nusa Tenggara Barat,percent,4.22,Badan Pusat Statistik,webapi-var-543-updated-2026-05-06,domain=0000;var=543;vervar=5200;turvar=0;th=120;turth=190
bps_webapi,sdg08_unemployment,total,2026-09-08,2020,province,5300,Nusa Tenggara Timur,percent,4.28,Badan Pusat Statistik,webapi-var-543-updated-2026-05-06,domain=0000;var=543;vervar=5300;turvar=0;th=120;turth=190
bps_webapi,sdg08_unemployment,total,2026-09-08,2020,province,6100,Kalimantan Barat,percent,5.81,Badan Pusat Statistik,webapi-var-543-updated-2026-05-06,domain=0000;var=543;vervar=6100;turvar=0;th=120;turth=190
bps_webapi,sdg08_unemployment,total,2026-09-08,2020,province,6200,Kalimantan Tengah,percent,4.58,Badan Pusat Statistik,webapi-var-543-updated-2026-05-06,domain=0000;var=543;vervar=6200;turvar=0;th=120;turth=190
bps_webapi,sdg08_unemployment,total,2026-09-08,2020,province,6300,Kalimantan Selatan,percent,4.74,Badan Pusat Statistik,webapi-var-543-updated-2026-05-06,domain=0000;var=543;vervar=6300;turvar=0;th=120;turth=190
bps_webapi,sdg08_unemployment,total,2026-09-08,2020,province,6400,Kalimantan Timur,percent,6.87,Badan Pusat Statistik,webapi-var-543-updated-2026-05-06,domain=0000;var=543;vervar=6400;turvar=0;th=120;turth=190
bps_webapi,sdg08_unemployment,total,2026-09-08,2020,province,6500,Kalimantan Utara,percent,4.97,Badan Pusat Statistik,webapi-var-543-updated-2026-05-06,domain=0000;var=543;vervar=6500;turvar=0;th=120;turth=190
bps_webapi,sdg08_unemployment,total,2026-09-08,2020,province,7100,Sulawesi Utara,percent,7.37,Badan Pusat Statistik,webapi-var-543-updated-2026-05-06,domain=0000;var=543;vervar=7100;turvar=0;th=120;turth=190
bps_webapi,sdg08_unemployment,total,2026-09-08,2020,province,7200,Sulawesi Tengah,percent,3.77,Badan Pusat Statistik,webapi-var-543-updated-2026-05-06,domain=0000;var=543;vervar=7200;turvar=0;th=120;turth=190
bps_webapi,sdg08_unemployment,total,2026-09-08,2020,province,7300,Sulawesi Selatan,percent,6.31,Badan Pusat Statistik,webapi-var-543-updated-2026-05-06,domain=0000;var=543;vervar=7300;turvar=0;th=120;turth=190
bps_webapi,sdg08_unemployment,total,2026-09-08,2020,province,7400,Sulawesi Tenggara,percent,4.58,Badan Pusat Statistik,webapi-var-543-updated-2026-05-06,domain=0000;var=543;vervar=7400;turvar=0;th=120;turth=190
bps_webapi,sdg08_unemployment,total,2026-09-08,2020,province,7500,Gorontalo,percent,4.28,Badan Pusat Statistik,webapi-var-543-updated-2026-05-06,domain=0000;var=543;vervar=7500;turvar=0;th=120;turth=190
bps_webapi,sdg08_unemployment,total,2026-09-08,2020,province,7600,Sulawesi Barat,percent,3.32,Badan Pusat Statistik,webapi-var-543-updated-2026-05-06,domain=0000;var=543;vervar=7600;turvar=0;th=120;turth=190
bps_webapi,sdg08_unemployment,total,2026-09-08,2020,province,8100,Maluku,percent,7.57,Badan Pusat Statistik,webapi-var-543-updated-2026-05-06,domain=0000;var=543;vervar=8100;turvar=0;th=120;turth=190
bps_webapi,sdg08_unemployment,total,2026-09-08,2020,province,8200,Maluku Utara,percent,5.15,Badan Pusat Statistik,webapi-var-543-updated-2026-05-06,domain=0000;var=543;vervar=8200;turvar=0;th=120;turth=190
bps_webapi,sdg08_unemployment,total,2026-09-08,2020,province,9100,Papua Barat,percent,6.8,Badan Pusat Statistik,webapi-var-543-updated-2026-05-06,domain=0000;var=543;vervar=9100;turvar=0;th=120;turth=190
bps_webapi,sdg08_unemployment,total,2026-09-08,2020,province,9400,Papua,percent,4.28,Badan Pusat Statistik,webapi-var-543-updated-2026-05-06,domain=0000;var=543;vervar=9400;turvar=0;th=120;turth=190
bps_webapi,sdg08_unemployment,total,2026-09-08,2021,national,9999,Indonesia,percent,6.49,Badan Pusat Statistik,webapi-var-543-updated-2026-05-06,domain=0000;var=543;vervar=9999;turvar=0;th=121;turth=190
bps_webapi,sdg08_unemployment,total,2026-09-08,2021,province,1100,Aceh,percent,6.3,Badan Pusat Statistik,webapi-var-543-updated-2026-05-06,domain=0000;var=543;vervar=1100;turvar=0;th=121;turth=190
bps_webapi,sdg08_unemployment,total,2026-09-08,2021,province,1200,Sumatera Utara,percent,6.33,Badan Pusat Statistik,webapi-var-543-updated-2026-05-06,domain=0000;var=543;vervar=1200;turvar=0;th=121;turth=190
bps_webapi,sdg08_unemployment,total,2026-09-08,2021,province,1300,Sumatera Barat,percent,6.52,Badan Pusat Statistik,webapi-var-543-updated-2026-05-06,domain=0000;var=543;vervar=1300;turvar=0;th=121;turth=190
bps_webapi,sdg08_unemployment,total,2026-09-08,2021,province,1400,Riau,percent,4.42,Badan Pusat Statistik,webapi-var-543-updated-2026-05-06,domain=0000;var=543;vervar=1400;turvar=0;th=121;turth=190
bps_webapi,sdg08_unemployment,total,2026-09-08,2021,province,1500,Jambi,percent,5.09,Badan Pusat Statistik,webapi-var-543-updated-2026-05-06,domain=0000;var=543;vervar=1500;turvar=0;th=121;turth=190
bps_webapi,sdg08_unemployment,total,2026-09-08,2021,province,1600,Sumatera Selatan,percent,4.98,Badan Pusat Statistik,webapi-var-543-updated-2026-05-06,domain=0000;var=543;vervar=1600;turvar=0;th=121;turth=190
bps_webapi,sdg08_unemployment,total,2026-09-08,2021,province,1700,Bengkulu,percent,3.65,Badan Pusat Statistik,webapi-var-543-updated-2026-05-06,domain=0000;var=543;vervar=1700;turvar=0;th=121;turth=190
bps_webapi,sdg08_unemployment,total,2026-09-08,2021,province,1800,Lampung,percent,4.69,Badan Pusat Statistik,webapi-var-543-updated-2026-05-06,domain=0000;var=543;vervar=1800;turvar=0;th=121;turth=190
bps_webapi,sdg08_unemployment,total,2026-09-08,2021,province,1900,Kep. Bangka Belitung,percent,5.03,Badan Pusat Statistik,webapi-var-543-updated-2026-05-06,domain=0000;var=543;vervar=1900;turvar=0;th=121;turth=190
bps_webapi,sdg08_unemployment,total,2026-09-08,2021,province,2100,Kep. Riau,percent,9.91,Badan Pusat Statistik,webapi-var-543-updated-2026-05-06,domain=0000;var=543;vervar=2100;turvar=0;th=121;turth=190
bps_webapi,sdg08_unemployment,total,2026-09-08,2021,province,3100,Dki Jakarta,percent,8.5,Badan Pusat Statistik,webapi-var-543-updated-2026-05-06,domain=0000;var=543;vervar=3100;turvar=0;th=121;turth=190
bps_webapi,sdg08_unemployment,total,2026-09-08,2021,province,3200,Jawa Barat,percent,9.82,Badan Pusat Statistik,webapi-var-543-updated-2026-05-06,domain=0000;var=543;vervar=3200;turvar=0;th=121;turth=190
bps_webapi,sdg08_unemployment,total,2026-09-08,2021,province,3300,Jawa Tengah,percent,5.95,Badan Pusat Statistik,webapi-var-543-updated-2026-05-06,domain=0000;var=543;vervar=3300;turvar=0;th=121;turth=190
bps_webapi,sdg08_unemployment,total,2026-09-08,2021,province,3400,Di Yogyakarta,percent,4.56,Badan Pusat Statistik,webapi-var-543-updated-2026-05-06,domain=0000;var=543;vervar=3400;turvar=0;th=121;turth=190
bps_webapi,sdg08_unemployment,total,2026-09-08,2021,province,3500,Jawa Timur,percent,5.74,Badan Pusat Statistik,webapi-var-543-updated-2026-05-06,domain=0000;var=543;vervar=3500;turvar=0;th=121;turth=190
bps_webapi,sdg08_unemployment,total,2026-09-08,2021,province,3600,Banten,percent,8.98,Badan Pusat Statistik,webapi-var-543-updated-2026-05-06,domain=0000;var=543;vervar=3600;turvar=0;th=121;turth=190
bps_webapi,sdg08_unemployment,total,2026-09-08,2021,province,5100,Bali,percent,5.37,Badan Pusat Statistik,webapi-var-543-updated-2026-05-06,domain=0000;var=543;vervar=5100;turvar=0;th=121;turth=190
bps_webapi,sdg08_unemployment,total,2026-09-08,2021,province,5200,Nusa Tenggara Barat,percent,3.01,Badan Pusat Statistik,webapi-var-543-updated-2026-05-06,domain=0000;var=543;vervar=5200;turvar=0;th=121;turth=190
bps_webapi,sdg08_unemployment,total,2026-09-08,2021,province,5300,Nusa Tenggara Timur,percent,3.77,Badan Pusat Statistik,webapi-var-543-updated-2026-05-06,domain=0000;var=543;vervar=5300;turvar=0;th=121;turth=190
bps_webapi,sdg08_unemployment,total,2026-09-08,2021,province,6100,Kalimantan Barat,percent,5.82,Badan Pusat Statistik,webapi-var-543-updated-2026-05-06,domain=0000;var=543;vervar=6100;turvar=0;th=121;turth=190
bps_webapi,sdg08_unemployment,total,2026-09-08,2021,province,6200,Kalimantan Tengah,percent,4.53,Badan Pusat Statistik,webapi-var-543-updated-2026-05-06,domain=0000;var=543;vervar=6200;turvar=0;th=121;turth=190
bps_webapi,sdg08_unemployment,total,2026-09-08,2021,province,6300,Kalimantan Selatan,percent,4.95,Badan Pusat Statistik,webapi-var-543-updated-2026-05-06,domain=0000;var=543;vervar=6300;turvar=0;th=121;turth=190
bps_webapi,sdg08_unemployment,total,2026-09-08,2021,province,6400,Kalimantan Timur,percent,6.83,Badan Pusat Statistik,webapi-var-543-updated-2026-05-06,domain=0000;var=543;vervar=6400;turvar=0;th=121;turth=190
bps_webapi,sdg08_unemployment,total,2026-09-08,2021,province,6500,Kalimantan Utara,percent,4.58,Badan Pusat Statistik,webapi-var-543-updated-2026-05-06,domain=0000;var=543;vervar=6500;turvar=0;th=121;turth=190
bps_webapi,sdg08_unemployment,total,2026-09-08,2021,province,7100,Sulawesi Utara,percent,7.06,Badan Pusat Statistik,webapi-var-543-updated-2026-05-06,domain=0000;var=543;vervar=7100;turvar=0;th=121;turth=190
bps_webapi,sdg08_unemployment,total,2026-09-08,2021,province,7200,Sulawesi Tengah,percent,3.75,Badan Pusat Statistik,webapi-var-543-updated-2026-05-06,domain=0000;var=543;vervar=7200;turvar=0;th=121;turth=190
bps_webapi,sdg08_unemployment,total,2026-09-08,2021,province,7300,Sulawesi Selatan,percent,5.72,Badan Pusat Statistik,webapi-var-543-updated-2026-05-06,domain=0000;var=543;vervar=7300;turvar=0;th=121;turth=190
bps_webapi,sdg08_unemployment,total,2026-09-08,2021,province,7400,Sulawesi Tenggara,percent,3.92,Badan Pusat Statistik,webapi-var-543-updated-2026-05-06,domain=0000;var=543;vervar=7400;turvar=0;th=121;turth=190
bps_webapi,sdg08_unemployment,total,2026-09-08,2021,province,7500,Gorontalo,percent,3.01,Badan Pusat Statistik,webapi-var-543-updated-2026-05-06,domain=0000;var=543;vervar=7500;turvar=0;th=121;turth=190
bps_webapi,sdg08_unemployment,total,2026-09-08,2021,province,7600,Sulawesi Barat,percent,3.13,Badan Pusat Statistik,webapi-var-543-updated-2026-05-06,domain=0000;var=543;vervar=7600;turvar=0;th=121;turth=190
bps_webapi,sdg08_unemployment,total,2026-09-08,2021,province,8100,Maluku,percent,6.93,Badan Pusat Statistik,webapi-var-543-updated-2026-05-06,domain=0000;var=543;vervar=8100;turvar=0;th=121;turth=190
bps_webapi,sdg08_unemployment,total,2026-09-08,2021,province,8200,Maluku Utara,percent,4.71,Badan Pusat Statistik,webapi-var-543-updated-2026-05-06,domain=0000;var=543;vervar=8200;turvar=0;th=121;turth=190
bps_webapi,sdg08_unemployment,total,2026-09-08,2021,province,9100,Papua Barat,percent,5.84,Badan Pusat Statistik,webapi-var-543-updated-2026-05-06,domain=0000;var=543;vervar=9100;turvar=0;th=121;turth=190
bps_webapi,sdg08_unemployment,total,2026-09-08,2021,province,9400,Papua,percent,3.33,Badan Pusat Statistik,webapi-var-543-updated-2026-05-06,domain=0000;var=543;vervar=9400;turvar=0;th=121;turth=190
bps_webapi,sdg08_unemployment,total,2026-09-08,2022,national,9999,Indonesia,percent,5.86,Badan Pusat Statistik,webapi-var-543-updated-2026-05-06,domain=0000;var=543;vervar=9999;turvar=0;th=122;turth=190
bps_webapi,sdg08_unemployment,total,2026-09-08,2022,province,1100,Aceh,percent,6.17,Badan Pusat Statistik,webapi-var-543-updated-2026-05-06,domain=0000;var=543;vervar=1100;turvar=0;th=122;turth=190
bps_webapi,sdg08_unemployment,total,2026-09-08,2022,province,1200,Sumatera Utara,percent,6.16,Badan Pusat Statistik,webapi-var-543-updated-2026-05-06,domain=0000;var=543;vervar=1200;turvar=0;th=122;turth=190
bps_webapi,sdg08_unemployment,total,2026-09-08,2022,province,1300,Sumatera Barat,percent,6.28,Badan Pusat Statistik,webapi-var-543-updated-2026-05-06,domain=0000;var=543;vervar=1300;turvar=0;th=122;turth=190
bps_webapi,sdg08_unemployment,total,2026-09-08,2022,province,1400,Riau,percent,4.37,Badan Pusat Statistik,webapi-var-543-updated-2026-05-06,domain=0000;var=543;vervar=1400;turvar=0;th=122;turth=190
bps_webapi,sdg08_unemployment,total,2026-09-08,2022,province,1500,Jambi,percent,4.59,Badan Pusat Statistik,webapi-var-543-updated-2026-05-06,domain=0000;var=543;vervar=1500;turvar=0;th=122;turth=190
bps_webapi,sdg08_unemployment,total,2026-09-08,2022,province,1600,Sumatera Selatan,percent,4.63,Badan Pusat Statistik,webapi-var-543-updated-2026-05-06,domain=0000;var=543;vervar=1600;turvar=0;th=122;turth=190
bps_webapi,sdg08_unemployment,total,2026-09-08,2022,province,1700,Bengkulu,percent,3.59,Badan Pusat Statistik,webapi-var-543-updated-2026-05-06,domain=0000;var=543;vervar=1700;turvar=0;th=122;turth=190
bps_webapi,sdg08_unemployment,total,2026-09-08,2022,province,1800,Lampung,percent,4.52,Badan Pusat Statistik,webapi-var-543-updated-2026-05-06,domain=0000;var=543;vervar=1800;turvar=0;th=122;turth=190
bps_webapi,sdg08_unemployment,total,2026-09-08,2022,province,1900,Kep. Bangka Belitung,percent,4.77,Badan Pusat Statistik,webapi-var-543-updated-2026-05-06,domain=0000;var=543;vervar=1900;turvar=0;th=122;turth=190
bps_webapi,sdg08_unemployment,total,2026-09-08,2022,province,2100,Kep. Riau,percent,8.23,Badan Pusat Statistik,webapi-var-543-updated-2026-05-06,domain=0000;var=543;vervar=2100;turvar=0;th=122;turth=190
bps_webapi,sdg08_unemployment,total,2026-09-08,2022,province,3100,Dki Jakarta,percent,7.18,Badan Pusat Statistik,webapi-var-543-updated-2026-05-06,domain=0000;var=543;vervar=3100;turvar=0;th=122;turth=190
bps_webapi,sdg08_unemployment,total,2026-09-08,2022,province,3200,Jawa Barat,percent,8.31,Badan Pusat Statistik,webapi-var-543-updated-2026-05-06,domain=0000;var=543;vervar=3200;turvar=0;th=122;turth=190
bps_webapi,sdg08_unemployment,total,2026-09-08,2022,province,3300,Jawa Tengah,percent,5.57,Badan Pusat Statistik,webapi-var-543-updated-2026-05-06,domain=0000;var=543;vervar=3300;turvar=0;th=122;turth=190
bps_webapi,sdg08_unemployment,total,2026-09-08,2022,province,3400,Di Yogyakarta,percent,4.06,Badan Pusat Statistik,webapi-var-543-updated-2026-05-06,domain=0000;var=543;vervar=3400;turvar=0;th=122;turth=190
bps_webapi,sdg08_unemployment,total,2026-09-08,2022,province,3500,Jawa Timur,percent,5.49,Badan Pusat Statistik,webapi-var-543-updated-2026-05-06,domain=0000;var=543;vervar=3500;turvar=0;th=122;turth=190
bps_webapi,sdg08_unemployment,total,2026-09-08,2022,province,3600,Banten,percent,8.09,Badan Pusat Statistik,webapi-var-543-updated-2026-05-06,domain=0000;var=543;vervar=3600;turvar=0;th=122;turth=190
bps_webapi,sdg08_unemployment,total,2026-09-08,2022,province,5100,Bali,percent,4.8,Badan Pusat Statistik,webapi-var-543-updated-2026-05-06,domain=0000;var=543;vervar=5100;turvar=0;th=122;turth=190
bps_webapi,sdg08_unemployment,total,2026-09-08,2022,province,5200,Nusa Tenggara Barat,percent,2.89,Badan Pusat Statistik,webapi-var-543-updated-2026-05-06,domain=0000;var=543;vervar=5200;turvar=0;th=122;turth=190
bps_webapi,sdg08_unemployment,total,2026-09-08,2022,province,5300,Nusa Tenggara Timur,percent,3.54,Badan Pusat Statistik,webapi-var-543-updated-2026-05-06,domain=0000;var=543;vervar=5300;turvar=0;th=122;turth=190
bps_webapi,sdg08_unemployment,total,2026-09-08,2022,province,6100,Kalimantan Barat,percent,5.11,Badan Pusat Statistik,webapi-var-543-updated-2026-05-06,domain=0000;var=543;vervar=6100;turvar=0;th=122;turth=190
bps_webapi,sdg08_unemployment,total,2026-09-08,2022,province,6200,Kalimantan Tengah,percent,4.26,Badan Pusat Statistik,webapi-var-543-updated-2026-05-06,domain=0000;var=543;vervar=6200;turvar=0;th=122;turth=190
bps_webapi,sdg08_unemployment,total,2026-09-08,2022,province,6300,Kalimantan Selatan,percent,4.74,Badan Pusat Statistik,webapi-var-543-updated-2026-05-06,domain=0000;var=543;vervar=6300;turvar=0;th=122;turth=190
bps_webapi,sdg08_unemployment,total,2026-09-08,2022,province,6400,Kalimantan Timur,percent,5.71,Badan Pusat Statistik,webapi-var-543-updated-2026-05-06,domain=0000;var=543;vervar=6400;turvar=0;th=122;turth=190
bps_webapi,sdg08_unemployment,total,2026-09-08,2022,province,6500,Kalimantan Utara,percent,4.33,Badan Pusat Statistik,webapi-var-543-updated-2026-05-06,domain=0000;var=543;vervar=6500;turvar=0;th=122;turth=190
bps_webapi,sdg08_unemployment,total,2026-09-08,2022,province,7100,Sulawesi Utara,percent,6.61,Badan Pusat Statistik,webapi-var-543-updated-2026-05-06,domain=0000;var=543;vervar=7100;turvar=0;th=122;turth=190
bps_webapi,sdg08_unemployment,total,2026-09-08,2022,province,7200,Sulawesi Tengah,percent,3,Badan Pusat Statistik,webapi-var-543-updated-2026-05-06,domain=0000;var=543;vervar=7200;turvar=0;th=122;turth=190
bps_webapi,sdg08_unemployment,total,2026-09-08,2022,province,7300,Sulawesi Selatan,percent,4.51,Badan Pusat Statistik,webapi-var-543-updated-2026-05-06,domain=0000;var=543;vervar=7300;turvar=0;th=122;turth=190
bps_webapi,sdg08_unemployment,total,2026-09-08,2022,province,7400,Sulawesi Tenggara,percent,3.36,Badan Pusat Statistik,webapi-var-543-updated-2026-05-06,domain=0000;var=543;vervar=7400;turvar=0;th=122;turth=190
bps_webapi,sdg08_unemployment,total,2026-09-08,2022,province,7500,Gorontalo,percent,2.58,Badan Pusat Statistik,webapi-var-543-updated-2026-05-06,domain=0000;var=543;vervar=7500;turvar=0;th=122;turth=190
bps_webapi,sdg08_unemployment,total,2026-09-08,2022,province,7600,Sulawesi Barat,percent,2.34,Badan Pusat Statistik,webapi-var-543-updated-2026-05-06,domain=0000;var=543;vervar=7600;turvar=0;th=122;turth=190
bps_webapi,sdg08_unemployment,total,2026-09-08,2022,province,8100,Maluku,percent,6.88,Badan Pusat Statistik,webapi-var-543-updated-2026-05-06,domain=0000;var=543;vervar=8100;turvar=0;th=122;turth=190
bps_webapi,sdg08_unemployment,total,2026-09-08,2022,province,8200,Maluku Utara,percent,3.98,Badan Pusat Statistik,webapi-var-543-updated-2026-05-06,domain=0000;var=543;vervar=8200;turvar=0;th=122;turth=190
bps_webapi,sdg08_unemployment,total,2026-09-08,2022,province,9100,Papua Barat,percent,5.37,Badan Pusat Statistik,webapi-var-543-updated-2026-05-06,domain=0000;var=543;vervar=9100;turvar=0;th=122;turth=190
bps_webapi,sdg08_unemployment,total,2026-09-08,2022,province,9400,Papua,percent,2.83,Badan Pusat Statistik,webapi-var-543-updated-2026-05-06,domain=0000;var=543;vervar=9400;turvar=0;th=122;turth=190
bps_webapi,sdg08_unemployment,total,2026-09-08,2023,national,9999,Indonesia,percent,5.32,Badan Pusat Statistik,webapi-var-543-updated-2026-05-06,domain=0000;var=543;vervar=9999;turvar=0;th=123;turth=190
bps_webapi,sdg08_unemployment,total,2026-09-08,2023,province,1100,Aceh,percent,6.03,Badan Pusat Statistik,webapi-var-543-updated-2026-05-06,domain=0000;var=543;vervar=1100;turvar=0;th=123;turth=190
bps_webapi,sdg08_unemployment,total,2026-09-08,2023,province,1200,Sumatera Utara,percent,5.89,Badan Pusat Statistik,webapi-var-543-updated-2026-05-06,domain=0000;var=543;vervar=1200;turvar=0;th=123;turth=190
bps_webapi,sdg08_unemployment,total,2026-09-08,2023,province,1300,Sumatera Barat,percent,5.94,Badan Pusat Statistik,webapi-var-543-updated-2026-05-06,domain=0000;var=543;vervar=1300;turvar=0;th=123;turth=190
bps_webapi,sdg08_unemployment,total,2026-09-08,2023,province,1400,Riau,percent,4.23,Badan Pusat Statistik,webapi-var-543-updated-2026-05-06,domain=0000;var=543;vervar=1400;turvar=0;th=123;turth=190
bps_webapi,sdg08_unemployment,total,2026-09-08,2023,province,1500,Jambi,percent,4.53,Badan Pusat Statistik,webapi-var-543-updated-2026-05-06,domain=0000;var=543;vervar=1500;turvar=0;th=123;turth=190
bps_webapi,sdg08_unemployment,total,2026-09-08,2023,province,1600,Sumatera Selatan,percent,4.11,Badan Pusat Statistik,webapi-var-543-updated-2026-05-06,domain=0000;var=543;vervar=1600;turvar=0;th=123;turth=190
bps_webapi,sdg08_unemployment,total,2026-09-08,2023,province,1700,Bengkulu,percent,3.42,Badan Pusat Statistik,webapi-var-543-updated-2026-05-06,domain=0000;var=543;vervar=1700;turvar=0;th=123;turth=190
bps_webapi,sdg08_unemployment,total,2026-09-08,2023,province,1800,Lampung,percent,4.23,Badan Pusat Statistik,webapi-var-543-updated-2026-05-06,domain=0000;var=543;vervar=1800;turvar=0;th=123;turth=190
bps_webapi,sdg08_unemployment,total,2026-09-08,2023,province,1900,Kep. Bangka Belitung,percent,4.56,Badan Pusat Statistik,webapi-var-543-updated-2026-05-06,domain=0000;var=543;vervar=1900;turvar=0;th=123;turth=190
bps_webapi,sdg08_unemployment,total,2026-09-08,2023,province,2100,Kep. Riau,percent,6.8,Badan Pusat Statistik,webapi-var-543-updated-2026-05-06,domain=0000;var=543;vervar=2100;turvar=0;th=123;turth=190
bps_webapi,sdg08_unemployment,total,2026-09-08,2023,province,3100,Dki Jakarta,percent,6.53,Badan Pusat Statistik,webapi-var-543-updated-2026-05-06,domain=0000;var=543;vervar=3100;turvar=0;th=123;turth=190
bps_webapi,sdg08_unemployment,total,2026-09-08,2023,province,3200,Jawa Barat,percent,7.44,Badan Pusat Statistik,webapi-var-543-updated-2026-05-06,domain=0000;var=543;vervar=3200;turvar=0;th=123;turth=190
bps_webapi,sdg08_unemployment,total,2026-09-08,2023,province,3300,Jawa Tengah,percent,5.13,Badan Pusat Statistik,webapi-var-543-updated-2026-05-06,domain=0000;var=543;vervar=3300;turvar=0;th=123;turth=190
bps_webapi,sdg08_unemployment,total,2026-09-08,2023,province,3400,Di Yogyakarta,percent,3.69,Badan Pusat Statistik,webapi-var-543-updated-2026-05-06,domain=0000;var=543;vervar=3400;turvar=0;th=123;turth=190
bps_webapi,sdg08_unemployment,total,2026-09-08,2023,province,3500,Jawa Timur,percent,4.88,Badan Pusat Statistik,webapi-var-543-updated-2026-05-06,domain=0000;var=543;vervar=3500;turvar=0;th=123;turth=190
bps_webapi,sdg08_unemployment,total,2026-09-08,2023,province,3600,Banten,percent,7.52,Badan Pusat Statistik,webapi-var-543-updated-2026-05-06,domain=0000;var=543;vervar=3600;turvar=0;th=123;turth=190
bps_webapi,sdg08_unemployment,total,2026-09-08,2023,province,5100,Bali,percent,2.69,Badan Pusat Statistik,webapi-var-543-updated-2026-05-06,domain=0000;var=543;vervar=5100;turvar=0;th=123;turth=190
bps_webapi,sdg08_unemployment,total,2026-09-08,2023,province,5200,Nusa Tenggara Barat,percent,2.8,Badan Pusat Statistik,webapi-var-543-updated-2026-05-06,domain=0000;var=543;vervar=5200;turvar=0;th=123;turth=190
bps_webapi,sdg08_unemployment,total,2026-09-08,2023,province,5300,Nusa Tenggara Timur,percent,3.14,Badan Pusat Statistik,webapi-var-543-updated-2026-05-06,domain=0000;var=543;vervar=5300;turvar=0;th=123;turth=190
bps_webapi,sdg08_unemployment,total,2026-09-08,2023,province,6100,Kalimantan Barat,percent,5.05,Badan Pusat Statistik,webapi-var-543-updated-2026-05-06,domain=0000;var=543;vervar=6100;turvar=0;th=123;turth=190
bps_webapi,sdg08_unemployment,total,2026-09-08,2023,province,6200,Kalimantan Tengah,percent,4.1,Badan Pusat Statistik,webapi-var-543-updated-2026-05-06,domain=0000;var=543;vervar=6200;turvar=0;th=123;turth=190
bps_webapi,sdg08_unemployment,total,2026-09-08,2023,province,6300,Kalimantan Selatan,percent,4.31,Badan Pusat Statistik,webapi-var-543-updated-2026-05-06,domain=0000;var=543;vervar=6300;turvar=0;th=123;turth=190
bps_webapi,sdg08_unemployment,total,2026-09-08,2023,province,6400,Kalimantan Timur,percent,5.31,Badan Pusat Statistik,webapi-var-543-updated-2026-05-06,domain=0000;var=543;vervar=6400;turvar=0;th=123;turth=190
bps_webapi,sdg08_unemployment,total,2026-09-08,2023,province,6500,Kalimantan Utara,percent,4.01,Badan Pusat Statistik,webapi-var-543-updated-2026-05-06,domain=0000;var=543;vervar=6500;turvar=0;th=123;turth=190
bps_webapi,sdg08_unemployment,total,2026-09-08,2023,province,7100,Sulawesi Utara,percent,6.1,Badan Pusat Statistik,webapi-var-543-updated-2026-05-06,domain=0000;var=543;vervar=7100;turvar=0;th=123;turth=190
bps_webapi,sdg08_unemployment,total,2026-09-08,2023,province,7200,Sulawesi Tengah,percent,2.95,Badan Pusat Statistik,webapi-var-543-updated-2026-05-06,domain=0000;var=543;vervar=7200;turvar=0;th=123;turth=190
bps_webapi,sdg08_unemployment,total,2026-09-08,2023,province,7300,Sulawesi Selatan,percent,4.33,Badan Pusat Statistik,webapi-var-543-updated-2026-05-06,domain=0000;var=543;vervar=7300;turvar=0;th=123;turth=190
bps_webapi,sdg08_unemployment,total,2026-09-08,2023,province,7400,Sulawesi Tenggara,percent,3.15,Badan Pusat Statistik,webapi-var-543-updated-2026-05-06,domain=0000;var=543;vervar=7400;turvar=0;th=123;turth=190
bps_webapi,sdg08_unemployment,total,2026-09-08,2023,province,7500,Gorontalo,percent,3.06,Badan Pusat Statistik,webapi-var-543-updated-2026-05-06,domain=0000;var=543;vervar=7500;turvar=0;th=123;turth=190
bps_webapi,sdg08_unemployment,total,2026-09-08,2023,province,7600,Sulawesi Barat,percent,2.27,Badan Pusat Statistik,webapi-var-543-updated-2026-05-06,domain=0000;var=543;vervar=7600;turvar=0;th=123;turth=190
bps_webapi,sdg08_unemployment,total,2026-09-08,2023,province,8100,Maluku,percent,6.31,Badan Pusat Statistik,webapi-var-543-updated-2026-05-06,domain=0000;var=543;vervar=8100;turvar=0;th=123;turth=190
bps_webapi,sdg08_unemployment,total,2026-09-08,2023,province,8200,Maluku Utara,percent,4.31,Badan Pusat Statistik,webapi-var-543-updated-2026-05-06,domain=0000;var=543;vervar=8200;turvar=0;th=123;turth=190
bps_webapi,sdg08_unemployment,total,2026-09-08,2023,province,9100,Papua Barat,percent,5.38,Badan Pusat Statistik,webapi-var-543-updated-2026-05-06,domain=0000;var=543;vervar=9100;turvar=0;th=123;turth=190
bps_webapi,sdg08_unemployment,total,2026-09-08,2023,province,9400,Papua,percent,2.67,Badan Pusat Statistik,webapi-var-543-updated-2026-05-06,domain=0000;var=543;vervar=9400;turvar=0;th=123;turth=190
