edge_id,from_node_id,to_node_id,relationship,observation_id,cell_id,evidence_basis,treatment_id
edge:02c6a301b3e089359a08,source_artifact:5b60d57510ca563f2783,source_record:07204f7959a158920906,artifact_contains_record,05a8528c88245297d4ba,5b5eeef107bb6f124496,artifact checksum plus exact source locator and H6 cell coordinates,
edge:046efc2b287c96f07b43,source_artifact:5b60d57510ca563f2783,source_record:7e35d4e934c4fa296c7d,artifact_contains_record,6ad6dfc4b05d0f292d1f,425bfdd5ca02ab3e3cc1,artifact checksum plus exact source locator and H6 cell coordinates,
edge:0d3e2e52a129b644b0fb,source_artifact:5b60d57510ca563f2783,source_record:4ed2457911a60c3d488b,artifact_contains_record,211b04665de26cd11d77,53b2a1ef09a68d6c5173,artifact checksum plus exact source locator and H6 cell coordinates,
edge:1e806315fcb3d6bafcf5,source_artifact:a3b2d14f73a6944e5daa,source_record:621b059bcf550a1ead3a,artifact_contains_record,09bd4158de9b28a03d83,1c03a76cb6a98f53235d,artifact checksum plus exact source locator and H6 cell coordinates,
edge:20a9e1c05d0f7cbd42c7,source_artifact:5b60d57510ca563f2783,source_record:26de36e57a1c215a6f55,artifact_contains_record,a16c09b869c2ad72a4ea,4aab4307f4906503d2a4,artifact checksum plus exact source locator and H6 cell coordinates,
edge:2238d4e633bfbda8cec4,source_artifact:3c803d0b82626170d679,source_record:609ed81aeb94651f9f28,artifact_contains_record,bc696217068415ca73e2,4aab4307f4906503d2a4,artifact checksum plus exact source locator and H6 cell coordinates,
edge:2c97295b78bc4b54f4f4,source_artifact:5b60d57510ca563f2783,source_record:271cc1d0fc53de1a353a,artifact_contains_record,9fe0a3bb2baed4ce3810,7c1c5248808f73b2f3a6,artifact checksum plus exact source locator and H6 cell coordinates,
edge:38e3fece8fa2bb96ee4d,source_artifact:a3b2d14f73a6944e5daa,source_record:9d014b544d90b04f050e,artifact_contains_record,87cdfc70ee6d45666fec,425bfdd5ca02ab3e3cc1,artifact checksum plus exact source locator and H6 cell coordinates,
edge:4232dd4aaa72511338a1,source_artifact:5b60d57510ca563f2783,source_record:875236bbef4d7952b885,artifact_contains_record,f4b6cbcb460eaef0f82e,e4982bb0d13ac08094aa,artifact checksum plus exact source locator and H6 cell coordinates,
edge:43220f84103cda278c6b,source_artifact:a3b2d14f73a6944e5daa,source_record:d3ee5d39849b0096d5ce,artifact_contains_record,4af2e0e7825c9f2ac443,71a013b45f47a8aefa7d,artifact checksum plus exact source locator and H6 cell coordinates,
edge:46434d833f843f1bd53b,source_artifact:3c803d0b82626170d679,source_record:87c903ae7b46a49c415f,artifact_contains_record,69745dd19d776c69570e,425bfdd5ca02ab3e3cc1,artifact checksum plus exact source locator and H6 cell coordinates,
edge:4d8bac867f488707b821,source_artifact:3c803d0b82626170d679,source_record:0ee5489cd01f22e5a51c,artifact_contains_record,edde0b27f2f31f5fb962,5b5eeef107bb6f124496,artifact checksum plus exact source locator and H6 cell coordinates,
edge:4dfb3f7520ca1eab7a1c,source_artifact:3c803d0b82626170d679,source_record:a2585ae02f3eb15eab0e,artifact_contains_record,5fab5a82719cacffcbe4,1c03a76cb6a98f53235d,artifact checksum plus exact source locator and H6 cell coordinates,
edge:4e36ec3b40b7df2512e2,source_artifact:5b60d57510ca563f2783,source_record:091fddff5547c21e53b2,artifact_contains_record,a34fc65bf470c1e7ce20,af12d1ae8c1555d899be,artifact checksum plus exact source locator and H6 cell coordinates,
edge:59b8161139e0629fcbb0,source_artifact:3c803d0b82626170d679,source_record:e6e65cbbb0692b29878a,artifact_contains_record,463dda3fe5140e2fbed2,7c1c5248808f73b2f3a6,artifact checksum plus exact source locator and H6 cell coordinates,
edge:61355e15541bca1f20ef,source_artifact:a3b2d14f73a6944e5daa,source_record:1822780c1a34fa87ecd7,artifact_contains_record,506a60e86fb32d9c608b,e33e2f8351747300cba7,artifact checksum plus exact source locator and H6 cell coordinates,
edge:621b974409edfbf5f609,source_artifact:3c803d0b82626170d679,source_record:a98acfe4bec18f9a0390,artifact_contains_record,f2b9db071dd4766d6307,e4982bb0d13ac08094aa,artifact checksum plus exact source locator and H6 cell coordinates,
edge:67f7ff8394c2baf6c0ff,source_artifact:3c803d0b82626170d679,source_record:192aacf02d8179c6f75a,artifact_contains_record,69a1ecde0bf18c3a84ae,af12d1ae8c1555d899be,artifact checksum plus exact source locator and H6 cell coordinates,
edge:70d7e745fb6f782286f4,source_artifact:a3b2d14f73a6944e5daa,source_record:582a11702e2e666dfc87,artifact_contains_record,e06e475e6f5cb8748897,4aab4307f4906503d2a4,artifact checksum plus exact source locator and H6 cell coordinates,
edge:73434360844ec736129d,source_artifact:a3b2d14f73a6944e5daa,source_record:d51908b14d4f43919f94,artifact_contains_record,cb0d5147421c66597d95,7c1c5248808f73b2f3a6,artifact checksum plus exact source locator and H6 cell coordinates,
edge:78d04e1be057f0c18765,source_artifact:5b60d57510ca563f2783,source_record:c9024fe3b36dd1151ec1,artifact_contains_record,72e8553f361951a0c2c8,3087bf08970908c509ca,artifact checksum plus exact source locator and H6 cell coordinates,
edge:8269d57f04f41d1c0b0f,source_artifact:a3b2d14f73a6944e5daa,source_record:470895f1243b5ec9b3fc,artifact_contains_record,d3d17696ddd6a7bcb743,af12d1ae8c1555d899be,artifact checksum plus exact source locator and H6 cell coordinates,
edge:9774320d3af789af4d73,source_artifact:a3b2d14f73a6944e5daa,source_record:193147b5654f5049a70b,artifact_contains_record,b55b4fefc9148be667c1,94651a48df17d3b56a1b,artifact checksum plus exact source locator and H6 cell coordinates,
edge:9d889bd0c66a9940fa0e,source_artifact:5b60d57510ca563f2783,source_record:69c44ea8114c54419750,artifact_contains_record,2766cbe2cf960f73ba05,71a013b45f47a8aefa7d,artifact checksum plus exact source locator and H6 cell coordinates,
edge:9dd25f905a220b211689,source_artifact:3c803d0b82626170d679,source_record:71811020d9a92abf868d,artifact_contains_record,ad8a7f5c7869af674e3a,05ae4dff5d60b5021813,artifact checksum plus exact source locator and H6 cell coordinates,
edge:9e8bafa748bbe567256e,source_artifact:3c803d0b82626170d679,source_record:3edd79e5e5b56f709897,artifact_contains_record,1721995859418ecf608c,3087bf08970908c509ca,artifact checksum plus exact source locator and H6 cell coordinates,
edge:9f59c4545eba79c33178,source_artifact:3c803d0b82626170d679,source_record:1aa22f2b385a01569fc4,artifact_contains_record,deabb3549fa520121850,71a013b45f47a8aefa7d,artifact checksum plus exact source locator and H6 cell coordinates,
edge:a1408295b9f2ad93444b,source_artifact:5b60d57510ca563f2783,source_record:bbde0e659e98bd2c6084,artifact_contains_record,f831d08aa91c95864cd0,05ae4dff5d60b5021813,artifact checksum plus exact source locator and H6 cell coordinates,
edge:aa33584f327ef36d5cae,source_artifact:a3b2d14f73a6944e5daa,source_record:f6a04a1c01641dfdfadc,artifact_contains_record,df8ae4a2843995c9185d,3087bf08970908c509ca,artifact checksum plus exact source locator and H6 cell coordinates,
edge:b0662363b413d05ac3ad,source_artifact:3c803d0b82626170d679,source_record:0230a2ca03c36177ec6e,artifact_contains_record,cfe502c53f19a90449e6,94651a48df17d3b56a1b,artifact checksum plus exact source locator and H6 cell coordinates,
edge:b18a3521cddb2bc0793a,source_artifact:3c803d0b82626170d679,source_record:55f9eca0640826e24f9c,artifact_contains_record,d99bc3566095bc6ee582,7e097ceb497e25947325,artifact checksum plus exact source locator and H6 cell coordinates,
edge:b645299811adb3d6349a,source_artifact:5b60d57510ca563f2783,source_record:16473e53e748c08ec754,artifact_contains_record,9fcd6d7d4f2e24e56db1,1c03a76cb6a98f53235d,artifact checksum plus exact source locator and H6 cell coordinates,
edge:bf2e641fa03970b59446,source_artifact:5b60d57510ca563f2783,source_record:294fa03a900a59c6bcc9,artifact_contains_record,27f750d142897641b3b1,e33e2f8351747300cba7,artifact checksum plus exact source locator and H6 cell coordinates,
edge:ca68465dd87e667eb122,source_artifact:5b60d57510ca563f2783,source_record:c5368ca23455a251f941,artifact_contains_record,e313de2e0e1a97bc17ff,7e097ceb497e25947325,artifact checksum plus exact source locator and H6 cell coordinates,
edge:e3a34759b406127aa616,source_artifact:a3b2d14f73a6944e5daa,source_record:423572d2616d043c15d1,artifact_contains_record,49b82f2b710bfb946f9f,e4982bb0d13ac08094aa,artifact checksum plus exact source locator and H6 cell coordinates,
edge:e795386a64d506cc9fd2,source_artifact:3c803d0b82626170d679,source_record:061aced56e5316f767e3,artifact_contains_record,74fed6e1c3d917191be6,53b2a1ef09a68d6c5173,artifact checksum plus exact source locator and H6 cell coordinates,
edge:eb7034130d07fb686dcd,source_artifact:3c803d0b82626170d679,source_record:c2b5603f1388485b6d3e,artifact_contains_record,356dadeceba952eb2a0c,e33e2f8351747300cba7,artifact checksum plus exact source locator and H6 cell coordinates,
edge:fee8ae19d02881e74d99,source_artifact:5b60d57510ca563f2783,source_record:010ca4a0b9492cf8f0be,artifact_contains_record,6fbf4aae1b9a6de0051a,94651a48df17d3b56a1b,artifact checksum plus exact source locator and H6 cell coordinates,
edge:05207d22f63a21b7d873,treatment_decision:aa4980282d3bcdb13249,reproducibility_metric:220ce98bc0bcbbc10455,audit_decision_contributes_to_metric,506a60e86fb32d9c608b,e33e2f8351747300cba7,row-level identity value and lineage checks pass before aggregation,B0
edge:0aa2a7fc6cc3ce29cb16,treatment_decision:6389be765d4e8e1e356f,reproducibility_metric:46c5d343b2ae75cf958b,audit_decision_contributes_to_metric,cb0d5147421c66597d95,7c1c5248808f73b2f3a6,row-level identity value and lineage checks pass before aggregation,B1
edge:0acbb51ca7cee3f80865,treatment_decision:d85aca16a447127852ff,reproducibility_metric:46c5d343b2ae75cf958b,audit_decision_contributes_to_metric,f2b9db071dd4766d6307,e4982bb0d13ac08094aa,row-level identity value and lineage checks pass before aggregation,B1
edge:0c12beb821c678353bfa,treatment_decision:c2ceeff98ed5980e40d3,reproducibility_metric:cd8e068865292c716ba8,audit_decision_contributes_to_metric,df8ae4a2843995c9185d,3087bf08970908c509ca,row-level identity value and lineage checks pass before aggregation,B2
edge:0eaa4de5f7ba0c7db443,treatment_decision:1c37bb7db78dd523efc8,reproducibility_metric:cd8e068865292c716ba8,audit_decision_contributes_to_metric,1721995859418ecf608c,3087bf08970908c509ca,row-level identity value and lineage checks pass before aggregation,B2
edge:0fe1c83c7782a7b79087,treatment_decision:4d94c6598e04bfa70d82,reproducibility_metric:220ce98bc0bcbbc10455,audit_decision_contributes_to_metric,e313de2e0e1a97bc17ff,7e097ceb497e25947325,row-level identity value and lineage checks pass before aggregation,B0
edge:1116a02e56c89eb4b389,treatment_decision:6d3a527487656d9bbe68,reproducibility_metric:cd8e068865292c716ba8,audit_decision_contributes_to_metric,e313de2e0e1a97bc17ff,7e097ceb497e25947325,row-level identity value and lineage checks pass before aggregation,B2
edge:142442190ac5be2cd373,treatment_decision:5845e2ce8feda0a2471b,reproducibility_metric:220ce98bc0bcbbc10455,audit_decision_contributes_to_metric,72e8553f361951a0c2c8,3087bf08970908c509ca,row-level identity value and lineage checks pass before aggregation,B0
edge:1cbc98ce35be54e23dbb,treatment_decision:07b069e313d324126fc3,reproducibility_metric:cd8e068865292c716ba8,audit_decision_contributes_to_metric,4af2e0e7825c9f2ac443,71a013b45f47a8aefa7d,row-level identity value and lineage checks pass before aggregation,B2
edge:1d37a60ffa8d15b56ab2,treatment_decision:f2c6a410bcba32c2fba4,reproducibility_metric:46c5d343b2ae75cf958b,audit_decision_contributes_to_metric,2766cbe2cf960f73ba05,71a013b45f47a8aefa7d,row-level identity value and lineage checks pass before aggregation,B1
edge:1ddfa900606c5b79590c,treatment_decision:00ba366612b481aeb6db,reproducibility_metric:46c5d343b2ae75cf958b,audit_decision_contributes_to_metric,a16c09b869c2ad72a4ea,4aab4307f4906503d2a4,row-level identity value and lineage checks pass before aggregation,B1
edge:2004f40739ac90c493c8,treatment_decision:ecb545a1085647c5d652,reproducibility_metric:cd8e068865292c716ba8,audit_decision_contributes_to_metric,6fbf4aae1b9a6de0051a,94651a48df17d3b56a1b,row-level identity value and lineage checks pass before aggregation,B2
edge:208e717e0735a5a6b864,treatment_decision:de02f0282647d05d1452,reproducibility_metric:46c5d343b2ae75cf958b,audit_decision_contributes_to_metric,df8ae4a2843995c9185d,3087bf08970908c509ca,row-level identity value and lineage checks pass before aggregation,B1
edge:27322c191a2386f10fea,treatment_decision:84cbb32858b832c84f69,reproducibility_metric:cd8e068865292c716ba8,audit_decision_contributes_to_metric,ad8a7f5c7869af674e3a,05ae4dff5d60b5021813,row-level identity value and lineage checks pass before aggregation,B2
edge:284b36638be0c73fa000,treatment_decision:b49c24396a857374b3a1,reproducibility_metric:cd8e068865292c716ba8,audit_decision_contributes_to_metric,deabb3549fa520121850,71a013b45f47a8aefa7d,row-level identity value and lineage checks pass before aggregation,B2
edge:2899dad543a63b7df221,treatment_decision:01e97655d5b8bfaf85b6,reproducibility_metric:220ce98bc0bcbbc10455,audit_decision_contributes_to_metric,edde0b27f2f31f5fb962,5b5eeef107bb6f124496,row-level identity value and lineage checks pass before aggregation,B0
edge:2b883a55aec102f1d50f,treatment_decision:194200d871c8425ce37a,reproducibility_metric:cd8e068865292c716ba8,audit_decision_contributes_to_metric,87cdfc70ee6d45666fec,425bfdd5ca02ab3e3cc1,row-level identity value and lineage checks pass before aggregation,B2
edge:2d089532650319e40d8f,treatment_decision:2bf4efe84e17d15d5a52,reproducibility_metric:cd8e068865292c716ba8,audit_decision_contributes_to_metric,6ad6dfc4b05d0f292d1f,425bfdd5ca02ab3e3cc1,row-level identity value and lineage checks pass before aggregation,B2
edge:30223b42971b190967f8,treatment_decision:1f81fe5e0e2247bd890e,reproducibility_metric:46c5d343b2ae75cf958b,audit_decision_contributes_to_metric,bc696217068415ca73e2,4aab4307f4906503d2a4,row-level identity value and lineage checks pass before aggregation,B1
edge:3696bd48fe6f79bae868,treatment_decision:a8602a92db8584e6bfd1,reproducibility_metric:46c5d343b2ae75cf958b,audit_decision_contributes_to_metric,356dadeceba952eb2a0c,e33e2f8351747300cba7,row-level identity value and lineage checks pass before aggregation,B1
edge:3740442d3ed286c941eb,treatment_decision:64a25d13c4c58b4ab807,reproducibility_metric:cd8e068865292c716ba8,audit_decision_contributes_to_metric,05a8528c88245297d4ba,5b5eeef107bb6f124496,row-level identity value and lineage checks pass before aggregation,B2
edge:38c7fffde582a2f735ac,treatment_decision:71a95c8bc9f17f2ac4b9,reproducibility_metric:cd8e068865292c716ba8,audit_decision_contributes_to_metric,f4b6cbcb460eaef0f82e,e4982bb0d13ac08094aa,row-level identity value and lineage checks pass before aggregation,B2
edge:3f5bf06933ef2678b6b5,treatment_decision:e922bc7a80c337ac72a8,reproducibility_metric:cd8e068865292c716ba8,audit_decision_contributes_to_metric,356dadeceba952eb2a0c,e33e2f8351747300cba7,row-level identity value and lineage checks pass before aggregation,B2
edge:412acc07e3a138d13336,treatment_decision:beeacbac9ed4d6c5e332,reproducibility_metric:46c5d343b2ae75cf958b,audit_decision_contributes_to_metric,463dda3fe5140e2fbed2,7c1c5248808f73b2f3a6,row-level identity value and lineage checks pass before aggregation,B1
edge:43eeae6c476dc28f892b,treatment_decision:0e04639b4b787c22e612,reproducibility_metric:46c5d343b2ae75cf958b,audit_decision_contributes_to_metric,69a1ecde0bf18c3a84ae,af12d1ae8c1555d899be,row-level identity value and lineage checks pass before aggregation,B1
edge:46dc224da1f6cc7175ed,treatment_decision:8308c3c3f060c8b25564,reproducibility_metric:cd8e068865292c716ba8,audit_decision_contributes_to_metric,9fcd6d7d4f2e24e56db1,1c03a76cb6a98f53235d,row-level identity value and lineage checks pass before aggregation,B2
edge:4752eee1fe8f66752e8b,treatment_decision:371b782e4e8e98bd1010,reproducibility_metric:cd8e068865292c716ba8,audit_decision_contributes_to_metric,74fed6e1c3d917191be6,53b2a1ef09a68d6c5173,row-level identity value and lineage checks pass before aggregation,B2
edge:49bfa9242dac899c6e62,treatment_decision:6f97d759c0fb908abffb,reproducibility_metric:cd8e068865292c716ba8,audit_decision_contributes_to_metric,211b04665de26cd11d77,53b2a1ef09a68d6c5173,row-level identity value and lineage checks pass before aggregation,B2
edge:4a2d790b254db007793b,treatment_decision:578b9ae365fa3ee4e1f3,reproducibility_metric:220ce98bc0bcbbc10455,audit_decision_contributes_to_metric,6fbf4aae1b9a6de0051a,94651a48df17d3b56a1b,row-level identity value and lineage checks pass before aggregation,B0
edge:4d167de41745f7c4ca14,treatment_decision:f23f0bd59f8981005867,reproducibility_metric:cd8e068865292c716ba8,audit_decision_contributes_to_metric,a16c09b869c2ad72a4ea,4aab4307f4906503d2a4,row-level identity value and lineage checks pass before aggregation,B2
edge:4ec3794916685f3ca381,treatment_decision:e32eb47856f958bf1744,reproducibility_metric:220ce98bc0bcbbc10455,audit_decision_contributes_to_metric,1721995859418ecf608c,3087bf08970908c509ca,row-level identity value and lineage checks pass before aggregation,B0
edge:4f9621affb3444777d3b,treatment_decision:1e639daa7b539e8f2208,reproducibility_metric:46c5d343b2ae75cf958b,audit_decision_contributes_to_metric,49b82f2b710bfb946f9f,e4982bb0d13ac08094aa,row-level identity value and lineage checks pass before aggregation,B1
edge:508da32fc1ea66d177bb,treatment_decision:64e4c12a09d2d7bd90b2,reproducibility_metric:220ce98bc0bcbbc10455,audit_decision_contributes_to_metric,f4b6cbcb460eaef0f82e,e4982bb0d13ac08094aa,row-level identity value and lineage checks pass before aggregation,B0
edge:515d4ad6c8e2acea8362,treatment_decision:54c37b211f186cf37d22,reproducibility_metric:cd8e068865292c716ba8,audit_decision_contributes_to_metric,b55b4fefc9148be667c1,94651a48df17d3b56a1b,row-level identity value and lineage checks pass before aggregation,B2
edge:5b806900375924714b28,treatment_decision:4dff6205be1cfa53338a,reproducibility_metric:46c5d343b2ae75cf958b,audit_decision_contributes_to_metric,05a8528c88245297d4ba,5b5eeef107bb6f124496,row-level identity value and lineage checks pass before aggregation,B1
edge:5f78d54d319d8cd0adfc,treatment_decision:44e85d3e18527505e98a,reproducibility_metric:cd8e068865292c716ba8,audit_decision_contributes_to_metric,5fab5a82719cacffcbe4,1c03a76cb6a98f53235d,row-level identity value and lineage checks pass before aggregation,B2
edge:613cfc5d411f938ed569,treatment_decision:079d807f6c262a9020ca,reproducibility_metric:46c5d343b2ae75cf958b,audit_decision_contributes_to_metric,6fbf4aae1b9a6de0051a,94651a48df17d3b56a1b,row-level identity value and lineage checks pass before aggregation,B1
edge:61eff94bf97c024d1637,treatment_decision:3497f7cefa9fb8da56dc,reproducibility_metric:220ce98bc0bcbbc10455,audit_decision_contributes_to_metric,9fe0a3bb2baed4ce3810,7c1c5248808f73b2f3a6,row-level identity value and lineage checks pass before aggregation,B0
edge:6336ca15ecaff746a948,treatment_decision:c4f21a91862dd44daf60,reproducibility_metric:cd8e068865292c716ba8,audit_decision_contributes_to_metric,f831d08aa91c95864cd0,05ae4dff5d60b5021813,row-level identity value and lineage checks pass before aggregation,B2
edge:63c76198d1353d834501,treatment_decision:7eb5aa0a1c9985db3bae,reproducibility_metric:220ce98bc0bcbbc10455,audit_decision_contributes_to_metric,69a1ecde0bf18c3a84ae,af12d1ae8c1555d899be,row-level identity value and lineage checks pass before aggregation,B0
edge:65f5f42808aa142ad009,treatment_decision:f3555f20090ed7209e39,reproducibility_metric:220ce98bc0bcbbc10455,audit_decision_contributes_to_metric,27f750d142897641b3b1,e33e2f8351747300cba7,row-level identity value and lineage checks pass before aggregation,B0
edge:68f60739f9b1c07a2687,treatment_decision:8767414d773196b79c6f,reproducibility_metric:cd8e068865292c716ba8,audit_decision_contributes_to_metric,a34fc65bf470c1e7ce20,af12d1ae8c1555d899be,row-level identity value and lineage checks pass before aggregation,B2
edge:6a365c3d2d69f66b3730,treatment_decision:4528f931b50456c66ede,reproducibility_metric:220ce98bc0bcbbc10455,audit_decision_contributes_to_metric,a34fc65bf470c1e7ce20,af12d1ae8c1555d899be,row-level identity value and lineage checks pass before aggregation,B0
edge:7181cc88d330a7050a1b,treatment_decision:c9b6c4fd6598cd457d82,reproducibility_metric:46c5d343b2ae75cf958b,audit_decision_contributes_to_metric,d99bc3566095bc6ee582,7e097ceb497e25947325,row-level identity value and lineage checks pass before aggregation,B1
edge:75e58859019d43d72e76,treatment_decision:b651ce37ac73be1d354f,reproducibility_metric:46c5d343b2ae75cf958b,audit_decision_contributes_to_metric,09bd4158de9b28a03d83,1c03a76cb6a98f53235d,row-level identity value and lineage checks pass before aggregation,B1
edge:7614fafc651bf71a2764,treatment_decision:70b453e06263d20984c8,reproducibility_metric:46c5d343b2ae75cf958b,audit_decision_contributes_to_metric,6ad6dfc4b05d0f292d1f,425bfdd5ca02ab3e3cc1,row-level identity value and lineage checks pass before aggregation,B1
edge:763dce1ffd2b7061bd34,treatment_decision:50582d3656d43e23a4ce,reproducibility_metric:cd8e068865292c716ba8,audit_decision_contributes_to_metric,49b82f2b710bfb946f9f,e4982bb0d13ac08094aa,row-level identity value and lineage checks pass before aggregation,B2
edge:7850835ae63813264489,treatment_decision:08b0d20ce2e4f3857016,reproducibility_metric:46c5d343b2ae75cf958b,audit_decision_contributes_to_metric,ad8a7f5c7869af674e3a,05ae4dff5d60b5021813,row-level identity value and lineage checks pass before aggregation,B1
edge:7a05dea81c6d4de3eccf,treatment_decision:0abd4a86810b0413b3d9,reproducibility_metric:220ce98bc0bcbbc10455,audit_decision_contributes_to_metric,211b04665de26cd11d77,53b2a1ef09a68d6c5173,row-level identity value and lineage checks pass before aggregation,B0
edge:7ad5a97dc5471969d54b,treatment_decision:35a847d459f3dc0a0af1,reproducibility_metric:46c5d343b2ae75cf958b,audit_decision_contributes_to_metric,edde0b27f2f31f5fb962,5b5eeef107bb6f124496,row-level identity value and lineage checks pass before aggregation,B1
edge:7b6e3d079b5ce2f0494d,treatment_decision:345214c000d52f1ca630,reproducibility_metric:220ce98bc0bcbbc10455,audit_decision_contributes_to_metric,cfe502c53f19a90449e6,94651a48df17d3b56a1b,row-level identity value and lineage checks pass before aggregation,B0
edge:7bafee50021aed6bfe9e,treatment_decision:5901f6a4b7a019b0552f,reproducibility_metric:46c5d343b2ae75cf958b,audit_decision_contributes_to_metric,a34fc65bf470c1e7ce20,af12d1ae8c1555d899be,row-level identity value and lineage checks pass before aggregation,B1
edge:80f0c27a5c46e576a58e,treatment_decision:28561b0a1878d7b8630d,reproducibility_metric:220ce98bc0bcbbc10455,audit_decision_contributes_to_metric,d3d17696ddd6a7bcb743,af12d1ae8c1555d899be,row-level identity value and lineage checks pass before aggregation,B0
edge:851f0c8e564249edd2bc,treatment_decision:5b2bbe6c544f7987b94c,reproducibility_metric:220ce98bc0bcbbc10455,audit_decision_contributes_to_metric,a16c09b869c2ad72a4ea,4aab4307f4906503d2a4,row-level identity value and lineage checks pass before aggregation,B0
edge:87a85293919c6483cddc,treatment_decision:aa1f0a5de8234a618feb,reproducibility_metric:46c5d343b2ae75cf958b,audit_decision_contributes_to_metric,9fcd6d7d4f2e24e56db1,1c03a76cb6a98f53235d,row-level identity value and lineage checks pass before aggregation,B1
edge:890fa4fbcc60d0339ac1,treatment_decision:802823c6371dceb43e9c,reproducibility_metric:46c5d343b2ae75cf958b,audit_decision_contributes_to_metric,e313de2e0e1a97bc17ff,7e097ceb497e25947325,row-level identity value and lineage checks pass before aggregation,B1
edge:8ea5638b42f4888b1d91,treatment_decision:509cb54e0571af9e1f50,reproducibility_metric:220ce98bc0bcbbc10455,audit_decision_contributes_to_metric,87cdfc70ee6d45666fec,425bfdd5ca02ab3e3cc1,row-level identity value and lineage checks pass before aggregation,B0
edge:907a2b4dbe245ec421d7,treatment_decision:e9e1e46e04b4e0b87c82,reproducibility_metric:220ce98bc0bcbbc10455,audit_decision_contributes_to_metric,d99bc3566095bc6ee582,7e097ceb497e25947325,row-level identity value and lineage checks pass before aggregation,B0
edge:92ef49569aff83d6c669,treatment_decision:10ccf15de43bd6cc1f66,reproducibility_metric:220ce98bc0bcbbc10455,audit_decision_contributes_to_metric,6ad6dfc4b05d0f292d1f,425bfdd5ca02ab3e3cc1,row-level identity value and lineage checks pass before aggregation,B0
edge:938e6c4378cd5e754599,treatment_decision:91fe1883a0b85a89e4e9,reproducibility_metric:46c5d343b2ae75cf958b,audit_decision_contributes_to_metric,deabb3549fa520121850,71a013b45f47a8aefa7d,row-level identity value and lineage checks pass before aggregation,B1
edge:9399c630488fe8a9c8f6,treatment_decision:501ef06bfa9901cc32a8,reproducibility_metric:220ce98bc0bcbbc10455,audit_decision_contributes_to_metric,463dda3fe5140e2fbed2,7c1c5248808f73b2f3a6,row-level identity value and lineage checks pass before aggregation,B0
edge:96fe69320ee0adfea2da,treatment_decision:0a9128e5315b05c412f3,reproducibility_metric:cd8e068865292c716ba8,audit_decision_contributes_to_metric,69a1ecde0bf18c3a84ae,af12d1ae8c1555d899be,row-level identity value and lineage checks pass before aggregation,B2
edge:97a23816e77a9b8b38a1,treatment_decision:733e8862b895e90c023f,reproducibility_metric:220ce98bc0bcbbc10455,audit_decision_contributes_to_metric,deabb3549fa520121850,71a013b45f47a8aefa7d,row-level identity value and lineage checks pass before aggregation,B0
edge:98024c38857ec143097f,treatment_decision:6728f45a31ffbdc3dc9f,reproducibility_metric:46c5d343b2ae75cf958b,audit_decision_contributes_to_metric,1721995859418ecf608c,3087bf08970908c509ca,row-level identity value and lineage checks pass before aggregation,B1
edge:986674a6bba391034a7e,treatment_decision:b3f010f2e2a087330a72,reproducibility_metric:46c5d343b2ae75cf958b,audit_decision_contributes_to_metric,72e8553f361951a0c2c8,3087bf08970908c509ca,row-level identity value and lineage checks pass before aggregation,B1
edge:992243dc85fef5eaefe2,treatment_decision:b4cc3058de5b03e4acce,reproducibility_metric:220ce98bc0bcbbc10455,audit_decision_contributes_to_metric,5fab5a82719cacffcbe4,1c03a76cb6a98f53235d,row-level identity value and lineage checks pass before aggregation,B0
edge:99ac710dfb6c3b2e64ba,treatment_decision:de8618385ab0b96a4da0,reproducibility_metric:220ce98bc0bcbbc10455,audit_decision_contributes_to_metric,df8ae4a2843995c9185d,3087bf08970908c509ca,row-level identity value and lineage checks pass before aggregation,B0
edge:9d62136256501c80405b,treatment_decision:e7542895b383f1cf957a,reproducibility_metric:cd8e068865292c716ba8,audit_decision_contributes_to_metric,d3d17696ddd6a7bcb743,af12d1ae8c1555d899be,row-level identity value and lineage checks pass before aggregation,B2
edge:9f5ad523736f8d70f9c2,treatment_decision:455409b7181869c869dd,reproducibility_metric:46c5d343b2ae75cf958b,audit_decision_contributes_to_metric,506a60e86fb32d9c608b,e33e2f8351747300cba7,row-level identity value and lineage checks pass before aggregation,B1
edge:a04ef2cabb764ad51c58,treatment_decision:ebc36619fb9371ccdb2d,reproducibility_metric:cd8e068865292c716ba8,audit_decision_contributes_to_metric,bc696217068415ca73e2,4aab4307f4906503d2a4,row-level identity value and lineage checks pass before aggregation,B2
edge:a2e59330270dc874794f,treatment_decision:ae1fade8ed6c5938f499,reproducibility_metric:220ce98bc0bcbbc10455,audit_decision_contributes_to_metric,49b82f2b710bfb946f9f,e4982bb0d13ac08094aa,row-level identity value and lineage checks pass before aggregation,B0
edge:aae7cf3c9d264f6a9fa2,treatment_decision:66faf76902b33b10aa76,reproducibility_metric:cd8e068865292c716ba8,audit_decision_contributes_to_metric,09bd4158de9b28a03d83,1c03a76cb6a98f53235d,row-level identity value and lineage checks pass before aggregation,B2
edge:ad8608a611cb3fe48704,treatment_decision:3351d3137ad2e1663462,reproducibility_metric:cd8e068865292c716ba8,audit_decision_contributes_to_metric,d99bc3566095bc6ee582,7e097ceb497e25947325,row-level identity value and lineage checks pass before aggregation,B2
edge:af08ee125b117e7735dd,treatment_decision:c3f470f0116a95f8dbcf,reproducibility_metric:46c5d343b2ae75cf958b,audit_decision_contributes_to_metric,d3d17696ddd6a7bcb743,af12d1ae8c1555d899be,row-level identity value and lineage checks pass before aggregation,B1
edge:b36fb15c904980c13ef0,treatment_decision:7d018acbe51aa6194ae5,reproducibility_metric:cd8e068865292c716ba8,audit_decision_contributes_to_metric,463dda3fe5140e2fbed2,7c1c5248808f73b2f3a6,row-level identity value and lineage checks pass before aggregation,B2
edge:b42e4efe3ca0e7f94ab2,treatment_decision:fa01589df546f2ac10bc,reproducibility_metric:220ce98bc0bcbbc10455,audit_decision_contributes_to_metric,74fed6e1c3d917191be6,53b2a1ef09a68d6c5173,row-level identity value and lineage checks pass before aggregation,B0
edge:b49b45e489c14b3e8252,treatment_decision:72496eaaa5851fc4fe88,reproducibility_metric:46c5d343b2ae75cf958b,audit_decision_contributes_to_metric,5fab5a82719cacffcbe4,1c03a76cb6a98f53235d,row-level identity value and lineage checks pass before aggregation,B1
edge:b5b4ab3df0bd7cefba4a,treatment_decision:ba4d2a0323532ef5eefc,reproducibility_metric:cd8e068865292c716ba8,audit_decision_contributes_to_metric,69745dd19d776c69570e,425bfdd5ca02ab3e3cc1,row-level identity value and lineage checks pass before aggregation,B2
edge:b663d67333f95fb15bc5,treatment_decision:6930213d03643139cb4f,reproducibility_metric:220ce98bc0bcbbc10455,audit_decision_contributes_to_metric,356dadeceba952eb2a0c,e33e2f8351747300cba7,row-level identity value and lineage checks pass before aggregation,B0
edge:ba9b3bcd2ce4528f0503,treatment_decision:69f8285768cc23cfcd85,reproducibility_metric:220ce98bc0bcbbc10455,audit_decision_contributes_to_metric,cb0d5147421c66597d95,7c1c5248808f73b2f3a6,row-level identity value and lineage checks pass before aggregation,B0
edge:bff1cf3c122fc4eccd81,treatment_decision:c246172e6de2b687025d,reproducibility_metric:46c5d343b2ae75cf958b,audit_decision_contributes_to_metric,e06e475e6f5cb8748897,4aab4307f4906503d2a4,row-level identity value and lineage checks pass before aggregation,B1
edge:c2c538633dcf44546994,treatment_decision:45c9c4f407fa3c5bda70,reproducibility_metric:220ce98bc0bcbbc10455,audit_decision_contributes_to_metric,69745dd19d776c69570e,425bfdd5ca02ab3e3cc1,row-level identity value and lineage checks pass before aggregation,B0
edge:c2fe9e3ac409d0b85015,treatment_decision:42ed1037c94137b84019,reproducibility_metric:220ce98bc0bcbbc10455,audit_decision_contributes_to_metric,b55b4fefc9148be667c1,94651a48df17d3b56a1b,row-level identity value and lineage checks pass before aggregation,B0
edge:c504c7eeb3416f953365,treatment_decision:2d6b70d3b38ad5eb54a7,reproducibility_metric:46c5d343b2ae75cf958b,audit_decision_contributes_to_metric,cfe502c53f19a90449e6,94651a48df17d3b56a1b,row-level identity value and lineage checks pass before aggregation,B1
edge:c56329e5794eb53b7ae8,treatment_decision:1e0b717dca3619cbc832,reproducibility_metric:220ce98bc0bcbbc10455,audit_decision_contributes_to_metric,e06e475e6f5cb8748897,4aab4307f4906503d2a4,row-level identity value and lineage checks pass before aggregation,B0
edge:cb4421b5ee3f475cc3a6,treatment_decision:86c711486628ab7c2376,reproducibility_metric:cd8e068865292c716ba8,audit_decision_contributes_to_metric,27f750d142897641b3b1,e33e2f8351747300cba7,row-level identity value and lineage checks pass before aggregation,B2
edge:cfe5731fb59ab6c34a99,treatment_decision:aea7508d109bea3c669b,reproducibility_metric:46c5d343b2ae75cf958b,audit_decision_contributes_to_metric,27f750d142897641b3b1,e33e2f8351747300cba7,row-level identity value and lineage checks pass before aggregation,B1
edge:d0c9ef21bd0fa19c97c2,treatment_decision:51e4a3353b3340e49584,reproducibility_metric:220ce98bc0bcbbc10455,audit_decision_contributes_to_metric,09bd4158de9b28a03d83,1c03a76cb6a98f53235d,row-level identity value and lineage checks pass before aggregation,B0
edge:d1d76e4e27a8e148a536,treatment_decision:74ac980251856f1cc7c8,reproducibility_metric:220ce98bc0bcbbc10455,audit_decision_contributes_to_metric,2766cbe2cf960f73ba05,71a013b45f47a8aefa7d,row-level identity value and lineage checks pass before aggregation,B0
edge:d75c7f3635c20618a12e,treatment_decision:082f5ca9b674ca745934,reproducibility_metric:cd8e068865292c716ba8,audit_decision_contributes_to_metric,edde0b27f2f31f5fb962,5b5eeef107bb6f124496,row-level identity value and lineage checks pass before aggregation,B2
edge:d7f1be40206117c5749d,treatment_decision:e4ae2ed1b62d068ef2bf,reproducibility_metric:46c5d343b2ae75cf958b,audit_decision_contributes_to_metric,f4b6cbcb460eaef0f82e,e4982bb0d13ac08094aa,row-level identity value and lineage checks pass before aggregation,B1
edge:da0a8af07e50064d7ecf,treatment_decision:b989fabf222020a2dabe,reproducibility_metric:cd8e068865292c716ba8,audit_decision_contributes_to_metric,cb0d5147421c66597d95,7c1c5248808f73b2f3a6,row-level identity value and lineage checks pass before aggregation,B2
edge:dbcdffc7621a69c9d76e,treatment_decision:f0f9398e159a89805a66,reproducibility_metric:220ce98bc0bcbbc10455,audit_decision_contributes_to_metric,bc696217068415ca73e2,4aab4307f4906503d2a4,row-level identity value and lineage checks pass before aggregation,B0
edge:df5c0b288156ab62b426,treatment_decision:94a34350fee164c39a62,reproducibility_metric:220ce98bc0bcbbc10455,audit_decision_contributes_to_metric,f831d08aa91c95864cd0,05ae4dff5d60b5021813,row-level identity value and lineage checks pass before aggregation,B0
edge:e053bc60cef0ccfcb628,treatment_decision:19342cef837b47f9f2ea,reproducibility_metric:cd8e068865292c716ba8,audit_decision_contributes_to_metric,cfe502c53f19a90449e6,94651a48df17d3b56a1b,row-level identity value and lineage checks pass before aggregation,B2
edge:e084fdf067f0783ac67d,treatment_decision:a6c6d5f8faaf44e4fb40,reproducibility_metric:cd8e068865292c716ba8,audit_decision_contributes_to_metric,72e8553f361951a0c2c8,3087bf08970908c509ca,row-level identity value and lineage checks pass before aggregation,B2
edge:e19e60b9807a4b74dbf0,treatment_decision:5fc3e4a8ea4f880fc3f2,reproducibility_metric:46c5d343b2ae75cf958b,audit_decision_contributes_to_metric,74fed6e1c3d917191be6,53b2a1ef09a68d6c5173,row-level identity value and lineage checks pass before aggregation,B1
edge:e1cd1fa551192bf31d87,treatment_decision:38aa5af7b120e26bf137,reproducibility_metric:46c5d343b2ae75cf958b,audit_decision_contributes_to_metric,9fe0a3bb2baed4ce3810,7c1c5248808f73b2f3a6,row-level identity value and lineage checks pass before aggregation,B1
edge:e5b8697d922c940229ca,treatment_decision:ce77a6cdda37e2bcd056,reproducibility_metric:cd8e068865292c716ba8,audit_decision_contributes_to_metric,f2b9db071dd4766d6307,e4982bb0d13ac08094aa,row-level identity value and lineage checks pass before aggregation,B2
edge:e5c01f628b2ae390fd2e,treatment_decision:b09a469a80c51e50779a,reproducibility_metric:46c5d343b2ae75cf958b,audit_decision_contributes_to_metric,f831d08aa91c95864cd0,05ae4dff5d60b5021813,row-level identity value and lineage checks pass before aggregation,B1
edge:e8c62e31c9d6205befea,treatment_decision:a484434b328c7b0665f7,reproducibility_metric:220ce98bc0bcbbc10455,audit_decision_contributes_to_metric,f2b9db071dd4766d6307,e4982bb0d13ac08094aa,row-level identity value and lineage checks pass before aggregation,B0
edge:e90608deeefe0a23d898,treatment_decision:05eea653e8b970a61288,reproducibility_metric:46c5d343b2ae75cf958b,audit_decision_contributes_to_metric,4af2e0e7825c9f2ac443,71a013b45f47a8aefa7d,row-level identity value and lineage checks pass before aggregation,B1
edge:e9a4c10cbabd51ca4e10,treatment_decision:a399f62b390bcb762f17,reproducibility_metric:46c5d343b2ae75cf958b,audit_decision_contributes_to_metric,69745dd19d776c69570e,425bfdd5ca02ab3e3cc1,row-level identity value and lineage checks pass before aggregation,B1
edge:e9d7a03f8342c752c80a,treatment_decision:bd6820f4625f446558d7,reproducibility_metric:220ce98bc0bcbbc10455,audit_decision_contributes_to_metric,ad8a7f5c7869af674e3a,05ae4dff5d60b5021813,row-level identity value and lineage checks pass before aggregation,B0
edge:e9e7c8a91632375654b8,treatment_decision:c205c83bfd196b596a51,reproducibility_metric:cd8e068865292c716ba8,audit_decision_contributes_to_metric,506a60e86fb32d9c608b,e33e2f8351747300cba7,row-level identity value and lineage checks pass before aggregation,B2
edge:eb33873b31424e989265,treatment_decision:7afe198206a88203597a,reproducibility_metric:220ce98bc0bcbbc10455,audit_decision_contributes_to_metric,9fcd6d7d4f2e24e56db1,1c03a76cb6a98f53235d,row-level identity value and lineage checks pass before aggregation,B0
edge:ebffa3bad93da93b6f2e,treatment_decision:e4ca9bee15dc3066aedf,reproducibility_metric:cd8e068865292c716ba8,audit_decision_contributes_to_metric,2766cbe2cf960f73ba05,71a013b45f47a8aefa7d,row-level identity value and lineage checks pass before aggregation,B2
edge:effe6837d057b199f59b,treatment_decision:e456f220c0c8c9eee183,reproducibility_metric:220ce98bc0bcbbc10455,audit_decision_contributes_to_metric,4af2e0e7825c9f2ac443,71a013b45f47a8aefa7d,row-level identity value and lineage checks pass before aggregation,B0
edge:f386d741719202474ed2,treatment_decision:521d48c5bcc94247c67b,reproducibility_metric:220ce98bc0bcbbc10455,audit_decision_contributes_to_metric,05a8528c88245297d4ba,5b5eeef107bb6f124496,row-level identity value and lineage checks pass before aggregation,B0
edge:f6aed0f368daaa6634cf,treatment_decision:470dd4633fb0dfa7fe65,reproducibility_metric:cd8e068865292c716ba8,audit_decision_contributes_to_metric,9fe0a3bb2baed4ce3810,7c1c5248808f73b2f3a6,row-level identity value and lineage checks pass before aggregation,B2
edge:f82192d9d2a031be46e7,treatment_decision:8c063c4c3ba1c835d142,reproducibility_metric:46c5d343b2ae75cf958b,audit_decision_contributes_to_metric,211b04665de26cd11d77,53b2a1ef09a68d6c5173,row-level identity value and lineage checks pass before aggregation,B1
edge:f89addde79de8b4cb7a2,treatment_decision:c9325a74a5e2f3de159d,reproducibility_metric:46c5d343b2ae75cf958b,audit_decision_contributes_to_metric,87cdfc70ee6d45666fec,425bfdd5ca02ab3e3cc1,row-level identity value and lineage checks pass before aggregation,B1
edge:fc4325f9717a0b91390a,treatment_decision:f602fdf9ed7c4d21a015,reproducibility_metric:cd8e068865292c716ba8,audit_decision_contributes_to_metric,e06e475e6f5cb8748897,4aab4307f4906503d2a4,row-level identity value and lineage checks pass before aggregation,B2
edge:fccde073a11740807c01,treatment_decision:261ea74a6ee42a069821,reproducibility_metric:46c5d343b2ae75cf958b,audit_decision_contributes_to_metric,b55b4fefc9148be667c1,94651a48df17d3b56a1b,row-level identity value and lineage checks pass before aggregation,B1
edge:028d540fda08cdff21e4,treatment_decision:f602fdf9ed7c4d21a015,treatment_output:aa886d476fcda30c743c,decision_resolves_to_output,e06e475e6f5cb8748897,4aab4307f4906503d2a4,exact current or selected observation_id in the treatment audit,B2
edge:0350af638747d2701317,treatment_decision:802823c6371dceb43e9c,treatment_output:8b675720d359da1d4e7a,decision_resolves_to_output,e313de2e0e1a97bc17ff,7e097ceb497e25947325,requested observation_id is retained by at least one B1 snapshot,B1
edge:0a08a36151f31317c4f7,treatment_decision:00ba366612b481aeb6db,treatment_output:f8cb4249aba2072ada37,decision_resolves_to_output,a16c09b869c2ad72a4ea,4aab4307f4906503d2a4,requested observation_id is retained by at least one B1 snapshot,B1
edge:0c5fbc3daa2e1707fd59,treatment_decision:b49c24396a857374b3a1,treatment_output:a535f3e48f54da072b20,decision_resolves_to_output,deabb3549fa520121850,71a013b45f47a8aefa7d,exact current or selected observation_id in the treatment audit,B2
edge:0c9416e198ddf23f2648,treatment_decision:ebc36619fb9371ccdb2d,treatment_output:aa886d476fcda30c743c,decision_resolves_to_output,bc696217068415ca73e2,4aab4307f4906503d2a4,exact current or selected observation_id in the treatment audit,B2
edge:0caf4b773c03faacf841,treatment_decision:7afe198206a88203597a,treatment_output:988e610dfb898a7d1f5a,decision_resolves_to_output,9fcd6d7d4f2e24e56db1,1c03a76cb6a98f53235d,exact current or selected observation_id in the treatment audit,B0
edge:0e06ec1e2b6cfc98623c,treatment_decision:b989fabf222020a2dabe,treatment_output:86ad6b8988d59c1d6090,decision_resolves_to_output,cb0d5147421c66597d95,7c1c5248808f73b2f3a6,exact current or selected observation_id in the treatment audit,B2
edge:13d897edcba5460e887c,treatment_decision:5b2bbe6c544f7987b94c,treatment_output:c9e3b820d99df8cfd24a,decision_resolves_to_output,a16c09b869c2ad72a4ea,4aab4307f4906503d2a4,exact current or selected observation_id in the treatment audit,B0
edge:18c3239b89b7f28c00df,treatment_decision:72496eaaa5851fc4fe88,treatment_output:b1a753daf7b0c5775d24,decision_resolves_to_output,5fab5a82719cacffcbe4,1c03a76cb6a98f53235d,requested observation_id is retained by at least one B1 snapshot,B1
edge:1c2764fb3f0dc0b65b5c,treatment_decision:b651ce37ac73be1d354f,treatment_output:9556e475a3d1b4b81589,decision_resolves_to_output,09bd4158de9b28a03d83,1c03a76cb6a98f53235d,requested observation_id is retained by at least one B1 snapshot,B1
edge:1d66dc8141aa1423b394,treatment_decision:35a847d459f3dc0a0af1,treatment_output:a81a311fdd585719ef98,decision_resolves_to_output,edde0b27f2f31f5fb962,5b5eeef107bb6f124496,requested observation_id is retained by at least one B1 snapshot,B1
edge:2239303f32ba6c151db9,treatment_decision:94a34350fee164c39a62,treatment_output:4372d54e81fafb2c0f84,decision_resolves_to_output,f831d08aa91c95864cd0,05ae4dff5d60b5021813,exact current or selected observation_id in the treatment audit,B0
edge:2585ee07543418ea89e7,treatment_decision:f2c6a410bcba32c2fba4,treatment_output:49478cd706f9909b3655,decision_resolves_to_output,2766cbe2cf960f73ba05,71a013b45f47a8aefa7d,requested observation_id is retained by at least one B1 snapshot,B1
edge:25dfa604881ef3947e8d,treatment_decision:521d48c5bcc94247c67b,treatment_output:4e88d5c3b721496dd778,decision_resolves_to_output,05a8528c88245297d4ba,5b5eeef107bb6f124496,exact current or selected observation_id in the treatment audit,B0
edge:27e88f934f210e2b6397,treatment_decision:aa1f0a5de8234a618feb,treatment_output:32f6eab996f5cf96b072,decision_resolves_to_output,9fcd6d7d4f2e24e56db1,1c03a76cb6a98f53235d,requested observation_id is retained by at least one B1 snapshot,B1
edge:288cafb1fb7791b7efdb,treatment_decision:8308c3c3f060c8b25564,treatment_output:33f3dbad646d3ec19143,decision_resolves_to_output,9fcd6d7d4f2e24e56db1,1c03a76cb6a98f53235d,exact current or selected observation_id in the treatment audit,B2
edge:29177d7fff58018f79bc,treatment_decision:19342cef837b47f9f2ea,treatment_output:39e6cbdec8437f8a621a,decision_resolves_to_output,cfe502c53f19a90449e6,94651a48df17d3b56a1b,exact current or selected observation_id in the treatment audit,B2
edge:2adb915b36241b8fc2c3,treatment_decision:66faf76902b33b10aa76,treatment_output:33f3dbad646d3ec19143,decision_resolves_to_output,09bd4158de9b28a03d83,1c03a76cb6a98f53235d,exact current or selected observation_id in the treatment audit,B2
edge:2df9dacedd490765852d,treatment_decision:e9e1e46e04b4e0b87c82,treatment_output:7c0e6ae3460bcd226630,decision_resolves_to_output,d99bc3566095bc6ee582,7e097ceb497e25947325,exact current or selected observation_id in the treatment audit,B0
edge:2eef1f66563637429bce,treatment_decision:84cbb32858b832c84f69,treatment_output:eae14ef263bc0a3ed9ca,decision_resolves_to_output,ad8a7f5c7869af674e3a,05ae4dff5d60b5021813,exact current or selected observation_id in the treatment audit,B2
edge:304ceb2398abfdfbe5aa,treatment_decision:44e85d3e18527505e98a,treatment_output:33f3dbad646d3ec19143,decision_resolves_to_output,5fab5a82719cacffcbe4,1c03a76cb6a98f53235d,exact current or selected observation_id in the treatment audit,B2
edge:30f840cf937c12933c6d,treatment_decision:6728f45a31ffbdc3dc9f,treatment_output:8c7142bcd7b6be0c9b0a,decision_resolves_to_output,1721995859418ecf608c,3087bf08970908c509ca,requested observation_id is retained by at least one B1 snapshot,B1
edge:31ea2501b0616a1d282e,treatment_decision:a399f62b390bcb762f17,treatment_output:6f96c0a32a9db463ba1b,decision_resolves_to_output,69745dd19d776c69570e,425bfdd5ca02ab3e3cc1,requested observation_id is retained by at least one B1 snapshot,B1
edge:35726528fffaca049625,treatment_decision:08b0d20ce2e4f3857016,treatment_output:bc4297a89e6c24aa4342,decision_resolves_to_output,ad8a7f5c7869af674e3a,05ae4dff5d60b5021813,requested observation_id is retained by at least one B1 snapshot,B1
edge:38b9866f6d8022a53961,treatment_decision:51e4a3353b3340e49584,treatment_output:988e610dfb898a7d1f5a,decision_resolves_to_output,09bd4158de9b28a03d83,1c03a76cb6a98f53235d,exact current or selected observation_id in the treatment audit,B0
edge:3abf92c232dce8c4c94d,treatment_decision:e456f220c0c8c9eee183,treatment_output:20a795746ad404126b29,decision_resolves_to_output,4af2e0e7825c9f2ac443,71a013b45f47a8aefa7d,exact current or selected observation_id in the treatment audit,B0
edge:3f5539b5b28f2d523ea7,treatment_decision:91fe1883a0b85a89e4e9,treatment_output:11b84894fe6766dc42af,decision_resolves_to_output,deabb3549fa520121850,71a013b45f47a8aefa7d,requested observation_id is retained by at least one B1 snapshot,B1
edge:410fea0180e1f6494d8a,treatment_decision:7eb5aa0a1c9985db3bae,treatment_output:452ae73d8fa913d02132,decision_resolves_to_output,69a1ecde0bf18c3a84ae,af12d1ae8c1555d899be,exact current or selected observation_id in the treatment audit,B0
edge:41e0d4be24d7712c7bb0,treatment_decision:6389be765d4e8e1e356f,treatment_output:40cafa1c86e5c076cb36,decision_resolves_to_output,cb0d5147421c66597d95,7c1c5248808f73b2f3a6,requested observation_id is retained by at least one B1 snapshot,B1
edge:431d30f40ff9016386be,treatment_decision:01e97655d5b8bfaf85b6,treatment_output:4e88d5c3b721496dd778,decision_resolves_to_output,edde0b27f2f31f5fb962,5b5eeef107bb6f124496,exact current or selected observation_id in the treatment audit,B0
edge:4609637e0525817c04d3,treatment_decision:2d6b70d3b38ad5eb54a7,treatment_output:afebeafe6ff2d0170893,decision_resolves_to_output,cfe502c53f19a90449e6,94651a48df17d3b56a1b,requested observation_id is retained by at least one B1 snapshot,B1
edge:462f70205f5cc836d268,treatment_decision:6f97d759c0fb908abffb,treatment_output:1c8aa4de2addbacb0dd5,decision_resolves_to_output,211b04665de26cd11d77,53b2a1ef09a68d6c5173,exact current or selected observation_id in the treatment audit,B2
edge:4834ba25c499328c41e1,treatment_decision:b3f010f2e2a087330a72,treatment_output:358a775020288a461947,decision_resolves_to_output,72e8553f361951a0c2c8,3087bf08970908c509ca,requested observation_id is retained by at least one B1 snapshot,B1
edge:4836cbb8380279bbab0c,treatment_decision:b09a469a80c51e50779a,treatment_output:10b1925a6a42c3e2c127,decision_resolves_to_output,f831d08aa91c95864cd0,05ae4dff5d60b5021813,requested observation_id is retained by at least one B1 snapshot,B1
edge:4c3a095598186c7a90db,treatment_decision:f23f0bd59f8981005867,treatment_output:aa886d476fcda30c743c,decision_resolves_to_output,a16c09b869c2ad72a4ea,4aab4307f4906503d2a4,exact current or selected observation_id in the treatment audit,B2
edge:4d0a04e21c17c8e5a71f,treatment_decision:c205c83bfd196b596a51,treatment_output:14f78b9495df634c3d3b,decision_resolves_to_output,506a60e86fb32d9c608b,e33e2f8351747300cba7,exact current or selected observation_id in the treatment audit,B2
edge:4d5f42574a434ec298b6,treatment_decision:079d807f6c262a9020ca,treatment_output:176d02d417a1e8fd7f01,decision_resolves_to_output,6fbf4aae1b9a6de0051a,94651a48df17d3b56a1b,requested observation_id is retained by at least one B1 snapshot,B1
edge:4ec098e129fbe7cb3d5e,treatment_decision:05eea653e8b970a61288,treatment_output:8bd131a8109acc5fab46,decision_resolves_to_output,4af2e0e7825c9f2ac443,71a013b45f47a8aefa7d,requested observation_id is retained by at least one B1 snapshot,B1
edge:4fbb35ab94978ef401c7,treatment_decision:8767414d773196b79c6f,treatment_output:05e99fdeb0f99c33d1b0,decision_resolves_to_output,a34fc65bf470c1e7ce20,af12d1ae8c1555d899be,exact current or selected observation_id in the treatment audit,B2
edge:4fc96bd7e9cfcbe1f6f4,treatment_decision:e32eb47856f958bf1744,treatment_output:731969672c59f2871e76,decision_resolves_to_output,1721995859418ecf608c,3087bf08970908c509ca,exact current or selected observation_id in the treatment audit,B0
edge:4ff332fcb64df7ea15bb,treatment_decision:2bf4efe84e17d15d5a52,treatment_output:5fb72e44f9c935bd58f3,decision_resolves_to_output,6ad6dfc4b05d0f292d1f,425bfdd5ca02ab3e3cc1,exact current or selected observation_id in the treatment audit,B2
edge:52481365a5b825b62ab8,treatment_decision:0e04639b4b787c22e612,treatment_output:3c0f7efe18222e987b1d,decision_resolves_to_output,69a1ecde0bf18c3a84ae,af12d1ae8c1555d899be,requested observation_id is retained by at least one B1 snapshot,B1
edge:54a6cf537d040b0fbcf5,treatment_decision:733e8862b895e90c023f,treatment_output:20a795746ad404126b29,decision_resolves_to_output,deabb3549fa520121850,71a013b45f47a8aefa7d,exact current or selected observation_id in the treatment audit,B0
edge:582661c35025ec36337c,treatment_decision:bd6820f4625f446558d7,treatment_output:4372d54e81fafb2c0f84,decision_resolves_to_output,ad8a7f5c7869af674e3a,05ae4dff5d60b5021813,exact current or selected observation_id in the treatment audit,B0
edge:5b60eadf0173c41b438a,treatment_decision:f0f9398e159a89805a66,treatment_output:c9e3b820d99df8cfd24a,decision_resolves_to_output,bc696217068415ca73e2,4aab4307f4906503d2a4,exact current or selected observation_id in the treatment audit,B0
edge:5c710aa0d2bce3a69089,treatment_decision:194200d871c8425ce37a,treatment_output:5fb72e44f9c935bd58f3,decision_resolves_to_output,87cdfc70ee6d45666fec,425bfdd5ca02ab3e3cc1,exact current or selected observation_id in the treatment audit,B2
edge:5e599371b9ad050fd9e0,treatment_decision:1e0b717dca3619cbc832,treatment_output:c9e3b820d99df8cfd24a,decision_resolves_to_output,e06e475e6f5cb8748897,4aab4307f4906503d2a4,exact current or selected observation_id in the treatment audit,B0
edge:601461f126db26e5c4d5,treatment_decision:8c063c4c3ba1c835d142,treatment_output:1fb07512426155c24d4b,decision_resolves_to_output,211b04665de26cd11d77,53b2a1ef09a68d6c5173,requested observation_id is retained by at least one B1 snapshot,B1
edge:6307bac4488eb1025990,treatment_decision:7d018acbe51aa6194ae5,treatment_output:86ad6b8988d59c1d6090,decision_resolves_to_output,463dda3fe5140e2fbed2,7c1c5248808f73b2f3a6,exact current or selected observation_id in the treatment audit,B2
edge:66778dab88bd4bd04b4c,treatment_decision:f3555f20090ed7209e39,treatment_output:e96db0628793a76f6317,decision_resolves_to_output,27f750d142897641b3b1,e33e2f8351747300cba7,exact current or selected observation_id in the treatment audit,B0
edge:689d02cbb267b2080daa,treatment_decision:de8618385ab0b96a4da0,treatment_output:731969672c59f2871e76,decision_resolves_to_output,df8ae4a2843995c9185d,3087bf08970908c509ca,exact current or selected observation_id in the treatment audit,B0
edge:68c09f064162504d93a9,treatment_decision:e4ae2ed1b62d068ef2bf,treatment_output:191483922693325d8719,decision_resolves_to_output,f4b6cbcb460eaef0f82e,e4982bb0d13ac08094aa,requested observation_id is retained by at least one B1 snapshot,B1
edge:69941f916dd8092af79c,treatment_decision:3497f7cefa9fb8da56dc,treatment_output:130f540cad1892fe9816,decision_resolves_to_output,9fe0a3bb2baed4ce3810,7c1c5248808f73b2f3a6,exact current or selected observation_id in the treatment audit,B0
edge:6c3bb0f3498c0bdf13b1,treatment_decision:beeacbac9ed4d6c5e332,treatment_output:3fedb84694a6c2142e91,decision_resolves_to_output,463dda3fe5140e2fbed2,7c1c5248808f73b2f3a6,requested observation_id is retained by at least one B1 snapshot,B1
edge:6edacc61dd3bc71d3809,treatment_decision:ba4d2a0323532ef5eefc,treatment_output:5fb72e44f9c935bd58f3,decision_resolves_to_output,69745dd19d776c69570e,425bfdd5ca02ab3e3cc1,exact current or selected observation_id in the treatment audit,B2
edge:6f5a4c09c1b293ebed0d,treatment_decision:4528f931b50456c66ede,treatment_output:452ae73d8fa913d02132,decision_resolves_to_output,a34fc65bf470c1e7ce20,af12d1ae8c1555d899be,exact current or selected observation_id in the treatment audit,B0
edge:71a04d33ee589e42c500,treatment_decision:d85aca16a447127852ff,treatment_output:a5cbf8482cf91b7dc2df,decision_resolves_to_output,f2b9db071dd4766d6307,e4982bb0d13ac08094aa,requested observation_id is retained by at least one B1 snapshot,B1
edge:722d983f71bf7d5ee779,treatment_decision:10ccf15de43bd6cc1f66,treatment_output:9c7aa8f45edf2e5043da,decision_resolves_to_output,6ad6dfc4b05d0f292d1f,425bfdd5ca02ab3e3cc1,exact current or selected observation_id in the treatment audit,B0
edge:781c7f6183f9793e4ab1,treatment_decision:a484434b328c7b0665f7,treatment_output:b112b3995ea306e43f08,decision_resolves_to_output,f2b9db071dd4766d6307,e4982bb0d13ac08094aa,exact current or selected observation_id in the treatment audit,B0
edge:79e554e96cab7cc8efd4,treatment_decision:0a9128e5315b05c412f3,treatment_output:05e99fdeb0f99c33d1b0,decision_resolves_to_output,69a1ecde0bf18c3a84ae,af12d1ae8c1555d899be,exact current or selected observation_id in the treatment audit,B2
edge:7d6ff70e017b62fa6f8c,treatment_decision:ae1fade8ed6c5938f499,treatment_output:b112b3995ea306e43f08,decision_resolves_to_output,49b82f2b710bfb946f9f,e4982bb0d13ac08094aa,exact current or selected observation_id in the treatment audit,B0
edge:7fb446d17c69b2f06df9,treatment_decision:aa4980282d3bcdb13249,treatment_output:e96db0628793a76f6317,decision_resolves_to_output,506a60e86fb32d9c608b,e33e2f8351747300cba7,exact current or selected observation_id in the treatment audit,B0
edge:8205f19b659dc9b71b99,treatment_decision:e922bc7a80c337ac72a8,treatment_output:14f78b9495df634c3d3b,decision_resolves_to_output,356dadeceba952eb2a0c,e33e2f8351747300cba7,exact current or selected observation_id in the treatment audit,B2
edge:84e347bdeb0d2470440a,treatment_decision:38aa5af7b120e26bf137,treatment_output:31d7273516a625fc3a27,decision_resolves_to_output,9fe0a3bb2baed4ce3810,7c1c5248808f73b2f3a6,requested observation_id is retained by at least one B1 snapshot,B1
edge:84ee7b1a49af3013ae26,treatment_decision:c4f21a91862dd44daf60,treatment_output:eae14ef263bc0a3ed9ca,decision_resolves_to_output,f831d08aa91c95864cd0,05ae4dff5d60b5021813,exact current or selected observation_id in the treatment audit,B2
edge:868b7bbe7df41e20d9a1,treatment_decision:74ac980251856f1cc7c8,treatment_output:20a795746ad404126b29,decision_resolves_to_output,2766cbe2cf960f73ba05,71a013b45f47a8aefa7d,exact current or selected observation_id in the treatment audit,B0
edge:8a6251382a70f9c76b6b,treatment_decision:07b069e313d324126fc3,treatment_output:a535f3e48f54da072b20,decision_resolves_to_output,4af2e0e7825c9f2ac443,71a013b45f47a8aefa7d,exact current or selected observation_id in the treatment audit,B2
edge:8b936cedef4babbb36b2,treatment_decision:261ea74a6ee42a069821,treatment_output:f530832ea0c3731172dd,decision_resolves_to_output,b55b4fefc9148be667c1,94651a48df17d3b56a1b,requested observation_id is retained by at least one B1 snapshot,B1
edge:8bd7d5e0881e287593e6,treatment_decision:c2ceeff98ed5980e40d3,treatment_output:42784905be0ef14a4822,decision_resolves_to_output,df8ae4a2843995c9185d,3087bf08970908c509ca,exact current or selected observation_id in the treatment audit,B2
edge:8f90f965bdd4eb9b2299,treatment_decision:578b9ae365fa3ee4e1f3,treatment_output:4f0be064a82af45a9a81,decision_resolves_to_output,6fbf4aae1b9a6de0051a,94651a48df17d3b56a1b,exact current or selected observation_id in the treatment audit,B0
edge:9409cd807c7cd39c71ce,treatment_decision:c9b6c4fd6598cd457d82,treatment_output:f622c2fc083e0e6053cc,decision_resolves_to_output,d99bc3566095bc6ee582,7e097ceb497e25947325,requested observation_id is retained by at least one B1 snapshot,B1
edge:94c6fb569b7efaac65aa,treatment_decision:501ef06bfa9901cc32a8,treatment_output:130f540cad1892fe9816,decision_resolves_to_output,463dda3fe5140e2fbed2,7c1c5248808f73b2f3a6,exact current or selected observation_id in the treatment audit,B0
edge:9763bfb044248e00dd03,treatment_decision:54c37b211f186cf37d22,treatment_output:39e6cbdec8437f8a621a,decision_resolves_to_output,b55b4fefc9148be667c1,94651a48df17d3b56a1b,exact current or selected observation_id in the treatment audit,B2
edge:9b158c886f5d5cea1a6f,treatment_decision:6930213d03643139cb4f,treatment_output:e96db0628793a76f6317,decision_resolves_to_output,356dadeceba952eb2a0c,e33e2f8351747300cba7,exact current or selected observation_id in the treatment audit,B0
edge:9b23451ea3e929cae5ba,treatment_decision:b4cc3058de5b03e4acce,treatment_output:988e610dfb898a7d1f5a,decision_resolves_to_output,5fab5a82719cacffcbe4,1c03a76cb6a98f53235d,exact current or selected observation_id in the treatment audit,B0
edge:9c43d648b1c9aa47604d,treatment_decision:5845e2ce8feda0a2471b,treatment_output:731969672c59f2871e76,decision_resolves_to_output,72e8553f361951a0c2c8,3087bf08970908c509ca,exact current or selected observation_id in the treatment audit,B0
edge:a2150a4fd53ca36f644b,treatment_decision:0abd4a86810b0413b3d9,treatment_output:234f15398f84db5e04ef,decision_resolves_to_output,211b04665de26cd11d77,53b2a1ef09a68d6c5173,exact current or selected observation_id in the treatment audit,B0
edge:a3ff353797779903a364,treatment_decision:3351d3137ad2e1663462,treatment_output:35a8447dfb94ea08c80b,decision_resolves_to_output,d99bc3566095bc6ee582,7e097ceb497e25947325,exact current or selected observation_id in the treatment audit,B2
edge:a4d338e2a8a0a7ce17a1,treatment_decision:e7542895b383f1cf957a,treatment_output:05e99fdeb0f99c33d1b0,decision_resolves_to_output,d3d17696ddd6a7bcb743,af12d1ae8c1555d899be,exact current or selected observation_id in the treatment audit,B2
edge:a56991af3b24db0103cc,treatment_decision:ce77a6cdda37e2bcd056,treatment_output:95f1e10e3b52b5461f34,decision_resolves_to_output,f2b9db071dd4766d6307,e4982bb0d13ac08094aa,exact current or selected observation_id in the treatment audit,B2
edge:a65761afd6d5a43b4f96,treatment_decision:345214c000d52f1ca630,treatment_output:4f0be064a82af45a9a81,decision_resolves_to_output,cfe502c53f19a90449e6,94651a48df17d3b56a1b,exact current or selected observation_id in the treatment audit,B0
edge:a69b89ca1f706aff2c94,treatment_decision:4dff6205be1cfa53338a,treatment_output:9e10e0edf3db9d33bdd7,decision_resolves_to_output,05a8528c88245297d4ba,5b5eeef107bb6f124496,requested observation_id is retained by at least one B1 snapshot,B1
edge:a756e89525c06cc0631a,treatment_decision:1e639daa7b539e8f2208,treatment_output:53e89d05479f8a8a8058,decision_resolves_to_output,49b82f2b710bfb946f9f,e4982bb0d13ac08094aa,requested observation_id is retained by at least one B1 snapshot,B1
edge:a8b4a70364fe9556a33b,treatment_decision:fa01589df546f2ac10bc,treatment_output:234f15398f84db5e04ef,decision_resolves_to_output,74fed6e1c3d917191be6,53b2a1ef09a68d6c5173,exact current or selected observation_id in the treatment audit,B0
edge:aaa411b73d4e8838da4f,treatment_decision:4d94c6598e04bfa70d82,treatment_output:7c0e6ae3460bcd226630,decision_resolves_to_output,e313de2e0e1a97bc17ff,7e097ceb497e25947325,exact current or selected observation_id in the treatment audit,B0
edge:abd5cd93e9f075ad2304,treatment_decision:50582d3656d43e23a4ce,treatment_output:95f1e10e3b52b5461f34,decision_resolves_to_output,49b82f2b710bfb946f9f,e4982bb0d13ac08094aa,exact current or selected observation_id in the treatment audit,B2
edge:aed488608325e7f55d5b,treatment_decision:082f5ca9b674ca745934,treatment_output:c576ab8d524dc574c195,decision_resolves_to_output,edde0b27f2f31f5fb962,5b5eeef107bb6f124496,exact current or selected observation_id in the treatment audit,B2
edge:afc9bfc655d08f8fe1bd,treatment_decision:470dd4633fb0dfa7fe65,treatment_output:86ad6b8988d59c1d6090,decision_resolves_to_output,9fe0a3bb2baed4ce3810,7c1c5248808f73b2f3a6,exact current or selected observation_id in the treatment audit,B2
edge:afd7e4d5ecef61b5cca0,treatment_decision:1c37bb7db78dd523efc8,treatment_output:42784905be0ef14a4822,decision_resolves_to_output,1721995859418ecf608c,3087bf08970908c509ca,exact current or selected observation_id in the treatment audit,B2
edge:b2ffca35f223c3fda7e3,treatment_decision:de02f0282647d05d1452,treatment_output:3380dfbc8b86ddde78be,decision_resolves_to_output,df8ae4a2843995c9185d,3087bf08970908c509ca,requested observation_id is retained by at least one B1 snapshot,B1
edge:b428f47df7905fd118bb,treatment_decision:aea7508d109bea3c669b,treatment_output:20422693f59f27575ed6,decision_resolves_to_output,27f750d142897641b3b1,e33e2f8351747300cba7,requested observation_id is retained by at least one B1 snapshot,B1
edge:bd50b3a8c6efc4198f4b,treatment_decision:a8602a92db8584e6bfd1,treatment_output:f96216a04891beda7c67,decision_resolves_to_output,356dadeceba952eb2a0c,e33e2f8351747300cba7,requested observation_id is retained by at least one B1 snapshot,B1
edge:bd8f28db8b7988d43218,treatment_decision:42ed1037c94137b84019,treatment_output:4f0be064a82af45a9a81,decision_resolves_to_output,b55b4fefc9148be667c1,94651a48df17d3b56a1b,exact current or selected observation_id in the treatment audit,B0
edge:bdb4fea96861606fd406,treatment_decision:c3f470f0116a95f8dbcf,treatment_output:7d8481cda60d7aba35c5,decision_resolves_to_output,d3d17696ddd6a7bcb743,af12d1ae8c1555d899be,requested observation_id is retained by at least one B1 snapshot,B1
edge:bf5eac8e945359bf0e51,treatment_decision:45c9c4f407fa3c5bda70,treatment_output:9c7aa8f45edf2e5043da,decision_resolves_to_output,69745dd19d776c69570e,425bfdd5ca02ab3e3cc1,exact current or selected observation_id in the treatment audit,B0
edge:c1aadf87a93b30e6d7c3,treatment_decision:64a25d13c4c58b4ab807,treatment_output:c576ab8d524dc574c195,decision_resolves_to_output,05a8528c88245297d4ba,5b5eeef107bb6f124496,exact current or selected observation_id in the treatment audit,B2
edge:c208248105a1bdaa767b,treatment_decision:455409b7181869c869dd,treatment_output:9a8fcdc084d1cf8b979e,decision_resolves_to_output,506a60e86fb32d9c608b,e33e2f8351747300cba7,requested observation_id is retained by at least one B1 snapshot,B1
edge:c39e9ac1b17b2dec7483,treatment_decision:c246172e6de2b687025d,treatment_output:2c5370a0a187d79117b7,decision_resolves_to_output,e06e475e6f5cb8748897,4aab4307f4906503d2a4,requested observation_id is retained by at least one B1 snapshot,B1
edge:c63108e50290166b520e,treatment_decision:5901f6a4b7a019b0552f,treatment_output:a28b4e07a6f6b8b308fa,decision_resolves_to_output,a34fc65bf470c1e7ce20,af12d1ae8c1555d899be,requested observation_id is retained by at least one B1 snapshot,B1
edge:c71e3aefeb0710b54b94,treatment_decision:5fc3e4a8ea4f880fc3f2,treatment_output:debdb5aa57947a06abef,decision_resolves_to_output,74fed6e1c3d917191be6,53b2a1ef09a68d6c5173,requested observation_id is retained by at least one B1 snapshot,B1
edge:cb812397a5231273f3c4,treatment_decision:86c711486628ab7c2376,treatment_output:14f78b9495df634c3d3b,decision_resolves_to_output,27f750d142897641b3b1,e33e2f8351747300cba7,exact current or selected observation_id in the treatment audit,B2
edge:d40c99bb2091c0ad4547,treatment_decision:ecb545a1085647c5d652,treatment_output:39e6cbdec8437f8a621a,decision_resolves_to_output,6fbf4aae1b9a6de0051a,94651a48df17d3b56a1b,exact current or selected observation_id in the treatment audit,B2
edge:eacfd0fc23c7abca0d36,treatment_decision:a6c6d5f8faaf44e4fb40,treatment_output:42784905be0ef14a4822,decision_resolves_to_output,72e8553f361951a0c2c8,3087bf08970908c509ca,exact current or selected observation_id in the treatment audit,B2
edge:ee3115e47136c11264b9,treatment_decision:e4ca9bee15dc3066aedf,treatment_output:a535f3e48f54da072b20,decision_resolves_to_output,2766cbe2cf960f73ba05,71a013b45f47a8aefa7d,exact current or selected observation_id in the treatment audit,B2
edge:ee619b6dde6d2a227d39,treatment_decision:70b453e06263d20984c8,treatment_output:7bf6705ae1623f1de633,decision_resolves_to_output,6ad6dfc4b05d0f292d1f,425bfdd5ca02ab3e3cc1,requested observation_id is retained by at least one B1 snapshot,B1
edge:f63dbe4cf0285167078e,treatment_decision:371b782e4e8e98bd1010,treatment_output:1c8aa4de2addbacb0dd5,decision_resolves_to_output,74fed6e1c3d917191be6,53b2a1ef09a68d6c5173,exact current or selected observation_id in the treatment audit,B2
edge:f7e39341a2170dccfc5c,treatment_decision:28561b0a1878d7b8630d,treatment_output:452ae73d8fa913d02132,decision_resolves_to_output,d3d17696ddd6a7bcb743,af12d1ae8c1555d899be,exact current or selected observation_id in the treatment audit,B0
edge:fbc88b8b4bb80a6283c7,treatment_decision:509cb54e0571af9e1f50,treatment_output:9c7aa8f45edf2e5043da,decision_resolves_to_output,87cdfc70ee6d45666fec,425bfdd5ca02ab3e3cc1,exact current or selected observation_id in the treatment audit,B0
edge:fc3ea6ba6d5171616940,treatment_decision:c9325a74a5e2f3de159d,treatment_output:de474635df9204daeb8c,decision_resolves_to_output,87cdfc70ee6d45666fec,425bfdd5ca02ab3e3cc1,requested observation_id is retained by at least one B1 snapshot,B1
edge:fd6b36ff3103ceb0b746,treatment_decision:69f8285768cc23cfcd85,treatment_output:130f540cad1892fe9816,decision_resolves_to_output,cb0d5147421c66597d95,7c1c5248808f73b2f3a6,exact current or selected observation_id in the treatment audit,B0
edge:fe9df68dd391537dc6a9,treatment_decision:71a95c8bc9f17f2ac4b9,treatment_output:95f1e10e3b52b5461f34,decision_resolves_to_output,f4b6cbcb460eaef0f82e,e4982bb0d13ac08094aa,exact current or selected observation_id in the treatment audit,B2
edge:ff50e48f948fcf62b943,treatment_decision:64e4c12a09d2d7bd90b2,treatment_output:b112b3995ea306e43f08,decision_resolves_to_output,f4b6cbcb460eaef0f82e,e4982bb0d13ac08094aa,exact current or selected observation_id in the treatment audit,B0
edge:ffd94145b59c6e9b7440,treatment_decision:6d3a527487656d9bbe68,treatment_output:35a8447dfb94ea08c80b,decision_resolves_to_output,e313de2e0e1a97bc17ff,7e097ceb497e25947325,exact current or selected observation_id in the treatment audit,B2
edge:ffe0838c336393a4627a,treatment_decision:1f81fe5e0e2247bd890e,treatment_output:8a029571f27dc4efd3f7,decision_resolves_to_output,bc696217068415ca73e2,4aab4307f4906503d2a4,requested observation_id is retained by at least one B1 snapshot,B1
edge:051c36c93aa437373c92,ingestion_batch:262525ea522552e448f9,transformation_run:9c729c994c878f480a2a,ingestion_batch_feeds_run,,,H6 ingestion_batch_id and transformation_run_id,
edge:23d6e689c814258f07de,source_manifest:c1f834a5eb747d6a015d,source_artifact:a3b2d14f73a6944e5daa,manifest_declares_artifact,,,explicit manifest path and artifact checksum,
edge:9e53339d462c856b4ac2,source_manifest:8efcc15a73d4d43bf419,source_artifact:3c803d0b82626170d679,manifest_declares_artifact,,,explicit manifest path and artifact checksum,
edge:f1c9eccd8dd2d02a7714,source_manifest:8efcc15a73d4d43bf419,source_artifact:5b60d57510ca563f2783,manifest_declares_artifact,,,explicit manifest path and artifact checksum,
edge:062fb38225ff216e7ad8,source_manifest:c1f834a5eb747d6a015d,vintage:c0a2e938ba2212e1aa72,manifest_declares_vintage,,,explicit vintage manifest path and checksum,
edge:2463ca28438af08529bd,source_manifest:8efcc15a73d4d43bf419,vintage:26fea14cace77e23d749,manifest_declares_vintage,,,explicit vintage manifest path and checksum,
edge:c1535306496fc80e9563,source_manifest:8efcc15a73d4d43bf419,vintage:ee62d93cbabad154b03d,manifest_declares_vintage,,,explicit vintage manifest path and checksum,
edge:29076f55a676ac23313f,reproducibility_metric:cd8e068865292c716ba8,evidence_table:7ff4454d0efd70f5a572,metric_published_in_table,,,treatment metric row is copied exactly into the evidence table,B2
edge:469ca698f445b4021e02,reproducibility_metric:46c5d343b2ae75cf958b,evidence_table:7ff4454d0efd70f5a572,metric_published_in_table,,,treatment metric row is copied exactly into the evidence table,B1
edge:fc4c6fc37601149c5d34,reproducibility_metric:220ce98bc0bcbbc10455,evidence_table:7ff4454d0efd70f5a572,metric_published_in_table,,,treatment metric row is copied exactly into the evidence table,B0
edge:044b1441b4ccc61109e7,observation:864f2c2d1b88e471e06c,treatment_decision:ae1fade8ed6c5938f499,observation_enters_treatment,49b82f2b710bfb946f9f,e4982bb0d13ac08094aa,exact H6 observation_id carried by the treatment audit,B0
edge:09801e7a10f12986ac13,observation:5577ee9eb9f8775867ee,treatment_decision:3351d3137ad2e1663462,observation_enters_treatment,d99bc3566095bc6ee582,7e097ceb497e25947325,exact H6 observation_id carried by the treatment audit,B2
edge:0b41db2b4e0df249dec4,observation:c8636f1fbb21ce328ae5,treatment_decision:54c37b211f186cf37d22,observation_enters_treatment,b55b4fefc9148be667c1,94651a48df17d3b56a1b,exact H6 observation_id carried by the treatment audit,B2
edge:0c1a2015c6fd9a528c9a,observation:b9d9aa4f2beeae259666,treatment_decision:2d6b70d3b38ad5eb54a7,observation_enters_treatment,cfe502c53f19a90449e6,94651a48df17d3b56a1b,exact H6 observation_id carried by the B1 audit,B1
edge:0c73e47d6389167bee6e,observation:6e3265bf4a2eadf39698,treatment_decision:05eea653e8b970a61288,observation_enters_treatment,4af2e0e7825c9f2ac443,71a013b45f47a8aefa7d,exact H6 observation_id carried by the B1 audit,B1
edge:0d7d2bb8a427fdf07bb7,observation:885040ab6fb9ac0096b2,treatment_decision:3497f7cefa9fb8da56dc,observation_enters_treatment,9fe0a3bb2baed4ce3810,7c1c5248808f73b2f3a6,exact H6 observation_id carried by the treatment audit,B0
edge:10cec246cc028e8ab47a,observation:fd786e62692104822637,treatment_decision:c9325a74a5e2f3de159d,observation_enters_treatment,87cdfc70ee6d45666fec,425bfdd5ca02ab3e3cc1,exact H6 observation_id carried by the B1 audit,B1
edge:1559a8e8dbb668690ea3,observation:da340ced2539c49628bf,treatment_decision:4528f931b50456c66ede,observation_enters_treatment,a34fc65bf470c1e7ce20,af12d1ae8c1555d899be,exact H6 observation_id carried by the treatment audit,B0
edge:17b921590c55229cd72d,observation:be61f5d1cfa355a917f0,treatment_decision:a8602a92db8584e6bfd1,observation_enters_treatment,356dadeceba952eb2a0c,e33e2f8351747300cba7,exact H6 observation_id carried by the B1 audit,B1
edge:19704dbf283599059667,observation:f99fdeebfc608df3a8bb,treatment_decision:6d3a527487656d9bbe68,observation_enters_treatment,e313de2e0e1a97bc17ff,7e097ceb497e25947325,exact H6 observation_id carried by the treatment audit,B2
edge:1d7b593f9bcfd6e6ff21,observation:de0321deca75854654ba,treatment_decision:c205c83bfd196b596a51,observation_enters_treatment,506a60e86fb32d9c608b,e33e2f8351747300cba7,exact H6 observation_id carried by the treatment audit,B2
edge:1f6ba7bb95d8fbbd5036,observation:e19175cc2d07bb652fd5,treatment_decision:a399f62b390bcb762f17,observation_enters_treatment,69745dd19d776c69570e,425bfdd5ca02ab3e3cc1,exact H6 observation_id carried by the B1 audit,B1
edge:2108353f19c329b383de,observation:96242f6669896b9035de,treatment_decision:de02f0282647d05d1452,observation_enters_treatment,df8ae4a2843995c9185d,3087bf08970908c509ca,exact H6 observation_id carried by the B1 audit,B1
edge:2235adc45b59057abf4e,observation:885040ab6fb9ac0096b2,treatment_decision:38aa5af7b120e26bf137,observation_enters_treatment,9fe0a3bb2baed4ce3810,7c1c5248808f73b2f3a6,exact H6 observation_id carried by the B1 audit,B1
edge:24c2506c48bfa3544956,observation:1ecfe2896341b81743b9,treatment_decision:35a847d459f3dc0a0af1,observation_enters_treatment,edde0b27f2f31f5fb962,5b5eeef107bb6f124496,exact H6 observation_id carried by the B1 audit,B1
edge:2e498d7b872bbcc942d9,observation:be61f5d1cfa355a917f0,treatment_decision:e922bc7a80c337ac72a8,observation_enters_treatment,356dadeceba952eb2a0c,e33e2f8351747300cba7,exact H6 observation_id carried by the treatment audit,B2
edge:2f85e0f9c4c4fbf0f940,observation:4451fa83b206a52cd53e,treatment_decision:7d018acbe51aa6194ae5,observation_enters_treatment,463dda3fe5140e2fbed2,7c1c5248808f73b2f3a6,exact H6 observation_id carried by the treatment audit,B2
edge:30d28e1e7c7c8faf775c,observation:3a58dba97aae26b9300b,treatment_decision:b989fabf222020a2dabe,observation_enters_treatment,cb0d5147421c66597d95,7c1c5248808f73b2f3a6,exact H6 observation_id carried by the treatment audit,B2
edge:35fd0e074d6ad335afc1,observation:cc516c3714c088b54218,treatment_decision:64e4c12a09d2d7bd90b2,observation_enters_treatment,f4b6cbcb460eaef0f82e,e4982bb0d13ac08094aa,exact H6 observation_id carried by the treatment audit,B0
edge:3a4215939140afd9f7bb,observation:a7e8ddddcfeb654133b3,treatment_decision:a6c6d5f8faaf44e4fb40,observation_enters_treatment,72e8553f361951a0c2c8,3087bf08970908c509ca,exact H6 observation_id carried by the treatment audit,B2
edge:3c8800c647856bd08590,observation:3f64e0aa5f69399e8a04,treatment_decision:51e4a3353b3340e49584,observation_enters_treatment,09bd4158de9b28a03d83,1c03a76cb6a98f53235d,exact H6 observation_id carried by the treatment audit,B0
edge:416c82497cc7f719e506,observation:1ecfe2896341b81743b9,treatment_decision:01e97655d5b8bfaf85b6,observation_enters_treatment,edde0b27f2f31f5fb962,5b5eeef107bb6f124496,exact H6 observation_id carried by the treatment audit,B0
edge:4262c7590d92be2ab7a0,observation:de0321deca75854654ba,treatment_decision:aa4980282d3bcdb13249,observation_enters_treatment,506a60e86fb32d9c608b,e33e2f8351747300cba7,exact H6 observation_id carried by the treatment audit,B0
edge:4317d7460efb8c5f2b16,observation:3f64e0aa5f69399e8a04,treatment_decision:66faf76902b33b10aa76,observation_enters_treatment,09bd4158de9b28a03d83,1c03a76cb6a98f53235d,exact H6 observation_id carried by the treatment audit,B2
edge:43edc2f428545f9f56c8,observation:885040ab6fb9ac0096b2,treatment_decision:470dd4633fb0dfa7fe65,observation_enters_treatment,9fe0a3bb2baed4ce3810,7c1c5248808f73b2f3a6,exact H6 observation_id carried by the treatment audit,B2
edge:441a757b7f269089a262,observation:4d4d1e51259f85b21f1d,treatment_decision:c246172e6de2b687025d,observation_enters_treatment,e06e475e6f5cb8748897,4aab4307f4906503d2a4,exact H6 observation_id carried by the B1 audit,B1
edge:46c73d08507149afbe73,observation:8723d68bb99c76a272c0,treatment_decision:8c063c4c3ba1c835d142,observation_enters_treatment,211b04665de26cd11d77,53b2a1ef09a68d6c5173,exact H6 observation_id carried by the B1 audit,B1
edge:46cb2873bbf5d1c9a5b1,observation:3b44dd267dadc5b9eb40,treatment_decision:f2c6a410bcba32c2fba4,observation_enters_treatment,2766cbe2cf960f73ba05,71a013b45f47a8aefa7d,exact H6 observation_id carried by the B1 audit,B1
edge:482a2bd1bc1c75588872,observation:202f97684ab8629aa916,treatment_decision:c3f470f0116a95f8dbcf,observation_enters_treatment,d3d17696ddd6a7bcb743,af12d1ae8c1555d899be,exact H6 observation_id carried by the B1 audit,B1
edge:4ba3c971134e1b1026df,observation:faa7a4c88494a64e5e39,treatment_decision:1f81fe5e0e2247bd890e,observation_enters_treatment,bc696217068415ca73e2,4aab4307f4906503d2a4,exact H6 observation_id carried by the B1 audit,B1
edge:4fa24efff88268295ee5,observation:a7e8ddddcfeb654133b3,treatment_decision:b3f010f2e2a087330a72,observation_enters_treatment,72e8553f361951a0c2c8,3087bf08970908c509ca,exact H6 observation_id carried by the B1 audit,B1
edge:50d85f7d08e21199678f,observation:c8d559d64c4d785c41a3,treatment_decision:e32eb47856f958bf1744,observation_enters_treatment,1721995859418ecf608c,3087bf08970908c509ca,exact H6 observation_id carried by the treatment audit,B0
edge:52c1d9736657f22ad284,observation:04df2a67b487f338de1b,treatment_decision:72496eaaa5851fc4fe88,observation_enters_treatment,5fab5a82719cacffcbe4,1c03a76cb6a98f53235d,exact H6 observation_id carried by the B1 audit,B1
edge:52d8e90e72c3ce5c7ef1,observation:c0e44bfaff03fb3d0e85,treatment_decision:0e04639b4b787c22e612,observation_enters_treatment,69a1ecde0bf18c3a84ae,af12d1ae8c1555d899be,exact H6 observation_id carried by the B1 audit,B1
edge:536d66b45fb11e91d7ab,observation:4d4d1e51259f85b21f1d,treatment_decision:f602fdf9ed7c4d21a015,observation_enters_treatment,e06e475e6f5cb8748897,4aab4307f4906503d2a4,exact H6 observation_id carried by the treatment audit,B2
edge:53a96a9d5265f364676a,observation:864f2c2d1b88e471e06c,treatment_decision:1e639daa7b539e8f2208,observation_enters_treatment,49b82f2b710bfb946f9f,e4982bb0d13ac08094aa,exact H6 observation_id carried by the B1 audit,B1
edge:54628d68caadd6e44ad9,observation:f99fdeebfc608df3a8bb,treatment_decision:802823c6371dceb43e9c,observation_enters_treatment,e313de2e0e1a97bc17ff,7e097ceb497e25947325,exact H6 observation_id carried by the B1 audit,B1
edge:5c066ef7afc59670558f,observation:202f97684ab8629aa916,treatment_decision:28561b0a1878d7b8630d,observation_enters_treatment,d3d17696ddd6a7bcb743,af12d1ae8c1555d899be,exact H6 observation_id carried by the treatment audit,B0
edge:5c8832999e9cb41a28d4,observation:b9d9aa4f2beeae259666,treatment_decision:345214c000d52f1ca630,observation_enters_treatment,cfe502c53f19a90449e6,94651a48df17d3b56a1b,exact H6 observation_id carried by the treatment audit,B0
edge:5de0f549d808a1aa2935,observation:e36405cf00bd435e3d3d,treatment_decision:5fc3e4a8ea4f880fc3f2,observation_enters_treatment,74fed6e1c3d917191be6,53b2a1ef09a68d6c5173,exact H6 observation_id carried by the B1 audit,B1
edge:5f0076bc9a85058ddbad,observation:c8636f1fbb21ce328ae5,treatment_decision:261ea74a6ee42a069821,observation_enters_treatment,b55b4fefc9148be667c1,94651a48df17d3b56a1b,exact H6 observation_id carried by the B1 audit,B1
edge:60082765d76437798a55,observation:389c8092fc51c52bc4eb,treatment_decision:10ccf15de43bd6cc1f66,observation_enters_treatment,6ad6dfc4b05d0f292d1f,425bfdd5ca02ab3e3cc1,exact H6 observation_id carried by the treatment audit,B0
edge:60287d675a0bcd885d25,observation:5f781c26691e4c1d4e63,treatment_decision:64a25d13c4c58b4ab807,observation_enters_treatment,05a8528c88245297d4ba,5b5eeef107bb6f124496,exact H6 observation_id carried by the treatment audit,B2
edge:63392f81f85a3f2f3526,observation:1b7b7decaafba2e44741,treatment_decision:c4f21a91862dd44daf60,observation_enters_treatment,f831d08aa91c95864cd0,05ae4dff5d60b5021813,exact H6 observation_id carried by the treatment audit,B2
edge:6496271cf1aa323b3f1b,observation:1b7b7decaafba2e44741,treatment_decision:94a34350fee164c39a62,observation_enters_treatment,f831d08aa91c95864cd0,05ae4dff5d60b5021813,exact H6 observation_id carried by the treatment audit,B0
edge:669891924629d4e9e446,observation:e19175cc2d07bb652fd5,treatment_decision:ba4d2a0323532ef5eefc,observation_enters_treatment,69745dd19d776c69570e,425bfdd5ca02ab3e3cc1,exact H6 observation_id carried by the treatment audit,B2
edge:687282d95342db884595,observation:e36405cf00bd435e3d3d,treatment_decision:fa01589df546f2ac10bc,observation_enters_treatment,74fed6e1c3d917191be6,53b2a1ef09a68d6c5173,exact H6 observation_id carried by the treatment audit,B0
edge:6b9d1a0ea4184fc5bab4,observation:96242f6669896b9035de,treatment_decision:de8618385ab0b96a4da0,observation_enters_treatment,df8ae4a2843995c9185d,3087bf08970908c509ca,exact H6 observation_id carried by the treatment audit,B0
edge:73b778cc1a882cdb2979,observation:faa7a4c88494a64e5e39,treatment_decision:ebc36619fb9371ccdb2d,observation_enters_treatment,bc696217068415ca73e2,4aab4307f4906503d2a4,exact H6 observation_id carried by the treatment audit,B2
edge:79d875988d46e930a495,observation:0970843830c2ae7c8503,treatment_decision:ce77a6cdda37e2bcd056,observation_enters_treatment,f2b9db071dd4766d6307,e4982bb0d13ac08094aa,exact H6 observation_id carried by the treatment audit,B2
edge:7b7398cb6b65ae910fe2,observation:c0e44bfaff03fb3d0e85,treatment_decision:0a9128e5315b05c412f3,observation_enters_treatment,69a1ecde0bf18c3a84ae,af12d1ae8c1555d899be,exact H6 observation_id carried by the treatment audit,B2
edge:7d5de1b49ddecdbddb05,observation:5f781c26691e4c1d4e63,treatment_decision:521d48c5bcc94247c67b,observation_enters_treatment,05a8528c88245297d4ba,5b5eeef107bb6f124496,exact H6 observation_id carried by the treatment audit,B0
edge:7f78ad694ddc22651fa1,observation:cc516c3714c088b54218,treatment_decision:71a95c8bc9f17f2ac4b9,observation_enters_treatment,f4b6cbcb460eaef0f82e,e4982bb0d13ac08094aa,exact H6 observation_id carried by the treatment audit,B2
edge:8836d9cd6045c151e8ff,observation:da340ced2539c49628bf,treatment_decision:5901f6a4b7a019b0552f,observation_enters_treatment,a34fc65bf470c1e7ce20,af12d1ae8c1555d899be,exact H6 observation_id carried by the B1 audit,B1
edge:88af31296e5c2453ad31,observation:8723d68bb99c76a272c0,treatment_decision:0abd4a86810b0413b3d9,observation_enters_treatment,211b04665de26cd11d77,53b2a1ef09a68d6c5173,exact H6 observation_id carried by the treatment audit,B0
edge:8b5942b3e2183445ccaf,observation:0970843830c2ae7c8503,treatment_decision:d85aca16a447127852ff,observation_enters_treatment,f2b9db071dd4766d6307,e4982bb0d13ac08094aa,exact H6 observation_id carried by the B1 audit,B1
edge:8d7cfa2dce35fc8ec87f,observation:3a58dba97aae26b9300b,treatment_decision:6389be765d4e8e1e356f,observation_enters_treatment,cb0d5147421c66597d95,7c1c5248808f73b2f3a6,exact H6 observation_id carried by the B1 audit,B1
edge:8f61cf9e7ffb13f0a078,observation:3f64e0aa5f69399e8a04,treatment_decision:b651ce37ac73be1d354f,observation_enters_treatment,09bd4158de9b28a03d83,1c03a76cb6a98f53235d,exact H6 observation_id carried by the B1 audit,B1
edge:912e8b6bb8e0f8e6f06d,observation:e4c9a85a54e3ad78e66c,treatment_decision:08b0d20ce2e4f3857016,observation_enters_treatment,ad8a7f5c7869af674e3a,05ae4dff5d60b5021813,exact H6 observation_id carried by the B1 audit,B1
edge:9329c9f3ad6c3867484f,observation:5f781c26691e4c1d4e63,treatment_decision:4dff6205be1cfa53338a,observation_enters_treatment,05a8528c88245297d4ba,5b5eeef107bb6f124496,exact H6 observation_id carried by the B1 audit,B1
edge:990f47cbc9e00ac69516,observation:be61f5d1cfa355a917f0,treatment_decision:6930213d03643139cb4f,observation_enters_treatment,356dadeceba952eb2a0c,e33e2f8351747300cba7,exact H6 observation_id carried by the treatment audit,B0
edge:9a63980d707b9cc75e8e,observation:96242f6669896b9035de,treatment_decision:c2ceeff98ed5980e40d3,observation_enters_treatment,df8ae4a2843995c9185d,3087bf08970908c509ca,exact H6 observation_id carried by the treatment audit,B2
edge:9b6ee9f88d7a8b7c4df9,observation:04df2a67b487f338de1b,treatment_decision:44e85d3e18527505e98a,observation_enters_treatment,5fab5a82719cacffcbe4,1c03a76cb6a98f53235d,exact H6 observation_id carried by the treatment audit,B2
edge:9c46cc7f661e19bde72e,observation:04df2a67b487f338de1b,treatment_decision:b4cc3058de5b03e4acce,observation_enters_treatment,5fab5a82719cacffcbe4,1c03a76cb6a98f53235d,exact H6 observation_id carried by the treatment audit,B0
edge:9cd938e5e0ddb9c01ce9,observation:3b44dd267dadc5b9eb40,treatment_decision:74ac980251856f1cc7c8,observation_enters_treatment,2766cbe2cf960f73ba05,71a013b45f47a8aefa7d,exact H6 observation_id carried by the treatment audit,B0
edge:9d2cd7268096b4268be9,observation:294d2d83bf86fa753446,treatment_decision:ecb545a1085647c5d652,observation_enters_treatment,6fbf4aae1b9a6de0051a,94651a48df17d3b56a1b,exact H6 observation_id carried by the treatment audit,B2
edge:9fe62755b9e1f8d8d4e7,observation:1b7b7decaafba2e44741,treatment_decision:b09a469a80c51e50779a,observation_enters_treatment,f831d08aa91c95864cd0,05ae4dff5d60b5021813,exact H6 observation_id carried by the B1 audit,B1
edge:a09e8b88f2691682c112,observation:c8636f1fbb21ce328ae5,treatment_decision:42ed1037c94137b84019,observation_enters_treatment,b55b4fefc9148be667c1,94651a48df17d3b56a1b,exact H6 observation_id carried by the treatment audit,B0
edge:a2368f2a4e62573653df,observation:3b1d7e44c2f83aa6fe02,treatment_decision:b49c24396a857374b3a1,observation_enters_treatment,deabb3549fa520121850,71a013b45f47a8aefa7d,exact H6 observation_id carried by the treatment audit,B2
edge:a2975fc98ef7d1744775,observation:294d2d83bf86fa753446,treatment_decision:578b9ae365fa3ee4e1f3,observation_enters_treatment,6fbf4aae1b9a6de0051a,94651a48df17d3b56a1b,exact H6 observation_id carried by the treatment audit,B0
edge:a9ffd5460a6466de07b3,observation:3a58dba97aae26b9300b,treatment_decision:69f8285768cc23cfcd85,observation_enters_treatment,cb0d5147421c66597d95,7c1c5248808f73b2f3a6,exact H6 observation_id carried by the treatment audit,B0
edge:aa1fff88cb4d867dd06c,observation:ea029425bb6e7db0f2d4,treatment_decision:aea7508d109bea3c669b,observation_enters_treatment,27f750d142897641b3b1,e33e2f8351747300cba7,exact H6 observation_id carried by the B1 audit,B1
edge:aba96da872a241da2f78,observation:a7e8ddddcfeb654133b3,treatment_decision:5845e2ce8feda0a2471b,observation_enters_treatment,72e8553f361951a0c2c8,3087bf08970908c509ca,exact H6 observation_id carried by the treatment audit,B0
edge:ac3fd5c473036ba8edfd,observation:294d2d83bf86fa753446,treatment_decision:079d807f6c262a9020ca,observation_enters_treatment,6fbf4aae1b9a6de0051a,94651a48df17d3b56a1b,exact H6 observation_id carried by the B1 audit,B1
edge:adf3980487c8351a4fa8,observation:e19175cc2d07bb652fd5,treatment_decision:45c9c4f407fa3c5bda70,observation_enters_treatment,69745dd19d776c69570e,425bfdd5ca02ab3e3cc1,exact H6 observation_id carried by the treatment audit,B0
edge:afd8dceb7cac50cae1e0,observation:3b44dd267dadc5b9eb40,treatment_decision:e4ca9bee15dc3066aedf,observation_enters_treatment,2766cbe2cf960f73ba05,71a013b45f47a8aefa7d,exact H6 observation_id carried by the treatment audit,B2
edge:b0765bbada1580816fd4,observation:c0e44bfaff03fb3d0e85,treatment_decision:7eb5aa0a1c9985db3bae,observation_enters_treatment,69a1ecde0bf18c3a84ae,af12d1ae8c1555d899be,exact H6 observation_id carried by the treatment audit,B0
edge:b6851f18e6bce4953d62,observation:c8d559d64c4d785c41a3,treatment_decision:1c37bb7db78dd523efc8,observation_enters_treatment,1721995859418ecf608c,3087bf08970908c509ca,exact H6 observation_id carried by the treatment audit,B2
edge:b710085a3dde3b8adcb2,observation:389c8092fc51c52bc4eb,treatment_decision:70b453e06263d20984c8,observation_enters_treatment,6ad6dfc4b05d0f292d1f,425bfdd5ca02ab3e3cc1,exact H6 observation_id carried by the B1 audit,B1
edge:b9624b98c7c2d13390a1,observation:fd786e62692104822637,treatment_decision:194200d871c8425ce37a,observation_enters_treatment,87cdfc70ee6d45666fec,425bfdd5ca02ab3e3cc1,exact H6 observation_id carried by the treatment audit,B2
edge:bb5b190517cdbb336579,observation:c8d559d64c4d785c41a3,treatment_decision:6728f45a31ffbdc3dc9f,observation_enters_treatment,1721995859418ecf608c,3087bf08970908c509ca,exact H6 observation_id carried by the B1 audit,B1
edge:bd61dfabbe987449dee5,observation:5577ee9eb9f8775867ee,treatment_decision:e9e1e46e04b4e0b87c82,observation_enters_treatment,d99bc3566095bc6ee582,7e097ceb497e25947325,exact H6 observation_id carried by the treatment audit,B0
edge:c38af576c580cdf4d3de,observation:e4c9a85a54e3ad78e66c,treatment_decision:84cbb32858b832c84f69,observation_enters_treatment,ad8a7f5c7869af674e3a,05ae4dff5d60b5021813,exact H6 observation_id carried by the treatment audit,B2
edge:c394d35b8cca1606bef4,observation:202f97684ab8629aa916,treatment_decision:e7542895b383f1cf957a,observation_enters_treatment,d3d17696ddd6a7bcb743,af12d1ae8c1555d899be,exact H6 observation_id carried by the treatment audit,B2
edge:c55224333777142cdf20,observation:faa7a4c88494a64e5e39,treatment_decision:f0f9398e159a89805a66,observation_enters_treatment,bc696217068415ca73e2,4aab4307f4906503d2a4,exact H6 observation_id carried by the treatment audit,B0
edge:c5ba86ff9149c806d98d,observation:864f2c2d1b88e471e06c,treatment_decision:50582d3656d43e23a4ce,observation_enters_treatment,49b82f2b710bfb946f9f,e4982bb0d13ac08094aa,exact H6 observation_id carried by the treatment audit,B2
edge:c66148cf8fd155073162,observation:6e3265bf4a2eadf39698,treatment_decision:07b069e313d324126fc3,observation_enters_treatment,4af2e0e7825c9f2ac443,71a013b45f47a8aefa7d,exact H6 observation_id carried by the treatment audit,B2
edge:c6a7ec1d9cb65953c88a,observation:f99fdeebfc608df3a8bb,treatment_decision:4d94c6598e04bfa70d82,observation_enters_treatment,e313de2e0e1a97bc17ff,7e097ceb497e25947325,exact H6 observation_id carried by the treatment audit,B0
edge:c8603927149e959bd0e4,observation:31d333568319d88d97b2,treatment_decision:5b2bbe6c544f7987b94c,observation_enters_treatment,a16c09b869c2ad72a4ea,4aab4307f4906503d2a4,exact H6 observation_id carried by the treatment audit,B0
edge:cdbdf4f6dec7c6800e6a,observation:0970843830c2ae7c8503,treatment_decision:a484434b328c7b0665f7,observation_enters_treatment,f2b9db071dd4766d6307,e4982bb0d13ac08094aa,exact H6 observation_id carried by the treatment audit,B0
edge:cdfe4e83cdde0323d290,observation:667f983b01d3cdf7458e,treatment_decision:7afe198206a88203597a,observation_enters_treatment,9fcd6d7d4f2e24e56db1,1c03a76cb6a98f53235d,exact H6 observation_id carried by the treatment audit,B0
edge:cf50dd29ec4d96a3cca2,observation:667f983b01d3cdf7458e,treatment_decision:aa1f0a5de8234a618feb,observation_enters_treatment,9fcd6d7d4f2e24e56db1,1c03a76cb6a98f53235d,exact H6 observation_id carried by the B1 audit,B1
edge:d055f456272d292911ec,observation:8723d68bb99c76a272c0,treatment_decision:6f97d759c0fb908abffb,observation_enters_treatment,211b04665de26cd11d77,53b2a1ef09a68d6c5173,exact H6 observation_id carried by the treatment audit,B2
edge:d09805a3eda264b26d27,observation:cc516c3714c088b54218,treatment_decision:e4ae2ed1b62d068ef2bf,observation_enters_treatment,f4b6cbcb460eaef0f82e,e4982bb0d13ac08094aa,exact H6 observation_id carried by the B1 audit,B1
edge:d1156fcdfd6fbca963de,observation:e4c9a85a54e3ad78e66c,treatment_decision:bd6820f4625f446558d7,observation_enters_treatment,ad8a7f5c7869af674e3a,05ae4dff5d60b5021813,exact H6 observation_id carried by the treatment audit,B0
edge:d1989b7cb6b443c5f7ce,observation:4d4d1e51259f85b21f1d,treatment_decision:1e0b717dca3619cbc832,observation_enters_treatment,e06e475e6f5cb8748897,4aab4307f4906503d2a4,exact H6 observation_id carried by the treatment audit,B0
edge:d20ef0fd5c1506467f51,observation:5577ee9eb9f8775867ee,treatment_decision:c9b6c4fd6598cd457d82,observation_enters_treatment,d99bc3566095bc6ee582,7e097ceb497e25947325,exact H6 observation_id carried by the B1 audit,B1
edge:d405fa92f5d827a942ed,observation:3b1d7e44c2f83aa6fe02,treatment_decision:733e8862b895e90c023f,observation_enters_treatment,deabb3549fa520121850,71a013b45f47a8aefa7d,exact H6 observation_id carried by the treatment audit,B0
edge:d7d07f81a5d08696c551,observation:31d333568319d88d97b2,treatment_decision:f23f0bd59f8981005867,observation_enters_treatment,a16c09b869c2ad72a4ea,4aab4307f4906503d2a4,exact H6 observation_id carried by the treatment audit,B2
edge:da2acd5173a9ed7ce2c9,observation:de0321deca75854654ba,treatment_decision:455409b7181869c869dd,observation_enters_treatment,506a60e86fb32d9c608b,e33e2f8351747300cba7,exact H6 observation_id carried by the B1 audit,B1
edge:df82fc08b714437d8541,observation:4451fa83b206a52cd53e,treatment_decision:501ef06bfa9901cc32a8,observation_enters_treatment,463dda3fe5140e2fbed2,7c1c5248808f73b2f3a6,exact H6 observation_id carried by the treatment audit,B0
edge:e2a185e7632e03104538,observation:6e3265bf4a2eadf39698,treatment_decision:e456f220c0c8c9eee183,observation_enters_treatment,4af2e0e7825c9f2ac443,71a013b45f47a8aefa7d,exact H6 observation_id carried by the treatment audit,B0
edge:ec4d21521cacb186d942,observation:31d333568319d88d97b2,treatment_decision:00ba366612b481aeb6db,observation_enters_treatment,a16c09b869c2ad72a4ea,4aab4307f4906503d2a4,exact H6 observation_id carried by the B1 audit,B1
edge:ec96cc7111b75c0f48c6,observation:389c8092fc51c52bc4eb,treatment_decision:2bf4efe84e17d15d5a52,observation_enters_treatment,6ad6dfc4b05d0f292d1f,425bfdd5ca02ab3e3cc1,exact H6 observation_id carried by the treatment audit,B2
edge:ecba718b40921b6bce62,observation:b9d9aa4f2beeae259666,treatment_decision:19342cef837b47f9f2ea,observation_enters_treatment,cfe502c53f19a90449e6,94651a48df17d3b56a1b,exact H6 observation_id carried by the treatment audit,B2
edge:eec63883ec1f890e81e4,observation:fd786e62692104822637,treatment_decision:509cb54e0571af9e1f50,observation_enters_treatment,87cdfc70ee6d45666fec,425bfdd5ca02ab3e3cc1,exact H6 observation_id carried by the treatment audit,B0
edge:ef9c92b281f5895321d2,observation:ea029425bb6e7db0f2d4,treatment_decision:f3555f20090ed7209e39,observation_enters_treatment,27f750d142897641b3b1,e33e2f8351747300cba7,exact H6 observation_id carried by the treatment audit,B0
edge:f07f812859d55e9c755f,observation:4451fa83b206a52cd53e,treatment_decision:beeacbac9ed4d6c5e332,observation_enters_treatment,463dda3fe5140e2fbed2,7c1c5248808f73b2f3a6,exact H6 observation_id carried by the B1 audit,B1
edge:f318bbe14d082a2a01ec,observation:da340ced2539c49628bf,treatment_decision:8767414d773196b79c6f,observation_enters_treatment,a34fc65bf470c1e7ce20,af12d1ae8c1555d899be,exact H6 observation_id carried by the treatment audit,B2
edge:f678e2f13cac3220fe45,observation:1ecfe2896341b81743b9,treatment_decision:082f5ca9b674ca745934,observation_enters_treatment,edde0b27f2f31f5fb962,5b5eeef107bb6f124496,exact H6 observation_id carried by the treatment audit,B2
edge:fa526e3e6963d3e27cb3,observation:667f983b01d3cdf7458e,treatment_decision:8308c3c3f060c8b25564,observation_enters_treatment,9fcd6d7d4f2e24e56db1,1c03a76cb6a98f53235d,exact H6 observation_id carried by the treatment audit,B2
edge:fce486a645c7bb3a6c3d,observation:3b1d7e44c2f83aa6fe02,treatment_decision:91fe1883a0b85a89e4e9,observation_enters_treatment,deabb3549fa520121850,71a013b45f47a8aefa7d,exact H6 observation_id carried by the B1 audit,B1
edge:fece38702e9962268d6d,observation:ea029425bb6e7db0f2d4,treatment_decision:86c711486628ab7c2376,observation_enters_treatment,27f750d142897641b3b1,e33e2f8351747300cba7,exact H6 observation_id carried by the treatment audit,B2
edge:ff44a52af0591c2ab0c7,observation:e36405cf00bd435e3d3d,treatment_decision:371b782e4e8e98bd1010,observation_enters_treatment,74fed6e1c3d917191be6,53b2a1ef09a68d6c5173,exact H6 observation_id carried by the treatment audit,B2
edge:03cc979a520aca340bfc,observation:be61f5d1cfa355a917f0,indicator_cell:5fd7f1c394470ba4a878,observation_materializes_cell,356dadeceba952eb2a0c,e33e2f8351747300cba7,H6 stable cell_id,
edge:0b68d711a0ea7d53c21b,observation:3f64e0aa5f69399e8a04,indicator_cell:932a2e3f54ff599be81b,observation_materializes_cell,09bd4158de9b28a03d83,1c03a76cb6a98f53235d,H6 stable cell_id,
edge:0ebd489b721451dc03bc,observation:202f97684ab8629aa916,indicator_cell:ae652356f54e9da22915,observation_materializes_cell,d3d17696ddd6a7bcb743,af12d1ae8c1555d899be,H6 stable cell_id,
edge:111a700f07af74b8b8cc,observation:04df2a67b487f338de1b,indicator_cell:932a2e3f54ff599be81b,observation_materializes_cell,5fab5a82719cacffcbe4,1c03a76cb6a98f53235d,H6 stable cell_id,
edge:21706f3202685dc5f05d,observation:b9d9aa4f2beeae259666,indicator_cell:08e4d6d55af0774caa62,observation_materializes_cell,cfe502c53f19a90449e6,94651a48df17d3b56a1b,H6 stable cell_id,
edge:2272a2b24d7293c8da6d,observation:3b44dd267dadc5b9eb40,indicator_cell:44587469161d5e598f2a,observation_materializes_cell,2766cbe2cf960f73ba05,71a013b45f47a8aefa7d,H6 stable cell_id,
edge:2328e5ff37ad08b80430,observation:f99fdeebfc608df3a8bb,indicator_cell:de3c26510b8871e0d687,observation_materializes_cell,e313de2e0e1a97bc17ff,7e097ceb497e25947325,H6 stable cell_id,
edge:28df812cc0a413b3f46b,observation:885040ab6fb9ac0096b2,indicator_cell:feb2ac97cbf469e6c701,observation_materializes_cell,9fe0a3bb2baed4ce3810,7c1c5248808f73b2f3a6,H6 stable cell_id,
edge:459c0a53a60ccb3e7d80,observation:389c8092fc51c52bc4eb,indicator_cell:7893e69f53cf7b6d0284,observation_materializes_cell,6ad6dfc4b05d0f292d1f,425bfdd5ca02ab3e3cc1,H6 stable cell_id,
edge:63982fdf5f2a6c95f329,observation:ea029425bb6e7db0f2d4,indicator_cell:5fd7f1c394470ba4a878,observation_materializes_cell,27f750d142897641b3b1,e33e2f8351747300cba7,H6 stable cell_id,
edge:66e96e602d8a04d45ad0,observation:faa7a4c88494a64e5e39,indicator_cell:e30254e6593a5ad1768e,observation_materializes_cell,bc696217068415ca73e2,4aab4307f4906503d2a4,H6 stable cell_id,
edge:6850c65ba54d2d6298ae,observation:e4c9a85a54e3ad78e66c,indicator_cell:aab555ad4759ae18ba76,observation_materializes_cell,ad8a7f5c7869af674e3a,05ae4dff5d60b5021813,H6 stable cell_id,
edge:7036a10c664d349db7f1,observation:31d333568319d88d97b2,indicator_cell:e30254e6593a5ad1768e,observation_materializes_cell,a16c09b869c2ad72a4ea,4aab4307f4906503d2a4,H6 stable cell_id,
edge:718341a02f1381ec6079,observation:5577ee9eb9f8775867ee,indicator_cell:de3c26510b8871e0d687,observation_materializes_cell,d99bc3566095bc6ee582,7e097ceb497e25947325,H6 stable cell_id,
edge:81c8fc1b2773bcd9d000,observation:294d2d83bf86fa753446,indicator_cell:08e4d6d55af0774caa62,observation_materializes_cell,6fbf4aae1b9a6de0051a,94651a48df17d3b56a1b,H6 stable cell_id,
edge:89cbaef1797c7e6e77dc,observation:6e3265bf4a2eadf39698,indicator_cell:44587469161d5e598f2a,observation_materializes_cell,4af2e0e7825c9f2ac443,71a013b45f47a8aefa7d,H6 stable cell_id,
edge:8cac4725792c5768e4b0,observation:da340ced2539c49628bf,indicator_cell:ae652356f54e9da22915,observation_materializes_cell,a34fc65bf470c1e7ce20,af12d1ae8c1555d899be,H6 stable cell_id,
edge:8ff700679e93749b490d,observation:e19175cc2d07bb652fd5,indicator_cell:7893e69f53cf7b6d0284,observation_materializes_cell,69745dd19d776c69570e,425bfdd5ca02ab3e3cc1,H6 stable cell_id,
edge:94a2dbb9883a00825d75,observation:c8636f1fbb21ce328ae5,indicator_cell:08e4d6d55af0774caa62,observation_materializes_cell,b55b4fefc9148be667c1,94651a48df17d3b56a1b,H6 stable cell_id,
edge:984d94cd51c202b80a3b,observation:0970843830c2ae7c8503,indicator_cell:f70883b0424bebcca783,observation_materializes_cell,f2b9db071dd4766d6307,e4982bb0d13ac08094aa,H6 stable cell_id,
edge:a045abf8994b538a183f,observation:a7e8ddddcfeb654133b3,indicator_cell:9f4335805533dc1644dc,observation_materializes_cell,72e8553f361951a0c2c8,3087bf08970908c509ca,H6 stable cell_id,
edge:a376b037fd815bd08f48,observation:5f781c26691e4c1d4e63,indicator_cell:55e36c8d23c81a7e5e6f,observation_materializes_cell,05a8528c88245297d4ba,5b5eeef107bb6f124496,H6 stable cell_id,
edge:aa7235033e296af44a2b,observation:de0321deca75854654ba,indicator_cell:5fd7f1c394470ba4a878,observation_materializes_cell,506a60e86fb32d9c608b,e33e2f8351747300cba7,H6 stable cell_id,
edge:bba347dc426d90b28d3f,observation:8723d68bb99c76a272c0,indicator_cell:c4a866eca4b16dd78a5b,observation_materializes_cell,211b04665de26cd11d77,53b2a1ef09a68d6c5173,H6 stable cell_id,
edge:c4a9eed82d0c716ef665,observation:c8d559d64c4d785c41a3,indicator_cell:9f4335805533dc1644dc,observation_materializes_cell,1721995859418ecf608c,3087bf08970908c509ca,H6 stable cell_id,
edge:c6fd3b3ba2ab84a177ae,observation:864f2c2d1b88e471e06c,indicator_cell:f70883b0424bebcca783,observation_materializes_cell,49b82f2b710bfb946f9f,e4982bb0d13ac08094aa,H6 stable cell_id,
edge:cb3b0bc6bb10cbc7a1af,observation:4d4d1e51259f85b21f1d,indicator_cell:e30254e6593a5ad1768e,observation_materializes_cell,e06e475e6f5cb8748897,4aab4307f4906503d2a4,H6 stable cell_id,
edge:cc77a66c956ab4f1ab7e,observation:1b7b7decaafba2e44741,indicator_cell:aab555ad4759ae18ba76,observation_materializes_cell,f831d08aa91c95864cd0,05ae4dff5d60b5021813,H6 stable cell_id,
edge:d46fd9ade8f77a02e18a,observation:fd786e62692104822637,indicator_cell:7893e69f53cf7b6d0284,observation_materializes_cell,87cdfc70ee6d45666fec,425bfdd5ca02ab3e3cc1,H6 stable cell_id,
edge:e2b93b6060b08a415bc7,observation:4451fa83b206a52cd53e,indicator_cell:feb2ac97cbf469e6c701,observation_materializes_cell,463dda3fe5140e2fbed2,7c1c5248808f73b2f3a6,H6 stable cell_id,
edge:e3f0ce5d4bc903d0bfbf,observation:e36405cf00bd435e3d3d,indicator_cell:c4a866eca4b16dd78a5b,observation_materializes_cell,74fed6e1c3d917191be6,53b2a1ef09a68d6c5173,H6 stable cell_id,
edge:e4022255048e6dabb39d,observation:c0e44bfaff03fb3d0e85,indicator_cell:ae652356f54e9da22915,observation_materializes_cell,69a1ecde0bf18c3a84ae,af12d1ae8c1555d899be,H6 stable cell_id,
edge:e736654947ee5cc84e48,observation:cc516c3714c088b54218,indicator_cell:f70883b0424bebcca783,observation_materializes_cell,f4b6cbcb460eaef0f82e,e4982bb0d13ac08094aa,H6 stable cell_id,
edge:e92e4c71290275321795,observation:96242f6669896b9035de,indicator_cell:9f4335805533dc1644dc,observation_materializes_cell,df8ae4a2843995c9185d,3087bf08970908c509ca,H6 stable cell_id,
edge:eb7d64db01163db05a6d,observation:667f983b01d3cdf7458e,indicator_cell:932a2e3f54ff599be81b,observation_materializes_cell,9fcd6d7d4f2e24e56db1,1c03a76cb6a98f53235d,H6 stable cell_id,
edge:f68153b64c023f03e6f0,observation:1ecfe2896341b81743b9,indicator_cell:55e36c8d23c81a7e5e6f,observation_materializes_cell,edde0b27f2f31f5fb962,5b5eeef107bb6f124496,H6 stable cell_id,
edge:f6af64e78d995a29282f,observation:3b1d7e44c2f83aa6fe02,indicator_cell:44587469161d5e598f2a,observation_materializes_cell,deabb3549fa520121850,71a013b45f47a8aefa7d,H6 stable cell_id,
edge:fb10d1507128aa608d3b,observation:3a58dba97aae26b9300b,indicator_cell:feb2ac97cbf469e6c701,observation_materializes_cell,cb0d5147421c66597d95,7c1c5248808f73b2f3a6,H6 stable cell_id,
edge:081b4f0ca9bd49c1530c,treatment_output:a81a311fdd585719ef98,snapshot_state:0fc223872d5f0210eb86,output_available_in_snapshot,edde0b27f2f31f5fb962,5b5eeef107bb6f124496,exact observation_id occurrence in the logical B1 snapshot state,B1
edge:08d877396dc17a1dee59,treatment_output:8b675720d359da1d4e7a,snapshot_state:5367ba4319af7413c382,output_available_in_snapshot,e313de2e0e1a97bc17ff,7e097ceb497e25947325,exact observation_id occurrence in the logical B1 snapshot state,B1
edge:0eb72fb15801d4e6cfa8,treatment_output:10b1925a6a42c3e2c127,snapshot_state:5367ba4319af7413c382,output_available_in_snapshot,f831d08aa91c95864cd0,05ae4dff5d60b5021813,exact observation_id occurrence in the logical B1 snapshot state,B1
edge:0fdf5a4ad60ca9fe57bf,treatment_output:1fb07512426155c24d4b,snapshot_state:5367ba4319af7413c382,output_available_in_snapshot,211b04665de26cd11d77,53b2a1ef09a68d6c5173,exact observation_id occurrence in the logical B1 snapshot state,B1
edge:1b14d9f8dda4aae1ad89,treatment_output:7d8481cda60d7aba35c5,snapshot_state:0fc223872d5f0210eb86,output_available_in_snapshot,d3d17696ddd6a7bcb743,af12d1ae8c1555d899be,exact observation_id occurrence in the logical B1 snapshot state,B1
edge:1c65bfd27755dd53cca1,treatment_output:de474635df9204daeb8c,snapshot_state:0fc223872d5f0210eb86,output_available_in_snapshot,87cdfc70ee6d45666fec,425bfdd5ca02ab3e3cc1,exact observation_id occurrence in the logical B1 snapshot state,B1
edge:1cea2b7836e5e248eb4e,treatment_output:debdb5aa57947a06abef,snapshot_state:0fc223872d5f0210eb86,output_available_in_snapshot,74fed6e1c3d917191be6,53b2a1ef09a68d6c5173,exact observation_id occurrence in the logical B1 snapshot state,B1
edge:23838b11d4c730e1bd83,treatment_output:3fedb84694a6c2142e91,snapshot_state:fc89c879103a0a6f99cc,output_available_in_snapshot,463dda3fe5140e2fbed2,7c1c5248808f73b2f3a6,exact observation_id occurrence in the logical B1 snapshot state,B1
edge:2d1d3a44b9de0db2b883,treatment_output:3c0f7efe18222e987b1d,snapshot_state:fc89c879103a0a6f99cc,output_available_in_snapshot,69a1ecde0bf18c3a84ae,af12d1ae8c1555d899be,exact observation_id occurrence in the logical B1 snapshot state,B1
edge:2fccf6ca9564ae7930e5,treatment_output:358a775020288a461947,snapshot_state:5367ba4319af7413c382,output_available_in_snapshot,72e8553f361951a0c2c8,3087bf08970908c509ca,exact observation_id occurrence in the logical B1 snapshot state,B1
edge:3101bf4f4425295695fb,treatment_output:8a029571f27dc4efd3f7,snapshot_state:fc89c879103a0a6f99cc,output_available_in_snapshot,bc696217068415ca73e2,4aab4307f4906503d2a4,exact observation_id occurrence in the logical B1 snapshot state,B1
edge:34259e6e737b72989a84,treatment_output:a5cbf8482cf91b7dc2df,snapshot_state:fc89c879103a0a6f99cc,output_available_in_snapshot,f2b9db071dd4766d6307,e4982bb0d13ac08094aa,exact observation_id occurrence in the logical B1 snapshot state,B1
edge:35556950a3d3faca2735,treatment_output:debdb5aa57947a06abef,snapshot_state:fc89c879103a0a6f99cc,output_available_in_snapshot,74fed6e1c3d917191be6,53b2a1ef09a68d6c5173,exact observation_id occurrence in the logical B1 snapshot state,B1
edge:39e6513c1bea6a74a348,treatment_output:afebeafe6ff2d0170893,snapshot_state:fc89c879103a0a6f99cc,output_available_in_snapshot,cfe502c53f19a90449e6,94651a48df17d3b56a1b,exact observation_id occurrence in the logical B1 snapshot state,B1
edge:3a7d60deb41dc42fe40b,treatment_output:f96216a04891beda7c67,snapshot_state:fc89c879103a0a6f99cc,output_available_in_snapshot,356dadeceba952eb2a0c,e33e2f8351747300cba7,exact observation_id occurrence in the logical B1 snapshot state,B1
edge:40600f613c29dc654e46,treatment_output:191483922693325d8719,snapshot_state:5367ba4319af7413c382,output_available_in_snapshot,f4b6cbcb460eaef0f82e,e4982bb0d13ac08094aa,exact observation_id occurrence in the logical B1 snapshot state,B1
edge:41ff52996674f4e8e88f,treatment_output:7bf6705ae1623f1de633,snapshot_state:5367ba4319af7413c382,output_available_in_snapshot,6ad6dfc4b05d0f292d1f,425bfdd5ca02ab3e3cc1,exact observation_id occurrence in the logical B1 snapshot state,B1
edge:45322fd207624a083955,treatment_output:8c7142bcd7b6be0c9b0a,snapshot_state:fc89c879103a0a6f99cc,output_available_in_snapshot,1721995859418ecf608c,3087bf08970908c509ca,exact observation_id occurrence in the logical B1 snapshot state,B1
edge:45ecbdad979f913c4017,treatment_output:40cafa1c86e5c076cb36,snapshot_state:0fc223872d5f0210eb86,output_available_in_snapshot,cb0d5147421c66597d95,7c1c5248808f73b2f3a6,exact observation_id occurrence in the logical B1 snapshot state,B1
edge:54aa4c253d83841aa846,treatment_output:20422693f59f27575ed6,snapshot_state:5367ba4319af7413c382,output_available_in_snapshot,27f750d142897641b3b1,e33e2f8351747300cba7,exact observation_id occurrence in the logical B1 snapshot state,B1
edge:5564dd1a6d95ff2c9ddd,treatment_output:f530832ea0c3731172dd,snapshot_state:0fc223872d5f0210eb86,output_available_in_snapshot,b55b4fefc9148be667c1,94651a48df17d3b56a1b,exact observation_id occurrence in the logical B1 snapshot state,B1
edge:713446314be2e3f1b813,treatment_output:a28b4e07a6f6b8b308fa,snapshot_state:5367ba4319af7413c382,output_available_in_snapshot,a34fc65bf470c1e7ce20,af12d1ae8c1555d899be,exact observation_id occurrence in the logical B1 snapshot state,B1
edge:73e9b2e24cbb24b671f3,treatment_output:f622c2fc083e0e6053cc,snapshot_state:fc89c879103a0a6f99cc,output_available_in_snapshot,d99bc3566095bc6ee582,7e097ceb497e25947325,exact observation_id occurrence in the logical B1 snapshot state,B1
edge:74f4a85a2cf8f5762914,treatment_output:9556e475a3d1b4b81589,snapshot_state:0fc223872d5f0210eb86,output_available_in_snapshot,09bd4158de9b28a03d83,1c03a76cb6a98f53235d,exact observation_id occurrence in the logical B1 snapshot state,B1
edge:7f0ced523935a7542544,treatment_output:a81a311fdd585719ef98,snapshot_state:fc89c879103a0a6f99cc,output_available_in_snapshot,edde0b27f2f31f5fb962,5b5eeef107bb6f124496,exact observation_id occurrence in the logical B1 snapshot state,B1
edge:803d2cfb5545929c8301,treatment_output:31d7273516a625fc3a27,snapshot_state:5367ba4319af7413c382,output_available_in_snapshot,9fe0a3bb2baed4ce3810,7c1c5248808f73b2f3a6,exact observation_id occurrence in the logical B1 snapshot state,B1
edge:8ad2af2ae2880c7e6802,treatment_output:3380dfbc8b86ddde78be,snapshot_state:0fc223872d5f0210eb86,output_available_in_snapshot,df8ae4a2843995c9185d,3087bf08970908c509ca,exact observation_id occurrence in the logical B1 snapshot state,B1
edge:9f97ad125c0857bc7008,treatment_output:9e10e0edf3db9d33bdd7,snapshot_state:5367ba4319af7413c382,output_available_in_snapshot,05a8528c88245297d4ba,5b5eeef107bb6f124496,exact observation_id occurrence in the logical B1 snapshot state,B1
edge:a041b404cfa57d456552,treatment_output:6f96c0a32a9db463ba1b,snapshot_state:fc89c879103a0a6f99cc,output_available_in_snapshot,69745dd19d776c69570e,425bfdd5ca02ab3e3cc1,exact observation_id occurrence in the logical B1 snapshot state,B1
edge:ae844251d09213fd3f5d,treatment_output:49478cd706f9909b3655,snapshot_state:5367ba4319af7413c382,output_available_in_snapshot,2766cbe2cf960f73ba05,71a013b45f47a8aefa7d,exact observation_id occurrence in the logical B1 snapshot state,B1
edge:b3221f6cc8dc37931d7b,treatment_output:11b84894fe6766dc42af,snapshot_state:fc89c879103a0a6f99cc,output_available_in_snapshot,deabb3549fa520121850,71a013b45f47a8aefa7d,exact observation_id occurrence in the logical B1 snapshot state,B1
edge:bf8f036e9bf30c2e4baa,treatment_output:bc4297a89e6c24aa4342,snapshot_state:0fc223872d5f0210eb86,output_available_in_snapshot,ad8a7f5c7869af674e3a,05ae4dff5d60b5021813,exact observation_id occurrence in the logical B1 snapshot state,B1
edge:c58e7436b98f00766913,treatment_output:32f6eab996f5cf96b072,snapshot_state:5367ba4319af7413c382,output_available_in_snapshot,9fcd6d7d4f2e24e56db1,1c03a76cb6a98f53235d,exact observation_id occurrence in the logical B1 snapshot state,B1
edge:d5cd219ce64403161cfc,treatment_output:9a8fcdc084d1cf8b979e,snapshot_state:0fc223872d5f0210eb86,output_available_in_snapshot,506a60e86fb32d9c608b,e33e2f8351747300cba7,exact observation_id occurrence in the logical B1 snapshot state,B1
edge:dbc800d19798ded7ed64,treatment_output:176d02d417a1e8fd7f01,snapshot_state:5367ba4319af7413c382,output_available_in_snapshot,6fbf4aae1b9a6de0051a,94651a48df17d3b56a1b,exact observation_id occurrence in the logical B1 snapshot state,B1
edge:dec8aa52b53e7a0ee83b,treatment_output:2c5370a0a187d79117b7,snapshot_state:0fc223872d5f0210eb86,output_available_in_snapshot,e06e475e6f5cb8748897,4aab4307f4906503d2a4,exact observation_id occurrence in the logical B1 snapshot state,B1
edge:e19206b31468632c8e28,treatment_output:f8cb4249aba2072ada37,snapshot_state:5367ba4319af7413c382,output_available_in_snapshot,a16c09b869c2ad72a4ea,4aab4307f4906503d2a4,exact observation_id occurrence in the logical B1 snapshot state,B1
edge:e5623711f6ab64d2a6e8,treatment_output:b1a753daf7b0c5775d24,snapshot_state:fc89c879103a0a6f99cc,output_available_in_snapshot,5fab5a82719cacffcbe4,1c03a76cb6a98f53235d,exact observation_id occurrence in the logical B1 snapshot state,B1
edge:e86c9c8e5bee026fa4b6,treatment_output:bc4297a89e6c24aa4342,snapshot_state:fc89c879103a0a6f99cc,output_available_in_snapshot,ad8a7f5c7869af674e3a,05ae4dff5d60b5021813,exact observation_id occurrence in the logical B1 snapshot state,B1
edge:e8d54ee499960bec75d8,treatment_output:8bd131a8109acc5fab46,snapshot_state:0fc223872d5f0210eb86,output_available_in_snapshot,4af2e0e7825c9f2ac443,71a013b45f47a8aefa7d,exact observation_id occurrence in the logical B1 snapshot state,B1
edge:e8f76d14ec3ead8cb444,treatment_output:53e89d05479f8a8a8058,snapshot_state:0fc223872d5f0210eb86,output_available_in_snapshot,49b82f2b710bfb946f9f,e4982bb0d13ac08094aa,exact observation_id occurrence in the logical B1 snapshot state,B1
edge:f62532b157bf3151206b,treatment_output:f622c2fc083e0e6053cc,snapshot_state:0fc223872d5f0210eb86,output_available_in_snapshot,d99bc3566095bc6ee582,7e097ceb497e25947325,exact observation_id occurrence in the logical B1 snapshot state,B1
edge:04a05bc79f781de943a3,treatment_output:afebeafe6ff2d0170893,indicator_cell:08e4d6d55af0774caa62,output_serves_cell,cfe502c53f19a90449e6,94651a48df17d3b56a1b,B1 output and H6C cell share the exact stable cell_id,B1
edge:056bc689f595e661f4ea,treatment_output:130f540cad1892fe9816,indicator_cell:feb2ac97cbf469e6c701,output_serves_cell,cb0d5147421c66597d95,7c1c5248808f73b2f3a6,treatment output and H6C cell share the exact stable cell_id,B0
edge:05f4fdca24591e117fcc,treatment_output:40cafa1c86e5c076cb36,indicator_cell:feb2ac97cbf469e6c701,output_serves_cell,cb0d5147421c66597d95,7c1c5248808f73b2f3a6,B1 output and H6C cell share the exact stable cell_id,B1
edge:092e6852bad2cc6ba078,treatment_output:4372d54e81fafb2c0f84,indicator_cell:aab555ad4759ae18ba76,output_serves_cell,ad8a7f5c7869af674e3a,05ae4dff5d60b5021813,treatment output and H6C cell share the exact stable cell_id,B0
edge:1c1726c7f0dd34c12d92,treatment_output:debdb5aa57947a06abef,indicator_cell:c4a866eca4b16dd78a5b,output_serves_cell,74fed6e1c3d917191be6,53b2a1ef09a68d6c5173,B1 output and H6C cell share the exact stable cell_id,B1
edge:268a5df1e4cedea15b0e,treatment_output:bc4297a89e6c24aa4342,indicator_cell:aab555ad4759ae18ba76,output_serves_cell,ad8a7f5c7869af674e3a,05ae4dff5d60b5021813,B1 output and H6C cell share the exact stable cell_id,B1
edge:271e7038d744d3d9d136,treatment_output:aa886d476fcda30c743c,indicator_cell:e30254e6593a5ad1768e,output_serves_cell,bc696217068415ca73e2,4aab4307f4906503d2a4,treatment output and H6C cell share the exact stable cell_id,B2
edge:2a281259845f04582342,treatment_output:6f96c0a32a9db463ba1b,indicator_cell:7893e69f53cf7b6d0284,output_serves_cell,69745dd19d776c69570e,425bfdd5ca02ab3e3cc1,B1 output and H6C cell share the exact stable cell_id,B1
edge:31efe6e2a87bc7315da6,treatment_output:c576ab8d524dc574c195,indicator_cell:55e36c8d23c81a7e5e6f,output_serves_cell,edde0b27f2f31f5fb962,5b5eeef107bb6f124496,treatment output and H6C cell share the exact stable cell_id,B2
edge:34039529c88e19968006,treatment_output:7d8481cda60d7aba35c5,indicator_cell:ae652356f54e9da22915,output_serves_cell,d3d17696ddd6a7bcb743,af12d1ae8c1555d899be,B1 output and H6C cell share the exact stable cell_id,B1
edge:367603795777936fdee5,treatment_output:3fedb84694a6c2142e91,indicator_cell:feb2ac97cbf469e6c701,output_serves_cell,463dda3fe5140e2fbed2,7c1c5248808f73b2f3a6,B1 output and H6C cell share the exact stable cell_id,B1
edge:38140bafa6992d22906d,treatment_output:5fb72e44f9c935bd58f3,indicator_cell:7893e69f53cf7b6d0284,output_serves_cell,69745dd19d776c69570e,425bfdd5ca02ab3e3cc1,treatment output and H6C cell share the exact stable cell_id,B2
edge:43436f8003b04ac08094,treatment_output:49478cd706f9909b3655,indicator_cell:44587469161d5e598f2a,output_serves_cell,2766cbe2cf960f73ba05,71a013b45f47a8aefa7d,B1 output and H6C cell share the exact stable cell_id,B1
edge:47f9070fe2db7a4f565b,treatment_output:39e6cbdec8437f8a621a,indicator_cell:08e4d6d55af0774caa62,output_serves_cell,cfe502c53f19a90449e6,94651a48df17d3b56a1b,treatment output and H6C cell share the exact stable cell_id,B2
edge:48d43aba2d1860d1dfdb,treatment_output:191483922693325d8719,indicator_cell:f70883b0424bebcca783,output_serves_cell,f4b6cbcb460eaef0f82e,e4982bb0d13ac08094aa,B1 output and H6C cell share the exact stable cell_id,B1
edge:5048f0dd2ec1dc9f7d26,treatment_output:3380dfbc8b86ddde78be,indicator_cell:9f4335805533dc1644dc,output_serves_cell,df8ae4a2843995c9185d,3087bf08970908c509ca,B1 output and H6C cell share the exact stable cell_id,B1
edge:55d1fcbda717a051f047,treatment_output:33f3dbad646d3ec19143,indicator_cell:932a2e3f54ff599be81b,output_serves_cell,5fab5a82719cacffcbe4,1c03a76cb6a98f53235d,treatment output and H6C cell share the exact stable cell_id,B2
edge:5625570b800867421b8b,treatment_output:7c0e6ae3460bcd226630,indicator_cell:de3c26510b8871e0d687,output_serves_cell,d99bc3566095bc6ee582,7e097ceb497e25947325,treatment output and H6C cell share the exact stable cell_id,B0
edge:57da69667876830f8cf1,treatment_output:f8cb4249aba2072ada37,indicator_cell:e30254e6593a5ad1768e,output_serves_cell,a16c09b869c2ad72a4ea,4aab4307f4906503d2a4,B1 output and H6C cell share the exact stable cell_id,B1
edge:5d8c2c9bf007087b4c44,treatment_output:14f78b9495df634c3d3b,indicator_cell:5fd7f1c394470ba4a878,output_serves_cell,356dadeceba952eb2a0c,e33e2f8351747300cba7,treatment output and H6C cell share the exact stable cell_id,B2
edge:5e84cdfe9ef1ced7a6a5,treatment_output:234f15398f84db5e04ef,indicator_cell:c4a866eca4b16dd78a5b,output_serves_cell,74fed6e1c3d917191be6,53b2a1ef09a68d6c5173,treatment output and H6C cell share the exact stable cell_id,B0
edge:61e6f2e552705fe85748,treatment_output:53e89d05479f8a8a8058,indicator_cell:f70883b0424bebcca783,output_serves_cell,49b82f2b710bfb946f9f,e4982bb0d13ac08094aa,B1 output and H6C cell share the exact stable cell_id,B1
edge:62c9450da709454020a4,treatment_output:31d7273516a625fc3a27,indicator_cell:feb2ac97cbf469e6c701,output_serves_cell,9fe0a3bb2baed4ce3810,7c1c5248808f73b2f3a6,B1 output and H6C cell share the exact stable cell_id,B1
edge:656d552d8048d1578cba,treatment_output:86ad6b8988d59c1d6090,indicator_cell:feb2ac97cbf469e6c701,output_serves_cell,463dda3fe5140e2fbed2,7c1c5248808f73b2f3a6,treatment output and H6C cell share the exact stable cell_id,B2
edge:665e28ba64ac55680adb,treatment_output:a28b4e07a6f6b8b308fa,indicator_cell:ae652356f54e9da22915,output_serves_cell,a34fc65bf470c1e7ce20,af12d1ae8c1555d899be,B1 output and H6C cell share the exact stable cell_id,B1
edge:79a5325fb19acc3a6582,treatment_output:de474635df9204daeb8c,indicator_cell:7893e69f53cf7b6d0284,output_serves_cell,87cdfc70ee6d45666fec,425bfdd5ca02ab3e3cc1,B1 output and H6C cell share the exact stable cell_id,B1
edge:7b058f1f903a30e982d7,treatment_output:b1a753daf7b0c5775d24,indicator_cell:932a2e3f54ff599be81b,output_serves_cell,5fab5a82719cacffcbe4,1c03a76cb6a98f53235d,B1 output and H6C cell share the exact stable cell_id,B1
edge:7b3eb7d4a9e256e2965d,treatment_output:3c0f7efe18222e987b1d,indicator_cell:ae652356f54e9da22915,output_serves_cell,69a1ecde0bf18c3a84ae,af12d1ae8c1555d899be,B1 output and H6C cell share the exact stable cell_id,B1
edge:8120b27b313bf0bd99b3,treatment_output:f96216a04891beda7c67,indicator_cell:5fd7f1c394470ba4a878,output_serves_cell,356dadeceba952eb2a0c,e33e2f8351747300cba7,B1 output and H6C cell share the exact stable cell_id,B1
edge:81fa4d55a86243fb034f,treatment_output:1c8aa4de2addbacb0dd5,indicator_cell:c4a866eca4b16dd78a5b,output_serves_cell,74fed6e1c3d917191be6,53b2a1ef09a68d6c5173,treatment output and H6C cell share the exact stable cell_id,B2
edge:86224b614b3197f11b9c,treatment_output:8b675720d359da1d4e7a,indicator_cell:de3c26510b8871e0d687,output_serves_cell,e313de2e0e1a97bc17ff,7e097ceb497e25947325,B1 output and H6C cell share the exact stable cell_id,B1
edge:8a78e33ca935c2c235a0,treatment_output:32f6eab996f5cf96b072,indicator_cell:932a2e3f54ff599be81b,output_serves_cell,9fcd6d7d4f2e24e56db1,1c03a76cb6a98f53235d,B1 output and H6C cell share the exact stable cell_id,B1
edge:926a138878ea1d5952f8,treatment_output:11b84894fe6766dc42af,indicator_cell:44587469161d5e598f2a,output_serves_cell,deabb3549fa520121850,71a013b45f47a8aefa7d,B1 output and H6C cell share the exact stable cell_id,B1
edge:9293dd6729290cc4c0fc,treatment_output:358a775020288a461947,indicator_cell:9f4335805533dc1644dc,output_serves_cell,72e8553f361951a0c2c8,3087bf08970908c509ca,B1 output and H6C cell share the exact stable cell_id,B1
edge:9680b3a85654b417d7c1,treatment_output:7bf6705ae1623f1de633,indicator_cell:7893e69f53cf7b6d0284,output_serves_cell,6ad6dfc4b05d0f292d1f,425bfdd5ca02ab3e3cc1,B1 output and H6C cell share the exact stable cell_id,B1
edge:98b9890ab2823bd12553,treatment_output:f622c2fc083e0e6053cc,indicator_cell:de3c26510b8871e0d687,output_serves_cell,d99bc3566095bc6ee582,7e097ceb497e25947325,B1 output and H6C cell share the exact stable cell_id,B1
edge:9c896c0e417df4f60345,treatment_output:9556e475a3d1b4b81589,indicator_cell:932a2e3f54ff599be81b,output_serves_cell,09bd4158de9b28a03d83,1c03a76cb6a98f53235d,B1 output and H6C cell share the exact stable cell_id,B1
edge:a60a2caf554b3dd48cc4,treatment_output:c9e3b820d99df8cfd24a,indicator_cell:e30254e6593a5ad1768e,output_serves_cell,e06e475e6f5cb8748897,4aab4307f4906503d2a4,treatment output and H6C cell share the exact stable cell_id,B0
edge:a6e7b0aea266abd4415f,treatment_output:42784905be0ef14a4822,indicator_cell:9f4335805533dc1644dc,output_serves_cell,1721995859418ecf608c,3087bf08970908c509ca,treatment output and H6C cell share the exact stable cell_id,B2
edge:af638243508ca5fd5562,treatment_output:4f0be064a82af45a9a81,indicator_cell:08e4d6d55af0774caa62,output_serves_cell,b55b4fefc9148be667c1,94651a48df17d3b56a1b,treatment output and H6C cell share the exact stable cell_id,B0
edge:b01dfd0c7611a9e3842e,treatment_output:8a029571f27dc4efd3f7,indicator_cell:e30254e6593a5ad1768e,output_serves_cell,bc696217068415ca73e2,4aab4307f4906503d2a4,B1 output and H6C cell share the exact stable cell_id,B1
edge:b0acf06693ffe7a738b8,treatment_output:b112b3995ea306e43f08,indicator_cell:f70883b0424bebcca783,output_serves_cell,49b82f2b710bfb946f9f,e4982bb0d13ac08094aa,treatment output and H6C cell share the exact stable cell_id,B0
edge:b1dce58872002c9af0f2,treatment_output:9c7aa8f45edf2e5043da,indicator_cell:7893e69f53cf7b6d0284,output_serves_cell,87cdfc70ee6d45666fec,425bfdd5ca02ab3e3cc1,treatment output and H6C cell share the exact stable cell_id,B0
edge:b5a17db0a469147882bd,treatment_output:4e88d5c3b721496dd778,indicator_cell:55e36c8d23c81a7e5e6f,output_serves_cell,edde0b27f2f31f5fb962,5b5eeef107bb6f124496,treatment output and H6C cell share the exact stable cell_id,B0
edge:b64bb80d9ea56a8b15c9,treatment_output:988e610dfb898a7d1f5a,indicator_cell:932a2e3f54ff599be81b,output_serves_cell,09bd4158de9b28a03d83,1c03a76cb6a98f53235d,treatment output and H6C cell share the exact stable cell_id,B0
edge:bf624757a914b74d3ec7,treatment_output:95f1e10e3b52b5461f34,indicator_cell:f70883b0424bebcca783,output_serves_cell,f2b9db071dd4766d6307,e4982bb0d13ac08094aa,treatment output and H6C cell share the exact stable cell_id,B2
edge:c06b4b8b55fa1a89b15b,treatment_output:a81a311fdd585719ef98,indicator_cell:55e36c8d23c81a7e5e6f,output_serves_cell,edde0b27f2f31f5fb962,5b5eeef107bb6f124496,B1 output and H6C cell share the exact stable cell_id,B1
edge:c61464657165ec60de3f,treatment_output:a5cbf8482cf91b7dc2df,indicator_cell:f70883b0424bebcca783,output_serves_cell,f2b9db071dd4766d6307,e4982bb0d13ac08094aa,B1 output and H6C cell share the exact stable cell_id,B1
edge:c743f05ae195f1193288,treatment_output:eae14ef263bc0a3ed9ca,indicator_cell:aab555ad4759ae18ba76,output_serves_cell,ad8a7f5c7869af674e3a,05ae4dff5d60b5021813,treatment output and H6C cell share the exact stable cell_id,B2
edge:cac38e4ef4b29aefd949,treatment_output:10b1925a6a42c3e2c127,indicator_cell:aab555ad4759ae18ba76,output_serves_cell,f831d08aa91c95864cd0,05ae4dff5d60b5021813,B1 output and H6C cell share the exact stable cell_id,B1
edge:d0d57c8d53708fa82c49,treatment_output:1fb07512426155c24d4b,indicator_cell:c4a866eca4b16dd78a5b,output_serves_cell,211b04665de26cd11d77,53b2a1ef09a68d6c5173,B1 output and H6C cell share the exact stable cell_id,B1
edge:d3fdc788a0066cd2289d,treatment_output:05e99fdeb0f99c33d1b0,indicator_cell:ae652356f54e9da22915,output_serves_cell,69a1ecde0bf18c3a84ae,af12d1ae8c1555d899be,treatment output and H6C cell share the exact stable cell_id,B2
edge:d4a31e398c401938a161,treatment_output:731969672c59f2871e76,indicator_cell:9f4335805533dc1644dc,output_serves_cell,df8ae4a2843995c9185d,3087bf08970908c509ca,treatment output and H6C cell share the exact stable cell_id,B0
edge:d96dead7c9991911dfba,treatment_output:a535f3e48f54da072b20,indicator_cell:44587469161d5e598f2a,output_serves_cell,deabb3549fa520121850,71a013b45f47a8aefa7d,treatment output and H6C cell share the exact stable cell_id,B2
edge:d9703b56e8821489a63d,treatment_output:20422693f59f27575ed6,indicator_cell:5fd7f1c394470ba4a878,output_serves_cell,27f750d142897641b3b1,e33e2f8351747300cba7,B1 output and H6C cell share the exact stable cell_id,B1
edge:dc19f2ead7d232d22bbc,treatment_output:e96db0628793a76f6317,indicator_cell:5fd7f1c394470ba4a878,output_serves_cell,506a60e86fb32d9c608b,e33e2f8351747300cba7,treatment output and H6C cell share the exact stable cell_id,B0
edge:dc81f062091266fb11b2,treatment_output:9e10e0edf3db9d33bdd7,indicator_cell:55e36c8d23c81a7e5e6f,output_serves_cell,05a8528c88245297d4ba,5b5eeef107bb6f124496,B1 output and H6C cell share the exact stable cell_id,B1
edge:e77c52c64ad348f72217,treatment_output:8bd131a8109acc5fab46,indicator_cell:44587469161d5e598f2a,output_serves_cell,4af2e0e7825c9f2ac443,71a013b45f47a8aefa7d,B1 output and H6C cell share the exact stable cell_id,B1
edge:e88126e25062207b54ed,treatment_output:20a795746ad404126b29,indicator_cell:44587469161d5e598f2a,output_serves_cell,4af2e0e7825c9f2ac443,71a013b45f47a8aefa7d,treatment output and H6C cell share the exact stable cell_id,B0
edge:e8f8882f379ff30ab2de,treatment_output:452ae73d8fa913d02132,indicator_cell:ae652356f54e9da22915,output_serves_cell,d3d17696ddd6a7bcb743,af12d1ae8c1555d899be,treatment output and H6C cell share the exact stable cell_id,B0
edge:f3e00a18ccb284271197,treatment_output:35a8447dfb94ea08c80b,indicator_cell:de3c26510b8871e0d687,output_serves_cell,d99bc3566095bc6ee582,7e097ceb497e25947325,treatment output and H6C cell share the exact stable cell_id,B2
edge:f4ce140f820c778d39c0,treatment_output:9a8fcdc084d1cf8b979e,indicator_cell:5fd7f1c394470ba4a878,output_serves_cell,506a60e86fb32d9c608b,e33e2f8351747300cba7,B1 output and H6C cell share the exact stable cell_id,B1
edge:f60ee0c67ddcb5908abf,treatment_output:8c7142bcd7b6be0c9b0a,indicator_cell:9f4335805533dc1644dc,output_serves_cell,1721995859418ecf608c,3087bf08970908c509ca,B1 output and H6C cell share the exact stable cell_id,B1
edge:f61f5b21c4f8757e05bd,treatment_output:f530832ea0c3731172dd,indicator_cell:08e4d6d55af0774caa62,output_serves_cell,b55b4fefc9148be667c1,94651a48df17d3b56a1b,B1 output and H6C cell share the exact stable cell_id,B1
edge:fc54750e8e89517c783e,treatment_output:2c5370a0a187d79117b7,indicator_cell:e30254e6593a5ad1768e,output_serves_cell,e06e475e6f5cb8748897,4aab4307f4906503d2a4,B1 output and H6C cell share the exact stable cell_id,B1
edge:fd58b6b720199b69dd82,treatment_output:176d02d417a1e8fd7f01,indicator_cell:08e4d6d55af0774caa62,output_serves_cell,6fbf4aae1b9a6de0051a,94651a48df17d3b56a1b,B1 output and H6C cell share the exact stable cell_id,B1
edge:4da59dcc5c0a0bd48faa,audit_procedure:58277c4184398221c534,treatment_run:e521039156fb73b71128,procedure_governs_treatment_run,,,all implemented treatments are evaluated by the same ordered audit procedure,B2
edge:50eb0ff35af097a8d361,audit_procedure:58277c4184398221c534,treatment_run:8753b68e51c38f9585ee,procedure_governs_treatment_run,,,all implemented treatments are evaluated by the same ordered audit procedure,B1
edge:a3bf5733279d80943cbd,audit_procedure:58277c4184398221c534,treatment_run:ef7359e4d147cbd8daf2,procedure_governs_treatment_run,,,all implemented treatments are evaluated by the same ordered audit procedure,B0
edge:048fbdc25d74ce26cc11,source_record:d3ee5d39849b0096d5ce,observation:6e3265bf4a2eadf39698,record_sources_observation,4af2e0e7825c9f2ac443,71a013b45f47a8aefa7d,H6 source_record_id carried by the observation,
edge:07f59118e26bcad9d3e2,source_record:1aa22f2b385a01569fc4,observation:3b1d7e44c2f83aa6fe02,record_sources_observation,deabb3549fa520121850,71a013b45f47a8aefa7d,H6 source_record_id carried by the observation,
edge:0e1d7a5514f63e18e083,source_record:a98acfe4bec18f9a0390,observation:0970843830c2ae7c8503,record_sources_observation,f2b9db071dd4766d6307,e4982bb0d13ac08094aa,H6 source_record_id carried by the observation,
edge:10da89b600811e81bd44,source_record:423572d2616d043c15d1,observation:864f2c2d1b88e471e06c,record_sources_observation,49b82f2b710bfb946f9f,e4982bb0d13ac08094aa,H6 source_record_id carried by the observation,
edge:12982ed0711af4db7b80,source_record:294fa03a900a59c6bcc9,observation:ea029425bb6e7db0f2d4,record_sources_observation,27f750d142897641b3b1,e33e2f8351747300cba7,H6 source_record_id carried by the observation,
edge:17bca1fdcf004a6afca3,source_record:192aacf02d8179c6f75a,observation:c0e44bfaff03fb3d0e85,record_sources_observation,69a1ecde0bf18c3a84ae,af12d1ae8c1555d899be,H6 source_record_id carried by the observation,
edge:1c3b99d0b1335a5cede1,source_record:a2585ae02f3eb15eab0e,observation:04df2a67b487f338de1b,record_sources_observation,5fab5a82719cacffcbe4,1c03a76cb6a98f53235d,H6 source_record_id carried by the observation,
edge:1df15a42b5ac6f421de3,source_record:87c903ae7b46a49c415f,observation:e19175cc2d07bb652fd5,record_sources_observation,69745dd19d776c69570e,425bfdd5ca02ab3e3cc1,H6 source_record_id carried by the observation,
edge:1ff94b76e1be297a6727,source_record:26de36e57a1c215a6f55,observation:31d333568319d88d97b2,record_sources_observation,a16c09b869c2ad72a4ea,4aab4307f4906503d2a4,H6 source_record_id carried by the observation,
edge:2000315db556dd957f03,source_record:621b059bcf550a1ead3a,observation:3f64e0aa5f69399e8a04,record_sources_observation,09bd4158de9b28a03d83,1c03a76cb6a98f53235d,H6 source_record_id carried by the observation,
edge:35778c5d407e8c7b8b9d,source_record:3edd79e5e5b56f709897,observation:c8d559d64c4d785c41a3,record_sources_observation,1721995859418ecf608c,3087bf08970908c509ca,H6 source_record_id carried by the observation,
edge:3bb5c1773d92206072f6,source_record:55f9eca0640826e24f9c,observation:5577ee9eb9f8775867ee,record_sources_observation,d99bc3566095bc6ee582,7e097ceb497e25947325,H6 source_record_id carried by the observation,
edge:419b041a6cc99049a96f,source_record:582a11702e2e666dfc87,observation:4d4d1e51259f85b21f1d,record_sources_observation,e06e475e6f5cb8748897,4aab4307f4906503d2a4,H6 source_record_id carried by the observation,
edge:5c74117bf4ac800b58bb,source_record:c5368ca23455a251f941,observation:f99fdeebfc608df3a8bb,record_sources_observation,e313de2e0e1a97bc17ff,7e097ceb497e25947325,H6 source_record_id carried by the observation,
edge:5f6b672c0b712d409c63,source_record:010ca4a0b9492cf8f0be,observation:294d2d83bf86fa753446,record_sources_observation,6fbf4aae1b9a6de0051a,94651a48df17d3b56a1b,H6 source_record_id carried by the observation,
edge:631ed43ec900d2792911,source_record:193147b5654f5049a70b,observation:c8636f1fbb21ce328ae5,record_sources_observation,b55b4fefc9148be667c1,94651a48df17d3b56a1b,H6 source_record_id carried by the observation,
edge:6495d85fd4357a615671,source_record:0ee5489cd01f22e5a51c,observation:1ecfe2896341b81743b9,record_sources_observation,edde0b27f2f31f5fb962,5b5eeef107bb6f124496,H6 source_record_id carried by the observation,
edge:658e7469f723f1b585f5,source_record:f6a04a1c01641dfdfadc,observation:96242f6669896b9035de,record_sources_observation,df8ae4a2843995c9185d,3087bf08970908c509ca,H6 source_record_id carried by the observation,
edge:6a31d3a09e219a1237fe,source_record:d51908b14d4f43919f94,observation:3a58dba97aae26b9300b,record_sources_observation,cb0d5147421c66597d95,7c1c5248808f73b2f3a6,H6 source_record_id carried by the observation,
edge:71866c6cb08dbaa0c859,source_record:c9024fe3b36dd1151ec1,observation:a7e8ddddcfeb654133b3,record_sources_observation,72e8553f361951a0c2c8,3087bf08970908c509ca,H6 source_record_id carried by the observation,
edge:73178d8557acdbd927d8,source_record:9d014b544d90b04f050e,observation:fd786e62692104822637,record_sources_observation,87cdfc70ee6d45666fec,425bfdd5ca02ab3e3cc1,H6 source_record_id carried by the observation,
edge:7c52abec8301915a3956,source_record:07204f7959a158920906,observation:5f781c26691e4c1d4e63,record_sources_observation,05a8528c88245297d4ba,5b5eeef107bb6f124496,H6 source_record_id carried by the observation,
edge:7d1c63e511c7fb7277df,source_record:609ed81aeb94651f9f28,observation:faa7a4c88494a64e5e39,record_sources_observation,bc696217068415ca73e2,4aab4307f4906503d2a4,H6 source_record_id carried by the observation,
edge:7d97ad5aca9915b9e831,source_record:bbde0e659e98bd2c6084,observation:1b7b7decaafba2e44741,record_sources_observation,f831d08aa91c95864cd0,05ae4dff5d60b5021813,H6 source_record_id carried by the observation,
edge:7f27bf0b0d01f1b84454,source_record:1822780c1a34fa87ecd7,observation:de0321deca75854654ba,record_sources_observation,506a60e86fb32d9c608b,e33e2f8351747300cba7,H6 source_record_id carried by the observation,
edge:85e5edbf17ab483d1eba,source_record:7e35d4e934c4fa296c7d,observation:389c8092fc51c52bc4eb,record_sources_observation,6ad6dfc4b05d0f292d1f,425bfdd5ca02ab3e3cc1,H6 source_record_id carried by the observation,
edge:8672fb508446f354eb3d,source_record:c2b5603f1388485b6d3e,observation:be61f5d1cfa355a917f0,record_sources_observation,356dadeceba952eb2a0c,e33e2f8351747300cba7,H6 source_record_id carried by the observation,
edge:9b85261ff9ac07a8a4be,source_record:061aced56e5316f767e3,observation:e36405cf00bd435e3d3d,record_sources_observation,74fed6e1c3d917191be6,53b2a1ef09a68d6c5173,H6 source_record_id carried by the observation,
edge:a477ba478c6016a5c04a,source_record:16473e53e748c08ec754,observation:667f983b01d3cdf7458e,record_sources_observation,9fcd6d7d4f2e24e56db1,1c03a76cb6a98f53235d,H6 source_record_id carried by the observation,
edge:ae349404d8c598b2eb16,source_record:470895f1243b5ec9b3fc,observation:202f97684ab8629aa916,record_sources_observation,d3d17696ddd6a7bcb743,af12d1ae8c1555d899be,H6 source_record_id carried by the observation,
edge:b4d9eb1c17ee133cc232,source_record:e6e65cbbb0692b29878a,observation:4451fa83b206a52cd53e,record_sources_observation,463dda3fe5140e2fbed2,7c1c5248808f73b2f3a6,H6 source_record_id carried by the observation,
edge:bc6c3b3a0ae53dd7867c,source_record:71811020d9a92abf868d,observation:e4c9a85a54e3ad78e66c,record_sources_observation,ad8a7f5c7869af674e3a,05ae4dff5d60b5021813,H6 source_record_id carried by the observation,
edge:c2f0fea241af5c38aec5,source_record:091fddff5547c21e53b2,observation:da340ced2539c49628bf,record_sources_observation,a34fc65bf470c1e7ce20,af12d1ae8c1555d899be,H6 source_record_id carried by the observation,
edge:cf54b9d78694f1659743,source_record:875236bbef4d7952b885,observation:cc516c3714c088b54218,record_sources_observation,f4b6cbcb460eaef0f82e,e4982bb0d13ac08094aa,H6 source_record_id carried by the observation,
edge:e78fc95f1111f6a4e65e,source_record:4ed2457911a60c3d488b,observation:8723d68bb99c76a272c0,record_sources_observation,211b04665de26cd11d77,53b2a1ef09a68d6c5173,H6 source_record_id carried by the observation,
edge:f1c43cf64feb0dbf008c,source_record:271cc1d0fc53de1a353a,observation:885040ab6fb9ac0096b2,record_sources_observation,9fe0a3bb2baed4ce3810,7c1c5248808f73b2f3a6,H6 source_record_id carried by the observation,
edge:f3023b61ebc604c45ec4,source_record:69c44ea8114c54419750,observation:3b44dd267dadc5b9eb40,record_sources_observation,2766cbe2cf960f73ba05,71a013b45f47a8aefa7d,H6 source_record_id carried by the observation,
edge:f68ded29a681496095a3,source_record:0230a2ca03c36177ec6e,observation:b9d9aa4f2beeae259666,record_sources_observation,cfe502c53f19a90449e6,94651a48df17d3b56a1b,H6 source_record_id carried by the observation,
edge:91d2eb825ccc6e7f11cd,evidence_table:7ff4454d0efd70f5a572,figure_input:939c0d141f0c8efd6279,table_supplies_figure_input,,,figure data contains the same per-treatment success and failure counts,
edge:0cf7e452cf71a82ad5a1,transformation_run:9c729c994c878f480a2a,observation:c8636f1fbb21ce328ae5,transformation_run_derives_observation,b55b4fefc9148be667c1,94651a48df17d3b56a1b,H6 transformation_run_id,
edge:0d2389d41885b58e8bb5,transformation_run:9c729c994c878f480a2a,observation:e4c9a85a54e3ad78e66c,transformation_run_derives_observation,ad8a7f5c7869af674e3a,05ae4dff5d60b5021813,H6 transformation_run_id,
edge:0d8c4f256650631288c0,transformation_run:9c729c994c878f480a2a,observation:5577ee9eb9f8775867ee,transformation_run_derives_observation,d99bc3566095bc6ee582,7e097ceb497e25947325,H6 transformation_run_id,
edge:158a6b5ba066b1a8429d,transformation_run:9c729c994c878f480a2a,observation:c8d559d64c4d785c41a3,transformation_run_derives_observation,1721995859418ecf608c,3087bf08970908c509ca,H6 transformation_run_id,
edge:16d08dfc86d405666571,transformation_run:9c729c994c878f480a2a,observation:f99fdeebfc608df3a8bb,transformation_run_derives_observation,e313de2e0e1a97bc17ff,7e097ceb497e25947325,H6 transformation_run_id,
edge:1e6728a75be43ea37f39,transformation_run:9c729c994c878f480a2a,observation:8723d68bb99c76a272c0,transformation_run_derives_observation,211b04665de26cd11d77,53b2a1ef09a68d6c5173,H6 transformation_run_id,
edge:21b024ea15851167b33b,transformation_run:9c729c994c878f480a2a,observation:b9d9aa4f2beeae259666,transformation_run_derives_observation,cfe502c53f19a90449e6,94651a48df17d3b56a1b,H6 transformation_run_id,
edge:37412f7861bd15855e6a,transformation_run:9c729c994c878f480a2a,observation:389c8092fc51c52bc4eb,transformation_run_derives_observation,6ad6dfc4b05d0f292d1f,425bfdd5ca02ab3e3cc1,H6 transformation_run_id,
edge:43ae3e2233f62017166f,transformation_run:9c729c994c878f480a2a,observation:4d4d1e51259f85b21f1d,transformation_run_derives_observation,e06e475e6f5cb8748897,4aab4307f4906503d2a4,H6 transformation_run_id,
edge:49417f7bf71f704f881c,transformation_run:9c729c994c878f480a2a,observation:ea029425bb6e7db0f2d4,transformation_run_derives_observation,27f750d142897641b3b1,e33e2f8351747300cba7,H6 transformation_run_id,
edge:4dc91ad8b186163d3077,transformation_run:9c729c994c878f480a2a,observation:864f2c2d1b88e471e06c,transformation_run_derives_observation,49b82f2b710bfb946f9f,e4982bb0d13ac08094aa,H6 transformation_run_id,
edge:51c6223ad23250d58526,transformation_run:9c729c994c878f480a2a,observation:31d333568319d88d97b2,transformation_run_derives_observation,a16c09b869c2ad72a4ea,4aab4307f4906503d2a4,H6 transformation_run_id,
edge:61b0ebbf313e66e128a4,transformation_run:9c729c994c878f480a2a,observation:faa7a4c88494a64e5e39,transformation_run_derives_observation,bc696217068415ca73e2,4aab4307f4906503d2a4,H6 transformation_run_id,
edge:6a34248e14977fc1f6f5,transformation_run:9c729c994c878f480a2a,observation:fd786e62692104822637,transformation_run_derives_observation,87cdfc70ee6d45666fec,425bfdd5ca02ab3e3cc1,H6 transformation_run_id,
edge:768168d5680efa71f663,transformation_run:9c729c994c878f480a2a,observation:6e3265bf4a2eadf39698,transformation_run_derives_observation,4af2e0e7825c9f2ac443,71a013b45f47a8aefa7d,H6 transformation_run_id,
edge:76a47c6e1899d15a1457,transformation_run:9c729c994c878f480a2a,observation:667f983b01d3cdf7458e,transformation_run_derives_observation,9fcd6d7d4f2e24e56db1,1c03a76cb6a98f53235d,H6 transformation_run_id,
edge:7bcb5200bb3ce7ae49b3,transformation_run:9c729c994c878f480a2a,observation:1b7b7decaafba2e44741,transformation_run_derives_observation,f831d08aa91c95864cd0,05ae4dff5d60b5021813,H6 transformation_run_id,
edge:8083f2bd52076108df80,transformation_run:9c729c994c878f480a2a,observation:e19175cc2d07bb652fd5,transformation_run_derives_observation,69745dd19d776c69570e,425bfdd5ca02ab3e3cc1,H6 transformation_run_id,
edge:819d219ed154d34a01e6,transformation_run:9c729c994c878f480a2a,observation:04df2a67b487f338de1b,transformation_run_derives_observation,5fab5a82719cacffcbe4,1c03a76cb6a98f53235d,H6 transformation_run_id,
edge:867f090cd3d72e66f7b9,transformation_run:9c729c994c878f480a2a,observation:4451fa83b206a52cd53e,transformation_run_derives_observation,463dda3fe5140e2fbed2,7c1c5248808f73b2f3a6,H6 transformation_run_id,
edge:8b15592443d249ad6231,transformation_run:9c729c994c878f480a2a,observation:a7e8ddddcfeb654133b3,transformation_run_derives_observation,72e8553f361951a0c2c8,3087bf08970908c509ca,H6 transformation_run_id,
edge:8d20bbcce9517e3c1cff,transformation_run:9c729c994c878f480a2a,observation:e36405cf00bd435e3d3d,transformation_run_derives_observation,74fed6e1c3d917191be6,53b2a1ef09a68d6c5173,H6 transformation_run_id,
edge:8ef8a0b5a4e294041dcb,transformation_run:9c729c994c878f480a2a,observation:be61f5d1cfa355a917f0,transformation_run_derives_observation,356dadeceba952eb2a0c,e33e2f8351747300cba7,H6 transformation_run_id,
edge:8f7c4edec4ca388ce02e,transformation_run:9c729c994c878f480a2a,observation:294d2d83bf86fa753446,transformation_run_derives_observation,6fbf4aae1b9a6de0051a,94651a48df17d3b56a1b,H6 transformation_run_id,
edge:932e5dadf917fe05c76b,transformation_run:9c729c994c878f480a2a,observation:96242f6669896b9035de,transformation_run_derives_observation,df8ae4a2843995c9185d,3087bf08970908c509ca,H6 transformation_run_id,
edge:9352f4882522e12c3b63,transformation_run:9c729c994c878f480a2a,observation:3a58dba97aae26b9300b,transformation_run_derives_observation,cb0d5147421c66597d95,7c1c5248808f73b2f3a6,H6 transformation_run_id,
edge:9df49bcfbca1d3b565bb,transformation_run:9c729c994c878f480a2a,observation:3b1d7e44c2f83aa6fe02,transformation_run_derives_observation,deabb3549fa520121850,71a013b45f47a8aefa7d,H6 transformation_run_id,
edge:a11eae3f8789603d21e2,transformation_run:9c729c994c878f480a2a,observation:da340ced2539c49628bf,transformation_run_derives_observation,a34fc65bf470c1e7ce20,af12d1ae8c1555d899be,H6 transformation_run_id,
edge:a2b198f7ce6113647ee7,transformation_run:9c729c994c878f480a2a,observation:3b44dd267dadc5b9eb40,transformation_run_derives_observation,2766cbe2cf960f73ba05,71a013b45f47a8aefa7d,H6 transformation_run_id,
edge:a50a94e1fb14c9a1ac45,transformation_run:9c729c994c878f480a2a,observation:0970843830c2ae7c8503,transformation_run_derives_observation,f2b9db071dd4766d6307,e4982bb0d13ac08094aa,H6 transformation_run_id,
edge:a5286d8eceb1e780e8c5,transformation_run:9c729c994c878f480a2a,observation:885040ab6fb9ac0096b2,transformation_run_derives_observation,9fe0a3bb2baed4ce3810,7c1c5248808f73b2f3a6,H6 transformation_run_id,
edge:b15c70344059bbbe50a4,transformation_run:9c729c994c878f480a2a,observation:c0e44bfaff03fb3d0e85,transformation_run_derives_observation,69a1ecde0bf18c3a84ae,af12d1ae8c1555d899be,H6 transformation_run_id,
edge:b7a1d1489f1b40031563,transformation_run:9c729c994c878f480a2a,observation:202f97684ab8629aa916,transformation_run_derives_observation,d3d17696ddd6a7bcb743,af12d1ae8c1555d899be,H6 transformation_run_id,
edge:c30bcbd508ecf3981de3,transformation_run:9c729c994c878f480a2a,observation:cc516c3714c088b54218,transformation_run_derives_observation,f4b6cbcb460eaef0f82e,e4982bb0d13ac08094aa,H6 transformation_run_id,
edge:c5edbc10b853503841f3,transformation_run:9c729c994c878f480a2a,observation:5f781c26691e4c1d4e63,transformation_run_derives_observation,05a8528c88245297d4ba,5b5eeef107bb6f124496,H6 transformation_run_id,
edge:d90a7453e41ad4b500e0,transformation_run:9c729c994c878f480a2a,observation:3f64e0aa5f69399e8a04,transformation_run_derives_observation,09bd4158de9b28a03d83,1c03a76cb6a98f53235d,H6 transformation_run_id,
edge:dbcf8ca0849575f45e1f,transformation_run:9c729c994c878f480a2a,observation:1ecfe2896341b81743b9,transformation_run_derives_observation,edde0b27f2f31f5fb962,5b5eeef107bb6f124496,H6 transformation_run_id,
edge:f5da48b151f63536dd8c,transformation_run:9c729c994c878f480a2a,observation:de0321deca75854654ba,transformation_run_derives_observation,506a60e86fb32d9c608b,e33e2f8351747300cba7,H6 transformation_run_id,
edge:068e7fc40583f94677f7,transformation_version:37a19e6adfcd3ab8b59b,observation:389c8092fc51c52bc4eb,transformation_version_projects_observation,6ad6dfc4b05d0f292d1f,425bfdd5ca02ab3e3cc1,H6 transformation_version,
edge:08c33d97107a395b9492,transformation_version:37a19e6adfcd3ab8b59b,observation:3b44dd267dadc5b9eb40,transformation_version_projects_observation,2766cbe2cf960f73ba05,71a013b45f47a8aefa7d,H6 transformation_version,
edge:095d1c402057382edf11,transformation_version:37a19e6adfcd3ab8b59b,observation:202f97684ab8629aa916,transformation_version_projects_observation,d3d17696ddd6a7bcb743,af12d1ae8c1555d899be,H6 transformation_version,
edge:0a270241b26e6e2080fc,transformation_version:37a19e6adfcd3ab8b59b,observation:fd786e62692104822637,transformation_version_projects_observation,87cdfc70ee6d45666fec,425bfdd5ca02ab3e3cc1,H6 transformation_version,
edge:179fbd27dbe741b3fd68,transformation_version:37a19e6adfcd3ab8b59b,observation:96242f6669896b9035de,transformation_version_projects_observation,df8ae4a2843995c9185d,3087bf08970908c509ca,H6 transformation_version,
edge:205cac894fa3e564c199,transformation_version:37a19e6adfcd3ab8b59b,observation:de0321deca75854654ba,transformation_version_projects_observation,506a60e86fb32d9c608b,e33e2f8351747300cba7,H6 transformation_version,
edge:21c7153c8b64564a6cf9,transformation_version:37a19e6adfcd3ab8b59b,observation:4d4d1e51259f85b21f1d,transformation_version_projects_observation,e06e475e6f5cb8748897,4aab4307f4906503d2a4,H6 transformation_version,
edge:24baeb3befec58ea9ff0,transformation_version:37a19e6adfcd3ab8b59b,observation:f99fdeebfc608df3a8bb,transformation_version_projects_observation,e313de2e0e1a97bc17ff,7e097ceb497e25947325,H6 transformation_version,
edge:2d3bee5e5358a70c573b,transformation_version:37a19e6adfcd3ab8b59b,observation:1ecfe2896341b81743b9,transformation_version_projects_observation,edde0b27f2f31f5fb962,5b5eeef107bb6f124496,H6 transformation_version,
edge:2e4e18b15ef882e16f17,transformation_version:37a19e6adfcd3ab8b59b,observation:04df2a67b487f338de1b,transformation_version_projects_observation,5fab5a82719cacffcbe4,1c03a76cb6a98f53235d,H6 transformation_version,
edge:34ed236058b7a95e44e3,transformation_version:37a19e6adfcd3ab8b59b,observation:31d333568319d88d97b2,transformation_version_projects_observation,a16c09b869c2ad72a4ea,4aab4307f4906503d2a4,H6 transformation_version,
edge:3abe169384a715c0051c,transformation_version:37a19e6adfcd3ab8b59b,observation:4451fa83b206a52cd53e,transformation_version_projects_observation,463dda3fe5140e2fbed2,7c1c5248808f73b2f3a6,H6 transformation_version,
edge:405ab0ef867bf476557b,transformation_version:37a19e6adfcd3ab8b59b,observation:c8636f1fbb21ce328ae5,transformation_version_projects_observation,b55b4fefc9148be667c1,94651a48df17d3b56a1b,H6 transformation_version,
edge:4170411ce19a40cc4706,transformation_version:37a19e6adfcd3ab8b59b,observation:faa7a4c88494a64e5e39,transformation_version_projects_observation,bc696217068415ca73e2,4aab4307f4906503d2a4,H6 transformation_version,
edge:4231fe09332cb7db8329,transformation_version:37a19e6adfcd3ab8b59b,observation:e19175cc2d07bb652fd5,transformation_version_projects_observation,69745dd19d776c69570e,425bfdd5ca02ab3e3cc1,H6 transformation_version,
edge:4564be43defef619899b,transformation_version:37a19e6adfcd3ab8b59b,observation:3a58dba97aae26b9300b,transformation_version_projects_observation,cb0d5147421c66597d95,7c1c5248808f73b2f3a6,H6 transformation_version,
edge:4e3c08d5340bb1b817ec,transformation_version:37a19e6adfcd3ab8b59b,observation:8723d68bb99c76a272c0,transformation_version_projects_observation,211b04665de26cd11d77,53b2a1ef09a68d6c5173,H6 transformation_version,
edge:51cb1bb5ab9957bd18ba,transformation_version:37a19e6adfcd3ab8b59b,observation:da340ced2539c49628bf,transformation_version_projects_observation,a34fc65bf470c1e7ce20,af12d1ae8c1555d899be,H6 transformation_version,
edge:55302a250720abf44157,transformation_version:37a19e6adfcd3ab8b59b,observation:864f2c2d1b88e471e06c,transformation_version_projects_observation,49b82f2b710bfb946f9f,e4982bb0d13ac08094aa,H6 transformation_version,
edge:61ddcd861a754a2db3f8,transformation_version:37a19e6adfcd3ab8b59b,observation:be61f5d1cfa355a917f0,transformation_version_projects_observation,356dadeceba952eb2a0c,e33e2f8351747300cba7,H6 transformation_version,
edge:7e2649970612e486f535,transformation_version:37a19e6adfcd3ab8b59b,observation:5f781c26691e4c1d4e63,transformation_version_projects_observation,05a8528c88245297d4ba,5b5eeef107bb6f124496,H6 transformation_version,
edge:7e52e2a4db4cbb88c0d5,transformation_version:37a19e6adfcd3ab8b59b,observation:cc516c3714c088b54218,transformation_version_projects_observation,f4b6cbcb460eaef0f82e,e4982bb0d13ac08094aa,H6 transformation_version,
edge:879183e48b47417c9fc8,transformation_version:37a19e6adfcd3ab8b59b,observation:5577ee9eb9f8775867ee,transformation_version_projects_observation,d99bc3566095bc6ee582,7e097ceb497e25947325,H6 transformation_version,
edge:923197de9da1b1581d2b,transformation_version:37a19e6adfcd3ab8b59b,observation:0970843830c2ae7c8503,transformation_version_projects_observation,f2b9db071dd4766d6307,e4982bb0d13ac08094aa,H6 transformation_version,
edge:9bb4dcccb5e9eb7b013c,transformation_version:37a19e6adfcd3ab8b59b,observation:885040ab6fb9ac0096b2,transformation_version_projects_observation,9fe0a3bb2baed4ce3810,7c1c5248808f73b2f3a6,H6 transformation_version,
edge:a4fae249bfd22d89a4b8,transformation_version:37a19e6adfcd3ab8b59b,observation:3b1d7e44c2f83aa6fe02,transformation_version_projects_observation,deabb3549fa520121850,71a013b45f47a8aefa7d,H6 transformation_version,
edge:a4fd3a6cf3d2d66a2746,transformation_version:37a19e6adfcd3ab8b59b,observation:667f983b01d3cdf7458e,transformation_version_projects_observation,9fcd6d7d4f2e24e56db1,1c03a76cb6a98f53235d,H6 transformation_version,
edge:a96b6155a63385fad2c8,transformation_version:37a19e6adfcd3ab8b59b,observation:b9d9aa4f2beeae259666,transformation_version_projects_observation,cfe502c53f19a90449e6,94651a48df17d3b56a1b,H6 transformation_version,
edge:b8ff807207c339dfdaeb,transformation_version:37a19e6adfcd3ab8b59b,observation:6e3265bf4a2eadf39698,transformation_version_projects_observation,4af2e0e7825c9f2ac443,71a013b45f47a8aefa7d,H6 transformation_version,
edge:ca93c84eb7b7ac807500,transformation_version:37a19e6adfcd3ab8b59b,observation:ea029425bb6e7db0f2d4,transformation_version_projects_observation,27f750d142897641b3b1,e33e2f8351747300cba7,H6 transformation_version,
edge:d71314a9a970785ba602,transformation_version:37a19e6adfcd3ab8b59b,observation:e36405cf00bd435e3d3d,transformation_version_projects_observation,74fed6e1c3d917191be6,53b2a1ef09a68d6c5173,H6 transformation_version,
edge:d8f67d6a1dca34d3eedc,transformation_version:37a19e6adfcd3ab8b59b,observation:a7e8ddddcfeb654133b3,transformation_version_projects_observation,72e8553f361951a0c2c8,3087bf08970908c509ca,H6 transformation_version,
edge:d969becee0c116fda7a2,transformation_version:37a19e6adfcd3ab8b59b,observation:3f64e0aa5f69399e8a04,transformation_version_projects_observation,09bd4158de9b28a03d83,1c03a76cb6a98f53235d,H6 transformation_version,
edge:dad369d120cd503f6b21,transformation_version:37a19e6adfcd3ab8b59b,observation:e4c9a85a54e3ad78e66c,transformation_version_projects_observation,ad8a7f5c7869af674e3a,05ae4dff5d60b5021813,H6 transformation_version,
edge:dbf329a67bf0b99be3c5,transformation_version:37a19e6adfcd3ab8b59b,observation:1b7b7decaafba2e44741,transformation_version_projects_observation,f831d08aa91c95864cd0,05ae4dff5d60b5021813,H6 transformation_version,
edge:e23b44b4f182ff27a72b,transformation_version:37a19e6adfcd3ab8b59b,observation:294d2d83bf86fa753446,transformation_version_projects_observation,6fbf4aae1b9a6de0051a,94651a48df17d3b56a1b,H6 transformation_version,
edge:f374f6921f2a1ecfbfdc,transformation_version:37a19e6adfcd3ab8b59b,observation:c8d559d64c4d785c41a3,transformation_version_projects_observation,1721995859418ecf608c,3087bf08970908c509ca,H6 transformation_version,
edge:fdbedcd80109dc4a7fc6,transformation_version:37a19e6adfcd3ab8b59b,observation:c0e44bfaff03fb3d0e85,transformation_version_projects_observation,69a1ecde0bf18c3a84ae,af12d1ae8c1555d899be,H6 transformation_version,
edge:0638a24ea4e667d0dccd,treatment_run:8753b68e51c38f9585ee,snapshot_state:5367ba4319af7413c382,treatment_run_commits_snapshot,,,B1 snapshot catalog order and deterministic state checksum,B1
edge:2d586e551962592e67f3,treatment_run:8753b68e51c38f9585ee,snapshot_state:fc89c879103a0a6f99cc,treatment_run_commits_snapshot,,,B1 snapshot catalog order and deterministic state checksum,B1
edge:3c9793c7f67462e96a05,treatment_run:8753b68e51c38f9585ee,snapshot_state:0fc223872d5f0210eb86,treatment_run_commits_snapshot,,,B1 snapshot catalog order and deterministic state checksum,B1
edge:02fdf5499517fcfaed63,treatment_run:8753b68e51c38f9585ee,treatment_decision:a8602a92db8584e6bfd1,treatment_run_evaluates_candidate,356dadeceba952eb2a0c,e33e2f8351747300cba7,checksummed H8 B1 manifest and reproducibility row,B1
edge:0465ceebfb3a970bf21d,treatment_run:ef7359e4d147cbd8daf2,treatment_decision:509cb54e0571af9e1f50,treatment_run_evaluates_candidate,87cdfc70ee6d45666fec,425bfdd5ca02ab3e3cc1,checksummed H7 treatment manifest and audit row,B0
edge:0588d6d1b701af36d40b,treatment_run:ef7359e4d147cbd8daf2,treatment_decision:b4cc3058de5b03e4acce,treatment_run_evaluates_candidate,5fab5a82719cacffcbe4,1c03a76cb6a98f53235d,checksummed H7 treatment manifest and audit row,B0
edge:060d82f37992ea4f9e54,treatment_run:8753b68e51c38f9585ee,treatment_decision:802823c6371dceb43e9c,treatment_run_evaluates_candidate,e313de2e0e1a97bc17ff,7e097ceb497e25947325,checksummed H8 B1 manifest and reproducibility row,B1
edge:0715595ee437a3402e38,treatment_run:ef7359e4d147cbd8daf2,treatment_decision:4d94c6598e04bfa70d82,treatment_run_evaluates_candidate,e313de2e0e1a97bc17ff,7e097ceb497e25947325,checksummed H7 treatment manifest and audit row,B0
edge:106533ece9c56091876b,treatment_run:e521039156fb73b71128,treatment_decision:c2ceeff98ed5980e40d3,treatment_run_evaluates_candidate,df8ae4a2843995c9185d,3087bf08970908c509ca,checksummed H7 treatment manifest and audit row,B2
edge:146ffa1ebdb25078fc1f,treatment_run:e521039156fb73b71128,treatment_decision:64a25d13c4c58b4ab807,treatment_run_evaluates_candidate,05a8528c88245297d4ba,5b5eeef107bb6f124496,checksummed H7 treatment manifest and audit row,B2
edge:1529c92379424e5b4d81,treatment_run:8753b68e51c38f9585ee,treatment_decision:c9325a74a5e2f3de159d,treatment_run_evaluates_candidate,87cdfc70ee6d45666fec,425bfdd5ca02ab3e3cc1,checksummed H8 B1 manifest and reproducibility row,B1
edge:173b4445ac25cf51f6d2,treatment_run:8753b68e51c38f9585ee,treatment_decision:6728f45a31ffbdc3dc9f,treatment_run_evaluates_candidate,1721995859418ecf608c,3087bf08970908c509ca,checksummed H8 B1 manifest and reproducibility row,B1
edge:182a02e4dccaeb1f44e3,treatment_run:8753b68e51c38f9585ee,treatment_decision:35a847d459f3dc0a0af1,treatment_run_evaluates_candidate,edde0b27f2f31f5fb962,5b5eeef107bb6f124496,checksummed H8 B1 manifest and reproducibility row,B1
edge:19bb7d975e8877bd5c29,treatment_run:ef7359e4d147cbd8daf2,treatment_decision:6930213d03643139cb4f,treatment_run_evaluates_candidate,356dadeceba952eb2a0c,e33e2f8351747300cba7,checksummed H7 treatment manifest and audit row,B0
edge:1a3cc80d79df690ec51d,treatment_run:e521039156fb73b71128,treatment_decision:84cbb32858b832c84f69,treatment_run_evaluates_candidate,ad8a7f5c7869af674e3a,05ae4dff5d60b5021813,checksummed H7 treatment manifest and audit row,B2
edge:1c210e58471f59709006,treatment_run:8753b68e51c38f9585ee,treatment_decision:aa1f0a5de8234a618feb,treatment_run_evaluates_candidate,9fcd6d7d4f2e24e56db1,1c03a76cb6a98f53235d,checksummed H8 B1 manifest and reproducibility row,B1
edge:1c4d55b43eca8b14a449,treatment_run:ef7359e4d147cbd8daf2,treatment_decision:7afe198206a88203597a,treatment_run_evaluates_candidate,9fcd6d7d4f2e24e56db1,1c03a76cb6a98f53235d,checksummed H7 treatment manifest and audit row,B0
edge:1e235263ff9fab92b4d1,treatment_run:e521039156fb73b71128,treatment_decision:2bf4efe84e17d15d5a52,treatment_run_evaluates_candidate,6ad6dfc4b05d0f292d1f,425bfdd5ca02ab3e3cc1,checksummed H7 treatment manifest and audit row,B2
edge:1ebec1e23f24401a4182,treatment_run:e521039156fb73b71128,treatment_decision:470dd4633fb0dfa7fe65,treatment_run_evaluates_candidate,9fe0a3bb2baed4ce3810,7c1c5248808f73b2f3a6,checksummed H7 treatment manifest and audit row,B2
edge:21f3559b64f45bd71408,treatment_run:ef7359e4d147cbd8daf2,treatment_decision:e9e1e46e04b4e0b87c82,treatment_run_evaluates_candidate,d99bc3566095bc6ee582,7e097ceb497e25947325,checksummed H7 treatment manifest and audit row,B0
edge:239b5f7648e52213d9e3,treatment_run:ef7359e4d147cbd8daf2,treatment_decision:e456f220c0c8c9eee183,treatment_run_evaluates_candidate,4af2e0e7825c9f2ac443,71a013b45f47a8aefa7d,checksummed H7 treatment manifest and audit row,B0
edge:255d1e6a5b112d4ca37d,treatment_run:8753b68e51c38f9585ee,treatment_decision:c9b6c4fd6598cd457d82,treatment_run_evaluates_candidate,d99bc3566095bc6ee582,7e097ceb497e25947325,checksummed H8 B1 manifest and reproducibility row,B1
edge:28ac7715a1c360f9e826,treatment_run:8753b68e51c38f9585ee,treatment_decision:0e04639b4b787c22e612,treatment_run_evaluates_candidate,69a1ecde0bf18c3a84ae,af12d1ae8c1555d899be,checksummed H8 B1 manifest and reproducibility row,B1
edge:2b4b3d8eccda29c4520b,treatment_run:ef7359e4d147cbd8daf2,treatment_decision:69f8285768cc23cfcd85,treatment_run_evaluates_candidate,cb0d5147421c66597d95,7c1c5248808f73b2f3a6,checksummed H7 treatment manifest and audit row,B0
edge:2cada67ecd9180b27ef0,treatment_run:8753b68e51c38f9585ee,treatment_decision:5fc3e4a8ea4f880fc3f2,treatment_run_evaluates_candidate,74fed6e1c3d917191be6,53b2a1ef09a68d6c5173,checksummed H8 B1 manifest and reproducibility row,B1
edge:2cc01adedaa550d0959d,treatment_run:e521039156fb73b71128,treatment_decision:66faf76902b33b10aa76,treatment_run_evaluates_candidate,09bd4158de9b28a03d83,1c03a76cb6a98f53235d,checksummed H7 treatment manifest and audit row,B2
edge:3070f3a20eb60140fc98,treatment_run:8753b68e51c38f9585ee,treatment_decision:f2c6a410bcba32c2fba4,treatment_run_evaluates_candidate,2766cbe2cf960f73ba05,71a013b45f47a8aefa7d,checksummed H8 B1 manifest and reproducibility row,B1
edge:30730b8ba925f8d5c438,treatment_run:e521039156fb73b71128,treatment_decision:54c37b211f186cf37d22,treatment_run_evaluates_candidate,b55b4fefc9148be667c1,94651a48df17d3b56a1b,checksummed H7 treatment manifest and audit row,B2
edge:356c84cb2264cdc8de4c,treatment_run:8753b68e51c38f9585ee,treatment_decision:00ba366612b481aeb6db,treatment_run_evaluates_candidate,a16c09b869c2ad72a4ea,4aab4307f4906503d2a4,checksummed H8 B1 manifest and reproducibility row,B1
edge:3607931bf66e6acb02e6,treatment_run:e521039156fb73b71128,treatment_decision:8767414d773196b79c6f,treatment_run_evaluates_candidate,a34fc65bf470c1e7ce20,af12d1ae8c1555d899be,checksummed H7 treatment manifest and audit row,B2
edge:366f506ed7b0b453ec22,treatment_run:8753b68e51c38f9585ee,treatment_decision:d85aca16a447127852ff,treatment_run_evaluates_candidate,f2b9db071dd4766d6307,e4982bb0d13ac08094aa,checksummed H8 B1 manifest and reproducibility row,B1
edge:376de41802776574571b,treatment_run:ef7359e4d147cbd8daf2,treatment_decision:10ccf15de43bd6cc1f66,treatment_run_evaluates_candidate,6ad6dfc4b05d0f292d1f,425bfdd5ca02ab3e3cc1,checksummed H7 treatment manifest and audit row,B0
edge:38397cbc34a63272ee69,treatment_run:ef7359e4d147cbd8daf2,treatment_decision:28561b0a1878d7b8630d,treatment_run_evaluates_candidate,d3d17696ddd6a7bcb743,af12d1ae8c1555d899be,checksummed H7 treatment manifest and audit row,B0
edge:3a96acdedd589ed09bc8,treatment_run:e521039156fb73b71128,treatment_decision:44e85d3e18527505e98a,treatment_run_evaluates_candidate,5fab5a82719cacffcbe4,1c03a76cb6a98f53235d,checksummed H7 treatment manifest and audit row,B2
edge:3e8dff86a40481e1ffe3,treatment_run:e521039156fb73b71128,treatment_decision:f23f0bd59f8981005867,treatment_run_evaluates_candidate,a16c09b869c2ad72a4ea,4aab4307f4906503d2a4,checksummed H7 treatment manifest and audit row,B2
edge:407a6b00d913924a9f30,treatment_run:e521039156fb73b71128,treatment_decision:371b782e4e8e98bd1010,treatment_run_evaluates_candidate,74fed6e1c3d917191be6,53b2a1ef09a68d6c5173,checksummed H7 treatment manifest and audit row,B2
edge:43687d834746977c982f,treatment_run:e521039156fb73b71128,treatment_decision:1c37bb7db78dd523efc8,treatment_run_evaluates_candidate,1721995859418ecf608c,3087bf08970908c509ca,checksummed H7 treatment manifest and audit row,B2
edge:47f7067cc4d7ece2d027,treatment_run:e521039156fb73b71128,treatment_decision:3351d3137ad2e1663462,treatment_run_evaluates_candidate,d99bc3566095bc6ee582,7e097ceb497e25947325,checksummed H7 treatment manifest and audit row,B2
edge:48509a7c3fed8004642c,treatment_run:e521039156fb73b71128,treatment_decision:e7542895b383f1cf957a,treatment_run_evaluates_candidate,d3d17696ddd6a7bcb743,af12d1ae8c1555d899be,checksummed H7 treatment manifest and audit row,B2
edge:49ab265008b0c7f354cf,treatment_run:ef7359e4d147cbd8daf2,treatment_decision:f0f9398e159a89805a66,treatment_run_evaluates_candidate,bc696217068415ca73e2,4aab4307f4906503d2a4,checksummed H7 treatment manifest and audit row,B0
edge:4a68591c2fbde87a95d9,treatment_run:8753b68e51c38f9585ee,treatment_decision:5901f6a4b7a019b0552f,treatment_run_evaluates_candidate,a34fc65bf470c1e7ce20,af12d1ae8c1555d899be,checksummed H8 B1 manifest and reproducibility row,B1
edge:4bece9729cf863478601,treatment_run:ef7359e4d147cbd8daf2,treatment_decision:5845e2ce8feda0a2471b,treatment_run_evaluates_candidate,72e8553f361951a0c2c8,3087bf08970908c509ca,checksummed H7 treatment manifest and audit row,B0
edge:4d5a4183e8df6f3d57c7,treatment_run:e521039156fb73b71128,treatment_decision:0a9128e5315b05c412f3,treatment_run_evaluates_candidate,69a1ecde0bf18c3a84ae,af12d1ae8c1555d899be,checksummed H7 treatment manifest and audit row,B2
edge:4e705137900dcd1f504f,treatment_run:e521039156fb73b71128,treatment_decision:8308c3c3f060c8b25564,treatment_run_evaluates_candidate,9fcd6d7d4f2e24e56db1,1c03a76cb6a98f53235d,checksummed H7 treatment manifest and audit row,B2
edge:4eb020ddc24b5cdb1e19,treatment_run:8753b68e51c38f9585ee,treatment_decision:08b0d20ce2e4f3857016,treatment_run_evaluates_candidate,ad8a7f5c7869af674e3a,05ae4dff5d60b5021813,checksummed H8 B1 manifest and reproducibility row,B1
edge:53a5b7ce1e37e53e88a0,treatment_run:e521039156fb73b71128,treatment_decision:19342cef837b47f9f2ea,treatment_run_evaluates_candidate,cfe502c53f19a90449e6,94651a48df17d3b56a1b,checksummed H7 treatment manifest and audit row,B2
edge:5410486e22ca7aebd1ce,treatment_run:e521039156fb73b71128,treatment_decision:86c711486628ab7c2376,treatment_run_evaluates_candidate,27f750d142897641b3b1,e33e2f8351747300cba7,checksummed H7 treatment manifest and audit row,B2
edge:54c131848e9bb2773cc8,treatment_run:e521039156fb73b71128,treatment_decision:e4ca9bee15dc3066aedf,treatment_run_evaluates_candidate,2766cbe2cf960f73ba05,71a013b45f47a8aefa7d,checksummed H7 treatment manifest and audit row,B2
edge:59b40973dee14ef2a234,treatment_run:ef7359e4d147cbd8daf2,treatment_decision:5b2bbe6c544f7987b94c,treatment_run_evaluates_candidate,a16c09b869c2ad72a4ea,4aab4307f4906503d2a4,checksummed H7 treatment manifest and audit row,B0
edge:5b4ef1bdbeb0904b14c8,treatment_run:8753b68e51c38f9585ee,treatment_decision:c246172e6de2b687025d,treatment_run_evaluates_candidate,e06e475e6f5cb8748897,4aab4307f4906503d2a4,checksummed H8 B1 manifest and reproducibility row,B1
edge:5be8db3b5bd1181da1db,treatment_run:8753b68e51c38f9585ee,treatment_decision:05eea653e8b970a61288,treatment_run_evaluates_candidate,4af2e0e7825c9f2ac443,71a013b45f47a8aefa7d,checksummed H8 B1 manifest and reproducibility row,B1
edge:5dac81c2228b66c83ff4,treatment_run:ef7359e4d147cbd8daf2,treatment_decision:733e8862b895e90c023f,treatment_run_evaluates_candidate,deabb3549fa520121850,71a013b45f47a8aefa7d,checksummed H7 treatment manifest and audit row,B0
edge:5e27ef40ff54c7fdccc1,treatment_run:8753b68e51c38f9585ee,treatment_decision:6389be765d4e8e1e356f,treatment_run_evaluates_candidate,cb0d5147421c66597d95,7c1c5248808f73b2f3a6,checksummed H8 B1 manifest and reproducibility row,B1
edge:5fd895ddd0aad2aa3c74,treatment_run:ef7359e4d147cbd8daf2,treatment_decision:3497f7cefa9fb8da56dc,treatment_run_evaluates_candidate,9fe0a3bb2baed4ce3810,7c1c5248808f73b2f3a6,checksummed H7 treatment manifest and audit row,B0
edge:60265c2ea8989416f245,treatment_run:e521039156fb73b71128,treatment_decision:b989fabf222020a2dabe,treatment_run_evaluates_candidate,cb0d5147421c66597d95,7c1c5248808f73b2f3a6,checksummed H7 treatment manifest and audit row,B2
edge:60cc982f220006c3314d,treatment_run:8753b68e51c38f9585ee,treatment_decision:4dff6205be1cfa53338a,treatment_run_evaluates_candidate,05a8528c88245297d4ba,5b5eeef107bb6f124496,checksummed H8 B1 manifest and reproducibility row,B1
edge:6235a8b5bd54fec392b9,treatment_run:8753b68e51c38f9585ee,treatment_decision:1f81fe5e0e2247bd890e,treatment_run_evaluates_candidate,bc696217068415ca73e2,4aab4307f4906503d2a4,checksummed H8 B1 manifest and reproducibility row,B1
edge:65119aa5868dbff26b3a,treatment_run:8753b68e51c38f9585ee,treatment_decision:8c063c4c3ba1c835d142,treatment_run_evaluates_candidate,211b04665de26cd11d77,53b2a1ef09a68d6c5173,checksummed H8 B1 manifest and reproducibility row,B1
edge:6592e44e5fe9d0b8d600,treatment_run:8753b68e51c38f9585ee,treatment_decision:70b453e06263d20984c8,treatment_run_evaluates_candidate,6ad6dfc4b05d0f292d1f,425bfdd5ca02ab3e3cc1,checksummed H8 B1 manifest and reproducibility row,B1
edge:66a88416ffb106dc75cc,treatment_run:8753b68e51c38f9585ee,treatment_decision:c3f470f0116a95f8dbcf,treatment_run_evaluates_candidate,d3d17696ddd6a7bcb743,af12d1ae8c1555d899be,checksummed H8 B1 manifest and reproducibility row,B1
edge:66e2f4178c992460bb27,treatment_run:ef7359e4d147cbd8daf2,treatment_decision:01e97655d5b8bfaf85b6,treatment_run_evaluates_candidate,edde0b27f2f31f5fb962,5b5eeef107bb6f124496,checksummed H7 treatment manifest and audit row,B0
edge:69f160025e0322e8fc90,treatment_run:ef7359e4d147cbd8daf2,treatment_decision:64e4c12a09d2d7bd90b2,treatment_run_evaluates_candidate,f4b6cbcb460eaef0f82e,e4982bb0d13ac08094aa,checksummed H7 treatment manifest and audit row,B0
edge:72d1a8af5700d578c297,treatment_run:e521039156fb73b71128,treatment_decision:c205c83bfd196b596a51,treatment_run_evaluates_candidate,506a60e86fb32d9c608b,e33e2f8351747300cba7,checksummed H7 treatment manifest and audit row,B2
edge:74163a6fc146693b5137,treatment_run:e521039156fb73b71128,treatment_decision:07b069e313d324126fc3,treatment_run_evaluates_candidate,4af2e0e7825c9f2ac443,71a013b45f47a8aefa7d,checksummed H7 treatment manifest and audit row,B2
edge:7ce95e96658de1a4ed99,treatment_run:ef7359e4d147cbd8daf2,treatment_decision:f3555f20090ed7209e39,treatment_run_evaluates_candidate,27f750d142897641b3b1,e33e2f8351747300cba7,checksummed H7 treatment manifest and audit row,B0
edge:7ee099050591a7725d78,treatment_run:8753b68e51c38f9585ee,treatment_decision:a399f62b390bcb762f17,treatment_run_evaluates_candidate,69745dd19d776c69570e,425bfdd5ca02ab3e3cc1,checksummed H8 B1 manifest and reproducibility row,B1
edge:7f235dcbe6922b0b4166,treatment_run:ef7359e4d147cbd8daf2,treatment_decision:94a34350fee164c39a62,treatment_run_evaluates_candidate,f831d08aa91c95864cd0,05ae4dff5d60b5021813,checksummed H7 treatment manifest and audit row,B0
edge:80abcde06422c6180471,treatment_run:ef7359e4d147cbd8daf2,treatment_decision:578b9ae365fa3ee4e1f3,treatment_run_evaluates_candidate,6fbf4aae1b9a6de0051a,94651a48df17d3b56a1b,checksummed H7 treatment manifest and audit row,B0
edge:82480978bcdab38a2c5e,treatment_run:ef7359e4d147cbd8daf2,treatment_decision:45c9c4f407fa3c5bda70,treatment_run_evaluates_candidate,69745dd19d776c69570e,425bfdd5ca02ab3e3cc1,checksummed H7 treatment manifest and audit row,B0
edge:84507c9df3d6fede7d1f,treatment_run:e521039156fb73b71128,treatment_decision:e922bc7a80c337ac72a8,treatment_run_evaluates_candidate,356dadeceba952eb2a0c,e33e2f8351747300cba7,checksummed H7 treatment manifest and audit row,B2
edge:845c55ad4762072901c9,treatment_run:ef7359e4d147cbd8daf2,treatment_decision:42ed1037c94137b84019,treatment_run_evaluates_candidate,b55b4fefc9148be667c1,94651a48df17d3b56a1b,checksummed H7 treatment manifest and audit row,B0
edge:8ce8fc32ae614c8ae5d7,treatment_run:8753b68e51c38f9585ee,treatment_decision:b09a469a80c51e50779a,treatment_run_evaluates_candidate,f831d08aa91c95864cd0,05ae4dff5d60b5021813,checksummed H8 B1 manifest and reproducibility row,B1
edge:8d77a7a0e0f13b379132,treatment_run:8753b68e51c38f9585ee,treatment_decision:b3f010f2e2a087330a72,treatment_run_evaluates_candidate,72e8553f361951a0c2c8,3087bf08970908c509ca,checksummed H8 B1 manifest and reproducibility row,B1
edge:8ea9dda7d2c31141a351,treatment_run:ef7359e4d147cbd8daf2,treatment_decision:ae1fade8ed6c5938f499,treatment_run_evaluates_candidate,49b82f2b710bfb946f9f,e4982bb0d13ac08094aa,checksummed H7 treatment manifest and audit row,B0
edge:8f96720533f604eeb878,treatment_run:8753b68e51c38f9585ee,treatment_decision:e4ae2ed1b62d068ef2bf,treatment_run_evaluates_candidate,f4b6cbcb460eaef0f82e,e4982bb0d13ac08094aa,checksummed H8 B1 manifest and reproducibility row,B1
edge:930fe99acbab0d941321,treatment_run:e521039156fb73b71128,treatment_decision:f602fdf9ed7c4d21a015,treatment_run_evaluates_candidate,e06e475e6f5cb8748897,4aab4307f4906503d2a4,checksummed H7 treatment manifest and audit row,B2
edge:941eb413fd3173828d56,treatment_run:8753b68e51c38f9585ee,treatment_decision:aea7508d109bea3c669b,treatment_run_evaluates_candidate,27f750d142897641b3b1,e33e2f8351747300cba7,checksummed H8 B1 manifest and reproducibility row,B1
edge:961ed853e132c08f5a62,treatment_run:8753b68e51c38f9585ee,treatment_decision:de02f0282647d05d1452,treatment_run_evaluates_candidate,df8ae4a2843995c9185d,3087bf08970908c509ca,checksummed H8 B1 manifest and reproducibility row,B1
edge:972f0fdd0c2aef20027f,treatment_run:e521039156fb73b71128,treatment_decision:6f97d759c0fb908abffb,treatment_run_evaluates_candidate,211b04665de26cd11d77,53b2a1ef09a68d6c5173,checksummed H7 treatment manifest and audit row,B2
edge:98c969babc02ad3e3c8c,treatment_run:8753b68e51c38f9585ee,treatment_decision:455409b7181869c869dd,treatment_run_evaluates_candidate,506a60e86fb32d9c608b,e33e2f8351747300cba7,checksummed H8 B1 manifest and reproducibility row,B1
edge:998438e3f77e909586e2,treatment_run:e521039156fb73b71128,treatment_decision:50582d3656d43e23a4ce,treatment_run_evaluates_candidate,49b82f2b710bfb946f9f,e4982bb0d13ac08094aa,checksummed H7 treatment manifest and audit row,B2
edge:9a724dd9d66d4d389eef,treatment_run:8753b68e51c38f9585ee,treatment_decision:1e639daa7b539e8f2208,treatment_run_evaluates_candidate,49b82f2b710bfb946f9f,e4982bb0d13ac08094aa,checksummed H8 B1 manifest and reproducibility row,B1
edge:9b5538313f7b141d6da8,treatment_run:ef7359e4d147cbd8daf2,treatment_decision:1e0b717dca3619cbc832,treatment_run_evaluates_candidate,e06e475e6f5cb8748897,4aab4307f4906503d2a4,checksummed H7 treatment manifest and audit row,B0
edge:9e1999d4972b09974b31,treatment_run:e521039156fb73b71128,treatment_decision:71a95c8bc9f17f2ac4b9,treatment_run_evaluates_candidate,f4b6cbcb460eaef0f82e,e4982bb0d13ac08094aa,checksummed H7 treatment manifest and audit row,B2
edge:a1ac6d43de1cb5f31f9b,treatment_run:e521039156fb73b71128,treatment_decision:a6c6d5f8faaf44e4fb40,treatment_run_evaluates_candidate,72e8553f361951a0c2c8,3087bf08970908c509ca,checksummed H7 treatment manifest and audit row,B2
edge:a1ad5a7b10432eefe7a1,treatment_run:ef7359e4d147cbd8daf2,treatment_decision:4528f931b50456c66ede,treatment_run_evaluates_candidate,a34fc65bf470c1e7ce20,af12d1ae8c1555d899be,checksummed H7 treatment manifest and audit row,B0
edge:a72561b92e6ed062a682,treatment_run:e521039156fb73b71128,treatment_decision:7d018acbe51aa6194ae5,treatment_run_evaluates_candidate,463dda3fe5140e2fbed2,7c1c5248808f73b2f3a6,checksummed H7 treatment manifest and audit row,B2
edge:a8f57adc25ea28e5e123,treatment_run:8753b68e51c38f9585ee,treatment_decision:91fe1883a0b85a89e4e9,treatment_run_evaluates_candidate,deabb3549fa520121850,71a013b45f47a8aefa7d,checksummed H8 B1 manifest and reproducibility row,B1
edge:ab64b82d8f72d3c1fce1,treatment_run:e521039156fb73b71128,treatment_decision:ce77a6cdda37e2bcd056,treatment_run_evaluates_candidate,f2b9db071dd4766d6307,e4982bb0d13ac08094aa,checksummed H7 treatment manifest and audit row,B2
edge:ac14f2c7f31e9011b42d,treatment_run:8753b68e51c38f9585ee,treatment_decision:079d807f6c262a9020ca,treatment_run_evaluates_candidate,6fbf4aae1b9a6de0051a,94651a48df17d3b56a1b,checksummed H8 B1 manifest and reproducibility row,B1
edge:ac29669aee0fcf3f8b6b,treatment_run:e521039156fb73b71128,treatment_decision:082f5ca9b674ca745934,treatment_run_evaluates_candidate,edde0b27f2f31f5fb962,5b5eeef107bb6f124496,checksummed H7 treatment manifest and audit row,B2
edge:ae8b30816af8d916db71,treatment_run:ef7359e4d147cbd8daf2,treatment_decision:51e4a3353b3340e49584,treatment_run_evaluates_candidate,09bd4158de9b28a03d83,1c03a76cb6a98f53235d,checksummed H7 treatment manifest and audit row,B0
edge:b7a321ad79a18785993d,treatment_run:8753b68e51c38f9585ee,treatment_decision:72496eaaa5851fc4fe88,treatment_run_evaluates_candidate,5fab5a82719cacffcbe4,1c03a76cb6a98f53235d,checksummed H8 B1 manifest and reproducibility row,B1
edge:b8891b3d808dc5e5c1ef,treatment_run:ef7359e4d147cbd8daf2,treatment_decision:345214c000d52f1ca630,treatment_run_evaluates_candidate,cfe502c53f19a90449e6,94651a48df17d3b56a1b,checksummed H7 treatment manifest and audit row,B0
edge:b90e00abb60f1accd338,treatment_run:ef7359e4d147cbd8daf2,treatment_decision:74ac980251856f1cc7c8,treatment_run_evaluates_candidate,2766cbe2cf960f73ba05,71a013b45f47a8aefa7d,checksummed H7 treatment manifest and audit row,B0
edge:bc53771de41806998cf8,treatment_run:ef7359e4d147cbd8daf2,treatment_decision:a484434b328c7b0665f7,treatment_run_evaluates_candidate,f2b9db071dd4766d6307,e4982bb0d13ac08094aa,checksummed H7 treatment manifest and audit row,B0
edge:be6e4526232753a534ff,treatment_run:e521039156fb73b71128,treatment_decision:ecb545a1085647c5d652,treatment_run_evaluates_candidate,6fbf4aae1b9a6de0051a,94651a48df17d3b56a1b,checksummed H7 treatment manifest and audit row,B2
edge:c92a61e39da8467c9dd5,treatment_run:8753b68e51c38f9585ee,treatment_decision:2d6b70d3b38ad5eb54a7,treatment_run_evaluates_candidate,cfe502c53f19a90449e6,94651a48df17d3b56a1b,checksummed H8 B1 manifest and reproducibility row,B1
edge:cc8d6cab9a1fb48d604c,treatment_run:e521039156fb73b71128,treatment_decision:194200d871c8425ce37a,treatment_run_evaluates_candidate,87cdfc70ee6d45666fec,425bfdd5ca02ab3e3cc1,checksummed H7 treatment manifest and audit row,B2
edge:d381f584bb08a4cdee10,treatment_run:8753b68e51c38f9585ee,treatment_decision:261ea74a6ee42a069821,treatment_run_evaluates_candidate,b55b4fefc9148be667c1,94651a48df17d3b56a1b,checksummed H8 B1 manifest and reproducibility row,B1
edge:d4509a276a242cc7b6c7,treatment_run:8753b68e51c38f9585ee,treatment_decision:beeacbac9ed4d6c5e332,treatment_run_evaluates_candidate,463dda3fe5140e2fbed2,7c1c5248808f73b2f3a6,checksummed H8 B1 manifest and reproducibility row,B1
edge:d585d53cd3424abaf695,treatment_run:ef7359e4d147cbd8daf2,treatment_decision:bd6820f4625f446558d7,treatment_run_evaluates_candidate,ad8a7f5c7869af674e3a,05ae4dff5d60b5021813,checksummed H7 treatment manifest and audit row,B0
edge:d86665787dceea09f3d2,treatment_run:e521039156fb73b71128,treatment_decision:ebc36619fb9371ccdb2d,treatment_run_evaluates_candidate,bc696217068415ca73e2,4aab4307f4906503d2a4,checksummed H7 treatment manifest and audit row,B2
edge:db428068b5ffbc822e3b,treatment_run:ef7359e4d147cbd8daf2,treatment_decision:fa01589df546f2ac10bc,treatment_run_evaluates_candidate,74fed6e1c3d917191be6,53b2a1ef09a68d6c5173,checksummed H7 treatment manifest and audit row,B0
edge:dbb4406732e32d10c0e1,treatment_run:8753b68e51c38f9585ee,treatment_decision:38aa5af7b120e26bf137,treatment_run_evaluates_candidate,9fe0a3bb2baed4ce3810,7c1c5248808f73b2f3a6,checksummed H8 B1 manifest and reproducibility row,B1
edge:df653d17de7a6526c229,treatment_run:ef7359e4d147cbd8daf2,treatment_decision:de8618385ab0b96a4da0,treatment_run_evaluates_candidate,df8ae4a2843995c9185d,3087bf08970908c509ca,checksummed H7 treatment manifest and audit row,B0
edge:e384a05b954f5582c1f7,treatment_run:ef7359e4d147cbd8daf2,treatment_decision:0abd4a86810b0413b3d9,treatment_run_evaluates_candidate,211b04665de26cd11d77,53b2a1ef09a68d6c5173,checksummed H7 treatment manifest and audit row,B0
edge:e6904cd471b874466aea,treatment_run:ef7359e4d147cbd8daf2,treatment_decision:7eb5aa0a1c9985db3bae,treatment_run_evaluates_candidate,69a1ecde0bf18c3a84ae,af12d1ae8c1555d899be,checksummed H7 treatment manifest and audit row,B0
edge:eb5fe08853cce2461fc8,treatment_run:ef7359e4d147cbd8daf2,treatment_decision:e32eb47856f958bf1744,treatment_run_evaluates_candidate,1721995859418ecf608c,3087bf08970908c509ca,checksummed H7 treatment manifest and audit row,B0
edge:ece4ef77516ec6cbaa16,treatment_run:e521039156fb73b71128,treatment_decision:ba4d2a0323532ef5eefc,treatment_run_evaluates_candidate,69745dd19d776c69570e,425bfdd5ca02ab3e3cc1,checksummed H7 treatment manifest and audit row,B2
edge:ed04d120a479a0016557,treatment_run:e521039156fb73b71128,treatment_decision:6d3a527487656d9bbe68,treatment_run_evaluates_candidate,e313de2e0e1a97bc17ff,7e097ceb497e25947325,checksummed H7 treatment manifest and audit row,B2
edge:f20239c38a0b117886d5,treatment_run:e521039156fb73b71128,treatment_decision:c4f21a91862dd44daf60,treatment_run_evaluates_candidate,f831d08aa91c95864cd0,05ae4dff5d60b5021813,checksummed H7 treatment manifest and audit row,B2
edge:f279c5f78076161fbf52,treatment_run:8753b68e51c38f9585ee,treatment_decision:b651ce37ac73be1d354f,treatment_run_evaluates_candidate,09bd4158de9b28a03d83,1c03a76cb6a98f53235d,checksummed H8 B1 manifest and reproducibility row,B1
edge:f2b8c2c22cc09e54399d,treatment_run:ef7359e4d147cbd8daf2,treatment_decision:521d48c5bcc94247c67b,treatment_run_evaluates_candidate,05a8528c88245297d4ba,5b5eeef107bb6f124496,checksummed H7 treatment manifest and audit row,B0
edge:f7316f8f2f79dde0ca93,treatment_run:ef7359e4d147cbd8daf2,treatment_decision:501ef06bfa9901cc32a8,treatment_run_evaluates_candidate,463dda3fe5140e2fbed2,7c1c5248808f73b2f3a6,checksummed H7 treatment manifest and audit row,B0
edge:fd52867933d9d3a26e39,treatment_run:ef7359e4d147cbd8daf2,treatment_decision:aa4980282d3bcdb13249,treatment_run_evaluates_candidate,506a60e86fb32d9c608b,e33e2f8351747300cba7,checksummed H7 treatment manifest and audit row,B0
edge:ff663e1079bf2a5c878a,treatment_run:e521039156fb73b71128,treatment_decision:b49c24396a857374b3a1,treatment_run_evaluates_candidate,deabb3549fa520121850,71a013b45f47a8aefa7d,checksummed H7 treatment manifest and audit row,B2
edge:0829fe33902324f7a53e,vintage:26fea14cace77e23d749,observation:e4c9a85a54e3ad78e66c,vintage_contextualizes_observation,ad8a7f5c7869af674e3a,05ae4dff5d60b5021813,H6 vintage_id foreign key,
edge:0a1ea092bd57f2acf87a,vintage:ee62d93cbabad154b03d,observation:294d2d83bf86fa753446,vintage_contextualizes_observation,6fbf4aae1b9a6de0051a,94651a48df17d3b56a1b,H6 vintage_id foreign key,
edge:0dd5a1be3ff4457d7893,vintage:c0a2e938ba2212e1aa72,observation:c8636f1fbb21ce328ae5,vintage_contextualizes_observation,b55b4fefc9148be667c1,94651a48df17d3b56a1b,H6 vintage_id foreign key,
edge:1193bd5123736f415488,vintage:26fea14cace77e23d749,observation:0970843830c2ae7c8503,vintage_contextualizes_observation,f2b9db071dd4766d6307,e4982bb0d13ac08094aa,H6 vintage_id foreign key,
edge:1b71e2e3675f3855fe4a,vintage:ee62d93cbabad154b03d,observation:f99fdeebfc608df3a8bb,vintage_contextualizes_observation,e313de2e0e1a97bc17ff,7e097ceb497e25947325,H6 vintage_id foreign key,
edge:208c7e809f89862ff149,vintage:26fea14cace77e23d749,observation:4451fa83b206a52cd53e,vintage_contextualizes_observation,463dda3fe5140e2fbed2,7c1c5248808f73b2f3a6,H6 vintage_id foreign key,
edge:25f39565c4ec44e75f9f,vintage:ee62d93cbabad154b03d,observation:3b44dd267dadc5b9eb40,vintage_contextualizes_observation,2766cbe2cf960f73ba05,71a013b45f47a8aefa7d,H6 vintage_id foreign key,
edge:4f5cdc765a96c1e7b023,vintage:ee62d93cbabad154b03d,observation:da340ced2539c49628bf,vintage_contextualizes_observation,a34fc65bf470c1e7ce20,af12d1ae8c1555d899be,H6 vintage_id foreign key,
edge:529df786055424fd8979,vintage:c0a2e938ba2212e1aa72,observation:6e3265bf4a2eadf39698,vintage_contextualizes_observation,4af2e0e7825c9f2ac443,71a013b45f47a8aefa7d,H6 vintage_id foreign key,
edge:60aa51e021718660e753,vintage:26fea14cace77e23d749,observation:04df2a67b487f338de1b,vintage_contextualizes_observation,5fab5a82719cacffcbe4,1c03a76cb6a98f53235d,H6 vintage_id foreign key,
edge:6277b384fe2ec9eae234,vintage:26fea14cace77e23d749,observation:c0e44bfaff03fb3d0e85,vintage_contextualizes_observation,69a1ecde0bf18c3a84ae,af12d1ae8c1555d899be,H6 vintage_id foreign key,
edge:65704a0478d260b5c0ec,vintage:ee62d93cbabad154b03d,observation:389c8092fc51c52bc4eb,vintage_contextualizes_observation,6ad6dfc4b05d0f292d1f,425bfdd5ca02ab3e3cc1,H6 vintage_id foreign key,
edge:6f1a0ab10fd6e0d71563,vintage:ee62d93cbabad154b03d,observation:667f983b01d3cdf7458e,vintage_contextualizes_observation,9fcd6d7d4f2e24e56db1,1c03a76cb6a98f53235d,H6 vintage_id foreign key,
edge:731d0ee94c9206fa7238,vintage:ee62d93cbabad154b03d,observation:ea029425bb6e7db0f2d4,vintage_contextualizes_observation,27f750d142897641b3b1,e33e2f8351747300cba7,H6 vintage_id foreign key,
edge:7d5f0128e92a91e061de,vintage:26fea14cace77e23d749,observation:be61f5d1cfa355a917f0,vintage_contextualizes_observation,356dadeceba952eb2a0c,e33e2f8351747300cba7,H6 vintage_id foreign key,
edge:8002f529a0241c261486,vintage:c0a2e938ba2212e1aa72,observation:3f64e0aa5f69399e8a04,vintage_contextualizes_observation,09bd4158de9b28a03d83,1c03a76cb6a98f53235d,H6 vintage_id foreign key,
edge:940a6891914692dd7d5c,vintage:c0a2e938ba2212e1aa72,observation:4d4d1e51259f85b21f1d,vintage_contextualizes_observation,e06e475e6f5cb8748897,4aab4307f4906503d2a4,H6 vintage_id foreign key,
edge:94d40b12757b8346b657,vintage:26fea14cace77e23d749,observation:e19175cc2d07bb652fd5,vintage_contextualizes_observation,69745dd19d776c69570e,425bfdd5ca02ab3e3cc1,H6 vintage_id foreign key,
edge:a29c74760d3a34390589,vintage:26fea14cace77e23d749,observation:faa7a4c88494a64e5e39,vintage_contextualizes_observation,bc696217068415ca73e2,4aab4307f4906503d2a4,H6 vintage_id foreign key,
edge:a4f05f224637387bceb6,vintage:ee62d93cbabad154b03d,observation:8723d68bb99c76a272c0,vintage_contextualizes_observation,211b04665de26cd11d77,53b2a1ef09a68d6c5173,H6 vintage_id foreign key,
edge:ae087166809b3fea1b61,vintage:ee62d93cbabad154b03d,observation:1b7b7decaafba2e44741,vintage_contextualizes_observation,f831d08aa91c95864cd0,05ae4dff5d60b5021813,H6 vintage_id foreign key,
edge:aeda832233a681c8f30f,vintage:ee62d93cbabad154b03d,observation:885040ab6fb9ac0096b2,vintage_contextualizes_observation,9fe0a3bb2baed4ce3810,7c1c5248808f73b2f3a6,H6 vintage_id foreign key,
edge:b8450243e74fef4dbc62,vintage:c0a2e938ba2212e1aa72,observation:202f97684ab8629aa916,vintage_contextualizes_observation,d3d17696ddd6a7bcb743,af12d1ae8c1555d899be,H6 vintage_id foreign key,
edge:bb9fc51fe14dc8f5bb33,vintage:c0a2e938ba2212e1aa72,observation:864f2c2d1b88e471e06c,vintage_contextualizes_observation,49b82f2b710bfb946f9f,e4982bb0d13ac08094aa,H6 vintage_id foreign key,
edge:bc59570360fb07f09b61,vintage:ee62d93cbabad154b03d,observation:31d333568319d88d97b2,vintage_contextualizes_observation,a16c09b869c2ad72a4ea,4aab4307f4906503d2a4,H6 vintage_id foreign key,
edge:c54b941252b94989378f,vintage:c0a2e938ba2212e1aa72,observation:96242f6669896b9035de,vintage_contextualizes_observation,df8ae4a2843995c9185d,3087bf08970908c509ca,H6 vintage_id foreign key,
edge:ce406a537c20e41ead18,vintage:c0a2e938ba2212e1aa72,observation:de0321deca75854654ba,vintage_contextualizes_observation,506a60e86fb32d9c608b,e33e2f8351747300cba7,H6 vintage_id foreign key,
edge:d1f11d2d92ca8ed209b8,vintage:26fea14cace77e23d749,observation:5577ee9eb9f8775867ee,vintage_contextualizes_observation,d99bc3566095bc6ee582,7e097ceb497e25947325,H6 vintage_id foreign key,
edge:d5d20677d08a09549e92,vintage:26fea14cace77e23d749,observation:1ecfe2896341b81743b9,vintage_contextualizes_observation,edde0b27f2f31f5fb962,5b5eeef107bb6f124496,H6 vintage_id foreign key,
edge:d67204796986e8c53094,vintage:26fea14cace77e23d749,observation:c8d559d64c4d785c41a3,vintage_contextualizes_observation,1721995859418ecf608c,3087bf08970908c509ca,H6 vintage_id foreign key,
edge:deddc3975c519b481e33,vintage:26fea14cace77e23d749,observation:3b1d7e44c2f83aa6fe02,vintage_contextualizes_observation,deabb3549fa520121850,71a013b45f47a8aefa7d,H6 vintage_id foreign key,
edge:e3ff9eef1e0bd2d22e67,vintage:c0a2e938ba2212e1aa72,observation:3a58dba97aae26b9300b,vintage_contextualizes_observation,cb0d5147421c66597d95,7c1c5248808f73b2f3a6,H6 vintage_id foreign key,
edge:e8262ed7ccafd3c11582,vintage:ee62d93cbabad154b03d,observation:a7e8ddddcfeb654133b3,vintage_contextualizes_observation,72e8553f361951a0c2c8,3087bf08970908c509ca,H6 vintage_id foreign key,
edge:ef56db4e079a92a72593,vintage:c0a2e938ba2212e1aa72,observation:fd786e62692104822637,vintage_contextualizes_observation,87cdfc70ee6d45666fec,425bfdd5ca02ab3e3cc1,H6 vintage_id foreign key,
edge:f2fdf70aacc0f961000a,vintage:ee62d93cbabad154b03d,observation:5f781c26691e4c1d4e63,vintage_contextualizes_observation,05a8528c88245297d4ba,5b5eeef107bb6f124496,H6 vintage_id foreign key,
edge:f660f6f84043ef603aab,vintage:26fea14cace77e23d749,observation:e36405cf00bd435e3d3d,vintage_contextualizes_observation,74fed6e1c3d917191be6,53b2a1ef09a68d6c5173,H6 vintage_id foreign key,
edge:f9e580df51741a46af85,vintage:26fea14cace77e23d749,observation:b9d9aa4f2beeae259666,vintage_contextualizes_observation,cfe502c53f19a90449e6,94651a48df17d3b56a1b,H6 vintage_id foreign key,
edge:fb9c311458bc8cbdf1c3,vintage:ee62d93cbabad154b03d,observation:cc516c3714c088b54218,vintage_contextualizes_observation,f4b6cbcb460eaef0f82e,e4982bb0d13ac08094aa,H6 vintage_id foreign key,
edge:fba4fd9ed80ead85881b,workload_harness:961f05865a1184bc49c2,audit_procedure:58277c4184398221c534,workload_harness_uses_audit_procedure,,,H8B routes must be audited by the frozen H8C procedure when executed,
